nta2020,restaurants,farmers_markets,gardens,public_art,ntaname,area_km2,cuisine_diversity,top_cuisines,signature_cuisines,restaurants_per_km2,farmers_markets_per_km2,gardens_per_km2,public_art_per_km2,pops,cluster,pops_per_km2,cluster_name,profile_text,embed_text
BK0101,262,1.0,3.0,4.0,Greenpoint,3.281497327064783,45,"American, Coffee/Tea, Japanese","Polish, Thai, Japanese",79.84160091769827,0.30473893480037506,0.9142168044011252,1.2189557392015002,0.0,3,0.0,mid-density with varied food,"Greenpoint. Type: mid-density with varied food. restaurant density: high; farmers markets: high; community gardens: high; outdoor public art: high; public plazas: average; variety of cuisines: very high. Signature food: Polish, Thai, Japanese.","A neighborhood with streets packed with restaurants and small food shops, open-air farmers markets, community gardens run by neighbors, outdoor sculptures, monuments and public art, food from many different cultures. Known for Polish, Thai, Japanese food."
BK0102,485,2.0,9.0,6.0,Williamsburg,2.6805126365117147,58,"American, Coffee/Tea, Japanese","New American, French, Middle Eastern",180.9355394911157,0.7461259360458379,3.3575667122062707,2.2383778081375136,2.0,5,0.7461259360458379,"green, community-run, lively food","Williamsburg. Type: green, community-run, lively food. restaurant density: very high; farmers markets: very high; community gardens: very high; outdoor public art: very high; public plazas: very high; variety of cuisines: very high. Signature food: New American, French, Middle Eastern.","A neighborhood with streets packed with restaurants and small food shops, open-air farmers markets, community gardens run by neighbors, outdoor sculptures, monuments and public art, busy plazas and public seating among tall office buildings, food from many different cultures. Known for New American, French, Middle Eastern food."
BK0103,22,0.0,1.0,1.0,South Williamsburg,1.4129586791584405,11,"Jewish/Kosher, Latin American, Hamburgers",Jewish/Kosher,15.570165160882992,0.0,0.707734780040136,0.707734780040136,1.0,2,0.707734780040136,quiet residential,South Williamsburg. Type: quiet residential. restaurant density: low; farmers markets: low; community gardens: high; outdoor public art: average; public plazas: very high; variety of cuisines: very low. Signature food: Jewish/Kosher.,"A neighborhood with busy plazas and public seating among tall office buildings, quiet, mostly residential streets. Known for Jewish/Kosher food."
BK0104,288,0.0,6.0,4.0,East Williamsburg,4.855807033742576,52,"American, Coffee/Tea, Pizza","Mediterranean, Thai, Mexican",59.31042934752417,0.0,1.235633944740087,0.823755963160058,0.0,3,0.0,mid-density with varied food,"East Williamsburg. Type: mid-density with varied food. restaurant density: high; farmers markets: low; community gardens: high; outdoor public art: high; public plazas: average; variety of cuisines: very high. Signature food: Mediterranean, Thai, Mexican.","A neighborhood with streets packed with restaurants and small food shops, community gardens run by neighbors, food from many different cultures. Known for Mediterranean, Thai, Mexican food."
BK0201,129,1.0,1.0,4.0,Brooklyn Heights,0.9273663048739477,33,"American, Coffee/Tea, Japanese","New American, Japanese, Italian",139.10360913698966,1.0783225514495323,1.0783225514495323,4.313290205798129,1.0,4,1.0783225514495323,dense downtown with plazas and public art,"Brooklyn Heights. Type: dense downtown with plazas and public art. restaurant density: very high; farmers markets: very high; community gardens: high; outdoor public art: very high; public plazas: very high; variety of cuisines: high. Signature food: New American, Japanese, Italian.","A neighborhood with streets packed with restaurants and small food shops, open-air farmers markets, community gardens run by neighbors, outdoor sculptures, monuments and public art, busy plazas and public seating among tall office buildings, food from many different cultures. Known for New American, Japanese, Italian food."
BK0202,331,0.0,2.0,13.0,Downtown Brooklyn-DUMBO-Boerum Hill,2.2047262772721155,56,"American, Coffee/Tea, Pizza","Salads, Bagels/Pretzels, Thai",150.1320156666082,0.0,0.9071420886199891,5.896423576029929,6.0,4,2.7214262658599675,dense downtown with plazas and public art,"Downtown Brooklyn-DUMBO-Boerum Hill. Type: dense downtown with plazas and public art. restaurant density: very high; farmers markets: low; community gardens: high; outdoor public art: very high; public plazas: very high; variety of cuisines: very high. Signature food: Salads, Bagels/Pretzels, Thai.","A neighborhood with streets packed with restaurants and small food shops, community gardens run by neighbors, outdoor sculptures, monuments and public art, busy plazas and public seating among tall office buildings, food from many different cultures. Known for Salads, Bagels/Pretzels, Thai food."
BK0203,145,1.0,4.0,2.0,Fort Greene,1.6289329292362005,36,"American, Coffee/Tea, Chinese","New American, Italian, Caribbean",89.01532862251723,0.6138988180863257,2.455595272345303,1.2277976361726515,3.0,5,1.8416964542589773,"green, community-run, lively food","Fort Greene. Type: green, community-run, lively food. restaurant density: very high; farmers markets: very high; community gardens: very high; outdoor public art: high; public plazas: very high; variety of cuisines: high. Signature food: New American, Italian, Caribbean.","A neighborhood with streets packed with restaurants and small food shops, open-air farmers markets, community gardens run by neighbors, outdoor sculptures, monuments and public art, busy plazas and public seating among tall office buildings, food from many different cultures. Known for New American, Italian, Caribbean food."
BK0204,96,0.0,3.0,0.0,Clinton Hill,1.353282466709386,34,"American, Coffee/Tea, Pizza",Italian,70.93862690280149,0.0,2.2168320907125465,0.0,0.0,3,0.0,mid-density with varied food,Clinton Hill. Type: mid-density with varied food. restaurant density: high; farmers markets: low; community gardens: very high; outdoor public art: very low; public plazas: average; variety of cuisines: high. Signature food: Italian.,"A neighborhood with streets packed with restaurants and small food shops, community gardens run by neighbors, food from many different cultures. Known for Italian food."
BK0301,220,0.0,27.0,1.0,Bedford-Stuyvesant (West),3.4287407465051096,41,"American, Coffee/Tea, Chicken","African, Indian, Caribbean",64.1634979909882,0.0,7.874611117075825,0.2916522635954009,0.0,0,0.0,residential with community gardens,"Bedford-Stuyvesant (West). Type: residential with community gardens. restaurant density: high; farmers markets: low; community gardens: very high; outdoor public art: average; public plazas: average; variety of cuisines: very high. Signature food: African, Indian, Caribbean.","A neighborhood with streets packed with restaurants and small food shops, community gardens run by neighbors, food from many different cultures. Known for African, Indian, Caribbean food."
BK0302,177,1.0,26.0,3.0,Bedford-Stuyvesant (East),3.8359387317540588,34,"American, Coffee/Tea, Chinese","Soul Food, Caribbean, Bakery Products/Desserts",46.14255137465745,0.2606923806477822,6.778001896842337,0.7820771419433467,0.0,0,0.0,residential with community gardens,"Bedford-Stuyvesant (East). Type: residential with community gardens. restaurant density: high; farmers markets: high; community gardens: very high; outdoor public art: high; public plazas: average; variety of cuisines: high. Signature food: Soul Food, Caribbean, Bakery Products/Desserts.","A neighborhood with community gardens run by neighbors, food from many different cultures. Known for Soul Food, Caribbean, Bakery Products/Desserts food."
BK0401,278,1.0,4.0,3.0,Bushwick (West),2.149246674228305,38,"American, Mexican, Latin American","Spanish, Mexican, Latin American",129.34764693764942,0.465279305531113,1.861117222124452,1.395837916593339,1.0,3,0.465279305531113,mid-density with varied food,"Bushwick (West). Type: mid-density with varied food. restaurant density: very high; farmers markets: very high; community gardens: very high; outdoor public art: high; public plazas: very high; variety of cuisines: very high. Signature food: Spanish, Mexican, Latin American.","A neighborhood with streets packed with restaurants and small food shops, open-air farmers markets, community gardens run by neighbors, outdoor sculptures, monuments and public art, busy plazas and public seating among tall office buildings, food from many different cultures. Known for Spanish, Mexican, Latin American food."
BK0402,105,2.0,14.0,2.0,Bushwick (East),2.5951509473962413,29,"American, Coffee/Tea, Mexican","Mexican, Latin American, Bakery Products/Desserts",40.46007424167302,0.7706680807937718,5.394676565556403,0.7706680807937718,0.0,5,0.0,"green, community-run, lively food","Bushwick (East). Type: green, community-run, lively food. restaurant density: average; farmers markets: very high; community gardens: very high; outdoor public art: high; public plazas: average; variety of cuisines: high. Signature food: Mexican, Latin American, Bakery Products/Desserts.","A neighborhood with open-air farmers markets, community gardens run by neighbors. Known for Mexican, Latin American, Bakery Products/Desserts food."
BK0501,71,0.0,3.0,0.0,Cypress Hills,2.26487865953102,16,"Latin American, Chinese, Other","Latin American, Spanish, Chinese",31.34825775377375,0.0,1.324574271286215,0.0,0.0,2,0.0,quiet residential,"Cypress Hills. Type: quiet residential. restaurant density: average; farmers markets: low; community gardens: high; outdoor public art: very low; public plazas: average; variety of cuisines: low. Signature food: Latin American, Spanish, Chinese.","A neighborhood with community gardens run by neighbors. Known for Latin American, Spanish, Chinese food."
BK0502,31,0.0,32.0,0.0,East New York (North),2.592643782416179,10,"Chinese, Latin American, Pizza",Chinese,11.956906772248507,0.0,12.34261344232104,0.0,0.0,0,0.0,residential with community gardens,East New York (North). Type: residential with community gardens. restaurant density: very low; farmers markets: low; community gardens: very high; outdoor public art: very low; public plazas: average; variety of cuisines: very low. Signature food: Chinese.,"A neighborhood with community gardens run by neighbors, quiet, mostly residential streets. Known for Chinese food."
BK0503,66,1.0,12.0,0.0,East New York-New Lots,4.316042310889807,17,"Caribbean, Chinese, Latin American","Caribbean, Latin American, Chinese",15.291787069249853,0.23169374347348262,2.7803249216817916,0.0,0.0,0,0.0,residential with community gardens,"East New York-New Lots. Type: residential with community gardens. restaurant density: low; farmers markets: high; community gardens: very high; outdoor public art: very low; public plazas: average; variety of cuisines: low. Signature food: Caribbean, Latin American, Chinese.","A neighborhood with community gardens run by neighbors, quiet, mostly residential streets. Known for Caribbean, Latin American, Chinese food."
BK0504,31,1.0,1.0,0.0,Spring Creek-Starrett City,2.5164045082367004,17,"Chicken, Caribbean, American",,12.31916406862678,0.39739238931054127,0.39739238931054127,0.0,0.0,2,0.0,quiet residential,Spring Creek-Starrett City. Type: quiet residential. restaurant density: very low; farmers markets: high; community gardens: average; outdoor public art: very low; public plazas: average; variety of cuisines: low.,"A neighborhood with open-air farmers markets, quiet, mostly residential streets."
BK0505,47,0.0,6.0,2.0,East New York-City Line,2.9291495429147147,17,"Bangladeshi, Chinese, Hamburgers","Bangladeshi, Chinese",16.04561300521093,0.0,2.0483761283248,0.6827920427749332,0.0,0,0.0,residential with community gardens,"East New York-City Line. Type: residential with community gardens. restaurant density: low; farmers markets: low; community gardens: very high; outdoor public art: average; public plazas: average; variety of cuisines: low. Signature food: Bangladeshi, Chinese.","A neighborhood with community gardens run by neighbors, quiet, mostly residential streets. Known for Bangladeshi, Chinese food."
BK0601,284,2.0,10.0,5.0,Carroll Gardens-Cobble Hill-Gowanus-Red Hook,5.6495735390100075,43,"American, Coffee/Tea, Italian","Thai, Middle Eastern, Seafood",50.26928104201051,0.35400902142260926,1.770045107113046,0.885022553556523,0.0,3,0.0,mid-density with varied food,"Carroll Gardens-Cobble Hill-Gowanus-Red Hook. Type: mid-density with varied food. restaurant density: high; farmers markets: high; community gardens: very high; outdoor public art: high; public plazas: average; variety of cuisines: very high. Signature food: Thai, Middle Eastern, Seafood.","A neighborhood with open-air farmers markets, community gardens run by neighbors, food from many different cultures. Known for Thai, Middle Eastern, Seafood food."
BK0602,352,1.0,6.0,13.0,Park Slope,2.399838828210892,50,"American, Coffee/Tea, Italian","Southeast Asian, Italian, Bagels/Pretzels",146.67651671525797,0.41669464975925563,2.500167898555534,5.417030446870323,0.0,4,0.0,dense downtown with plazas and public art,"Park Slope. Type: dense downtown with plazas and public art. restaurant density: very high; farmers markets: high; community gardens: very high; outdoor public art: very high; public plazas: average; variety of cuisines: very high. Signature food: Southeast Asian, Italian, Bagels/Pretzels.","A neighborhood with streets packed with restaurants and small food shops, open-air farmers markets, community gardens run by neighbors, outdoor sculptures, monuments and public art, food from many different cultures. Known for Southeast Asian, Italian, Bagels/Pretzels food."
BK0701,80,0.0,3.0,1.0,Windsor Terrace-South Slope,1.4225553270395084,30,"American, Coffee/Tea, Pizza",,56.23682852918534,0.0,2.10888106984445,0.7029603566148167,0.0,3,0.0,mid-density with varied food,Windsor Terrace-South Slope. Type: mid-density with varied food. restaurant density: high; farmers markets: low; community gardens: very high; outdoor public art: average; public plazas: average; variety of cuisines: high.,"A neighborhood with streets packed with restaurants and small food shops, community gardens run by neighbors, food from many different cultures."
BK0702,209,0.0,1.0,0.0,Sunset Park (West),4.680346230844277,32,"American, Latin American, Mexican","Latin American, Mexican, Spanish",44.65481605242246,0.0,0.21365940694938979,0.0,0.0,3,0.0,mid-density with varied food,"Sunset Park (West). Type: mid-density with varied food. restaurant density: high; farmers markets: low; community gardens: average; outdoor public art: very low; public plazas: average; variety of cuisines: high. Signature food: Latin American, Mexican, Spanish.","A neighborhood with food from many different cultures. Known for Latin American, Mexican, Spanish food."
BK0703,235,2.0,0.0,0.0,Sunset Park (Central),1.7423299777937513,27,"Chinese, Bakery Products/Desserts, Coffee/Tea","Chinese, Asian/Asian Fusion, Bakery Products/Desserts",134.8768620152951,1.1478881873642137,0.0,0.0,0.0,1,0.0,neighborhood markets and local food,"Sunset Park (Central). Type: neighborhood markets and local food. restaurant density: very high; farmers markets: very high; community gardens: low; outdoor public art: very low; public plazas: average; variety of cuisines: high. Signature food: Chinese, Asian/Asian Fusion, Bakery Products/Desserts.","A neighborhood with streets packed with restaurants and small food shops, open-air farmers markets. Known for Chinese, Asian/Asian Fusion, Bakery Products/Desserts food."
BK0801,132,0.0,2.0,1.0,Prospect Heights,0.9577293158026485,39,"American, Coffee/Tea, Japanese","Thai, Indian, Caribbean",137.82599929017957,0.0,2.088272716517872,1.044136358258936,0.0,3,0.0,mid-density with varied food,"Prospect Heights. Type: mid-density with varied food. restaurant density: very high; farmers markets: low; community gardens: very high; outdoor public art: high; public plazas: average; variety of cuisines: very high. Signature food: Thai, Indian, Caribbean.","A neighborhood with streets packed with restaurants and small food shops, community gardens run by neighbors, outdoor sculptures, monuments and public art, food from many different cultures. Known for Thai, Indian, Caribbean food."
BK0802,183,1.0,9.0,3.0,Crown Heights (North),3.290285653798039,36,"American, Caribbean, Chinese","Caribbean, Jewish/Kosher, Thai",55.618271255190145,0.30392497953655817,2.7353248158290238,0.9117749386096745,0.0,3,0.0,mid-density with varied food,"Crown Heights (North). Type: mid-density with varied food. restaurant density: high; farmers markets: high; community gardens: very high; outdoor public art: high; public plazas: average; variety of cuisines: high. Signature food: Caribbean, Jewish/Kosher, Thai.","A neighborhood with streets packed with restaurants and small food shops, open-air farmers markets, community gardens run by neighbors, food from many different cultures. Known for Caribbean, Jewish/Kosher, Thai food."
BK0901,83,1.0,1.0,2.0,Crown Heights (South),1.8630618776796644,24,"Caribbean, Jewish/Kosher, American","Jewish/Kosher, Caribbean, Chinese",44.55031848076441,0.5367508250694507,0.5367508250694507,1.0735016501389014,0.0,1,0.0,neighborhood markets and local food,"Crown Heights (South). Type: neighborhood markets and local food. restaurant density: high; farmers markets: very high; community gardens: high; outdoor public art: high; public plazas: average; variety of cuisines: average. Signature food: Jewish/Kosher, Caribbean, Chinese.","A neighborhood with open-air farmers markets, outdoor sculptures, monuments and public art. Known for Jewish/Kosher, Caribbean, Chinese food."
BK0902,112,0.0,2.0,0.0,Prospect Lefferts Gardens-Wingate,2.233267407232222,34,"Caribbean, Coffee/Tea, American","Caribbean, Mexican, Chinese",50.15073413837446,0.0,0.8955488238995439,0.0,0.0,3,0.0,mid-density with varied food,"Prospect Lefferts Gardens-Wingate. Type: mid-density with varied food. restaurant density: high; farmers markets: low; community gardens: high; outdoor public art: very low; public plazas: average; variety of cuisines: high. Signature food: Caribbean, Mexican, Chinese.","A neighborhood with community gardens run by neighbors, food from many different cultures. Known for Caribbean, Mexican, Chinese food."
BK1001,309,1.0,0.0,10.0,Bay Ridge,5.72616363368222,42,"American, Coffee/Tea, Middle Eastern","Middle Eastern, Mediterranean, Bagels/Pretzels",53.9628309226813,0.17463699327728574,0.0,1.7463699327728575,0.0,3,0.0,mid-density with varied food,"Bay Ridge. Type: mid-density with varied food. restaurant density: high; farmers markets: high; community gardens: low; outdoor public art: very high; public plazas: average; variety of cuisines: very high. Signature food: Middle Eastern, Mediterranean, Bagels/Pretzels.","A neighborhood with outdoor sculptures, monuments and public art, food from many different cultures. Known for Middle Eastern, Mediterranean, Bagels/Pretzels food."
BK1002,105,0.0,0.0,0.0,Dyker Heights,2.7052503709137334,23,"Chinese, American, Bakery Products/Desserts","Chinese, Bakery Products/Desserts, Latin American",38.81341303153944,0.0,0.0,0.0,0.0,2,0.0,quiet residential,"Dyker Heights. Type: quiet residential. restaurant density: average; farmers markets: low; community gardens: low; outdoor public art: very low; public plazas: average; variety of cuisines: average. Signature food: Chinese, Bakery Products/Desserts, Latin American.","A quiet residential neighborhood. Known for Chinese, Bakery Products/Desserts, Latin American food."
BK1101,229,1.0,0.0,2.0,Bensonhurst,4.518332920900983,30,"Chinese, Bakery Products/Desserts, Coffee/Tea","Eastern European, Chinese, Bakery Products/Desserts",50.68240964287687,0.22132056612609988,0.0,0.44264113225219975,0.0,3,0.0,mid-density with varied food,"Bensonhurst. Type: mid-density with varied food. restaurant density: high; farmers markets: high; community gardens: low; outdoor public art: average; public plazas: average; variety of cuisines: high. Signature food: Eastern European, Chinese, Bakery Products/Desserts.","A neighborhood with food from many different cultures. Known for Eastern European, Chinese, Bakery Products/Desserts food."
BK1102,64,0.0,0.0,0.0,Bath Beach,1.9097946876290075,26,"Chinese, Pizza, Coffee/Tea","Bakery Products/Desserts, Chinese",33.51145566304586,0.0,0.0,0.0,0.0,2,0.0,quiet residential,"Bath Beach. Type: quiet residential. restaurant density: average; farmers markets: low; community gardens: low; outdoor public art: very low; public plazas: average; variety of cuisines: high. Signature food: Bakery Products/Desserts, Chinese.","A quiet residential neighborhood. Known for Bakery Products/Desserts, Chinese food."
BK1103,120,0.0,0.0,1.0,Gravesend (West),3.1433856937474025,27,"Chinese, Coffee/Tea, Pizza","Eastern European, Chinese, Bakery Products/Desserts",38.17539802344186,0.0,0.0,0.3181283168620155,0.0,3,0.0,mid-density with varied food,"Gravesend (West). Type: mid-density with varied food. restaurant density: average; farmers markets: low; community gardens: low; outdoor public art: average; public plazas: average; variety of cuisines: high. Signature food: Eastern European, Chinese, Bakery Products/Desserts.","A quiet residential neighborhood. Known for Eastern European, Chinese, Bakery Products/Desserts food."
BK1201,85,0.0,0.0,0.0,Sunset Park (East)-Borough Park (West),1.0915316669663353,16,"Chinese, Bakery Products/Desserts, Coffee/Tea","Chinese, Bakery Products/Desserts",77.8722253988638,0.0,0.0,0.0,0.0,2,0.0,quiet residential,"Sunset Park (East)-Borough Park (West). Type: quiet residential. restaurant density: high; farmers markets: low; community gardens: low; outdoor public art: very low; public plazas: average; variety of cuisines: low. Signature food: Chinese, Bakery Products/Desserts.","A neighborhood with streets packed with restaurants and small food shops. Known for Chinese, Bakery Products/Desserts food."
BK1202,80,1.0,0.0,1.0,Borough Park,3.76083462686288,16,"Jewish/Kosher, Mexican, Chinese","Jewish/Kosher, Mexican, Chinese",21.27187391558677,0.26589842394483465,0.0,0.26589842394483465,0.0,2,0.0,quiet residential,"Borough Park. Type: quiet residential. restaurant density: low; farmers markets: high; community gardens: low; outdoor public art: average; public plazas: average; variety of cuisines: low. Signature food: Jewish/Kosher, Mexican, Chinese.","A quiet residential neighborhood. Known for Jewish/Kosher, Mexican, Chinese food."
BK1203,58,0.0,0.0,0.0,Kensington,1.6231302384721207,25,"Bangladeshi, American, Pizza","Bangladeshi, Mexican, Chinese",35.73342337248079,0.0,0.0,0.0,0.0,2,0.0,quiet residential,"Kensington. Type: quiet residential. restaurant density: average; farmers markets: low; community gardens: low; outdoor public art: very low; public plazas: average; variety of cuisines: average. Signature food: Bangladeshi, Mexican, Chinese.","A quiet residential neighborhood. Known for Bangladeshi, Mexican, Chinese food."
BK1204,35,0.0,0.0,1.0,Mapleton-Midwood (West),2.9131082719103913,16,"Jewish/Kosher, American, Mexican",Jewish/Kosher,12.014658135946076,0.0,0.0,0.3432759467413165,0.0,2,0.0,quiet residential,Mapleton-Midwood (West). Type: quiet residential. restaurant density: very low; farmers markets: low; community gardens: low; outdoor public art: average; public plazas: average; variety of cuisines: low. Signature food: Jewish/Kosher.,"A neighborhood with quiet, mostly residential streets. Known for Jewish/Kosher food."
BK1301,17,1.0,0.0,0.0,Gravesend (South),2.400221270709304,10,"American, Eastern European, Bakery Products/Desserts",,7.082680337624134,0.4166282551543608,0.0,0.0,0.0,2,0.0,quiet residential,Gravesend (South). Type: quiet residential. restaurant density: very low; farmers markets: high; community gardens: low; outdoor public art: very low; public plazas: average; variety of cuisines: very low.,"A neighborhood with open-air farmers markets, quiet, mostly residential streets."
BK1302,101,0.0,3.0,5.0,Coney Island-Sea Gate,4.421169343854312,30,"American, Pizza, Other",,22.84463501503194,0.0,0.6785535152979784,1.1309225254966306,1.0,3,0.22618450509932614,mid-density with varied food,Coney Island-Sea Gate. Type: mid-density with varied food. restaurant density: average; farmers markets: low; community gardens: high; outdoor public art: high; public plazas: very high; variety of cuisines: high.,"A neighborhood with outdoor sculptures, monuments and public art, busy plazas and public seating among tall office buildings, food from many different cultures."
BK1303,59,0.0,0.0,0.0,Brighton Beach,1.260153753865626,22,"Eastern European, Turkish, Russian","Russian, Eastern European, Turkish",46.81968356560667,0.0,0.0,0.0,0.0,2,0.0,quiet residential,"Brighton Beach. Type: quiet residential. restaurant density: high; farmers markets: low; community gardens: low; outdoor public art: very low; public plazas: average; variety of cuisines: average. Signature food: Russian, Eastern European, Turkish.","A quiet residential neighborhood. Known for Russian, Eastern European, Turkish food. By the ocean with a boardwalk and beach. Large Russian and Ukrainian community."
BK1401,137,0.0,0.0,0.0,Flatbush,2.231918553947638,25,"Caribbean, Pizza, Chinese","Caribbean, Middle Eastern, Mexican",61.3821681609687,0.0,0.0,0.0,0.0,3,0.0,mid-density with varied food,"Flatbush. Type: mid-density with varied food. restaurant density: high; farmers markets: low; community gardens: low; outdoor public art: very low; public plazas: average; variety of cuisines: average. Signature food: Caribbean, Middle Eastern, Mexican.","A neighborhood with streets packed with restaurants and small food shops. Known for Caribbean, Middle Eastern, Mexican food."
BK1402,94,1.0,2.0,0.0,Flatbush (West)-Ditmas Park-Parkville,2.127912681557076,34,"American, Mexican, Pakistani","Pakistani, Middle Eastern, Mexican",44.17474495768152,0.4699440952944843,0.9398881905889686,0.0,0.0,3,0.0,mid-density with varied food,"Flatbush (West)-Ditmas Park-Parkville. Type: mid-density with varied food. restaurant density: high; farmers markets: very high; community gardens: high; outdoor public art: very low; public plazas: average; variety of cuisines: high. Signature food: Pakistani, Middle Eastern, Mexican.","A neighborhood with open-air farmers markets, community gardens run by neighbors, food from many different cultures. Known for Pakistani, Middle Eastern, Mexican food."
BK1403,76,0.0,0.0,0.0,Midwood,2.9931975196158813,16,"Jewish/Kosher, Pizza, Chinese","Jewish/Kosher, Chinese",25.39090704904537,0.0,0.0,0.0,0.0,2,0.0,quiet residential,"Midwood. Type: quiet residential. restaurant density: average; farmers markets: low; community gardens: low; outdoor public art: very low; public plazas: average; variety of cuisines: low. Signature food: Jewish/Kosher, Chinese.","A quiet residential neighborhood. Known for Jewish/Kosher, Chinese food."
BK1501,143,0.0,0.0,3.0,Gravesend (East)-Homecrest,3.240447548806807,30,"Jewish/Kosher, Eastern European, Coffee/Tea","Russian, Jewish/Kosher, Eastern European",44.12970672913846,0.0,0.0,0.9257980432686391,0.0,3,0.0,mid-density with varied food,"Gravesend (East)-Homecrest. Type: mid-density with varied food. restaurant density: high; farmers markets: low; community gardens: low; outdoor public art: high; public plazas: average; variety of cuisines: high. Signature food: Russian, Jewish/Kosher, Eastern European.","A neighborhood with food from many different cultures. Known for Russian, Jewish/Kosher, Eastern European food."
BK1502,71,0.0,0.0,0.0,Madison,2.543607441912346,24,"Pizza, Chinese, Bakery Products/Desserts","Bakery Products/Desserts, Japanese, Chinese",27.91311223190182,0.0,0.0,0.0,0.0,2,0.0,quiet residential,"Madison. Type: quiet residential. restaurant density: average; farmers markets: low; community gardens: low; outdoor public art: very low; public plazas: average; variety of cuisines: average. Signature food: Bakery Products/Desserts, Japanese, Chinese.","A quiet residential neighborhood. Known for Bakery Products/Desserts, Japanese, Chinese food."
BK1503,136,0.0,0.0,3.0,Sheepshead Bay-Manhattan Beach-Gerritsen Beach,5.887317880053103,33,"American, Russian, Pizza","Russian, Eastern European, Turkish",23.100502261103202,0.0,0.0,0.5095699028184529,1.0,3,0.16985663427281764,mid-density with varied food,"Sheepshead Bay-Manhattan Beach-Gerritsen Beach. Type: mid-density with varied food. restaurant density: average; farmers markets: low; community gardens: low; outdoor public art: average; public plazas: very high; variety of cuisines: high. Signature food: Russian, Eastern European, Turkish.","A neighborhood with busy plazas and public seating among tall office buildings, food from many different cultures. Known for Russian, Eastern European, Turkish food."
BK1601,39,0.0,11.0,0.0,Ocean Hill,1.8663929098988286,15,"Chinese, Chicken, Caribbean","Caribbean, Mexican, Chinese",20.895921642841042,0.0,5.893721489006447,0.0,0.0,0,0.0,residential with community gardens,"Ocean Hill. Type: residential with community gardens. restaurant density: low; farmers markets: low; community gardens: very high; outdoor public art: very low; public plazas: average; variety of cuisines: very low. Signature food: Caribbean, Mexican, Chinese.","A neighborhood with community gardens run by neighbors. Known for Caribbean, Mexican, Chinese food."
BK1602,70,2.0,15.0,3.0,Brownsville,2.860111194274341,18,"Chinese, Caribbean, Other","Caribbean, Chinese",24.47457292574256,0.6992735121640731,5.244551341230548,1.0489102682461096,0.0,0,0.0,residential with community gardens,"Brownsville. Type: residential with community gardens. restaurant density: average; farmers markets: very high; community gardens: very high; outdoor public art: high; public plazas: average; variety of cuisines: low. Signature food: Caribbean, Chinese.","A neighborhood with open-air farmers markets, community gardens run by neighbors, outdoor sculptures, monuments and public art. Known for Caribbean, Chinese food."
BK1701,107,1.0,1.0,0.0,East Flatbush-Erasmus,1.836781872396769,25,"Caribbean, Chicken, Coffee/Tea","Caribbean, Bakery Products/Desserts, Chinese",58.254059236973234,0.5444304601586284,0.5444304601586284,0.0,0.0,1,0.0,neighborhood markets and local food,"East Flatbush-Erasmus. Type: neighborhood markets and local food. restaurant density: high; farmers markets: very high; community gardens: high; outdoor public art: very low; public plazas: average; variety of cuisines: average. Signature food: Caribbean, Bakery Products/Desserts, Chinese.","A neighborhood with streets packed with restaurants and small food shops, open-air farmers markets. Known for Caribbean, Bakery Products/Desserts, Chinese food."
BK1702,28,0.0,0.0,0.0,East Flatbush-Farragut,2.2409977522105797,10,"Caribbean, Chicken, American",Caribbean,12.494434665264638,0.0,0.0,0.0,0.0,2,0.0,quiet residential,East Flatbush-Farragut. Type: quiet residential. restaurant density: low; farmers markets: low; community gardens: low; outdoor public art: very low; public plazas: average; variety of cuisines: very low. Signature food: Caribbean.,"A neighborhood with quiet, mostly residential streets. Known for Caribbean food."
BK1703,78,1.0,0.0,0.0,East Flatbush-Rugby,2.5274451966449116,15,"Caribbean, Chinese, Chicken","Caribbean, Chinese",30.861203282881096,0.39565645234462943,0.0,0.0,0.0,2,0.0,quiet residential,"East Flatbush-Rugby. Type: quiet residential. restaurant density: average; farmers markets: high; community gardens: low; outdoor public art: very low; public plazas: average; variety of cuisines: very low. Signature food: Caribbean, Chinese.","A neighborhood with open-air farmers markets. Known for Caribbean, Chinese food."
BK1704,42,1.0,1.0,0.0,East Flatbush-Remsen Village,1.7085535862064456,10,"Caribbean, Other, Chinese","Caribbean, Chinese",24.58219650766348,0.5852903930396066,0.5852903930396066,0.0,0.0,1,0.0,neighborhood markets and local food,"East Flatbush-Remsen Village. Type: neighborhood markets and local food. restaurant density: average; farmers markets: very high; community gardens: high; outdoor public art: very low; public plazas: average; variety of cuisines: very low. Signature food: Caribbean, Chinese.","A neighborhood with open-air farmers markets. Known for Caribbean, Chinese food."
BK1801,91,0.0,2.0,1.0,Flatlands,5.048089285382973,29,"Caribbean, Chinese, American","Caribbean, Chinese",18.026622521019117,0.0,0.39618950595646407,0.19809475297823204,0.0,2,0.0,quiet residential,"Flatlands. Type: quiet residential. restaurant density: low; farmers markets: low; community gardens: average; outdoor public art: low; public plazas: average; variety of cuisines: high. Signature food: Caribbean, Chinese.","A quiet residential neighborhood. Known for Caribbean, Chinese food."
BK1802,88,0.0,0.0,0.0,Marine Park-Mill Basin-Bergen Beach,5.4693344913647755,26,"American, Pizza, Chinese","Bagels/Pretzels, Frozen Desserts, Chinese",16.08970892874412,0.0,0.0,0.0,0.0,2,0.0,quiet residential,"Marine Park-Mill Basin-Bergen Beach. Type: quiet residential. restaurant density: low; farmers markets: low; community gardens: low; outdoor public art: very low; public plazas: average; variety of cuisines: high. Signature food: Bagels/Pretzels, Frozen Desserts, Chinese.","A neighborhood with quiet, mostly residential streets. Known for Bagels/Pretzels, Frozen Desserts, Chinese food."
BK1803,86,0.0,2.0,0.0,Canarsie,6.552776919582013,20,"Caribbean, Chinese, Pizza","Caribbean, Chinese",13.12420689051715,0.0,0.305214113732957,0.0,0.0,2,0.0,quiet residential,"Canarsie. Type: quiet residential. restaurant density: low; farmers markets: low; community gardens: average; outdoor public art: very low; public plazas: average; variety of cuisines: low. Signature food: Caribbean, Chinese.","A neighborhood with quiet, mostly residential streets. Known for Caribbean, Chinese food."
BX0101,124,1.0,8.0,4.0,Mott Haven-Port Morris,3.806706854235509,22,"American, Mexican, Pizza","Mexican, Spanish, Latin American",32.574086933442786,0.2626942494632483,2.1015539957059866,1.0507769978529933,0.0,0,0.0,residential with community gardens,"Mott Haven-Port Morris. Type: residential with community gardens. restaurant density: average; farmers markets: high; community gardens: very high; outdoor public art: high; public plazas: average; variety of cuisines: average. Signature food: Mexican, Spanish, Latin American.","A neighborhood with community gardens run by neighbors, outdoor sculptures, monuments and public art. Known for Mexican, Spanish, Latin American food."
BX0102,95,1.0,17.0,2.0,Melrose,1.604599374074208,22,"Pizza, Latin American, Mexican","Mexican, Latin American, Bakery Products/Desserts",59.204809334299625,0.6232085193084171,10.594544828243091,1.2464170386168343,1.0,5,0.6232085193084171,"green, community-run, lively food","Melrose. Type: green, community-run, lively food. restaurant density: high; farmers markets: very high; community gardens: very high; outdoor public art: high; public plazas: very high; variety of cuisines: average. Signature food: Mexican, Latin American, Bakery Products/Desserts.","A neighborhood with streets packed with restaurants and small food shops, open-air farmers markets, community gardens run by neighbors, outdoor sculptures, monuments and public art, busy plazas and public seating among tall office buildings. Known for Mexican, Latin American, Bakery Products/Desserts food."
BX0201,40,1.0,1.0,2.0,Hunts Point,4.184122824369231,13,"American, Chinese, Mexican",Chinese,9.55994880624235,0.23899872015605875,0.23899872015605875,0.4779974403121175,1.0,2,0.23899872015605875,quiet residential,Hunts Point. Type: quiet residential. restaurant density: very low; farmers markets: high; community gardens: average; outdoor public art: average; public plazas: very high; variety of cuisines: very low. Signature food: Chinese.,"A neighborhood with busy plazas and public seating among tall office buildings, quiet, mostly residential streets. Known for Chinese food."
BX0202,71,0.0,7.0,1.0,Longwood,1.4298539389944669,16,"Mexican, Latin American, Pizza","Spanish, Mexican, Latin American",49.65542148307132,0.0,4.895604934950693,0.6993721335643848,0.0,0,0.0,residential with community gardens,"Longwood. Type: residential with community gardens. restaurant density: high; farmers markets: low; community gardens: very high; outdoor public art: average; public plazas: average; variety of cuisines: low. Signature food: Spanish, Mexican, Latin American.","A neighborhood with community gardens run by neighbors. Known for Spanish, Mexican, Latin American food."
BX0301,39,0.0,11.0,0.0,Morrisania,1.2831102224776383,15,"Chinese, Spanish, African","African, Spanish, Chinese",30.39489462151774,0.0,8.572918995812696,0.0,0.0,0,0.0,residential with community gardens,"Morrisania. Type: residential with community gardens. restaurant density: average; farmers markets: low; community gardens: very high; outdoor public art: very low; public plazas: average; variety of cuisines: very low. Signature food: African, Spanish, Chinese.","A neighborhood with community gardens run by neighbors. Known for African, Spanish, Chinese food."
BX0302,17,0.0,2.0,0.0,Claremont Village-Claremont (East),0.928876079547239,10,"Chinese, American, Spanish",,18.301687786261315,0.0,2.153139739560155,0.0,0.0,0,0.0,residential with community gardens,Claremont Village-Claremont (East). Type: residential with community gardens. restaurant density: low; farmers markets: low; community gardens: very high; outdoor public art: very low; public plazas: average; variety of cuisines: very low.,A neighborhood with community gardens run by neighbors.
BX0303,23,0.0,7.0,0.0,Crotona Park East,1.4840156822138049,12,"Chinese, Chicken, Pizza",,15.498488510370303,0.0,4.716931285764875,0.0,1.0,0,0.6738473265378392,residential with community gardens,Crotona Park East. Type: residential with community gardens. restaurant density: low; farmers markets: low; community gardens: very high; outdoor public art: very low; public plazas: very high; variety of cuisines: very low.,"A neighborhood with community gardens run by neighbors, busy plazas and public seating among tall office buildings, quiet, mostly residential streets."
BX0401,118,4.0,5.0,13.0,Concourse-Concourse Village,2.462207389390498,28,"American, Pizza, Chinese","Spanish, Caribbean, Latin American",47.924476430561796,1.6245585230698913,2.0306981538373643,5.279815199977147,0.0,5,0.0,"green, community-run, lively food","Concourse-Concourse Village. Type: green, community-run, lively food. restaurant density: high; farmers markets: very high; community gardens: very high; outdoor public art: very high; public plazas: average; variety of cuisines: high. Signature food: Spanish, Caribbean, Latin American.","A neighborhood with open-air farmers markets, community gardens run by neighbors, outdoor sculptures, monuments and public art. Known for Spanish, Caribbean, Latin American food."
BX0402,21,0.0,8.0,2.0,Highbridge,1.2122902604501724,10,"Chinese, Pizza, Other",Chinese,17.32258410803519,0.0,6.599079660203882,1.6497699150509706,0.0,0,0.0,residential with community gardens,Highbridge. Type: residential with community gardens. restaurant density: low; farmers markets: low; community gardens: very high; outdoor public art: very high; public plazas: average; variety of cuisines: very low. Signature food: Chinese.,"A neighborhood with community gardens run by neighbors, outdoor sculptures, monuments and public art. Known for Chinese food."
BX0403,67,2.0,4.0,0.0,Mount Eden-Claremont (West),1.2641732415083888,18,"Latin American, Chinese, Spanish","Spanish, Latin American, Mexican",52.999065159816865,1.5820616465616975,3.164123293123395,0.0,0.0,1,0.0,neighborhood markets and local food,"Mount Eden-Claremont (West). Type: neighborhood markets and local food. restaurant density: high; farmers markets: very high; community gardens: very high; outdoor public art: very low; public plazas: average; variety of cuisines: low. Signature food: Spanish, Latin American, Mexican.","A neighborhood with open-air farmers markets, community gardens run by neighbors. Known for Spanish, Latin American, Mexican food."
BX0501,53,0.0,2.0,0.0,University Heights (South)-Morris Heights,1.8243742527176905,13,"Latin American, Chinese, Pizza","Spanish, Latin American, Chinese",29.051056777987423,0.0,1.0962662935089593,0.0,0.0,2,0.0,quiet residential,"University Heights (South)-Morris Heights. Type: quiet residential. restaurant density: average; farmers markets: low; community gardens: high; outdoor public art: very low; public plazas: average; variety of cuisines: very low. Signature food: Spanish, Latin American, Chinese.","A neighborhood with community gardens run by neighbors. Known for Spanish, Latin American, Chinese food."
BX0502,55,0.0,4.0,0.0,Mount Hope,1.178174624347577,15,"Latin American, Chicken, Chinese","Latin American, Spanish, Chinese",46.68238380236432,0.0,3.395082458353769,0.0,0.0,0,0.0,residential with community gardens,"Mount Hope. Type: residential with community gardens. restaurant density: high; farmers markets: low; community gardens: very high; outdoor public art: very low; public plazas: average; variety of cuisines: very low. Signature food: Latin American, Spanish, Chinese.","A neighborhood with community gardens run by neighbors. Known for Latin American, Spanish, Chinese food."
BX0503,74,0.0,2.0,1.0,Fordham Heights,0.6855352306168468,21,"Pizza, Latin American, Spanish","Spanish, Latin American, Mexican",107.94485344453349,0.0,2.9174284714738783,1.4587142357369391,0.0,0,0.0,residential with community gardens,"Fordham Heights. Type: residential with community gardens. restaurant density: very high; farmers markets: low; community gardens: very high; outdoor public art: high; public plazas: average; variety of cuisines: average. Signature food: Spanish, Latin American, Mexican.","A neighborhood with streets packed with restaurants and small food shops, community gardens run by neighbors, outdoor sculptures, monuments and public art. Known for Spanish, Latin American, Mexican food."
BX0601,17,0.0,5.0,1.0,West Farms,1.0870814542083425,11,"Pizza, Chinese, Soups/Salads/Sandwiches",,15.638202578278829,0.0,4.599471346552597,0.9198942693105193,0.0,0,0.0,residential with community gardens,West Farms. Type: residential with community gardens. restaurant density: low; farmers markets: low; community gardens: very high; outdoor public art: high; public plazas: average; variety of cuisines: very low.,"A neighborhood with community gardens run by neighbors, quiet, mostly residential streets."
BX0602,46,1.0,10.0,0.0,Tremont,1.4705881775675782,12,"Latin American, American, Pizza",Latin American,31.280001227866634,0.6800000266927528,6.800000266927529,0.0,0.0,0,0.0,residential with community gardens,Tremont. Type: residential with community gardens. restaurant density: average; farmers markets: very high; community gardens: very high; outdoor public art: very low; public plazas: average; variety of cuisines: very low. Signature food: Latin American.,"A neighborhood with open-air farmers markets, community gardens run by neighbors. Known for Latin American food."
BX0603,134,0.0,1.0,1.0,Belmont,1.5230485044317417,29,"American, Italian, Mexican","Italian, Mexican, Bakery Products/Desserts",87.98143959965095,0.0,0.6565779074600817,0.6565779074600817,0.0,3,0.0,mid-density with varied food,"Belmont. Type: mid-density with varied food. restaurant density: very high; farmers markets: low; community gardens: high; outdoor public art: average; public plazas: average; variety of cuisines: high. Signature food: Italian, Mexican, Bakery Products/Desserts.","A neighborhood with streets packed with restaurants and small food shops. Known for Italian, Mexican, Bakery Products/Desserts food."
BX0701,61,1.0,3.0,0.0,University Heights (North)-Fordham,1.7017642996224718,19,"American, Mexican, Chinese","Mexican, Bakery Products/Desserts, Chinese",35.845152006968625,0.5876254427371905,1.7628763282115718,0.0,0.0,1,0.0,neighborhood markets and local food,"University Heights (North)-Fordham. Type: neighborhood markets and local food. restaurant density: average; farmers markets: very high; community gardens: very high; outdoor public art: very low; public plazas: average; variety of cuisines: low. Signature food: Mexican, Bakery Products/Desserts, Chinese.","A neighborhood with open-air farmers markets, community gardens run by neighbors. Known for Mexican, Bakery Products/Desserts, Chinese food."
BX0702,56,1.0,2.0,1.0,Bedford Park,2.2811125188540187,16,"Latin American, Pizza, American","Spanish, Latin American, Chinese",24.54942469393539,0.4383825838202748,0.8767651676405496,0.4383825838202748,0.0,1,0.0,neighborhood markets and local food,"Bedford Park. Type: neighborhood markets and local food. restaurant density: average; farmers markets: high; community gardens: high; outdoor public art: average; public plazas: average; variety of cuisines: low. Signature food: Spanish, Latin American, Chinese.","A neighborhood with open-air farmers markets, community gardens run by neighbors. Known for Spanish, Latin American, Chinese food."
BX0703,77,1.0,0.0,3.0,Norwood,1.4605407144014233,21,"Pizza, Mexican, Chinese","Mexican, Latin American, Chinese",52.72020097814054,0.684677934781046,0.0,2.054033804343138,0.0,1,0.0,neighborhood markets and local food,"Norwood. Type: neighborhood markets and local food. restaurant density: high; farmers markets: very high; community gardens: low; outdoor public art: very high; public plazas: average; variety of cuisines: average. Signature food: Mexican, Latin American, Chinese.","A neighborhood with open-air farmers markets, outdoor sculptures, monuments and public art. Known for Mexican, Latin American, Chinese food."
BX0801,27,1.0,0.0,1.0,Kingsbridge Heights-Van Cortlandt Village,1.0191491519430391,7,"Spanish, Chinese, Pizza","Spanish, Chinese",26.492687501651424,0.981210648209312,0.0,0.981210648209312,0.0,1,0.0,neighborhood markets and local food,"Kingsbridge Heights-Van Cortlandt Village. Type: neighborhood markets and local food. restaurant density: average; farmers markets: very high; community gardens: low; outdoor public art: high; public plazas: average; variety of cuisines: very low. Signature food: Spanish, Chinese.","A neighborhood with open-air farmers markets. Known for Spanish, Chinese food."
BX0802,72,0.0,1.0,0.0,Kingsbridge-Marble Hill,1.1438665613519072,23,"American, Pizza, Latin American","Latin American, Mexican",62.94440490934974,0.0,0.8742278459631909,0.0,0.0,3,0.0,mid-density with varied food,"Kingsbridge-Marble Hill. Type: mid-density with varied food. restaurant density: high; farmers markets: low; community gardens: high; outdoor public art: very low; public plazas: average; variety of cuisines: average. Signature food: Latin American, Mexican.","A neighborhood with streets packed with restaurants and small food shops. Known for Latin American, Mexican food."
BX0803,80,2.0,0.0,6.0,Riverdale-Spuyten Duyvil,5.851332768581962,25,"American, Jewish/Kosher, Coffee/Tea",Jewish/Kosher,13.672098847214864,0.3418024711803716,0.0,1.0254074135411149,0.0,2,0.0,quiet residential,Riverdale-Spuyten Duyvil. Type: quiet residential. restaurant density: low; farmers markets: high; community gardens: low; outdoor public art: high; public plazas: average; variety of cuisines: average. Signature food: Jewish/Kosher.,"A neighborhood with open-air farmers markets, quiet, mostly residential streets. Known for Jewish/Kosher food."
BX0901,103,1.0,2.0,0.0,Soundview-Bruckner-Bronx River,2.992220559720176,22,"Chinese, Latin American, Pizza","Spanish, Latin American, Mexican",34.422596177078695,0.3341999628842591,0.6683999257685183,0.0,0.0,2,0.0,quiet residential,"Soundview-Bruckner-Bronx River. Type: quiet residential. restaurant density: average; farmers markets: high; community gardens: high; outdoor public art: very low; public plazas: average; variety of cuisines: average. Signature food: Spanish, Latin American, Mexican.","A neighborhood with open-air farmers markets. Known for Spanish, Latin American, Mexican food."
BX0902,17,0.0,2.0,1.0,Soundview-Clason Point,2.817158606380919,9,"Chinese, Chicken, Pizza",,6.034449023031458,0.0,0.7099351791801716,0.3549675895900858,0.0,2,0.0,quiet residential,Soundview-Clason Point. Type: quiet residential. restaurant density: very low; farmers markets: low; community gardens: high; outdoor public art: average; public plazas: average; variety of cuisines: very low.,"A neighborhood with quiet, mostly residential streets."
BX0903,61,0.0,2.0,1.0,Castle Hill-Unionport,3.0564393431656156,24,"Chinese, American, Mexican","Mexican, Chinese",19.957863759475455,0.0,0.6543561888352608,0.3271780944176304,0.0,2,0.0,quiet residential,"Castle Hill-Unionport. Type: quiet residential. restaurant density: low; farmers markets: low; community gardens: high; outdoor public art: average; public plazas: average; variety of cuisines: average. Signature food: Mexican, Chinese.","A quiet residential neighborhood. Known for Mexican, Chinese food."
BX0904,51,0.0,0.0,0.0,Parkchester,0.8532526786187343,24,"Chinese, Pizza, Bangladeshi","Bangladeshi, Chinese",59.7712744161085,0.0,0.0,0.0,0.0,3,0.0,mid-density with varied food,"Parkchester. Type: mid-density with varied food. restaurant density: high; farmers markets: low; community gardens: low; outdoor public art: very low; public plazas: average; variety of cuisines: average. Signature food: Bangladeshi, Chinese.","A neighborhood with streets packed with restaurants and small food shops. Known for Bangladeshi, Chinese food."
BX1001,53,0.0,1.0,2.0,Westchester Square,1.4290192153416001,20,"American, Latin American, Pizza",Latin American,37.08837462156211,0.0,0.6997806532370209,1.3995613064740418,0.0,3,0.0,mid-density with varied food,Westchester Square. Type: mid-density with varied food. restaurant density: average; farmers markets: low; community gardens: high; outdoor public art: high; public plazas: average; variety of cuisines: low. Signature food: Latin American.,"A neighborhood with outdoor sculptures, monuments and public art. Known for Latin American food."
BX1002,96,0.0,0.0,0.0,Throgs Neck-Schuylerville,6.175941948367864,24,"American, Pizza, Chinese","Latin American, Mexican, Chinese",15.544187559173904,0.0,0.0,0.0,0.0,2,0.0,quiet residential,"Throgs Neck-Schuylerville. Type: quiet residential. restaurant density: low; farmers markets: low; community gardens: low; outdoor public art: very low; public plazas: average; variety of cuisines: average. Signature food: Latin American, Mexican, Chinese.","A neighborhood with quiet, mostly residential streets. Known for Latin American, Mexican, Chinese food."
BX1003,69,0.0,0.0,1.0,Pelham Bay-Country Club-City Island,3.280378742867658,20,"American, Seafood, Pizza",Seafood,21.034156543668256,0.0,0.0,0.30484284845896026,0.0,2,0.0,quiet residential,Pelham Bay-Country Club-City Island. Type: quiet residential. restaurant density: low; farmers markets: low; community gardens: low; outdoor public art: average; public plazas: average; variety of cuisines: low. Signature food: Seafood.,A quiet residential neighborhood. Known for Seafood food.
BX1004,59,1.0,0.0,0.0,Co-op City,2.699173700599869,25,"American, Chinese, Chicken",Chinese,21.858541370230355,0.37048375203780265,0.0,0.0,0.0,2,0.0,quiet residential,Co-op City. Type: quiet residential. restaurant density: low; farmers markets: high; community gardens: low; outdoor public art: very low; public plazas: average; variety of cuisines: average. Signature food: Chinese.,A neighborhood with open-air farmers markets. Known for Chinese food.
BX1101,60,1.0,0.0,2.0,Pelham Parkway-Van Nest,1.4482053094390468,23,"Middle Eastern, Chinese, Pizza","Middle Eastern, Chinese",41.43058971606769,0.6905098286011282,0.0,1.3810196572022564,0.0,1,0.0,neighborhood markets and local food,"Pelham Parkway-Van Nest. Type: neighborhood markets and local food. restaurant density: average; farmers markets: very high; community gardens: low; outdoor public art: high; public plazas: average; variety of cuisines: average. Signature food: Middle Eastern, Chinese.","A neighborhood with open-air farmers markets, outdoor sculptures, monuments and public art. Known for Middle Eastern, Chinese food."
BX1102,58,1.0,0.0,0.0,Morris Park,2.5857939908845773,21,"American, Pizza, Italian",Italian,22.430247809555283,0.38672841050957385,0.0,0.0,0.0,2,0.0,quiet residential,Morris Park. Type: quiet residential. restaurant density: average; farmers markets: high; community gardens: low; outdoor public art: very low; public plazas: average; variety of cuisines: average. Signature food: Italian.,A neighborhood with open-air farmers markets. Known for Italian food.
BX1103,31,0.0,0.0,0.0,Pelham Gardens,2.7929837756811864,18,"Pizza, Caribbean, Donuts",,11.09924098733418,0.0,0.0,0.0,0.0,2,0.0,quiet residential,Pelham Gardens. Type: quiet residential. restaurant density: very low; farmers markets: low; community gardens: low; outdoor public art: very low; public plazas: average; variety of cuisines: low.,"A neighborhood with quiet, mostly residential streets."
BX1104,53,0.0,0.0,2.0,Allerton,1.463602712783026,20,"Pizza, Chinese, Mexican","Mexican, Chinese",36.212012684248876,0.0,0.0,1.3664910446886367,0.0,2,0.0,quiet residential,"Allerton. Type: quiet residential. restaurant density: average; farmers markets: low; community gardens: low; outdoor public art: high; public plazas: average; variety of cuisines: low. Signature food: Mexican, Chinese.","A neighborhood with outdoor sculptures, monuments and public art. Known for Mexican, Chinese food."
BX1201,62,0.0,1.0,2.0,Williamsbridge-Olinville,3.367018569396,16,"Caribbean, Chinese, Pizza","Caribbean, Chinese",18.41391685912858,0.0,0.29699865901820294,0.5939973180364059,0.0,2,0.0,quiet residential,"Williamsbridge-Olinville. Type: quiet residential. restaurant density: low; farmers markets: low; community gardens: average; outdoor public art: average; public plazas: average; variety of cuisines: low. Signature food: Caribbean, Chinese.","A quiet residential neighborhood. Known for Caribbean, Chinese food."
BX1202,72,0.0,2.0,0.0,Eastchester-Edenwald-Baychester,5.239317982195971,15,"Caribbean, American, Pizza","Caribbean, Chinese",13.742246652077114,0.0,0.38172907366880876,0.0,0.0,2,0.0,quiet residential,"Eastchester-Edenwald-Baychester. Type: quiet residential. restaurant density: low; farmers markets: low; community gardens: average; outdoor public art: very low; public plazas: average; variety of cuisines: very low. Signature food: Caribbean, Chinese.","A neighborhood with quiet, mostly residential streets. Known for Caribbean, Chinese food."
BX1203,87,1.0,3.0,1.0,Wakefield-Woodlawn,3.683309899931841,22,"Caribbean, Irish, Pizza","Irish, Caribbean, Latin American",23.620059773306046,0.271494939923058,0.8144848197691741,0.271494939923058,0.0,2,0.0,quiet residential,"Wakefield-Woodlawn. Type: quiet residential. restaurant density: average; farmers markets: high; community gardens: high; outdoor public art: average; public plazas: average; variety of cuisines: average. Signature food: Irish, Caribbean, Latin American.","A quiet residential neighborhood. Known for Irish, Caribbean, Latin American food."
MN0101,507,2.0,1.0,15.0,Financial District-Battery Park City,1.786223013743845,56,"American, Coffee/Tea, Italian","Salads, Bagels/Pretzels, Irish",283.83913772186276,1.119681016654291,0.5598405083271455,8.397607624907183,49.0,4,27.43218490803013,dense downtown with plazas and public art,"Financial District-Battery Park City. Type: dense downtown with plazas and public art. restaurant density: very high; farmers markets: very high; community gardens: high; outdoor public art: very high; public plazas: very high; variety of cuisines: very high. Signature food: Salads, Bagels/Pretzels, Irish.","A neighborhood with streets packed with restaurants and small food shops, open-air farmers markets, outdoor sculptures, monuments and public art, busy plazas and public seating among tall office buildings, food from many different cultures. Known for Salads, Bagels/Pretzels, Irish food."
MN0102,247,2.0,0.0,25.0,Tribeca-Civic Center,1.2614610990020168,47,"American, Coffee/Tea, Italian","New American, French, Indian",195.8046904461896,1.585463080535948,0.0,19.81828850669935,8.0,4,6.341852322143792,dense downtown with plazas and public art,"Tribeca-Civic Center. Type: dense downtown with plazas and public art. restaurant density: very high; farmers markets: very high; community gardens: low; outdoor public art: very high; public plazas: very high; variety of cuisines: very high. Signature food: New American, French, Indian.","A neighborhood with streets packed with restaurants and small food shops, open-air farmers markets, outdoor sculptures, monuments and public art, busy plazas and public seating among tall office buildings, food from many different cultures. Known for New American, French, Indian food."
MN0201,467,0.0,0.0,4.0,SoHo-Little Italy-Hudson Square,1.2000064115221618,51,"Coffee/Tea, American, Italian","Italian, French, Southeast Asian",389.1645873855195,0.0,0.0,3.3333155236447065,2.0,4,1.6666577618223533,dense downtown with plazas and public art,"SoHo-Little Italy-Hudson Square. Type: dense downtown with plazas and public art. restaurant density: very high; farmers markets: low; community gardens: low; outdoor public art: very high; public plazas: very high; variety of cuisines: very high. Signature food: Italian, French, Southeast Asian.","A neighborhood with streets packed with restaurants and small food shops, outdoor sculptures, monuments and public art, busy plazas and public seating among tall office buildings, food from many different cultures. Known for Italian, French, Southeast Asian food."
MN0202,414,0.0,1.0,8.0,Greenwich Village,0.9850439339485141,49,"American, Coffee/Tea, Italian","New American, French, Seafood",420.28582252214426,0.0,1.0151831461887544,8.121465169510035,5.0,4,5.0759157309437715,dense downtown with plazas and public art,"Greenwich Village. Type: dense downtown with plazas and public art. restaurant density: very high; farmers markets: low; community gardens: high; outdoor public art: very high; public plazas: very high; variety of cuisines: very high. Signature food: New American, French, Seafood.","A neighborhood with streets packed with restaurants and small food shops, community gardens run by neighbors, outdoor sculptures, monuments and public art, busy plazas and public seating among tall office buildings, food from many different cultures. Known for New American, French, Seafood food."
MN0203,458,1.0,1.0,11.0,West Village,1.3393704837026352,51,"American, Italian, Coffee/Tea","New American, French, Italian",341.9516896728063,0.7466194097659526,0.7466194097659526,8.212813507425478,1.0,4,0.7466194097659526,dense downtown with plazas and public art,"West Village. Type: dense downtown with plazas and public art. restaurant density: very high; farmers markets: very high; community gardens: high; outdoor public art: very high; public plazas: very high; variety of cuisines: very high. Signature food: New American, French, Italian.","A neighborhood with streets packed with restaurants and small food shops, open-air farmers markets, outdoor sculptures, monuments and public art, busy plazas and public seating among tall office buildings, food from many different cultures. Known for New American, French, Italian food."
MN0301,315,1.0,1.0,9.0,Chinatown-Two Bridges,1.0722300897554966,39,"Chinese, Coffee/Tea, American","Southeast Asian, Chinese, New American",293.78022777912366,0.9326356437432497,0.9326356437432497,8.393720793689248,0.0,4,0.0,dense downtown with plazas and public art,"Chinatown-Two Bridges. Type: dense downtown with plazas and public art. restaurant density: very high; farmers markets: very high; community gardens: high; outdoor public art: very high; public plazas: average; variety of cuisines: very high. Signature food: Southeast Asian, Chinese, New American.","A neighborhood with streets packed with restaurants and small food shops, open-air farmers markets, community gardens run by neighbors, outdoor sculptures, monuments and public art, food from many different cultures. Known for Southeast Asian, Chinese, New American food."
MN0302,362,0.0,4.0,2.0,Lower East Side,1.5305980068518112,48,"American, Japanese, Coffee/Tea","Australian, New American, Japanese",236.50886671711703,0.0,2.613357643283061,1.3066788216415306,1.0,3,0.6533394108207653,mid-density with varied food,"Lower East Side. Type: mid-density with varied food. restaurant density: very high; farmers markets: low; community gardens: very high; outdoor public art: high; public plazas: very high; variety of cuisines: very high. Signature food: Australian, New American, Japanese.","A neighborhood with streets packed with restaurants and small food shops, community gardens run by neighbors, outdoor sculptures, monuments and public art, busy plazas and public seating among tall office buildings, food from many different cultures. Known for Australian, New American, Japanese food."
MN0303,669,1.0,41.0,8.0,East Village,1.7633109909491178,62,"American, Coffee/Tea, Japanese","Vegetarian, Vegan, Asian/Asian Fusion",379.39989226739,0.5671149361246487,23.251712381110597,4.5369194889971896,1.0,5,0.5671149361246487,"green, community-run, lively food","East Village. Type: green, community-run, lively food. restaurant density: very high; farmers markets: very high; community gardens: very high; outdoor public art: very high; public plazas: very high; variety of cuisines: very high. Signature food: Vegetarian, Vegan, Asian/Asian Fusion.","A neighborhood with streets packed with restaurants and small food shops, open-air farmers markets, community gardens run by neighbors, outdoor sculptures, monuments and public art, busy plazas and public seating among tall office buildings, food from many different cultures. Known for Vegetarian, Vegan, Asian/Asian Fusion food."
MN0401,608,1.0,0.0,3.0,Chelsea-Hudson Yards,2.7565960996923335,54,"American, Coffee/Tea, Italian","Fusion, Salads, Italian",220.56187341622498,0.3627662391714227,0.0,1.088298717514268,6.0,3,2.176597435028536,mid-density with varied food,"Chelsea-Hudson Yards. Type: mid-density with varied food. restaurant density: very high; farmers markets: high; community gardens: low; outdoor public art: high; public plazas: very high; variety of cuisines: very high. Signature food: Fusion, Salads, Italian.","A neighborhood with streets packed with restaurants and small food shops, open-air farmers markets, outdoor sculptures, monuments and public art, busy plazas and public seating among tall office buildings, food from many different cultures. Known for Fusion, Salads, Italian food."
MN0402,542,1.0,2.0,5.0,Hell's Kitchen,1.7077730126806463,54,"American, Coffee/Tea, Japanese","Turkish, Irish, Thai",317.3723884705479,0.5855579123072839,1.1711158246145679,2.92778956153642,7.0,4,4.098905386150988,dense downtown with plazas and public art,"Hell's Kitchen. Type: dense downtown with plazas and public art. restaurant density: very high; farmers markets: very high; community gardens: high; outdoor public art: very high; public plazas: very high; variety of cuisines: very high. Signature food: Turkish, Irish, Thai.","A neighborhood with streets packed with restaurants and small food shops, open-air farmers markets, community gardens run by neighbors, outdoor sculptures, monuments and public art, busy plazas and public seating among tall office buildings, food from many different cultures. Known for Turkish, Irish, Thai food."
MN0501,824,1.0,0.0,21.0,Midtown South-Flatiron-Union Square,1.3823063775707052,62,"American, Korean, Coffee/Tea","Hotdogs/Pretzels, Korean, Barbecue",596.105185775179,0.7234286235135668,0.0,15.192001093784903,15.0,4,10.851429352703502,dense downtown with plazas and public art,"Midtown South-Flatiron-Union Square. Type: dense downtown with plazas and public art. restaurant density: very high; farmers markets: very high; community gardens: low; outdoor public art: very high; public plazas: very high; variety of cuisines: very high. Signature food: Hotdogs/Pretzels, Korean, Barbecue.","A neighborhood with streets packed with restaurants and small food shops, open-air farmers markets, outdoor sculptures, monuments and public art, busy plazas and public seating among tall office buildings, food from many different cultures. Known for Hotdogs/Pretzels, Korean, Barbecue food."
MN0502,1499,1.0,0.0,17.0,Midtown-Times Square,2.281005776490136,62,"American, Coffee/Tea, Italian","Salads, Steakhouse, Soups/Salads/Sandwiches",657.1662445794259,0.4384030984519185,0.0,7.452852673682615,78.0,4,34.19544167924965,dense downtown with plazas and public art,"Midtown-Times Square. Type: dense downtown with plazas and public art. restaurant density: very high; farmers markets: high; community gardens: low; outdoor public art: very high; public plazas: very high; variety of cuisines: very high. Signature food: Salads, Steakhouse, Soups/Salads/Sandwiches.","A neighborhood with streets packed with restaurants and small food shops, open-air farmers markets, outdoor sculptures, monuments and public art, busy plazas and public seating among tall office buildings, food from many different cultures. Known for Salads, Steakhouse, Soups/Salads/Sandwiches food."
MN0601,11,1.0,0.0,0.0,Stuyvesant Town-Peter Cooper Village,0.5179866918578038,8,"American, Sandwiches, Coffee/Tea",,21.236066819685185,1.9305515290622894,0.0,0.0,0.0,1,0.0,neighborhood markets and local food,Stuyvesant Town-Peter Cooper Village. Type: neighborhood markets and local food. restaurant density: low; farmers markets: very high; community gardens: low; outdoor public art: very low; public plazas: average; variety of cuisines: very low.,A neighborhood with open-air farmers markets.
MN0602,226,0.0,0.0,3.0,Gramercy,0.6991882372453131,45,"American, Coffee/Tea, Pizza","Indian, Irish, Thai",323.2319824063444,0.0,0.0,4.290690031942625,4.0,4,5.7209200425901665,dense downtown with plazas and public art,"Gramercy. Type: dense downtown with plazas and public art. restaurant density: very high; farmers markets: low; community gardens: low; outdoor public art: very high; public plazas: very high; variety of cuisines: very high. Signature food: Indian, Irish, Thai.","A neighborhood with streets packed with restaurants and small food shops, outdoor sculptures, monuments and public art, busy plazas and public seating among tall office buildings, food from many different cultures. Known for Indian, Irish, Thai food."
MN0603,282,0.0,0.0,6.0,Murray Hill-Kips Bay,1.4651879511440555,50,"American, Coffee/Tea, Japanese","Indian, Irish, Bagels/Pretzels",192.46677518731116,0.0,0.0,4.095037769942791,39.0,4,26.61774550462814,dense downtown with plazas and public art,"Murray Hill-Kips Bay. Type: dense downtown with plazas and public art. restaurant density: very high; farmers markets: low; community gardens: low; outdoor public art: very high; public plazas: very high; variety of cuisines: very high. Signature food: Indian, Irish, Bagels/Pretzels.","A neighborhood with streets packed with restaurants and small food shops, outdoor sculptures, monuments and public art, busy plazas and public seating among tall office buildings, food from many different cultures. Known for Indian, Irish, Bagels/Pretzels food."
MN0604,495,1.0,0.0,2.0,East Midtown-Turtle Bay,1.2206141190718038,53,"American, Coffee/Tea, Japanese","Steakhouse, Salads, French",405.5335689352952,0.8192597352228186,0.0,1.6385194704456372,50.0,4,40.96298676114093,dense downtown with plazas and public art,"East Midtown-Turtle Bay. Type: dense downtown with plazas and public art. restaurant density: very high; farmers markets: very high; community gardens: low; outdoor public art: very high; public plazas: very high; variety of cuisines: very high. Signature food: Steakhouse, Salads, French.","A neighborhood with streets packed with restaurants and small food shops, open-air farmers markets, outdoor sculptures, monuments and public art, busy plazas and public seating among tall office buildings, food from many different cultures. Known for Steakhouse, Salads, French food."
MN0701,194,1.0,0.0,9.0,Upper West Side-Lincoln Square,1.467625336928887,38,"American, Coffee/Tea, Italian","French, Mediterranean, Italian",132.18632515977077,0.6813728101019112,0.0,6.132355290917201,20.0,4,13.627456202038225,dense downtown with plazas and public art,"Upper West Side-Lincoln Square. Type: dense downtown with plazas and public art. restaurant density: very high; farmers markets: very high; community gardens: low; outdoor public art: very high; public plazas: very high; variety of cuisines: very high. Signature food: French, Mediterranean, Italian.","A neighborhood with streets packed with restaurants and small food shops, open-air farmers markets, outdoor sculptures, monuments and public art, busy plazas and public seating among tall office buildings, food from many different cultures. Known for French, Mediterranean, Italian food."
MN0702,310,1.0,1.0,10.0,Upper West Side (Central),2.3607283928179585,44,"American, Coffee/Tea, Italian","French, Jewish/Kosher, Mediterranean",131.31540288290373,0.42359807381581843,0.42359807381581843,4.235980738158184,1.0,4,0.42359807381581843,dense downtown with plazas and public art,"Upper West Side (Central). Type: dense downtown with plazas and public art. restaurant density: very high; farmers markets: high; community gardens: average; outdoor public art: very high; public plazas: very high; variety of cuisines: very high. Signature food: French, Jewish/Kosher, Mediterranean.","A neighborhood with streets packed with restaurants and small food shops, open-air farmers markets, outdoor sculptures, monuments and public art, busy plazas and public seating among tall office buildings, food from many different cultures. Known for French, Jewish/Kosher, Mediterranean food."
MN0703,134,1.0,3.0,6.0,Upper West Side-Manhattan Valley,1.226361968422241,34,"Chinese, American, Coffee/Tea","Indian, Mediterranean, Japanese",109.26627166398174,0.8154199377909086,2.4462598133727256,4.892519626745451,0.0,5,0.0,"green, community-run, lively food","Upper West Side-Manhattan Valley. Type: green, community-run, lively food. restaurant density: very high; farmers markets: very high; community gardens: very high; outdoor public art: very high; public plazas: average; variety of cuisines: high. Signature food: Indian, Mediterranean, Japanese.","A neighborhood with streets packed with restaurants and small food shops, open-air farmers markets, community gardens run by neighbors, outdoor sculptures, monuments and public art, food from many different cultures. Known for Indian, Mediterranean, Japanese food."
MN0801,288,0.0,0.0,4.0,Upper East Side-Lenox Hill-Roosevelt Island,1.9975027697328422,47,"American, Coffee/Tea, Italian","Bagels/Pretzels, Italian, Japanese",144.18002536162632,0.0,0.0,2.0025003522448097,26.0,3,13.016252289591264,mid-density with varied food,"Upper East Side-Lenox Hill-Roosevelt Island. Type: mid-density with varied food. restaurant density: very high; farmers markets: low; community gardens: low; outdoor public art: very high; public plazas: very high; variety of cuisines: very high. Signature food: Bagels/Pretzels, Italian, Japanese.","A neighborhood with streets packed with restaurants and small food shops, outdoor sculptures, monuments and public art, busy plazas and public seating among tall office buildings, food from many different cultures. Known for Bagels/Pretzels, Italian, Japanese food."
MN0802,314,0.0,0.0,3.0,Upper East Side-Carnegie Hill,1.8641333405654568,38,"American, Italian, Coffee/Tea","French, Sandwiches/Salads/Mixed Buffet, Italian",168.44288612141492,0.0,0.0,1.6093269374657475,19.0,3,10.192403937283068,mid-density with varied food,"Upper East Side-Carnegie Hill. Type: mid-density with varied food. restaurant density: very high; farmers markets: low; community gardens: low; outdoor public art: very high; public plazas: very high; variety of cuisines: very high. Signature food: French, Sandwiches/Salads/Mixed Buffet, Italian.","A neighborhood with streets packed with restaurants and small food shops, outdoor sculptures, monuments and public art, busy plazas and public seating among tall office buildings, food from many different cultures. Known for French, Sandwiches/Salads/Mixed Buffet, Italian food."
MN0803,222,2.0,0.0,1.0,Upper East Side-Yorkville,1.2676589661558704,37,"American, Coffee/Tea, Italian","Irish, French, Italian",175.12596520593146,1.5777113982516349,0.0,0.7888556991258174,30.0,1,23.66567097377452,neighborhood markets and local food,"Upper East Side-Yorkville. Type: neighborhood markets and local food. restaurant density: very high; farmers markets: very high; community gardens: low; outdoor public art: high; public plazas: very high; variety of cuisines: very high. Signature food: Irish, French, Italian.","A neighborhood with streets packed with restaurants and small food shops, open-air farmers markets, busy plazas and public seating among tall office buildings, food from many different cultures. Known for Irish, French, Italian food."
MN0901,111,2.0,4.0,18.0,Morningside Heights,1.4792767344940634,32,"American, Coffee/Tea, Pizza","Italian, Chinese",75.03666988852076,1.352012070063437,2.704024140126874,12.168108630570934,0.0,5,0.0,"green, community-run, lively food","Morningside Heights. Type: green, community-run, lively food. restaurant density: high; farmers markets: very high; community gardens: very high; outdoor public art: very high; public plazas: average; variety of cuisines: high. Signature food: Italian, Chinese.","A neighborhood with streets packed with restaurants and small food shops, open-air farmers markets, community gardens run by neighbors, outdoor sculptures, monuments and public art, food from many different cultures. Known for Italian, Chinese food."
MN0902,45,1.0,0.0,3.0,Manhattanville-West Harlem,0.9972960336036787,21,"American, Mexican, Latin American",,45.122008394433074,1.0027112976540684,0.0,3.008133892962205,1.0,1,1.0027112976540684,neighborhood markets and local food,Manhattanville-West Harlem. Type: neighborhood markets and local food. restaurant density: high; farmers markets: very high; community gardens: low; outdoor public art: very high; public plazas: very high; variety of cuisines: average.,"A neighborhood with open-air farmers markets, outdoor sculptures, monuments and public art, busy plazas and public seating among tall office buildings."
MN0903,113,2.0,12.0,5.0,Hamilton Heights-Sugar Hill,1.4849237431334057,29,"American, Mexican, Coffee/Tea","Mexican, Latin American, Chinese",76.09818384448047,1.3468705105217782,8.08122306313067,3.3671762763044457,0.0,5,0.0,"green, community-run, lively food","Hamilton Heights-Sugar Hill. Type: green, community-run, lively food. restaurant density: high; farmers markets: very high; community gardens: very high; outdoor public art: very high; public plazas: average; variety of cuisines: high. Signature food: Mexican, Latin American, Chinese.","A neighborhood with streets packed with restaurants and small food shops, open-air farmers markets, community gardens run by neighbors, outdoor sculptures, monuments and public art. Known for Mexican, Latin American, Chinese food."
MN1001,104,2.0,11.0,3.0,Harlem (South),1.3402544392806892,33,"American, Coffee/Tea, Chicken","African, Chinese",77.59720613633371,1.4922539641602637,8.207396802881451,2.2383809462403956,0.0,5,0.0,"green, community-run, lively food","Harlem (South). Type: green, community-run, lively food. restaurant density: high; farmers markets: very high; community gardens: very high; outdoor public art: very high; public plazas: average; variety of cuisines: high. Signature food: African, Chinese.","A neighborhood with streets packed with restaurants and small food shops, open-air farmers markets, community gardens run by neighbors, outdoor sculptures, monuments and public art, food from many different cultures. Known for African, Chinese food."
MN1002,81,2.0,19.0,4.0,Harlem (North),2.2104311569193382,23,"Chinese, American, Coffee/Tea","Soul Food, Caribbean, Chinese",36.64443461468807,0.9048008546836561,8.595608119494733,1.8096017093673122,0.0,5,0.0,"green, community-run, lively food","Harlem (North). Type: green, community-run, lively food. restaurant density: average; farmers markets: very high; community gardens: very high; outdoor public art: very high; public plazas: average; variety of cuisines: average. Signature food: Soul Food, Caribbean, Chinese.","A neighborhood with open-air farmers markets, community gardens run by neighbors, outdoor sculptures, monuments and public art. Known for Soul Food, Caribbean, Chinese food."
MN1101,132,3.0,11.0,1.0,East Harlem (South),1.5472015938606762,27,"American, Mexican, Chinese","Thai, Mexican, Bakery Products/Desserts",85.31532059156245,1.9389845588991468,7.1096100492968715,0.6463281862997156,2.0,5,1.2926563725994311,"green, community-run, lively food","East Harlem (South). Type: green, community-run, lively food. restaurant density: very high; farmers markets: very high; community gardens: very high; outdoor public art: average; public plazas: very high; variety of cuisines: high. Signature food: Thai, Mexican, Bakery Products/Desserts.","A neighborhood with streets packed with restaurants and small food shops, open-air farmers markets, community gardens run by neighbors, busy plazas and public seating among tall office buildings. Known for Thai, Mexican, Bakery Products/Desserts food."
MN1102,158,0.0,18.0,6.0,East Harlem (North),2.426563890722507,30,"Mexican, Chinese, American","Mexican, Spanish, Latin American",65.11264780790735,0.0,7.417896585710965,2.4726321952369883,1.0,0,0.41210536587283136,residential with community gardens,"East Harlem (North). Type: residential with community gardens. restaurant density: high; farmers markets: low; community gardens: very high; outdoor public art: very high; public plazas: very high; variety of cuisines: high. Signature food: Mexican, Spanish, Latin American.","A neighborhood with streets packed with restaurants and small food shops, community gardens run by neighbors, outdoor sculptures, monuments and public art, busy plazas and public seating among tall office buildings, food from many different cultures. Known for Mexican, Spanish, Latin American food."
MN1201,146,2.0,1.0,6.0,Washington Heights (South),1.9535347834795593,28,"Latin American, American, Mexican","Latin American, Spanish, Thai",74.73631963693553,1.0237852005059662,0.5118926002529831,3.0713556015178987,0.0,1,0.0,neighborhood markets and local food,"Washington Heights (South). Type: neighborhood markets and local food. restaurant density: high; farmers markets: very high; community gardens: high; outdoor public art: very high; public plazas: average; variety of cuisines: high. Signature food: Latin American, Spanish, Thai.","A neighborhood with streets packed with restaurants and small food shops, open-air farmers markets, outdoor sculptures, monuments and public art. Known for Latin American, Spanish, Thai food."
MN1202,167,0.0,1.0,10.0,Washington Heights (North),2.301333639532539,28,"Latin American, American, Spanish","Spanish, Latin American, Jewish/Kosher",72.56661838651178,0.0,0.43453064902102856,4.345306490210286,0.0,3,0.0,mid-density with varied food,"Washington Heights (North). Type: mid-density with varied food. restaurant density: high; farmers markets: low; community gardens: high; outdoor public art: very high; public plazas: average; variety of cuisines: high. Signature food: Spanish, Latin American, Jewish/Kosher.","A neighborhood with streets packed with restaurants and small food shops, outdoor sculptures, monuments and public art. Known for Spanish, Latin American, Jewish/Kosher food."
MN1203,113,1.0,0.0,1.0,Inwood,1.3412390558779224,26,"Latin American, Mexican, American","Latin American, Spanish, Mexican",84.25045446207547,0.7455792430272166,0.0,0.7455792430272166,0.0,1,0.0,neighborhood markets and local food,"Inwood. Type: neighborhood markets and local food. restaurant density: very high; farmers markets: very high; community gardens: low; outdoor public art: high; public plazas: average; variety of cuisines: high. Signature food: Latin American, Spanish, Mexican.","A neighborhood with streets packed with restaurants and small food shops, open-air farmers markets. Known for Latin American, Spanish, Mexican food."
QN0101,159,0.0,0.0,4.0,Astoria (North)-Ditmars-Steinway,5.416459618186435,39,"American, Greek, Coffee/Tea","Greek, New American, Frozen Desserts",29.354968227980095,0.0,0.0,0.7384897667416376,0.0,3,0.0,mid-density with varied food,"Astoria (North)-Ditmars-Steinway. Type: mid-density with varied food. restaurant density: average; farmers markets: low; community gardens: low; outdoor public art: high; public plazas: average; variety of cuisines: very high. Signature food: Greek, New American, Frozen Desserts.","A neighborhood with food from many different cultures. Known for Greek, New American, Frozen Desserts food."
QN0102,29,0.0,1.0,0.0,Old Astoria-Hallets Point,1.0303938736041922,12,"American, Pizza, Mexican",,28.144577275640753,0.0,0.9705026646772674,0.0,0.0,2,0.0,quiet residential,Old Astoria-Hallets Point. Type: quiet residential. restaurant density: average; farmers markets: low; community gardens: high; outdoor public art: very low; public plazas: average; variety of cuisines: very low.,A neighborhood with community gardens run by neighbors.
QN0103,272,0.0,0.0,5.0,Astoria (Central),1.9588440722651903,47,"American, Coffee/Tea, Mexican","Brazilian, Greek, Peruvian",138.85740261370654,0.0,0.0,2.5525257833401938,0.0,3,0.0,mid-density with varied food,"Astoria (Central). Type: mid-density with varied food. restaurant density: very high; farmers markets: low; community gardens: low; outdoor public art: very high; public plazas: average; variety of cuisines: very high. Signature food: Brazilian, Greek, Peruvian.","A neighborhood with streets packed with restaurants and small food shops, outdoor sculptures, monuments and public art, food from many different cultures. Known for Brazilian, Greek, Peruvian food."
QN0104,213,0.0,0.0,0.0,Astoria (East)-Woodside (North),2.41938332041455,41,"American, Middle Eastern, Coffee/Tea","Middle Eastern, Irish, Mediterranean",88.0389635667586,0.0,0.0,0.0,0.0,3,0.0,mid-density with varied food,"Astoria (East)-Woodside (North). Type: mid-density with varied food. restaurant density: very high; farmers markets: low; community gardens: low; outdoor public art: very low; public plazas: average; variety of cuisines: very high. Signature food: Middle Eastern, Irish, Mediterranean.","A neighborhood with streets packed with restaurants and small food shops, food from many different cultures. Known for Middle Eastern, Irish, Mediterranean food."
QN0105,102,0.0,1.0,1.0,Queensbridge-Ravenswood-Dutch Kills,2.5754184619272427,30,"American, Latin American, Chinese","Latin American, Mexican, Chinese",39.605214262412,0.0,0.38828641433737254,0.38828641433737254,0.0,3,0.0,mid-density with varied food,"Queensbridge-Ravenswood-Dutch Kills. Type: mid-density with varied food. restaurant density: average; farmers markets: low; community gardens: average; outdoor public art: average; public plazas: average; variety of cuisines: high. Signature food: Latin American, Mexican, Chinese.","A neighborhood with food from many different cultures. Known for Latin American, Mexican, Chinese food."
QN0201,220,0.0,3.0,4.0,Long Island City-Hunters Point,2.563692469355919,39,"American, Chinese, Coffee/Tea","Thai, Japanese, Asian/Asian Fusion",85.81372478551259,0.0,1.1701871561660808,1.5602495415547744,1.0,3,0.3900623853886936,mid-density with varied food,"Long Island City-Hunters Point. Type: mid-density with varied food. restaurant density: very high; farmers markets: low; community gardens: high; outdoor public art: high; public plazas: very high; variety of cuisines: very high. Signature food: Thai, Japanese, Asian/Asian Fusion.","A neighborhood with streets packed with restaurants and small food shops, community gardens run by neighbors, outdoor sculptures, monuments and public art, busy plazas and public seating among tall office buildings, food from many different cultures. Known for Thai, Japanese, Asian/Asian Fusion food."
QN0202,211,0.0,0.0,4.0,Sunnyside,4.431638549086199,39,"American, Latin American, Mexican","Irish, Latin American, Thai",47.61218625185668,0.0,0.0,0.9026006872389891,0.0,3,0.0,mid-density with varied food,"Sunnyside. Type: mid-density with varied food. restaurant density: high; farmers markets: low; community gardens: low; outdoor public art: high; public plazas: average; variety of cuisines: very high. Signature food: Irish, Latin American, Thai.","A neighborhood with food from many different cultures. Known for Irish, Latin American, Thai food."
QN0203,141,0.0,0.0,5.0,Woodside,3.0611562046988285,26,"Latin American, American, Asian/Asian Fusion","Filipino, Asian/Asian Fusion, Irish",46.061027458699144,0.0,0.0,1.6333697680389767,1.0,3,0.32667395360779533,mid-density with varied food,"Woodside. Type: mid-density with varied food. restaurant density: high; farmers markets: low; community gardens: low; outdoor public art: very high; public plazas: very high; variety of cuisines: high. Signature food: Filipino, Asian/Asian Fusion, Irish.","A neighborhood with outdoor sculptures, monuments and public art, busy plazas and public seating among tall office buildings. Known for Filipino, Asian/Asian Fusion, Irish food."
QN0301,306,1.0,0.0,0.0,Jackson Heights,3.6526079137837844,38,"Latin American, American, Mexican","Bangladeshi, Peruvian, Latin American",83.77575891604818,0.27377698992172605,0.0,0.0,0.0,3,0.0,mid-density with varied food,"Jackson Heights. Type: mid-density with varied food. restaurant density: very high; farmers markets: high; community gardens: low; outdoor public art: very low; public plazas: average; variety of cuisines: very high. Signature food: Bangladeshi, Peruvian, Latin American.","A neighborhood with streets packed with restaurants and small food shops, food from many different cultures. Known for Bangladeshi, Peruvian, Latin American food. Very busy evening sidewalks with street vendors. Large South Asian and Latin American communities."
QN0302,46,0.0,1.0,0.0,East Elmhurst,2.6722588882336216,16,"Latin American, American, Chinese",Latin American,17.213901019300664,0.0,0.37421523955001446,0.0,0.0,2,0.0,quiet residential,East Elmhurst. Type: quiet residential. restaurant density: low; farmers markets: low; community gardens: average; outdoor public art: very low; public plazas: average; variety of cuisines: low. Signature food: Latin American.,A quiet residential neighborhood. Known for Latin American food.
QN0303,104,1.0,2.0,1.0,North Corona,1.2970587879886768,20,"Latin American, Mexican, Spanish","Latin American, Spanish, Mexican",80.181408092744,0.7709750778148461,1.5419501556296922,0.7709750778148461,0.0,1,0.0,neighborhood markets and local food,"North Corona. Type: neighborhood markets and local food. restaurant density: very high; farmers markets: very high; community gardens: high; outdoor public art: high; public plazas: average; variety of cuisines: low. Signature food: Latin American, Spanish, Mexican.","A neighborhood with streets packed with restaurants and small food shops, open-air farmers markets, community gardens run by neighbors. Known for Latin American, Spanish, Mexican food."
QN0401,339,1.0,0.0,0.0,Elmhurst,3.9114171421228514,42,"Latin American, Chinese, Bakery Products/Desserts","Peruvian, Southeast Asian, Thai",86.66935478429023,0.25566181352298006,0.0,0.0,0.0,3,0.0,mid-density with varied food,"Elmhurst. Type: mid-density with varied food. restaurant density: very high; farmers markets: high; community gardens: low; outdoor public art: very low; public plazas: average; variety of cuisines: very high. Signature food: Peruvian, Southeast Asian, Thai.","A neighborhood with streets packed with restaurants and small food shops, food from many different cultures. Known for Peruvian, Southeast Asian, Thai food."
QN0402,135,0.0,3.0,4.0,Corona,2.2320650296608644,23,"Latin American, Mexican, Chinese","Peruvian, Latin American, Mexican",60.48210881226504,0.0,1.3440468624947788,1.7920624833263716,0.0,3,0.0,mid-density with varied food,"Corona. Type: mid-density with varied food. restaurant density: high; farmers markets: low; community gardens: high; outdoor public art: very high; public plazas: average; variety of cuisines: average. Signature food: Peruvian, Latin American, Mexican.","A neighborhood with streets packed with restaurants and small food shops, community gardens run by neighbors, outdoor sculptures, monuments and public art. Known for Peruvian, Latin American, Mexican food."
QN0501,95,0.0,0.0,1.0,Maspeth,5.417604403278762,23,"American, Latin American, Chinese","Latin American, Bakery Products/Desserts, Japanese",17.535425794933552,0.0,0.0,0.1845834294203532,0.0,2,0.0,quiet residential,"Maspeth. Type: quiet residential. restaurant density: low; farmers markets: low; community gardens: low; outdoor public art: low; public plazas: average; variety of cuisines: average. Signature food: Latin American, Bakery Products/Desserts, Japanese.","A quiet residential neighborhood. Known for Latin American, Bakery Products/Desserts, Japanese food."
QN0502,253,0.0,1.0,1.0,Ridgewood,3.952942186735775,38,"American, Latin American, Coffee/Tea","Latin American, Mexican, Frozen Desserts",64.00295983304528,0.0,0.2529761258223134,0.2529761258223134,0.0,3,0.0,mid-density with varied food,"Ridgewood. Type: mid-density with varied food. restaurant density: high; farmers markets: low; community gardens: average; outdoor public art: average; public plazas: average; variety of cuisines: very high. Signature food: Latin American, Mexican, Frozen Desserts.","A neighborhood with streets packed with restaurants and small food shops, food from many different cultures. Known for Latin American, Mexican, Frozen Desserts food."
QN0503,57,0.0,0.0,2.0,Glendale,2.787692738204039,23,"American, Pizza, Chinese",Chinese,20.447016709855205,0.0,0.0,0.7174391828019371,0.0,2,0.0,quiet residential,Glendale. Type: quiet residential. restaurant density: low; farmers markets: low; community gardens: low; outdoor public art: average; public plazas: average; variety of cuisines: average. Signature food: Chinese.,A quiet residential neighborhood. Known for Chinese food.
QN0504,46,0.0,0.0,1.0,Middle Village,3.2463397592471575,22,"Pizza, American, Chinese",,14.169804583444966,0.0,0.0,0.3080392300748906,0.0,2,0.0,quiet residential,Middle Village. Type: quiet residential. restaurant density: low; farmers markets: low; community gardens: low; outdoor public art: average; public plazas: average; variety of cuisines: average.,"A neighborhood with quiet, mostly residential streets."
QN0601,66,0.0,0.0,0.0,Rego Park,1.8760238106419826,27,"Jewish/Kosher, American, Coffee/Tea",Jewish/Kosher,35.18079015074683,0.0,0.0,0.0,1.0,2,0.5330422750113156,quiet residential,Rego Park. Type: quiet residential. restaurant density: average; farmers markets: low; community gardens: low; outdoor public art: very low; public plazas: very high; variety of cuisines: high. Signature food: Jewish/Kosher.,A neighborhood with busy plazas and public seating among tall office buildings. Known for Jewish/Kosher food.
QN0602,218,1.0,1.0,1.0,Forest Hills,5.384156828933993,43,"American, Chinese, Japanese","Jewish/Kosher, Peruvian, Japanese",40.489162356580486,0.1857301025531215,0.1857301025531215,0.1857301025531215,0.0,3,0.0,mid-density with varied food,"Forest Hills. Type: mid-density with varied food. restaurant density: average; farmers markets: high; community gardens: average; outdoor public art: low; public plazas: average; variety of cuisines: very high. Signature food: Jewish/Kosher, Peruvian, Japanese.","A neighborhood with food from many different cultures. Known for Jewish/Kosher, Peruvian, Japanese food."
QN0701,64,0.0,0.0,2.0,College Point,6.1974965955456325,21,"American, Latin American, Chinese","Latin American, Chinese",10.326750327866117,0.0,0.0,0.32271094774581616,0.0,2,0.0,quiet residential,"College Point. Type: quiet residential. restaurant density: very low; farmers markets: low; community gardens: low; outdoor public art: average; public plazas: average; variety of cuisines: average. Signature food: Latin American, Chinese.","A neighborhood with quiet, mostly residential streets. Known for Latin American, Chinese food."
QN0702,46,0.0,0.0,0.0,Whitestone-Beechhurst,4.890195635860515,19,"Italian, American, Pizza",Italian,9.406576633187294,0.0,0.0,0.0,0.0,2,0.0,quiet residential,Whitestone-Beechhurst. Type: quiet residential. restaurant density: very low; farmers markets: low; community gardens: low; outdoor public art: very low; public plazas: average; variety of cuisines: low. Signature food: Italian.,"A neighborhood with quiet, mostly residential streets. Known for Italian food."
QN0703,43,0.0,0.0,0.0,Bay Terrace-Clearview,3.6529410531511712,22,"American, Chinese, Pizza",Chinese,11.771336951333092,0.0,0.0,0.0,0.0,2,0.0,quiet residential,Bay Terrace-Clearview. Type: quiet residential. restaurant density: very low; farmers markets: low; community gardens: low; outdoor public art: very low; public plazas: average; variety of cuisines: average. Signature food: Chinese.,"A neighborhood with quiet, mostly residential streets. Known for Chinese food."
QN0704,197,0.0,0.0,2.0,Murray Hill-Broadway Flushing,5.2446274039648095,24,"Korean, Chinese, Bakery Products/Desserts","Korean, Asian/Asian Fusion, Bakery Products/Desserts",37.562248912300774,0.0,0.0,0.3813426285512769,0.0,2,0.0,quiet residential,"Murray Hill-Broadway Flushing. Type: quiet residential. restaurant density: average; farmers markets: low; community gardens: low; outdoor public art: average; public plazas: average; variety of cuisines: average. Signature food: Korean, Asian/Asian Fusion, Bakery Products/Desserts.","A quiet residential neighborhood. Known for Korean, Asian/Asian Fusion, Bakery Products/Desserts food."
QN0705,51,0.0,0.0,0.0,East Flushing,2.94131064621328,17,"Chinese, Bakery Products/Desserts, Korean","Korean, Chinese, Bakery Products/Desserts",17.339208990270624,0.0,0.0,0.0,0.0,2,0.0,quiet residential,"East Flushing. Type: quiet residential. restaurant density: low; farmers markets: low; community gardens: low; outdoor public art: very low; public plazas: average; variety of cuisines: low. Signature food: Korean, Chinese, Bakery Products/Desserts.","A quiet residential neighborhood. Known for Korean, Chinese, Bakery Products/Desserts food."
QN0706,30,0.0,1.0,0.0,Queensboro Hill,2.4552147626065848,11,"Chinese, American, Bakery Products/Desserts",Chinese,12.2188903622225,0.0,0.40729634540741666,0.0,0.0,2,0.0,quiet residential,Queensboro Hill. Type: quiet residential. restaurant density: very low; farmers markets: low; community gardens: average; outdoor public art: very low; public plazas: average; variety of cuisines: very low. Signature food: Chinese.,"A neighborhood with quiet, mostly residential streets. Known for Chinese food."
QN0707,508,1.0,0.0,6.0,Flushing-Willets Point,3.5799521173784044,35,"Chinese, Coffee/Tea, Bakery Products/Desserts","Chinese, Korean, Bakery Products/Desserts",141.90133927601465,0.2793333450315249,0.0,1.6760000701891495,1.0,3,0.2793333450315249,mid-density with varied food,"Flushing-Willets Point. Type: mid-density with varied food. restaurant density: very high; farmers markets: high; community gardens: low; outdoor public art: very high; public plazas: very high; variety of cuisines: high. Signature food: Chinese, Korean, Bakery Products/Desserts.","A neighborhood with streets packed with restaurants and small food shops, open-air farmers markets, outdoor sculptures, monuments and public art, busy plazas and public seating among tall office buildings, food from many different cultures. Known for Chinese, Korean, Bakery Products/Desserts food."
QN0801,44,0.0,0.0,2.0,Kew Gardens Hills,3.1869782268675544,15,"Jewish/Kosher, American, Chinese",Jewish/Kosher,13.806181551245524,0.0,0.0,0.6275537068747965,0.0,2,0.0,quiet residential,Kew Gardens Hills. Type: quiet residential. restaurant density: low; farmers markets: low; community gardens: low; outdoor public art: average; public plazas: average; variety of cuisines: very low. Signature food: Jewish/Kosher.,"A neighborhood with quiet, mostly residential streets. Known for Jewish/Kosher food."
QN0802,41,1.0,0.0,2.0,Pomonok-Electchester-Hillcrest,3.4350115335767493,21,"American, Pizza, Coffee/Tea",,11.935913343879877,0.29111983765560673,0.0,0.5822396753112135,0.0,2,0.0,quiet residential,Pomonok-Electchester-Hillcrest. Type: quiet residential. restaurant density: very low; farmers markets: high; community gardens: low; outdoor public art: average; public plazas: average; variety of cuisines: average.,"A neighborhood with open-air farmers markets, quiet, mostly residential streets."
QN0803,59,0.0,0.0,0.0,Fresh Meadows-Utopia,3.0840145604009095,24,"American, Jewish/Kosher, Coffee/Tea",Jewish/Kosher,19.130908380773093,0.0,0.0,0.0,0.0,2,0.0,quiet residential,Fresh Meadows-Utopia. Type: quiet residential. restaurant density: low; farmers markets: low; community gardens: low; outdoor public art: very low; public plazas: average; variety of cuisines: average. Signature food: Jewish/Kosher.,A quiet residential neighborhood. Known for Jewish/Kosher food.
QN0804,39,0.0,0.0,3.0,Jamaica Estates-Holliswood,3.6613672640205843,22,"American, Chinese, Frozen Desserts",,10.65175853382534,0.0,0.0,0.8193660410634878,0.0,2,0.0,quiet residential,Jamaica Estates-Holliswood. Type: quiet residential. restaurant density: very low; farmers markets: low; community gardens: low; outdoor public art: high; public plazas: average; variety of cuisines: average.,"A neighborhood with quiet, mostly residential streets."
QN0805,42,0.0,0.0,3.0,Jamaica Hills-Briarwood,2.5683261288118655,19,"Bangladeshi, Chinese, American",Bangladeshi,16.353063393639047,0.0,0.0,1.1680759566885033,0.0,2,0.0,quiet residential,Jamaica Hills-Briarwood. Type: quiet residential. restaurant density: low; farmers markets: low; community gardens: low; outdoor public art: high; public plazas: average; variety of cuisines: low. Signature food: Bangladeshi.,"A neighborhood with outdoor sculptures, monuments and public art, quiet, mostly residential streets. Known for Bangladeshi food."
QN0901,46,0.0,0.0,3.0,Kew Gardens,1.884529765239314,18,"American, Chinese, Pizza",Chinese,24.409272195368334,0.0,0.0,1.5919090562196738,0.0,2,0.0,quiet residential,Kew Gardens. Type: quiet residential. restaurant density: average; farmers markets: low; community gardens: low; outdoor public art: high; public plazas: average; variety of cuisines: low. Signature food: Chinese.,"A neighborhood with outdoor sculptures, monuments and public art. Known for Chinese food."
QN0902,89,1.0,0.0,0.0,Richmond Hill,2.8121524507767264,18,"American, Latin American, Pizza","Indian, Spanish, Latin American",31.648355328466593,0.35559949807265834,0.0,0.0,0.0,2,0.0,quiet residential,"Richmond Hill. Type: quiet residential. restaurant density: average; farmers markets: high; community gardens: low; outdoor public art: very low; public plazas: average; variety of cuisines: low. Signature food: Indian, Spanish, Latin American.","A neighborhood with open-air farmers markets. Known for Indian, Spanish, Latin American food."
QN0903,35,0.0,0.0,1.0,South Richmond Hill,1.472433295653484,8,"Indian, Caribbean, Pizza","Indian, Caribbean",23.770176960353623,0.0,0.0,0.6791479131529606,0.0,2,0.0,quiet residential,"South Richmond Hill. Type: quiet residential. restaurant density: average; farmers markets: low; community gardens: low; outdoor public art: average; public plazas: average; variety of cuisines: very low. Signature food: Indian, Caribbean.","A quiet residential neighborhood. Known for Indian, Caribbean food."
QN0904,35,0.0,0.0,0.0,Ozone Park (North),1.6803654229655705,18,"Chinese, Pizza, Chicken",Chinese,20.828802783998444,0.0,0.0,0.0,0.0,2,0.0,quiet residential,Ozone Park (North). Type: quiet residential. restaurant density: low; farmers markets: low; community gardens: low; outdoor public art: very low; public plazas: average; variety of cuisines: low. Signature food: Chinese.,A quiet residential neighborhood. Known for Chinese food.
QN0905,72,0.0,0.0,0.0,Woodhaven,2.2043566936604737,20,"Spanish, Latin American, Mexican","Spanish, Latin American, Mexican",32.66259049956178,0.0,0.0,0.0,0.0,2,0.0,quiet residential,"Woodhaven. Type: quiet residential. restaurant density: average; farmers markets: low; community gardens: low; outdoor public art: very low; public plazas: average; variety of cuisines: low. Signature food: Spanish, Latin American, Mexican.","A quiet residential neighborhood. Known for Spanish, Latin American, Mexican food."
QN1001,174,0.0,0.0,3.0,South Ozone Park,7.602868305505072,30,"Caribbean, American, Chinese","Caribbean, Indian, Chinese",22.88609943092272,0.0,0.0,0.3945879212228055,0.0,2,0.0,quiet residential,"South Ozone Park. Type: quiet residential. restaurant density: average; farmers markets: low; community gardens: low; outdoor public art: average; public plazas: average; variety of cuisines: high. Signature food: Caribbean, Indian, Chinese.","A neighborhood with food from many different cultures. Known for Caribbean, Indian, Chinese food."
QN1002,51,0.0,0.0,1.0,Ozone Park,2.3325881972102254,20,"American, Chinese, Pizza",Chinese,21.864125035441738,0.0,0.0,0.4287083340282694,0.0,2,0.0,quiet residential,Ozone Park. Type: quiet residential. restaurant density: low; farmers markets: low; community gardens: low; outdoor public art: average; public plazas: average; variety of cuisines: low. Signature food: Chinese.,A quiet residential neighborhood. Known for Chinese food.
QN1003,59,0.0,0.0,0.0,Howard Beach-Lindenwood,4.88715338350913,20,"American, Chinese, Italian","Italian, Chinese",12.07246742021347,0.0,0.0,0.0,0.0,2,0.0,quiet residential,"Howard Beach-Lindenwood. Type: quiet residential. restaurant density: very low; farmers markets: low; community gardens: low; outdoor public art: very low; public plazas: average; variety of cuisines: low. Signature food: Italian, Chinese.","A neighborhood with quiet, mostly residential streets. Known for Italian, Chinese food."
QN1101,73,0.0,0.0,0.0,Auburndale,5.152777388982047,24,"Korean, American, Coffee/Tea","Korean, Chinese",14.167116971925205,0.0,0.0,0.0,0.0,2,0.0,quiet residential,"Auburndale. Type: quiet residential. restaurant density: low; farmers markets: low; community gardens: low; outdoor public art: very low; public plazas: average; variety of cuisines: average. Signature food: Korean, Chinese.","A neighborhood with quiet, mostly residential streets. Known for Korean, Chinese food."
QN1102,145,0.0,0.0,2.0,Bayside,6.541308638741012,37,"Chinese, Korean, Coffee/Tea","Korean, Asian/Asian Fusion, Chinese",22.166818294008483,0.0,0.0,0.3057492178483929,0.0,3,0.0,mid-density with varied food,"Bayside. Type: mid-density with varied food. restaurant density: average; farmers markets: low; community gardens: low; outdoor public art: average; public plazas: average; variety of cuisines: very high. Signature food: Korean, Asian/Asian Fusion, Chinese.","A neighborhood with food from many different cultures. Known for Korean, Asian/Asian Fusion, Chinese food."
QN1103,67,0.0,1.0,0.0,Douglaston-Little Neck,6.331268359350075,22,"Chinese, Korean, American","Korean, Chinese, Japanese",10.582397743582263,0.0,0.15794623497883972,0.0,0.0,2,0.0,quiet residential,"Douglaston-Little Neck. Type: quiet residential. restaurant density: very low; farmers markets: low; community gardens: average; outdoor public art: very low; public plazas: average; variety of cuisines: average. Signature food: Korean, Chinese, Japanese.","A neighborhood with quiet, mostly residential streets. Known for Korean, Chinese, Japanese food."
QN1104,42,0.0,0.0,1.0,Oakland Gardens-Hollis Hills,3.682194898699548,20,"Chinese, Korean, American",Chinese,11.406240341822555,0.0,0.0,0.2715771509957751,0.0,2,0.0,quiet residential,Oakland Gardens-Hollis Hills. Type: quiet residential. restaurant density: very low; farmers markets: low; community gardens: low; outdoor public art: average; public plazas: average; variety of cuisines: low. Signature food: Chinese.,"A neighborhood with quiet, mostly residential streets. Known for Chinese food."
QN1201,222,0.0,1.0,3.0,Jamaica,4.350542606558275,33,"Latin American, American, Spanish","Bangladeshi, Spanish, Caribbean",51.02811765717306,0.0,0.2298563858431219,0.6895691575293657,0.0,3,0.0,mid-density with varied food,"Jamaica. Type: mid-density with varied food. restaurant density: high; farmers markets: low; community gardens: average; outdoor public art: average; public plazas: average; variety of cuisines: high. Signature food: Bangladeshi, Spanish, Caribbean.","A neighborhood with food from many different cultures. Known for Bangladeshi, Spanish, Caribbean food."
QN1202,28,0.0,6.0,0.0,South Jamaica,3.517884569739606,10,"Caribbean, Chinese, Pizza","Caribbean, Chinese",7.959328808242438,0.0,1.7055704589090939,0.0,0.0,2,0.0,quiet residential,"South Jamaica. Type: quiet residential. restaurant density: very low; farmers markets: low; community gardens: high; outdoor public art: very low; public plazas: average; variety of cuisines: very low. Signature food: Caribbean, Chinese.","A neighborhood with community gardens run by neighbors, quiet, mostly residential streets. Known for Caribbean, Chinese food."
QN1203,57,0.0,4.0,1.0,Baisley Park,4.454583606899709,21,"Caribbean, Chinese, American","Caribbean, Chinese",12.795808773621994,0.0,0.8979514928857539,0.22448787322143848,0.0,2,0.0,quiet residential,"Baisley Park. Type: quiet residential. restaurant density: low; farmers markets: low; community gardens: high; outdoor public art: average; public plazas: average; variety of cuisines: average. Signature food: Caribbean, Chinese.","A neighborhood with community gardens run by neighbors, quiet, mostly residential streets. Known for Caribbean, Chinese food."
QN1204,23,0.0,0.0,0.0,Springfield Gardens (North)-Rochdale Village,3.2018356075931673,11,"Caribbean, Chinese, American",Caribbean,7.183379416936772,0.0,0.0,0.0,0.0,2,0.0,quiet residential,Springfield Gardens (North)-Rochdale Village. Type: quiet residential. restaurant density: very low; farmers markets: low; community gardens: low; outdoor public art: very low; public plazas: average; variety of cuisines: very low. Signature food: Caribbean.,"A neighborhood with quiet, mostly residential streets. Known for Caribbean food."
QN1205,61,0.0,2.0,0.0,St. Albans,6.900543285616233,20,"Caribbean, Chinese, Chicken","Caribbean, Chinese",8.839883683818176,0.0,0.2898322519284648,0.0,0.0,2,0.0,quiet residential,"St. Albans. Type: quiet residential. restaurant density: very low; farmers markets: low; community gardens: average; outdoor public art: very low; public plazas: average; variety of cuisines: low. Signature food: Caribbean, Chinese.","A neighborhood with quiet, mostly residential streets. Known for Caribbean, Chinese food."
QN1206,39,0.0,0.0,0.0,Hollis,2.273264086054285,14,"Caribbean, Chicken, Chinese","Caribbean, Chinese",17.15594780177629,0.0,0.0,0.0,0.0,2,0.0,quiet residential,"Hollis. Type: quiet residential. restaurant density: low; farmers markets: low; community gardens: low; outdoor public art: very low; public plazas: average; variety of cuisines: very low. Signature food: Caribbean, Chinese.","A neighborhood with quiet, mostly residential streets. Known for Caribbean, Chinese food."
QN1301,53,0.0,0.0,0.0,Glen Oaks-Floral Park-New Hyde Park,4.219804563337887,27,"Indian, American, Chinese",Indian,12.559823376767175,0.0,0.0,0.0,0.0,2,0.0,quiet residential,Glen Oaks-Floral Park-New Hyde Park. Type: quiet residential. restaurant density: low; farmers markets: low; community gardens: low; outdoor public art: very low; public plazas: average; variety of cuisines: high. Signature food: Indian.,"A neighborhood with quiet, mostly residential streets. Known for Indian food."
QN1302,32,1.0,0.0,1.0,Bellerose,5.13957693135352,18,"Pizza, Chinese, American",,6.226193406073353,0.19456854393979228,0.0,0.19456854393979228,0.0,2,0.0,quiet residential,Bellerose. Type: quiet residential. restaurant density: very low; farmers markets: high; community gardens: low; outdoor public art: low; public plazas: average; variety of cuisines: low.,"A neighborhood with quiet, mostly residential streets."
QN1303,66,0.0,0.0,2.0,Queens Village,6.471219845821994,19,"Caribbean, Chinese, Chicken","Caribbean, Chinese",10.199004449309738,0.0,0.0,0.30906074088817387,0.0,2,0.0,quiet residential,"Queens Village. Type: quiet residential. restaurant density: very low; farmers markets: low; community gardens: low; outdoor public art: average; public plazas: average; variety of cuisines: low. Signature food: Caribbean, Chinese.","A neighborhood with quiet, mostly residential streets. Known for Caribbean, Chinese food."
QN1304,19,0.0,1.0,0.0,Cambria Heights,3.0726057049876645,11,"Caribbean, Chinese, Bakery Products/Desserts",Caribbean,6.18367660033889,0.0,0.3254566631757311,0.0,0.0,2,0.0,quiet residential,Cambria Heights. Type: quiet residential. restaurant density: very low; farmers markets: low; community gardens: average; outdoor public art: very low; public plazas: average; variety of cuisines: very low. Signature food: Caribbean.,"A neighborhood with quiet, mostly residential streets. Known for Caribbean food."
QN1305,38,0.0,0.0,0.0,Laurelton,3.7013137101866227,12,"Caribbean, Chicken, Chinese",Caribbean,10.266625035164614,0.0,0.0,0.0,0.0,2,0.0,quiet residential,Laurelton. Type: quiet residential. restaurant density: very low; farmers markets: low; community gardens: low; outdoor public art: very low; public plazas: average; variety of cuisines: very low. Signature food: Caribbean.,"A neighborhood with quiet, mostly residential streets. Known for Caribbean food."
QN1306,24,0.0,1.0,0.0,Springfield Gardens (South)-Brookville,5.336059716902432,9,"Caribbean, Chinese, Pizza","Caribbean, Chinese",4.497700789213043,0.0,0.1874041995505435,0.0,0.0,2,0.0,quiet residential,"Springfield Gardens (South)-Brookville. Type: quiet residential. restaurant density: very low; farmers markets: low; community gardens: average; outdoor public art: very low; public plazas: average; variety of cuisines: very low. Signature food: Caribbean, Chinese.","A neighborhood with quiet, mostly residential streets. Known for Caribbean, Chinese food."
QN1307,34,0.0,0.0,0.0,Rosedale,4.388277889396137,14,"Caribbean, American, Chinese",Caribbean,7.74791406947081,0.0,0.0,0.0,0.0,2,0.0,quiet residential,Rosedale. Type: quiet residential. restaurant density: very low; farmers markets: low; community gardens: low; outdoor public art: very low; public plazas: average; variety of cuisines: very low. Signature food: Caribbean.,"A neighborhood with quiet, mostly residential streets. Known for Caribbean food."
QN1401,43,0.0,3.0,0.0,Far Rockaway-Bayswater,5.61830068928804,16,"Caribbean, Latin American, Pizza","Spanish, Caribbean, Latin American",7.653559746630263,0.0,0.533969284648623,0.0,1.0,2,0.177989761549541,quiet residential,"Far Rockaway-Bayswater. Type: quiet residential. restaurant density: very low; farmers markets: low; community gardens: high; outdoor public art: very low; public plazas: very high; variety of cuisines: low. Signature food: Spanish, Caribbean, Latin American.","A neighborhood with busy plazas and public seating among tall office buildings, quiet, mostly residential streets. Known for Spanish, Caribbean, Latin American food."
QN1402,47,2.0,6.0,4.0,Rockaway Beach-Arverne-Edgemere,4.69188503478134,18,"American, Chinese, Latin American",Chinese,10.017295746077544,0.4262679040884061,1.2788037122652183,0.8525358081768122,0.0,2,0.0,quiet residential,Rockaway Beach-Arverne-Edgemere. Type: quiet residential. restaurant density: very low; farmers markets: high; community gardens: high; outdoor public art: high; public plazas: average; variety of cuisines: low. Signature food: Chinese.,"A neighborhood with open-air farmers markets, community gardens run by neighbors, quiet, mostly residential streets. Known for Chinese food."
QN1403,48,0.0,0.0,5.0,Breezy Point-Belle Harbor-Rockaway Park-Broad Channel,6.432002426988424,19,"American, Pizza, Bagels/Pretzels",,7.462683751267557,0.0,0.0,0.7773628907570371,0.0,2,0.0,quiet residential,Breezy Point-Belle Harbor-Rockaway Park-Broad Channel. Type: quiet residential. restaurant density: very low; farmers markets: low; community gardens: low; outdoor public art: high; public plazas: average; variety of cuisines: low.,"A neighborhood with quiet, mostly residential streets."
SI0101,57,1.0,2.0,10.0,St. George-New Brighton,2.462757874189203,22,"American, Other, Pizza",,23.144784388829017,0.4060488489268248,0.8120976978536496,4.0604884892682485,1.0,1,0.4060488489268248,neighborhood markets and local food,St. George-New Brighton. Type: neighborhood markets and local food. restaurant density: average; farmers markets: high; community gardens: high; outdoor public art: very high; public plazas: very high; variety of cuisines: average.,"A neighborhood with open-air farmers markets, outdoor sculptures, monuments and public art, busy plazas and public seating among tall office buildings."
SI0102,45,0.0,2.0,4.0,Tompkinsville-Stapleton-Clifton-Fox Hills,2.2521061252167196,21,"Mexican, Chinese, American","Mexican, Chinese",19.98129639457806,0.0,0.8880576175368026,1.7761152350736051,0.0,2,0.0,quiet residential,"Tompkinsville-Stapleton-Clifton-Fox Hills. Type: quiet residential. restaurant density: low; farmers markets: low; community gardens: high; outdoor public art: very high; public plazas: average; variety of cuisines: average. Signature food: Mexican, Chinese.","A neighborhood with community gardens run by neighbors, outdoor sculptures, monuments and public art. Known for Mexican, Chinese food."
SI0103,32,0.0,0.0,3.0,Rosebank-Shore Acres-Park Hill,3.274938574136288,16,"Mexican, Chinese, Pizza","Mexican, Chinese",9.771175634474146,0.0,0.0,0.9160477157319512,0.0,2,0.0,quiet residential,"Rosebank-Shore Acres-Park Hill. Type: quiet residential. restaurant density: very low; farmers markets: low; community gardens: low; outdoor public art: high; public plazas: average; variety of cuisines: low. Signature food: Mexican, Chinese.","A neighborhood with quiet, mostly residential streets. Known for Mexican, Chinese food."
SI0104,62,0.0,1.0,10.0,West New Brighton-Silver Lake-Grymes Hill,7.930097390483824,21,"American, Coffee/Tea, Italian","Italian, Chinese",7.818315078248656,0.0,0.12610185610078478,1.2610185610078477,0.0,2,0.0,quiet residential,"West New Brighton-Silver Lake-Grymes Hill. Type: quiet residential. restaurant density: very low; farmers markets: low; community gardens: average; outdoor public art: high; public plazas: average; variety of cuisines: average. Signature food: Italian, Chinese.","A neighborhood with outdoor sculptures, monuments and public art, quiet, mostly residential streets. Known for Italian, Chinese food."
SI0105,93,0.0,0.0,5.0,Westerleigh-Castleton Corners,7.109796738476752,27,"Pizza, American, Coffee/Tea","Japanese, Mexican, Bakery Products/Desserts",13.080542724478072,0.0,0.0,0.7032549851869931,0.0,2,0.0,quiet residential,"Westerleigh-Castleton Corners. Type: quiet residential. restaurant density: low; farmers markets: low; community gardens: low; outdoor public art: average; public plazas: average; variety of cuisines: high. Signature food: Japanese, Mexican, Bakery Products/Desserts.","A neighborhood with quiet, mostly residential streets. Known for Japanese, Mexican, Bakery Products/Desserts food."
SI0106,52,0.0,2.0,5.0,Port Richmond,3.3665215350490265,15,"Mexican, Chinese, American","Mexican, Spanish, Chinese",15.446210415892297,0.0,0.5940850159958576,1.485212539989644,0.0,2,0.0,quiet residential,"Port Richmond. Type: quiet residential. restaurant density: low; farmers markets: low; community gardens: high; outdoor public art: high; public plazas: average; variety of cuisines: very low. Signature food: Mexican, Spanish, Chinese.","A neighborhood with outdoor sculptures, monuments and public art, quiet, mostly residential streets. Known for Mexican, Spanish, Chinese food."
SI0107,46,0.0,0.0,4.0,Mariner's Harbor-Arlington-Graniteville,8.304533040490407,25,"American, Pizza, Chinese",,5.53914347449975,0.0,0.0,0.48166464995649994,0.0,2,0.0,quiet residential,Mariner's Harbor-Arlington-Graniteville. Type: quiet residential. restaurant density: very low; farmers markets: low; community gardens: low; outdoor public art: average; public plazas: average; variety of cuisines: average.,"A neighborhood with quiet, mostly residential streets."
SI0201,67,0.0,1.0,6.0,Grasmere-Arrochar-South Beach-Dongan Hills,7.442742587054937,24,"Italian, Pizza, Chinese","Italian, Asian/Asian Fusion, Chinese",9.002057939842258,0.0,0.13435907372898892,0.8061544423739335,0.0,2,0.0,quiet residential,"Grasmere-Arrochar-South Beach-Dongan Hills. Type: quiet residential. restaurant density: very low; farmers markets: low; community gardens: average; outdoor public art: high; public plazas: average; variety of cuisines: average. Signature food: Italian, Asian/Asian Fusion, Chinese.","A neighborhood with quiet, mostly residential streets. Known for Italian, Asian/Asian Fusion, Chinese food."
SI0202,106,0.0,0.0,2.0,New Dorp-Midland Beach,5.776665669292263,27,"Chinese, American, Pizza","Frozen Desserts, Chinese, Japanese",18.349685799453017,0.0,0.0,0.3462204867821324,0.0,2,0.0,quiet residential,"New Dorp-Midland Beach. Type: quiet residential. restaurant density: low; farmers markets: low; community gardens: low; outdoor public art: average; public plazas: average; variety of cuisines: high. Signature food: Frozen Desserts, Chinese, Japanese.","A quiet residential neighborhood. Known for Frozen Desserts, Chinese, Japanese food."
SI0203,38,0.0,0.0,2.0,Todt Hill-Emerson Hill-Lighthouse Hill-Manor Heights,17.308888402451956,14,"American, Chinese, Donuts",Chinese,2.195403836251955,0.0,0.0,0.11554757032905028,1.0,2,0.05777378516452514,quiet residential,Todt Hill-Emerson Hill-Lighthouse Hill-Manor Heights. Type: quiet residential. restaurant density: very low; farmers markets: low; community gardens: low; outdoor public art: low; public plazas: very high; variety of cuisines: very low. Signature food: Chinese.,"A neighborhood with busy plazas and public seating among tall office buildings, quiet, mostly residential streets. Known for Chinese food."
SI0204,122,1.0,0.0,1.0,New Springville-Willowbrook-Bulls Head-Travis,19.452723435115587,30,"American, Pizza, Chinese","Tex-Mex, Japanese, Chinese",6.271615406805638,0.051406683662341295,0.0,0.051406683662341295,0.0,2,0.0,quiet residential,"New Springville-Willowbrook-Bulls Head-Travis. Type: quiet residential. restaurant density: very low; farmers markets: high; community gardens: low; outdoor public art: low; public plazas: average; variety of cuisines: high. Signature food: Tex-Mex, Japanese, Chinese.","A neighborhood with food from many different cultures, quiet, mostly residential streets. Known for Tex-Mex, Japanese, Chinese food."
SI0301,17,0.0,0.0,2.0,Oakwood-Richmondtown,5.1967606782207305,12,"Italian, Chinese, Bakery Products/Desserts",,3.271268594539256,0.0,0.0,0.38485512876932426,0.0,2,0.0,quiet residential,Oakwood-Richmondtown. Type: quiet residential. restaurant density: very low; farmers markets: low; community gardens: low; outdoor public art: average; public plazas: average; variety of cuisines: very low.,"A neighborhood with quiet, mostly residential streets."
SI0302,98,0.0,0.0,0.0,Great Kills-Eltingville,10.846107291331824,23,"American, Pizza, Italian","Frozen Desserts, Italian, Japanese",9.03549977588008,0.0,0.0,0.0,0.0,2,0.0,quiet residential,"Great Kills-Eltingville. Type: quiet residential. restaurant density: very low; farmers markets: low; community gardens: low; outdoor public art: very low; public plazas: average; variety of cuisines: average. Signature food: Frozen Desserts, Italian, Japanese.","A neighborhood with quiet, mostly residential streets. Known for Frozen Desserts, Italian, Japanese food."
SI0303,22,0.0,0.0,1.0,Arden Heights-Rossville,6.296414856538653,11,"American, Chinese, Pizza",,3.494051853516864,0.0,0.0,0.1588205387962211,0.0,2,0.0,quiet residential,Arden Heights-Rossville. Type: quiet residential. restaurant density: very low; farmers markets: low; community gardens: low; outdoor public art: low; public plazas: average; variety of cuisines: very low.,"A neighborhood with quiet, mostly residential streets."
SI0304,44,0.0,0.0,4.0,Annadale-Huguenot-Prince's Bay-Woodrow,16.762270998258646,17,"American, Pizza, Italian",Italian,2.6249426467673116,0.0,0.0,0.23863114970611926,0.0,2,0.0,quiet residential,Annadale-Huguenot-Prince's Bay-Woodrow. Type: quiet residential. restaurant density: very low; farmers markets: low; community gardens: low; outdoor public art: average; public plazas: average; variety of cuisines: low. Signature food: Italian.,"A neighborhood with quiet, mostly residential streets. Known for Italian food."
SI0305,75,0.0,0.0,0.0,Tottenville-Charleston,11.777703141773221,22,"American, Italian, Pizza","Italian, Bakery Products/Desserts",6.367964882217959,0.0,0.0,0.0,0.0,2,0.0,quiet residential,"Tottenville-Charleston. Type: quiet residential. restaurant density: very low; farmers markets: low; community gardens: low; outdoor public art: very low; public plazas: average; variety of cuisines: average. Signature food: Italian, Bakery Products/Desserts.","A neighborhood with quiet, mostly residential streets. Known for Italian, Bakery Products/Desserts food."
