nta2020,ntaname,area_km2,cluster,cluster_name,restaurants,farmers_markets,gardens,public_art,pops,restaurants_per_km2,farmers_markets_per_km2,gardens_per_km2,public_art_per_km2,pops_per_km2,cuisine_diversity,signature_cuisines,profile_text,embed_text
BK0101,Greenpoint,3.28,3,mid-density with varied food,262,1.0,3.0,4.0,0.0,79.84,0.3,0.91,1.22,0.0,45,"Polish, Thai, Japanese","Greenpoint. Type: mid-density with varied food. restaurant density: high; farmers markets: high; community gardens: high; outdoor public art: high; public plazas: average; variety of cuisines: very high. Signature food: Polish, Thai, Japanese.","A neighborhood with streets packed with restaurants and small food shops, open-air farmers markets, community gardens run by neighbors, outdoor sculptures, monuments and public art, food from many different cultures. Known for Polish, Thai, Japanese food."
BK0102,Williamsburg,2.68,5,"green, community-run, lively food",485,2.0,9.0,6.0,2.0,180.94,0.75,3.36,2.24,0.75,58,"New American, French, Middle Eastern","Williamsburg. Type: green, community-run, lively food. restaurant density: very high; farmers markets: very high; community gardens: very high; outdoor public art: very high; public plazas: very high; variety of cuisines: very high. Signature food: New American, French, Middle Eastern.","A neighborhood with streets packed with restaurants and small food shops, open-air farmers markets, community gardens run by neighbors, outdoor sculptures, monuments and public art, busy plazas and public seating among tall office buildings, food from many different cultures. Known for New American, French, Middle Eastern food."
BK0103,South Williamsburg,1.41,2,quiet residential,22,0.0,1.0,1.0,1.0,15.57,0.0,0.71,0.71,0.71,11,Jewish/Kosher,South Williamsburg. Type: quiet residential. restaurant density: low; farmers markets: low; community gardens: high; outdoor public art: average; public plazas: very high; variety of cuisines: very low. Signature food: Jewish/Kosher.,"A neighborhood with busy plazas and public seating among tall office buildings, quiet, mostly residential streets. Known for Jewish/Kosher food."
BK0104,East Williamsburg,4.86,3,mid-density with varied food,288,0.0,6.0,4.0,0.0,59.31,0.0,1.24,0.82,0.0,52,"Mediterranean, Thai, Mexican","East Williamsburg. Type: mid-density with varied food. restaurant density: high; farmers markets: low; community gardens: high; outdoor public art: high; public plazas: average; variety of cuisines: very high. Signature food: Mediterranean, Thai, Mexican.","A neighborhood with streets packed with restaurants and small food shops, community gardens run by neighbors, food from many different cultures. Known for Mediterranean, Thai, Mexican food."
BK0201,Brooklyn Heights,0.93,4,dense downtown with plazas and public art,129,1.0,1.0,4.0,1.0,139.1,1.08,1.08,4.31,1.08,33,"New American, Japanese, Italian","Brooklyn Heights. Type: dense downtown with plazas and public art. restaurant density: very high; farmers markets: very high; community gardens: high; outdoor public art: very high; public plazas: very high; variety of cuisines: high. Signature food: New American, Japanese, Italian.","A neighborhood with streets packed with restaurants and small food shops, open-air farmers markets, community gardens run by neighbors, outdoor sculptures, monuments and public art, busy plazas and public seating among tall office buildings, food from many different cultures. Known for New American, Japanese, Italian food."
BK0202,Downtown Brooklyn-DUMBO-Boerum Hill,2.2,4,dense downtown with plazas and public art,331,0.0,2.0,13.0,6.0,150.13,0.0,0.91,5.9,2.72,56,"Salads, Bagels/Pretzels, Thai","Downtown Brooklyn-DUMBO-Boerum Hill. Type: dense downtown with plazas and public art. restaurant density: very high; farmers markets: low; community gardens: high; outdoor public art: very high; public plazas: very high; variety of cuisines: very high. Signature food: Salads, Bagels/Pretzels, Thai.","A neighborhood with streets packed with restaurants and small food shops, community gardens run by neighbors, outdoor sculptures, monuments and public art, busy plazas and public seating among tall office buildings, food from many different cultures. Known for Salads, Bagels/Pretzels, Thai food."
BK0203,Fort Greene,1.63,5,"green, community-run, lively food",145,1.0,4.0,2.0,3.0,89.02,0.61,2.46,1.23,1.84,36,"New American, Italian, Caribbean","Fort Greene. Type: green, community-run, lively food. restaurant density: very high; farmers markets: very high; community gardens: very high; outdoor public art: high; public plazas: very high; variety of cuisines: high. Signature food: New American, Italian, Caribbean.","A neighborhood with streets packed with restaurants and small food shops, open-air farmers markets, community gardens run by neighbors, outdoor sculptures, monuments and public art, busy plazas and public seating among tall office buildings, food from many different cultures. Known for New American, Italian, Caribbean food."
BK0204,Clinton Hill,1.35,3,mid-density with varied food,96,0.0,3.0,0.0,0.0,70.94,0.0,2.22,0.0,0.0,34,Italian,Clinton Hill. Type: mid-density with varied food. restaurant density: high; farmers markets: low; community gardens: very high; outdoor public art: very low; public plazas: average; variety of cuisines: high. Signature food: Italian.,"A neighborhood with streets packed with restaurants and small food shops, community gardens run by neighbors, food from many different cultures. Known for Italian food."
BK0301,Bedford-Stuyvesant (West),3.43,0,residential with community gardens,220,0.0,27.0,1.0,0.0,64.16,0.0,7.87,0.29,0.0,41,"African, Indian, Caribbean","Bedford-Stuyvesant (West). Type: residential with community gardens. restaurant density: high; farmers markets: low; community gardens: very high; outdoor public art: average; public plazas: average; variety of cuisines: very high. Signature food: African, Indian, Caribbean.","A neighborhood with streets packed with restaurants and small food shops, community gardens run by neighbors, food from many different cultures. Known for African, Indian, Caribbean food."
BK0302,Bedford-Stuyvesant (East),3.84,0,residential with community gardens,177,1.0,26.0,3.0,0.0,46.14,0.26,6.78,0.78,0.0,34,"Soul Food, Caribbean, Bakery Products/Desserts","Bedford-Stuyvesant (East). Type: residential with community gardens. restaurant density: high; farmers markets: high; community gardens: very high; outdoor public art: high; public plazas: average; variety of cuisines: high. Signature food: Soul Food, Caribbean, Bakery Products/Desserts.","A neighborhood with community gardens run by neighbors, food from many different cultures. Known for Soul Food, Caribbean, Bakery Products/Desserts food."
BK0401,Bushwick (West),2.15,3,mid-density with varied food,278,1.0,4.0,3.0,1.0,129.35,0.47,1.86,1.4,0.47,38,"Spanish, Mexican, Latin American","Bushwick (West). Type: mid-density with varied food. restaurant density: very high; farmers markets: very high; community gardens: very high; outdoor public art: high; public plazas: very high; variety of cuisines: very high. Signature food: Spanish, Mexican, Latin American.","A neighborhood with streets packed with restaurants and small food shops, open-air farmers markets, community gardens run by neighbors, outdoor sculptures, monuments and public art, busy plazas and public seating among tall office buildings, food from many different cultures. Known for Spanish, Mexican, Latin American food."
BK0402,Bushwick (East),2.6,5,"green, community-run, lively food",105,2.0,14.0,2.0,0.0,40.46,0.77,5.39,0.77,0.0,29,"Mexican, Latin American, Bakery Products/Desserts","Bushwick (East). Type: green, community-run, lively food. restaurant density: average; farmers markets: very high; community gardens: very high; outdoor public art: high; public plazas: average; variety of cuisines: high. Signature food: Mexican, Latin American, Bakery Products/Desserts.","A neighborhood with open-air farmers markets, community gardens run by neighbors. Known for Mexican, Latin American, Bakery Products/Desserts food."
BK0501,Cypress Hills,2.26,2,quiet residential,71,0.0,3.0,0.0,0.0,31.35,0.0,1.32,0.0,0.0,16,"Latin American, Spanish, Chinese","Cypress Hills. Type: quiet residential. restaurant density: average; farmers markets: low; community gardens: high; outdoor public art: very low; public plazas: average; variety of cuisines: low. Signature food: Latin American, Spanish, Chinese.","A neighborhood with community gardens run by neighbors. Known for Latin American, Spanish, Chinese food."
BK0502,East New York (North),2.59,0,residential with community gardens,31,0.0,32.0,0.0,0.0,11.96,0.0,12.34,0.0,0.0,10,Chinese,East New York (North). Type: residential with community gardens. restaurant density: very low; farmers markets: low; community gardens: very high; outdoor public art: very low; public plazas: average; variety of cuisines: very low. Signature food: Chinese.,"A neighborhood with community gardens run by neighbors, quiet, mostly residential streets. Known for Chinese food."
BK0503,East New York-New Lots,4.32,0,residential with community gardens,66,1.0,12.0,0.0,0.0,15.29,0.23,2.78,0.0,0.0,17,"Caribbean, Latin American, Chinese","East New York-New Lots. Type: residential with community gardens. restaurant density: low; farmers markets: high; community gardens: very high; outdoor public art: very low; public plazas: average; variety of cuisines: low. Signature food: Caribbean, Latin American, Chinese.","A neighborhood with community gardens run by neighbors, quiet, mostly residential streets. Known for Caribbean, Latin American, Chinese food."
BK0504,Spring Creek-Starrett City,2.52,2,quiet residential,31,1.0,1.0,0.0,0.0,12.32,0.4,0.4,0.0,0.0,17,,Spring Creek-Starrett City. Type: quiet residential. restaurant density: very low; farmers markets: high; community gardens: average; outdoor public art: very low; public plazas: average; variety of cuisines: low.,"A neighborhood with open-air farmers markets, quiet, mostly residential streets."
BK0505,East New York-City Line,2.93,0,residential with community gardens,47,0.0,6.0,2.0,0.0,16.05,0.0,2.05,0.68,0.0,17,"Bangladeshi, Chinese","East New York-City Line. Type: residential with community gardens. restaurant density: low; farmers markets: low; community gardens: very high; outdoor public art: average; public plazas: average; variety of cuisines: low. Signature food: Bangladeshi, Chinese.","A neighborhood with community gardens run by neighbors, quiet, mostly residential streets. Known for Bangladeshi, Chinese food."
BK0601,Carroll Gardens-Cobble Hill-Gowanus-Red Hook,5.65,3,mid-density with varied food,284,2.0,10.0,5.0,0.0,50.27,0.35,1.77,0.89,0.0,43,"Thai, Middle Eastern, Seafood","Carroll Gardens-Cobble Hill-Gowanus-Red Hook. Type: mid-density with varied food. restaurant density: high; farmers markets: high; community gardens: very high; outdoor public art: high; public plazas: average; variety of cuisines: very high. Signature food: Thai, Middle Eastern, Seafood.","A neighborhood with open-air farmers markets, community gardens run by neighbors, food from many different cultures. Known for Thai, Middle Eastern, Seafood food."
BK0602,Park Slope,2.4,4,dense downtown with plazas and public art,352,1.0,6.0,13.0,0.0,146.68,0.42,2.5,5.42,0.0,50,"Southeast Asian, Italian, Bagels/Pretzels","Park Slope. Type: dense downtown with plazas and public art. restaurant density: very high; farmers markets: high; community gardens: very high; outdoor public art: very high; public plazas: average; variety of cuisines: very high. Signature food: Southeast Asian, Italian, Bagels/Pretzels.","A neighborhood with streets packed with restaurants and small food shops, open-air farmers markets, community gardens run by neighbors, outdoor sculptures, monuments and public art, food from many different cultures. Known for Southeast Asian, Italian, Bagels/Pretzels food."
BK0701,Windsor Terrace-South Slope,1.42,3,mid-density with varied food,80,0.0,3.0,1.0,0.0,56.24,0.0,2.11,0.7,0.0,30,,Windsor Terrace-South Slope. Type: mid-density with varied food. restaurant density: high; farmers markets: low; community gardens: very high; outdoor public art: average; public plazas: average; variety of cuisines: high.,"A neighborhood with streets packed with restaurants and small food shops, community gardens run by neighbors, food from many different cultures."
BK0702,Sunset Park (West),4.68,3,mid-density with varied food,209,0.0,1.0,0.0,0.0,44.65,0.0,0.21,0.0,0.0,32,"Latin American, Mexican, Spanish","Sunset Park (West). Type: mid-density with varied food. restaurant density: high; farmers markets: low; community gardens: average; outdoor public art: very low; public plazas: average; variety of cuisines: high. Signature food: Latin American, Mexican, Spanish.","A neighborhood with food from many different cultures. Known for Latin American, Mexican, Spanish food."
BK0703,Sunset Park (Central),1.74,1,neighborhood markets and local food,235,2.0,0.0,0.0,0.0,134.88,1.15,0.0,0.0,0.0,27,"Chinese, Asian/Asian Fusion, Bakery Products/Desserts","Sunset Park (Central). Type: neighborhood markets and local food. restaurant density: very high; farmers markets: very high; community gardens: low; outdoor public art: very low; public plazas: average; variety of cuisines: high. Signature food: Chinese, Asian/Asian Fusion, Bakery Products/Desserts.","A neighborhood with streets packed with restaurants and small food shops, open-air farmers markets. Known for Chinese, Asian/Asian Fusion, Bakery Products/Desserts food."
BK0801,Prospect Heights,0.96,3,mid-density with varied food,132,0.0,2.0,1.0,0.0,137.83,0.0,2.09,1.04,0.0,39,"Thai, Indian, Caribbean","Prospect Heights. Type: mid-density with varied food. restaurant density: very high; farmers markets: low; community gardens: very high; outdoor public art: high; public plazas: average; variety of cuisines: very high. Signature food: Thai, Indian, Caribbean.","A neighborhood with streets packed with restaurants and small food shops, community gardens run by neighbors, outdoor sculptures, monuments and public art, food from many different cultures. Known for Thai, Indian, Caribbean food."
BK0802,Crown Heights (North),3.29,3,mid-density with varied food,183,1.0,9.0,3.0,0.0,55.62,0.3,2.74,0.91,0.0,36,"Caribbean, Jewish/Kosher, Thai","Crown Heights (North). Type: mid-density with varied food. restaurant density: high; farmers markets: high; community gardens: very high; outdoor public art: high; public plazas: average; variety of cuisines: high. Signature food: Caribbean, Jewish/Kosher, Thai.","A neighborhood with streets packed with restaurants and small food shops, open-air farmers markets, community gardens run by neighbors, food from many different cultures. Known for Caribbean, Jewish/Kosher, Thai food."
BK0901,Crown Heights (South),1.86,1,neighborhood markets and local food,83,1.0,1.0,2.0,0.0,44.55,0.54,0.54,1.07,0.0,24,"Jewish/Kosher, Caribbean, Chinese","Crown Heights (South). Type: neighborhood markets and local food. restaurant density: high; farmers markets: very high; community gardens: high; outdoor public art: high; public plazas: average; variety of cuisines: average. Signature food: Jewish/Kosher, Caribbean, Chinese.","A neighborhood with open-air farmers markets, outdoor sculptures, monuments and public art. Known for Jewish/Kosher, Caribbean, Chinese food."
BK0902,Prospect Lefferts Gardens-Wingate,2.23,3,mid-density with varied food,112,0.0,2.0,0.0,0.0,50.15,0.0,0.9,0.0,0.0,34,"Caribbean, Mexican, Chinese","Prospect Lefferts Gardens-Wingate. Type: mid-density with varied food. restaurant density: high; farmers markets: low; community gardens: high; outdoor public art: very low; public plazas: average; variety of cuisines: high. Signature food: Caribbean, Mexican, Chinese.","A neighborhood with community gardens run by neighbors, food from many different cultures. Known for Caribbean, Mexican, Chinese food."
BK1001,Bay Ridge,5.73,3,mid-density with varied food,309,1.0,0.0,10.0,0.0,53.96,0.17,0.0,1.75,0.0,42,"Middle Eastern, Mediterranean, Bagels/Pretzels","Bay Ridge. Type: mid-density with varied food. restaurant density: high; farmers markets: high; community gardens: low; outdoor public art: very high; public plazas: average; variety of cuisines: very high. Signature food: Middle Eastern, Mediterranean, Bagels/Pretzels.","A neighborhood with outdoor sculptures, monuments and public art, food from many different cultures. Known for Middle Eastern, Mediterranean, Bagels/Pretzels food."
BK1002,Dyker Heights,2.71,2,quiet residential,105,0.0,0.0,0.0,0.0,38.81,0.0,0.0,0.0,0.0,23,"Chinese, Bakery Products/Desserts, Latin American","Dyker Heights. Type: quiet residential. restaurant density: average; farmers markets: low; community gardens: low; outdoor public art: very low; public plazas: average; variety of cuisines: average. Signature food: Chinese, Bakery Products/Desserts, Latin American.","A quiet residential neighborhood. Known for Chinese, Bakery Products/Desserts, Latin American food."
BK1101,Bensonhurst,4.52,3,mid-density with varied food,229,1.0,0.0,2.0,0.0,50.68,0.22,0.0,0.44,0.0,30,"Eastern European, Chinese, Bakery Products/Desserts","Bensonhurst. Type: mid-density with varied food. restaurant density: high; farmers markets: high; community gardens: low; outdoor public art: average; public plazas: average; variety of cuisines: high. Signature food: Eastern European, Chinese, Bakery Products/Desserts.","A neighborhood with food from many different cultures. Known for Eastern European, Chinese, Bakery Products/Desserts food."
BK1102,Bath Beach,1.91,2,quiet residential,64,0.0,0.0,0.0,0.0,33.51,0.0,0.0,0.0,0.0,26,"Bakery Products/Desserts, Chinese","Bath Beach. Type: quiet residential. restaurant density: average; farmers markets: low; community gardens: low; outdoor public art: very low; public plazas: average; variety of cuisines: high. Signature food: Bakery Products/Desserts, Chinese.","A quiet residential neighborhood. Known for Bakery Products/Desserts, Chinese food."
BK1103,Gravesend (West),3.14,3,mid-density with varied food,120,0.0,0.0,1.0,0.0,38.18,0.0,0.0,0.32,0.0,27,"Eastern European, Chinese, Bakery Products/Desserts","Gravesend (West). Type: mid-density with varied food. restaurant density: average; farmers markets: low; community gardens: low; outdoor public art: average; public plazas: average; variety of cuisines: high. Signature food: Eastern European, Chinese, Bakery Products/Desserts.","A quiet residential neighborhood. Known for Eastern European, Chinese, Bakery Products/Desserts food."
BK1201,Sunset Park (East)-Borough Park (West),1.09,2,quiet residential,85,0.0,0.0,0.0,0.0,77.87,0.0,0.0,0.0,0.0,16,"Chinese, Bakery Products/Desserts","Sunset Park (East)-Borough Park (West). Type: quiet residential. restaurant density: high; farmers markets: low; community gardens: low; outdoor public art: very low; public plazas: average; variety of cuisines: low. Signature food: Chinese, Bakery Products/Desserts.","A neighborhood with streets packed with restaurants and small food shops. Known for Chinese, Bakery Products/Desserts food."
BK1202,Borough Park,3.76,2,quiet residential,80,1.0,0.0,1.0,0.0,21.27,0.27,0.0,0.27,0.0,16,"Jewish/Kosher, Mexican, Chinese","Borough Park. Type: quiet residential. restaurant density: low; farmers markets: high; community gardens: low; outdoor public art: average; public plazas: average; variety of cuisines: low. Signature food: Jewish/Kosher, Mexican, Chinese.","A quiet residential neighborhood. Known for Jewish/Kosher, Mexican, Chinese food."
BK1203,Kensington,1.62,2,quiet residential,58,0.0,0.0,0.0,0.0,35.73,0.0,0.0,0.0,0.0,25,"Bangladeshi, Mexican, Chinese","Kensington. Type: quiet residential. restaurant density: average; farmers markets: low; community gardens: low; outdoor public art: very low; public plazas: average; variety of cuisines: average. Signature food: Bangladeshi, Mexican, Chinese.","A quiet residential neighborhood. Known for Bangladeshi, Mexican, Chinese food."
BK1204,Mapleton-Midwood (West),2.91,2,quiet residential,35,0.0,0.0,1.0,0.0,12.01,0.0,0.0,0.34,0.0,16,Jewish/Kosher,Mapleton-Midwood (West). Type: quiet residential. restaurant density: very low; farmers markets: low; community gardens: low; outdoor public art: average; public plazas: average; variety of cuisines: low. Signature food: Jewish/Kosher.,"A neighborhood with quiet, mostly residential streets. Known for Jewish/Kosher food."
BK1301,Gravesend (South),2.4,2,quiet residential,17,1.0,0.0,0.0,0.0,7.08,0.42,0.0,0.0,0.0,10,,Gravesend (South). Type: quiet residential. restaurant density: very low; farmers markets: high; community gardens: low; outdoor public art: very low; public plazas: average; variety of cuisines: very low.,"A neighborhood with open-air farmers markets, quiet, mostly residential streets."
BK1302,Coney Island-Sea Gate,4.42,3,mid-density with varied food,101,0.0,3.0,5.0,1.0,22.84,0.0,0.68,1.13,0.23,30,,Coney Island-Sea Gate. Type: mid-density with varied food. restaurant density: average; farmers markets: low; community gardens: high; outdoor public art: high; public plazas: very high; variety of cuisines: high.,"A neighborhood with outdoor sculptures, monuments and public art, busy plazas and public seating among tall office buildings, food from many different cultures."
BK1303,Brighton Beach,1.26,2,quiet residential,59,0.0,0.0,0.0,0.0,46.82,0.0,0.0,0.0,0.0,22,"Russian, Eastern European, Turkish","Brighton Beach. Type: quiet residential. restaurant density: high; farmers markets: low; community gardens: low; outdoor public art: very low; public plazas: average; variety of cuisines: average. Signature food: Russian, Eastern European, Turkish.","A quiet residential neighborhood. Known for Russian, Eastern European, Turkish food. By the ocean with a boardwalk and beach. Large Russian and Ukrainian community."
BK1401,Flatbush,2.23,3,mid-density with varied food,137,0.0,0.0,0.0,0.0,61.38,0.0,0.0,0.0,0.0,25,"Caribbean, Middle Eastern, Mexican","Flatbush. Type: mid-density with varied food. restaurant density: high; farmers markets: low; community gardens: low; outdoor public art: very low; public plazas: average; variety of cuisines: average. Signature food: Caribbean, Middle Eastern, Mexican.","A neighborhood with streets packed with restaurants and small food shops. Known for Caribbean, Middle Eastern, Mexican food."
BK1402,Flatbush (West)-Ditmas Park-Parkville,2.13,3,mid-density with varied food,94,1.0,2.0,0.0,0.0,44.17,0.47,0.94,0.0,0.0,34,"Pakistani, Middle Eastern, Mexican","Flatbush (West)-Ditmas Park-Parkville. Type: mid-density with varied food. restaurant density: high; farmers markets: very high; community gardens: high; outdoor public art: very low; public plazas: average; variety of cuisines: high. Signature food: Pakistani, Middle Eastern, Mexican.","A neighborhood with open-air farmers markets, community gardens run by neighbors, food from many different cultures. Known for Pakistani, Middle Eastern, Mexican food."
BK1403,Midwood,2.99,2,quiet residential,76,0.0,0.0,0.0,0.0,25.39,0.0,0.0,0.0,0.0,16,"Jewish/Kosher, Chinese","Midwood. Type: quiet residential. restaurant density: average; farmers markets: low; community gardens: low; outdoor public art: very low; public plazas: average; variety of cuisines: low. Signature food: Jewish/Kosher, Chinese.","A quiet residential neighborhood. Known for Jewish/Kosher, Chinese food."
BK1501,Gravesend (East)-Homecrest,3.24,3,mid-density with varied food,143,0.0,0.0,3.0,0.0,44.13,0.0,0.0,0.93,0.0,30,"Russian, Jewish/Kosher, Eastern European","Gravesend (East)-Homecrest. Type: mid-density with varied food. restaurant density: high; farmers markets: low; community gardens: low; outdoor public art: high; public plazas: average; variety of cuisines: high. Signature food: Russian, Jewish/Kosher, Eastern European.","A neighborhood with food from many different cultures. Known for Russian, Jewish/Kosher, Eastern European food."
BK1502,Madison,2.54,2,quiet residential,71,0.0,0.0,0.0,0.0,27.91,0.0,0.0,0.0,0.0,24,"Bakery Products/Desserts, Japanese, Chinese","Madison. Type: quiet residential. restaurant density: average; farmers markets: low; community gardens: low; outdoor public art: very low; public plazas: average; variety of cuisines: average. Signature food: Bakery Products/Desserts, Japanese, Chinese.","A quiet residential neighborhood. Known for Bakery Products/Desserts, Japanese, Chinese food."
BK1503,Sheepshead Bay-Manhattan Beach-Gerritsen Beach,5.89,3,mid-density with varied food,136,0.0,0.0,3.0,1.0,23.1,0.0,0.0,0.51,0.17,33,"Russian, Eastern European, Turkish","Sheepshead Bay-Manhattan Beach-Gerritsen Beach. Type: mid-density with varied food. restaurant density: average; farmers markets: low; community gardens: low; outdoor public art: average; public plazas: very high; variety of cuisines: high. Signature food: Russian, Eastern European, Turkish.","A neighborhood with busy plazas and public seating among tall office buildings, food from many different cultures. Known for Russian, Eastern European, Turkish food."
BK1601,Ocean Hill,1.87,0,residential with community gardens,39,0.0,11.0,0.0,0.0,20.9,0.0,5.89,0.0,0.0,15,"Caribbean, Mexican, Chinese","Ocean Hill. Type: residential with community gardens. restaurant density: low; farmers markets: low; community gardens: very high; outdoor public art: very low; public plazas: average; variety of cuisines: very low. Signature food: Caribbean, Mexican, Chinese.","A neighborhood with community gardens run by neighbors. Known for Caribbean, Mexican, Chinese food."
BK1602,Brownsville,2.86,0,residential with community gardens,70,2.0,15.0,3.0,0.0,24.47,0.7,5.24,1.05,0.0,18,"Caribbean, Chinese","Brownsville. Type: residential with community gardens. restaurant density: average; farmers markets: very high; community gardens: very high; outdoor public art: high; public plazas: average; variety of cuisines: low. Signature food: Caribbean, Chinese.","A neighborhood with open-air farmers markets, community gardens run by neighbors, outdoor sculptures, monuments and public art. Known for Caribbean, Chinese food."
BK1701,East Flatbush-Erasmus,1.84,1,neighborhood markets and local food,107,1.0,1.0,0.0,0.0,58.25,0.54,0.54,0.0,0.0,25,"Caribbean, Bakery Products/Desserts, Chinese","East Flatbush-Erasmus. Type: neighborhood markets and local food. restaurant density: high; farmers markets: very high; community gardens: high; outdoor public art: very low; public plazas: average; variety of cuisines: average. Signature food: Caribbean, Bakery Products/Desserts, Chinese.","A neighborhood with streets packed with restaurants and small food shops, open-air farmers markets. Known for Caribbean, Bakery Products/Desserts, Chinese food."
BK1702,East Flatbush-Farragut,2.24,2,quiet residential,28,0.0,0.0,0.0,0.0,12.49,0.0,0.0,0.0,0.0,10,Caribbean,East Flatbush-Farragut. Type: quiet residential. restaurant density: low; farmers markets: low; community gardens: low; outdoor public art: very low; public plazas: average; variety of cuisines: very low. Signature food: Caribbean.,"A neighborhood with quiet, mostly residential streets. Known for Caribbean food."
BK1703,East Flatbush-Rugby,2.53,2,quiet residential,78,1.0,0.0,0.0,0.0,30.86,0.4,0.0,0.0,0.0,15,"Caribbean, Chinese","East Flatbush-Rugby. Type: quiet residential. restaurant density: average; farmers markets: high; community gardens: low; outdoor public art: very low; public plazas: average; variety of cuisines: very low. Signature food: Caribbean, Chinese.","A neighborhood with open-air farmers markets. Known for Caribbean, Chinese food."
BK1704,East Flatbush-Remsen Village,1.71,1,neighborhood markets and local food,42,1.0,1.0,0.0,0.0,24.58,0.59,0.59,0.0,0.0,10,"Caribbean, Chinese","East Flatbush-Remsen Village. Type: neighborhood markets and local food. restaurant density: average; farmers markets: very high; community gardens: high; outdoor public art: very low; public plazas: average; variety of cuisines: very low. Signature food: Caribbean, Chinese.","A neighborhood with open-air farmers markets. Known for Caribbean, Chinese food."
BK1801,Flatlands,5.05,2,quiet residential,91,0.0,2.0,1.0,0.0,18.03,0.0,0.4,0.2,0.0,29,"Caribbean, Chinese","Flatlands. Type: quiet residential. restaurant density: low; farmers markets: low; community gardens: average; outdoor public art: low; public plazas: average; variety of cuisines: high. Signature food: Caribbean, Chinese.","A quiet residential neighborhood. Known for Caribbean, Chinese food."
BK1802,Marine Park-Mill Basin-Bergen Beach,5.47,2,quiet residential,88,0.0,0.0,0.0,0.0,16.09,0.0,0.0,0.0,0.0,26,"Bagels/Pretzels, Frozen Desserts, Chinese","Marine Park-Mill Basin-Bergen Beach. Type: quiet residential. restaurant density: low; farmers markets: low; community gardens: low; outdoor public art: very low; public plazas: average; variety of cuisines: high. Signature food: Bagels/Pretzels, Frozen Desserts, Chinese.","A neighborhood with quiet, mostly residential streets. Known for Bagels/Pretzels, Frozen Desserts, Chinese food."
BK1803,Canarsie,6.55,2,quiet residential,86,0.0,2.0,0.0,0.0,13.12,0.0,0.31,0.0,0.0,20,"Caribbean, Chinese","Canarsie. Type: quiet residential. restaurant density: low; farmers markets: low; community gardens: average; outdoor public art: very low; public plazas: average; variety of cuisines: low. Signature food: Caribbean, Chinese.","A neighborhood with quiet, mostly residential streets. Known for Caribbean, Chinese food."
BX0101,Mott Haven-Port Morris,3.81,0,residential with community gardens,124,1.0,8.0,4.0,0.0,32.57,0.26,2.1,1.05,0.0,22,"Mexican, Spanish, Latin American","Mott Haven-Port Morris. Type: residential with community gardens. restaurant density: average; farmers markets: high; community gardens: very high; outdoor public art: high; public plazas: average; variety of cuisines: average. Signature food: Mexican, Spanish, Latin American.","A neighborhood with community gardens run by neighbors, outdoor sculptures, monuments and public art. Known for Mexican, Spanish, Latin American food."
BX0102,Melrose,1.6,5,"green, community-run, lively food",95,1.0,17.0,2.0,1.0,59.2,0.62,10.59,1.25,0.62,22,"Mexican, Latin American, Bakery Products/Desserts","Melrose. Type: green, community-run, lively food. restaurant density: high; farmers markets: very high; community gardens: very high; outdoor public art: high; public plazas: very high; variety of cuisines: average. Signature food: Mexican, Latin American, Bakery Products/Desserts.","A neighborhood with streets packed with restaurants and small food shops, open-air farmers markets, community gardens run by neighbors, outdoor sculptures, monuments and public art, busy plazas and public seating among tall office buildings. Known for Mexican, Latin American, Bakery Products/Desserts food."
BX0201,Hunts Point,4.18,2,quiet residential,40,1.0,1.0,2.0,1.0,9.56,0.24,0.24,0.48,0.24,13,Chinese,Hunts Point. Type: quiet residential. restaurant density: very low; farmers markets: high; community gardens: average; outdoor public art: average; public plazas: very high; variety of cuisines: very low. Signature food: Chinese.,"A neighborhood with busy plazas and public seating among tall office buildings, quiet, mostly residential streets. Known for Chinese food."
BX0202,Longwood,1.43,0,residential with community gardens,71,0.0,7.0,1.0,0.0,49.66,0.0,4.9,0.7,0.0,16,"Spanish, Mexican, Latin American","Longwood. Type: residential with community gardens. restaurant density: high; farmers markets: low; community gardens: very high; outdoor public art: average; public plazas: average; variety of cuisines: low. Signature food: Spanish, Mexican, Latin American.","A neighborhood with community gardens run by neighbors. Known for Spanish, Mexican, Latin American food."
BX0301,Morrisania,1.28,0,residential with community gardens,39,0.0,11.0,0.0,0.0,30.39,0.0,8.57,0.0,0.0,15,"African, Spanish, Chinese","Morrisania. Type: residential with community gardens. restaurant density: average; farmers markets: low; community gardens: very high; outdoor public art: very low; public plazas: average; variety of cuisines: very low. Signature food: African, Spanish, Chinese.","A neighborhood with community gardens run by neighbors. Known for African, Spanish, Chinese food."
BX0302,Claremont Village-Claremont (East),0.93,0,residential with community gardens,17,0.0,2.0,0.0,0.0,18.3,0.0,2.15,0.0,0.0,10,,Claremont Village-Claremont (East). Type: residential with community gardens. restaurant density: low; farmers markets: low; community gardens: very high; outdoor public art: very low; public plazas: average; variety of cuisines: very low.,A neighborhood with community gardens run by neighbors.
BX0303,Crotona Park East,1.48,0,residential with community gardens,23,0.0,7.0,0.0,1.0,15.5,0.0,4.72,0.0,0.67,12,,Crotona Park East. Type: residential with community gardens. restaurant density: low; farmers markets: low; community gardens: very high; outdoor public art: very low; public plazas: very high; variety of cuisines: very low.,"A neighborhood with community gardens run by neighbors, busy plazas and public seating among tall office buildings, quiet, mostly residential streets."
BX0401,Concourse-Concourse Village,2.46,5,"green, community-run, lively food",118,4.0,5.0,13.0,0.0,47.92,1.62,2.03,5.28,0.0,28,"Spanish, Caribbean, Latin American","Concourse-Concourse Village. Type: green, community-run, lively food. restaurant density: high; farmers markets: very high; community gardens: very high; outdoor public art: very high; public plazas: average; variety of cuisines: high. Signature food: Spanish, Caribbean, Latin American.","A neighborhood with open-air farmers markets, community gardens run by neighbors, outdoor sculptures, monuments and public art. Known for Spanish, Caribbean, Latin American food."
BX0402,Highbridge,1.21,0,residential with community gardens,21,0.0,8.0,2.0,0.0,17.32,0.0,6.6,1.65,0.0,10,Chinese,Highbridge. Type: residential with community gardens. restaurant density: low; farmers markets: low; community gardens: very high; outdoor public art: very high; public plazas: average; variety of cuisines: very low. Signature food: Chinese.,"A neighborhood with community gardens run by neighbors, outdoor sculptures, monuments and public art. Known for Chinese food."
BX0403,Mount Eden-Claremont (West),1.26,1,neighborhood markets and local food,67,2.0,4.0,0.0,0.0,53.0,1.58,3.16,0.0,0.0,18,"Spanish, Latin American, Mexican","Mount Eden-Claremont (West). Type: neighborhood markets and local food. restaurant density: high; farmers markets: very high; community gardens: very high; outdoor public art: very low; public plazas: average; variety of cuisines: low. Signature food: Spanish, Latin American, Mexican.","A neighborhood with open-air farmers markets, community gardens run by neighbors. Known for Spanish, Latin American, Mexican food."
BX0501,University Heights (South)-Morris Heights,1.82,2,quiet residential,53,0.0,2.0,0.0,0.0,29.05,0.0,1.1,0.0,0.0,13,"Spanish, Latin American, Chinese","University Heights (South)-Morris Heights. Type: quiet residential. restaurant density: average; farmers markets: low; community gardens: high; outdoor public art: very low; public plazas: average; variety of cuisines: very low. Signature food: Spanish, Latin American, Chinese.","A neighborhood with community gardens run by neighbors. Known for Spanish, Latin American, Chinese food."
BX0502,Mount Hope,1.18,0,residential with community gardens,55,0.0,4.0,0.0,0.0,46.68,0.0,3.4,0.0,0.0,15,"Latin American, Spanish, Chinese","Mount Hope. Type: residential with community gardens. restaurant density: high; farmers markets: low; community gardens: very high; outdoor public art: very low; public plazas: average; variety of cuisines: very low. Signature food: Latin American, Spanish, Chinese.","A neighborhood with community gardens run by neighbors. Known for Latin American, Spanish, Chinese food."
BX0503,Fordham Heights,0.69,0,residential with community gardens,74,0.0,2.0,1.0,0.0,107.94,0.0,2.92,1.46,0.0,21,"Spanish, Latin American, Mexican","Fordham Heights. Type: residential with community gardens. restaurant density: very high; farmers markets: low; community gardens: very high; outdoor public art: high; public plazas: average; variety of cuisines: average. Signature food: Spanish, Latin American, Mexican.","A neighborhood with streets packed with restaurants and small food shops, community gardens run by neighbors, outdoor sculptures, monuments and public art. Known for Spanish, Latin American, Mexican food."
BX0601,West Farms,1.09,0,residential with community gardens,17,0.0,5.0,1.0,0.0,15.64,0.0,4.6,0.92,0.0,11,,West Farms. Type: residential with community gardens. restaurant density: low; farmers markets: low; community gardens: very high; outdoor public art: high; public plazas: average; variety of cuisines: very low.,"A neighborhood with community gardens run by neighbors, quiet, mostly residential streets."
BX0602,Tremont,1.47,0,residential with community gardens,46,1.0,10.0,0.0,0.0,31.28,0.68,6.8,0.0,0.0,12,Latin American,Tremont. Type: residential with community gardens. restaurant density: average; farmers markets: very high; community gardens: very high; outdoor public art: very low; public plazas: average; variety of cuisines: very low. Signature food: Latin American.,"A neighborhood with open-air farmers markets, community gardens run by neighbors. Known for Latin American food."
BX0603,Belmont,1.52,3,mid-density with varied food,134,0.0,1.0,1.0,0.0,87.98,0.0,0.66,0.66,0.0,29,"Italian, Mexican, Bakery Products/Desserts","Belmont. Type: mid-density with varied food. restaurant density: very high; farmers markets: low; community gardens: high; outdoor public art: average; public plazas: average; variety of cuisines: high. Signature food: Italian, Mexican, Bakery Products/Desserts.","A neighborhood with streets packed with restaurants and small food shops. Known for Italian, Mexican, Bakery Products/Desserts food."
BX0701,University Heights (North)-Fordham,1.7,1,neighborhood markets and local food,61,1.0,3.0,0.0,0.0,35.85,0.59,1.76,0.0,0.0,19,"Mexican, Bakery Products/Desserts, Chinese","University Heights (North)-Fordham. Type: neighborhood markets and local food. restaurant density: average; farmers markets: very high; community gardens: very high; outdoor public art: very low; public plazas: average; variety of cuisines: low. Signature food: Mexican, Bakery Products/Desserts, Chinese.","A neighborhood with open-air farmers markets, community gardens run by neighbors. Known for Mexican, Bakery Products/Desserts, Chinese food."
BX0702,Bedford Park,2.28,1,neighborhood markets and local food,56,1.0,2.0,1.0,0.0,24.55,0.44,0.88,0.44,0.0,16,"Spanish, Latin American, Chinese","Bedford Park. Type: neighborhood markets and local food. restaurant density: average; farmers markets: high; community gardens: high; outdoor public art: average; public plazas: average; variety of cuisines: low. Signature food: Spanish, Latin American, Chinese.","A neighborhood with open-air farmers markets, community gardens run by neighbors. Known for Spanish, Latin American, Chinese food."
BX0703,Norwood,1.46,1,neighborhood markets and local food,77,1.0,0.0,3.0,0.0,52.72,0.68,0.0,2.05,0.0,21,"Mexican, Latin American, Chinese","Norwood. Type: neighborhood markets and local food. restaurant density: high; farmers markets: very high; community gardens: low; outdoor public art: very high; public plazas: average; variety of cuisines: average. Signature food: Mexican, Latin American, Chinese.","A neighborhood with open-air farmers markets, outdoor sculptures, monuments and public art. Known for Mexican, Latin American, Chinese food."
BX0801,Kingsbridge Heights-Van Cortlandt Village,1.02,1,neighborhood markets and local food,27,1.0,0.0,1.0,0.0,26.49,0.98,0.0,0.98,0.0,7,"Spanish, Chinese","Kingsbridge Heights-Van Cortlandt Village. Type: neighborhood markets and local food. restaurant density: average; farmers markets: very high; community gardens: low; outdoor public art: high; public plazas: average; variety of cuisines: very low. Signature food: Spanish, Chinese.","A neighborhood with open-air farmers markets. Known for Spanish, Chinese food."
BX0802,Kingsbridge-Marble Hill,1.14,3,mid-density with varied food,72,0.0,1.0,0.0,0.0,62.94,0.0,0.87,0.0,0.0,23,"Latin American, Mexican","Kingsbridge-Marble Hill. Type: mid-density with varied food. restaurant density: high; farmers markets: low; community gardens: high; outdoor public art: very low; public plazas: average; variety of cuisines: average. Signature food: Latin American, Mexican.","A neighborhood with streets packed with restaurants and small food shops. Known for Latin American, Mexican food."
BX0803,Riverdale-Spuyten Duyvil,5.85,2,quiet residential,80,2.0,0.0,6.0,0.0,13.67,0.34,0.0,1.03,0.0,25,Jewish/Kosher,Riverdale-Spuyten Duyvil. Type: quiet residential. restaurant density: low; farmers markets: high; community gardens: low; outdoor public art: high; public plazas: average; variety of cuisines: average. Signature food: Jewish/Kosher.,"A neighborhood with open-air farmers markets, quiet, mostly residential streets. Known for Jewish/Kosher food."
BX0901,Soundview-Bruckner-Bronx River,2.99,2,quiet residential,103,1.0,2.0,0.0,0.0,34.42,0.33,0.67,0.0,0.0,22,"Spanish, Latin American, Mexican","Soundview-Bruckner-Bronx River. Type: quiet residential. restaurant density: average; farmers markets: high; community gardens: high; outdoor public art: very low; public plazas: average; variety of cuisines: average. Signature food: Spanish, Latin American, Mexican.","A neighborhood with open-air farmers markets. Known for Spanish, Latin American, Mexican food."
BX0902,Soundview-Clason Point,2.82,2,quiet residential,17,0.0,2.0,1.0,0.0,6.03,0.0,0.71,0.35,0.0,9,,Soundview-Clason Point. Type: quiet residential. restaurant density: very low; farmers markets: low; community gardens: high; outdoor public art: average; public plazas: average; variety of cuisines: very low.,"A neighborhood with quiet, mostly residential streets."
BX0903,Castle Hill-Unionport,3.06,2,quiet residential,61,0.0,2.0,1.0,0.0,19.96,0.0,0.65,0.33,0.0,24,"Mexican, Chinese","Castle Hill-Unionport. Type: quiet residential. restaurant density: low; farmers markets: low; community gardens: high; outdoor public art: average; public plazas: average; variety of cuisines: average. Signature food: Mexican, Chinese.","A quiet residential neighborhood. Known for Mexican, Chinese food."
BX0904,Parkchester,0.85,3,mid-density with varied food,51,0.0,0.0,0.0,0.0,59.77,0.0,0.0,0.0,0.0,24,"Bangladeshi, Chinese","Parkchester. Type: mid-density with varied food. restaurant density: high; farmers markets: low; community gardens: low; outdoor public art: very low; public plazas: average; variety of cuisines: average. Signature food: Bangladeshi, Chinese.","A neighborhood with streets packed with restaurants and small food shops. Known for Bangladeshi, Chinese food."
BX1001,Westchester Square,1.43,3,mid-density with varied food,53,0.0,1.0,2.0,0.0,37.09,0.0,0.7,1.4,0.0,20,Latin American,Westchester Square. Type: mid-density with varied food. restaurant density: average; farmers markets: low; community gardens: high; outdoor public art: high; public plazas: average; variety of cuisines: low. Signature food: Latin American.,"A neighborhood with outdoor sculptures, monuments and public art. Known for Latin American food."
BX1002,Throgs Neck-Schuylerville,6.18,2,quiet residential,96,0.0,0.0,0.0,0.0,15.54,0.0,0.0,0.0,0.0,24,"Latin American, Mexican, Chinese","Throgs Neck-Schuylerville. Type: quiet residential. restaurant density: low; farmers markets: low; community gardens: low; outdoor public art: very low; public plazas: average; variety of cuisines: average. Signature food: Latin American, Mexican, Chinese.","A neighborhood with quiet, mostly residential streets. Known for Latin American, Mexican, Chinese food."
BX1003,Pelham Bay-Country Club-City Island,3.28,2,quiet residential,69,0.0,0.0,1.0,0.0,21.03,0.0,0.0,0.3,0.0,20,Seafood,Pelham Bay-Country Club-City Island. Type: quiet residential. restaurant density: low; farmers markets: low; community gardens: low; outdoor public art: average; public plazas: average; variety of cuisines: low. Signature food: Seafood.,A quiet residential neighborhood. Known for Seafood food.
BX1004,Co-op City,2.7,2,quiet residential,59,1.0,0.0,0.0,0.0,21.86,0.37,0.0,0.0,0.0,25,Chinese,Co-op City. Type: quiet residential. restaurant density: low; farmers markets: high; community gardens: low; outdoor public art: very low; public plazas: average; variety of cuisines: average. Signature food: Chinese.,A neighborhood with open-air farmers markets. Known for Chinese food.
BX1101,Pelham Parkway-Van Nest,1.45,1,neighborhood markets and local food,60,1.0,0.0,2.0,0.0,41.43,0.69,0.0,1.38,0.0,23,"Middle Eastern, Chinese","Pelham Parkway-Van Nest. Type: neighborhood markets and local food. restaurant density: average; farmers markets: very high; community gardens: low; outdoor public art: high; public plazas: average; variety of cuisines: average. Signature food: Middle Eastern, Chinese.","A neighborhood with open-air farmers markets, outdoor sculptures, monuments and public art. Known for Middle Eastern, Chinese food."
BX1102,Morris Park,2.59,2,quiet residential,58,1.0,0.0,0.0,0.0,22.43,0.39,0.0,0.0,0.0,21,Italian,Morris Park. Type: quiet residential. restaurant density: average; farmers markets: high; community gardens: low; outdoor public art: very low; public plazas: average; variety of cuisines: average. Signature food: Italian.,A neighborhood with open-air farmers markets. Known for Italian food.
BX1103,Pelham Gardens,2.79,2,quiet residential,31,0.0,0.0,0.0,0.0,11.1,0.0,0.0,0.0,0.0,18,,Pelham Gardens. Type: quiet residential. restaurant density: very low; farmers markets: low; community gardens: low; outdoor public art: very low; public plazas: average; variety of cuisines: low.,"A neighborhood with quiet, mostly residential streets."
BX1104,Allerton,1.46,2,quiet residential,53,0.0,0.0,2.0,0.0,36.21,0.0,0.0,1.37,0.0,20,"Mexican, Chinese","Allerton. Type: quiet residential. restaurant density: average; farmers markets: low; community gardens: low; outdoor public art: high; public plazas: average; variety of cuisines: low. Signature food: Mexican, Chinese.","A neighborhood with outdoor sculptures, monuments and public art. Known for Mexican, Chinese food."
BX1201,Williamsbridge-Olinville,3.37,2,quiet residential,62,0.0,1.0,2.0,0.0,18.41,0.0,0.3,0.59,0.0,16,"Caribbean, Chinese","Williamsbridge-Olinville. Type: quiet residential. restaurant density: low; farmers markets: low; community gardens: average; outdoor public art: average; public plazas: average; variety of cuisines: low. Signature food: Caribbean, Chinese.","A quiet residential neighborhood. Known for Caribbean, Chinese food."
BX1202,Eastchester-Edenwald-Baychester,5.24,2,quiet residential,72,0.0,2.0,0.0,0.0,13.74,0.0,0.38,0.0,0.0,15,"Caribbean, Chinese","Eastchester-Edenwald-Baychester. Type: quiet residential. restaurant density: low; farmers markets: low; community gardens: average; outdoor public art: very low; public plazas: average; variety of cuisines: very low. Signature food: Caribbean, Chinese.","A neighborhood with quiet, mostly residential streets. Known for Caribbean, Chinese food."
BX1203,Wakefield-Woodlawn,3.68,2,quiet residential,87,1.0,3.0,1.0,0.0,23.62,0.27,0.81,0.27,0.0,22,"Irish, Caribbean, Latin American","Wakefield-Woodlawn. Type: quiet residential. restaurant density: average; farmers markets: high; community gardens: high; outdoor public art: average; public plazas: average; variety of cuisines: average. Signature food: Irish, Caribbean, Latin American.","A quiet residential neighborhood. Known for Irish, Caribbean, Latin American food."
MN0101,Financial District-Battery Park City,1.79,4,dense downtown with plazas and public art,507,2.0,1.0,15.0,49.0,283.84,1.12,0.56,8.4,27.43,56,"Salads, Bagels/Pretzels, Irish","Financial District-Battery Park City. Type: dense downtown with plazas and public art. restaurant density: very high; farmers markets: very high; community gardens: high; outdoor public art: very high; public plazas: very high; variety of cuisines: very high. Signature food: Salads, Bagels/Pretzels, Irish.","A neighborhood with streets packed with restaurants and small food shops, open-air farmers markets, outdoor sculptures, monuments and public art, busy plazas and public seating among tall office buildings, food from many different cultures. Known for Salads, Bagels/Pretzels, Irish food."
MN0102,Tribeca-Civic Center,1.26,4,dense downtown with plazas and public art,247,2.0,0.0,25.0,8.0,195.8,1.59,0.0,19.82,6.34,47,"New American, French, Indian","Tribeca-Civic Center. Type: dense downtown with plazas and public art. restaurant density: very high; farmers markets: very high; community gardens: low; outdoor public art: very high; public plazas: very high; variety of cuisines: very high. Signature food: New American, French, Indian.","A neighborhood with streets packed with restaurants and small food shops, open-air farmers markets, outdoor sculptures, monuments and public art, busy plazas and public seating among tall office buildings, food from many different cultures. Known for New American, French, Indian food."
MN0201,SoHo-Little Italy-Hudson Square,1.2,4,dense downtown with plazas and public art,467,0.0,0.0,4.0,2.0,389.16,0.0,0.0,3.33,1.67,51,"Italian, French, Southeast Asian","SoHo-Little Italy-Hudson Square. Type: dense downtown with plazas and public art. restaurant density: very high; farmers markets: low; community gardens: low; outdoor public art: very high; public plazas: very high; variety of cuisines: very high. Signature food: Italian, French, Southeast Asian.","A neighborhood with streets packed with restaurants and small food shops, outdoor sculptures, monuments and public art, busy plazas and public seating among tall office buildings, food from many different cultures. Known for Italian, French, Southeast Asian food."
MN0202,Greenwich Village,0.99,4,dense downtown with plazas and public art,414,0.0,1.0,8.0,5.0,420.29,0.0,1.02,8.12,5.08,49,"New American, French, Seafood","Greenwich Village. Type: dense downtown with plazas and public art. restaurant density: very high; farmers markets: low; community gardens: high; outdoor public art: very high; public plazas: very high; variety of cuisines: very high. Signature food: New American, French, Seafood.","A neighborhood with streets packed with restaurants and small food shops, community gardens run by neighbors, outdoor sculptures, monuments and public art, busy plazas and public seating among tall office buildings, food from many different cultures. Known for New American, French, Seafood food."
MN0203,West Village,1.34,4,dense downtown with plazas and public art,458,1.0,1.0,11.0,1.0,341.95,0.75,0.75,8.21,0.75,51,"New American, French, Italian","West Village. Type: dense downtown with plazas and public art. restaurant density: very high; farmers markets: very high; community gardens: high; outdoor public art: very high; public plazas: very high; variety of cuisines: very high. Signature food: New American, French, Italian.","A neighborhood with streets packed with restaurants and small food shops, open-air farmers markets, outdoor sculptures, monuments and public art, busy plazas and public seating among tall office buildings, food from many different cultures. Known for New American, French, Italian food."
MN0301,Chinatown-Two Bridges,1.07,4,dense downtown with plazas and public art,315,1.0,1.0,9.0,0.0,293.78,0.93,0.93,8.39,0.0,39,"Southeast Asian, Chinese, New American","Chinatown-Two Bridges. Type: dense downtown with plazas and public art. restaurant density: very high; farmers markets: very high; community gardens: high; outdoor public art: very high; public plazas: average; variety of cuisines: very high. Signature food: Southeast Asian, Chinese, New American.","A neighborhood with streets packed with restaurants and small food shops, open-air farmers markets, community gardens run by neighbors, outdoor sculptures, monuments and public art, food from many different cultures. Known for Southeast Asian, Chinese, New American food."
MN0302,Lower East Side,1.53,3,mid-density with varied food,362,0.0,4.0,2.0,1.0,236.51,0.0,2.61,1.31,0.65,48,"Australian, New American, Japanese","Lower East Side. Type: mid-density with varied food. restaurant density: very high; farmers markets: low; community gardens: very high; outdoor public art: high; public plazas: very high; variety of cuisines: very high. Signature food: Australian, New American, Japanese.","A neighborhood with streets packed with restaurants and small food shops, community gardens run by neighbors, outdoor sculptures, monuments and public art, busy plazas and public seating among tall office buildings, food from many different cultures. Known for Australian, New American, Japanese food."
MN0303,East Village,1.76,5,"green, community-run, lively food",669,1.0,41.0,8.0,1.0,379.4,0.57,23.25,4.54,0.57,62,"Vegetarian, Vegan, Asian/Asian Fusion","East Village. Type: green, community-run, lively food. restaurant density: very high; farmers markets: very high; community gardens: very high; outdoor public art: very high; public plazas: very high; variety of cuisines: very high. Signature food: Vegetarian, Vegan, Asian/Asian Fusion.","A neighborhood with streets packed with restaurants and small food shops, open-air farmers markets, community gardens run by neighbors, outdoor sculptures, monuments and public art, busy plazas and public seating among tall office buildings, food from many different cultures. Known for Vegetarian, Vegan, Asian/Asian Fusion food."
MN0401,Chelsea-Hudson Yards,2.76,3,mid-density with varied food,608,1.0,0.0,3.0,6.0,220.56,0.36,0.0,1.09,2.18,54,"Fusion, Salads, Italian","Chelsea-Hudson Yards. Type: mid-density with varied food. restaurant density: very high; farmers markets: high; community gardens: low; outdoor public art: high; public plazas: very high; variety of cuisines: very high. Signature food: Fusion, Salads, Italian.","A neighborhood with streets packed with restaurants and small food shops, open-air farmers markets, outdoor sculptures, monuments and public art, busy plazas and public seating among tall office buildings, food from many different cultures. Known for Fusion, Salads, Italian food."
MN0402,Hell's Kitchen,1.71,4,dense downtown with plazas and public art,542,1.0,2.0,5.0,7.0,317.37,0.59,1.17,2.93,4.1,54,"Turkish, Irish, Thai","Hell's Kitchen. Type: dense downtown with plazas and public art. restaurant density: very high; farmers markets: very high; community gardens: high; outdoor public art: very high; public plazas: very high; variety of cuisines: very high. Signature food: Turkish, Irish, Thai.","A neighborhood with streets packed with restaurants and small food shops, open-air farmers markets, community gardens run by neighbors, outdoor sculptures, monuments and public art, busy plazas and public seating among tall office buildings, food from many different cultures. Known for Turkish, Irish, Thai food."
MN0501,Midtown South-Flatiron-Union Square,1.38,4,dense downtown with plazas and public art,824,1.0,0.0,21.0,15.0,596.11,0.72,0.0,15.19,10.85,62,"Hotdogs/Pretzels, Korean, Barbecue","Midtown South-Flatiron-Union Square. Type: dense downtown with plazas and public art. restaurant density: very high; farmers markets: very high; community gardens: low; outdoor public art: very high; public plazas: very high; variety of cuisines: very high. Signature food: Hotdogs/Pretzels, Korean, Barbecue.","A neighborhood with streets packed with restaurants and small food shops, open-air farmers markets, outdoor sculptures, monuments and public art, busy plazas and public seating among tall office buildings, food from many different cultures. Known for Hotdogs/Pretzels, Korean, Barbecue food."
MN0502,Midtown-Times Square,2.28,4,dense downtown with plazas and public art,1499,1.0,0.0,17.0,78.0,657.17,0.44,0.0,7.45,34.2,62,"Salads, Steakhouse, Soups/Salads/Sandwiches","Midtown-Times Square. Type: dense downtown with plazas and public art. restaurant density: very high; farmers markets: high; community gardens: low; outdoor public art: very high; public plazas: very high; variety of cuisines: very high. Signature food: Salads, Steakhouse, Soups/Salads/Sandwiches.","A neighborhood with streets packed with restaurants and small food shops, open-air farmers markets, outdoor sculptures, monuments and public art, busy plazas and public seating among tall office buildings, food from many different cultures. Known for Salads, Steakhouse, Soups/Salads/Sandwiches food."
MN0601,Stuyvesant Town-Peter Cooper Village,0.52,1,neighborhood markets and local food,11,1.0,0.0,0.0,0.0,21.24,1.93,0.0,0.0,0.0,8,,Stuyvesant Town-Peter Cooper Village. Type: neighborhood markets and local food. restaurant density: low; farmers markets: very high; community gardens: low; outdoor public art: very low; public plazas: average; variety of cuisines: very low.,A neighborhood with open-air farmers markets.
MN0602,Gramercy,0.7,4,dense downtown with plazas and public art,226,0.0,0.0,3.0,4.0,323.23,0.0,0.0,4.29,5.72,45,"Indian, Irish, Thai","Gramercy. Type: dense downtown with plazas and public art. restaurant density: very high; farmers markets: low; community gardens: low; outdoor public art: very high; public plazas: very high; variety of cuisines: very high. Signature food: Indian, Irish, Thai.","A neighborhood with streets packed with restaurants and small food shops, outdoor sculptures, monuments and public art, busy plazas and public seating among tall office buildings, food from many different cultures. Known for Indian, Irish, Thai food."
MN0603,Murray Hill-Kips Bay,1.47,4,dense downtown with plazas and public art,282,0.0,0.0,6.0,39.0,192.47,0.0,0.0,4.1,26.62,50,"Indian, Irish, Bagels/Pretzels","Murray Hill-Kips Bay. Type: dense downtown with plazas and public art. restaurant density: very high; farmers markets: low; community gardens: low; outdoor public art: very high; public plazas: very high; variety of cuisines: very high. Signature food: Indian, Irish, Bagels/Pretzels.","A neighborhood with streets packed with restaurants and small food shops, outdoor sculptures, monuments and public art, busy plazas and public seating among tall office buildings, food from many different cultures. Known for Indian, Irish, Bagels/Pretzels food."
MN0604,East Midtown-Turtle Bay,1.22,4,dense downtown with plazas and public art,495,1.0,0.0,2.0,50.0,405.53,0.82,0.0,1.64,40.96,53,"Steakhouse, Salads, French","East Midtown-Turtle Bay. Type: dense downtown with plazas and public art. restaurant density: very high; farmers markets: very high; community gardens: low; outdoor public art: very high; public plazas: very high; variety of cuisines: very high. Signature food: Steakhouse, Salads, French.","A neighborhood with streets packed with restaurants and small food shops, open-air farmers markets, outdoor sculptures, monuments and public art, busy plazas and public seating among tall office buildings, food from many different cultures. Known for Steakhouse, Salads, French food."
MN0701,Upper West Side-Lincoln Square,1.47,4,dense downtown with plazas and public art,194,1.0,0.0,9.0,20.0,132.19,0.68,0.0,6.13,13.63,38,"French, Mediterranean, Italian","Upper West Side-Lincoln Square. Type: dense downtown with plazas and public art. restaurant density: very high; farmers markets: very high; community gardens: low; outdoor public art: very high; public plazas: very high; variety of cuisines: very high. Signature food: French, Mediterranean, Italian.","A neighborhood with streets packed with restaurants and small food shops, open-air farmers markets, outdoor sculptures, monuments and public art, busy plazas and public seating among tall office buildings, food from many different cultures. Known for French, Mediterranean, Italian food."
MN0702,Upper West Side (Central),2.36,4,dense downtown with plazas and public art,310,1.0,1.0,10.0,1.0,131.32,0.42,0.42,4.24,0.42,44,"French, Jewish/Kosher, Mediterranean","Upper West Side (Central). Type: dense downtown with plazas and public art. restaurant density: very high; farmers markets: high; community gardens: average; outdoor public art: very high; public plazas: very high; variety of cuisines: very high. Signature food: French, Jewish/Kosher, Mediterranean.","A neighborhood with streets packed with restaurants and small food shops, open-air farmers markets, outdoor sculptures, monuments and public art, busy plazas and public seating among tall office buildings, food from many different cultures. Known for French, Jewish/Kosher, Mediterranean food."
MN0703,Upper West Side-Manhattan Valley,1.23,5,"green, community-run, lively food",134,1.0,3.0,6.0,0.0,109.27,0.82,2.45,4.89,0.0,34,"Indian, Mediterranean, Japanese","Upper West Side-Manhattan Valley. Type: green, community-run, lively food. restaurant density: very high; farmers markets: very high; community gardens: very high; outdoor public art: very high; public plazas: average; variety of cuisines: high. Signature food: Indian, Mediterranean, Japanese.","A neighborhood with streets packed with restaurants and small food shops, open-air farmers markets, community gardens run by neighbors, outdoor sculptures, monuments and public art, food from many different cultures. Known for Indian, Mediterranean, Japanese food."
MN0801,Upper East Side-Lenox Hill-Roosevelt Island,2.0,3,mid-density with varied food,288,0.0,0.0,4.0,26.0,144.18,0.0,0.0,2.0,13.02,47,"Bagels/Pretzels, Italian, Japanese","Upper East Side-Lenox Hill-Roosevelt Island. Type: mid-density with varied food. restaurant density: very high; farmers markets: low; community gardens: low; outdoor public art: very high; public plazas: very high; variety of cuisines: very high. Signature food: Bagels/Pretzels, Italian, Japanese.","A neighborhood with streets packed with restaurants and small food shops, outdoor sculptures, monuments and public art, busy plazas and public seating among tall office buildings, food from many different cultures. Known for Bagels/Pretzels, Italian, Japanese food."
MN0802,Upper East Side-Carnegie Hill,1.86,3,mid-density with varied food,314,0.0,0.0,3.0,19.0,168.44,0.0,0.0,1.61,10.19,38,"French, Sandwiches/Salads/Mixed Buffet, Italian","Upper East Side-Carnegie Hill. Type: mid-density with varied food. restaurant density: very high; farmers markets: low; community gardens: low; outdoor public art: very high; public plazas: very high; variety of cuisines: very high. Signature food: French, Sandwiches/Salads/Mixed Buffet, Italian.","A neighborhood with streets packed with restaurants and small food shops, outdoor sculptures, monuments and public art, busy plazas and public seating among tall office buildings, food from many different cultures. Known for French, Sandwiches/Salads/Mixed Buffet, Italian food."
MN0803,Upper East Side-Yorkville,1.27,1,neighborhood markets and local food,222,2.0,0.0,1.0,30.0,175.13,1.58,0.0,0.79,23.67,37,"Irish, French, Italian","Upper East Side-Yorkville. Type: neighborhood markets and local food. restaurant density: very high; farmers markets: very high; community gardens: low; outdoor public art: high; public plazas: very high; variety of cuisines: very high. Signature food: Irish, French, Italian.","A neighborhood with streets packed with restaurants and small food shops, open-air farmers markets, busy plazas and public seating among tall office buildings, food from many different cultures. Known for Irish, French, Italian food."
MN0901,Morningside Heights,1.48,5,"green, community-run, lively food",111,2.0,4.0,18.0,0.0,75.04,1.35,2.7,12.17,0.0,32,"Italian, Chinese","Morningside Heights. Type: green, community-run, lively food. restaurant density: high; farmers markets: very high; community gardens: very high; outdoor public art: very high; public plazas: average; variety of cuisines: high. Signature food: Italian, Chinese.","A neighborhood with streets packed with restaurants and small food shops, open-air farmers markets, community gardens run by neighbors, outdoor sculptures, monuments and public art, food from many different cultures. Known for Italian, Chinese food."
MN0902,Manhattanville-West Harlem,1.0,1,neighborhood markets and local food,45,1.0,0.0,3.0,1.0,45.12,1.0,0.0,3.01,1.0,21,,Manhattanville-West Harlem. Type: neighborhood markets and local food. restaurant density: high; farmers markets: very high; community gardens: low; outdoor public art: very high; public plazas: very high; variety of cuisines: average.,"A neighborhood with open-air farmers markets, outdoor sculptures, monuments and public art, busy plazas and public seating among tall office buildings."
MN0903,Hamilton Heights-Sugar Hill,1.48,5,"green, community-run, lively food",113,2.0,12.0,5.0,0.0,76.1,1.35,8.08,3.37,0.0,29,"Mexican, Latin American, Chinese","Hamilton Heights-Sugar Hill. Type: green, community-run, lively food. restaurant density: high; farmers markets: very high; community gardens: very high; outdoor public art: very high; public plazas: average; variety of cuisines: high. Signature food: Mexican, Latin American, Chinese.","A neighborhood with streets packed with restaurants and small food shops, open-air farmers markets, community gardens run by neighbors, outdoor sculptures, monuments and public art. Known for Mexican, Latin American, Chinese food."
MN1001,Harlem (South),1.34,5,"green, community-run, lively food",104,2.0,11.0,3.0,0.0,77.6,1.49,8.21,2.24,0.0,33,"African, Chinese","Harlem (South). Type: green, community-run, lively food. restaurant density: high; farmers markets: very high; community gardens: very high; outdoor public art: very high; public plazas: average; variety of cuisines: high. Signature food: African, Chinese.","A neighborhood with streets packed with restaurants and small food shops, open-air farmers markets, community gardens run by neighbors, outdoor sculptures, monuments and public art, food from many different cultures. Known for African, Chinese food."
MN1002,Harlem (North),2.21,5,"green, community-run, lively food",81,2.0,19.0,4.0,0.0,36.64,0.9,8.6,1.81,0.0,23,"Soul Food, Caribbean, Chinese","Harlem (North). Type: green, community-run, lively food. restaurant density: average; farmers markets: very high; community gardens: very high; outdoor public art: very high; public plazas: average; variety of cuisines: average. Signature food: Soul Food, Caribbean, Chinese.","A neighborhood with open-air farmers markets, community gardens run by neighbors, outdoor sculptures, monuments and public art. Known for Soul Food, Caribbean, Chinese food."
MN1101,East Harlem (South),1.55,5,"green, community-run, lively food",132,3.0,11.0,1.0,2.0,85.32,1.94,7.11,0.65,1.29,27,"Thai, Mexican, Bakery Products/Desserts","East Harlem (South). Type: green, community-run, lively food. restaurant density: very high; farmers markets: very high; community gardens: very high; outdoor public art: average; public plazas: very high; variety of cuisines: high. Signature food: Thai, Mexican, Bakery Products/Desserts.","A neighborhood with streets packed with restaurants and small food shops, open-air farmers markets, community gardens run by neighbors, busy plazas and public seating among tall office buildings. Known for Thai, Mexican, Bakery Products/Desserts food."
MN1102,East Harlem (North),2.43,0,residential with community gardens,158,0.0,18.0,6.0,1.0,65.11,0.0,7.42,2.47,0.41,30,"Mexican, Spanish, Latin American","East Harlem (North). Type: residential with community gardens. restaurant density: high; farmers markets: low; community gardens: very high; outdoor public art: very high; public plazas: very high; variety of cuisines: high. Signature food: Mexican, Spanish, Latin American.","A neighborhood with streets packed with restaurants and small food shops, community gardens run by neighbors, outdoor sculptures, monuments and public art, busy plazas and public seating among tall office buildings, food from many different cultures. Known for Mexican, Spanish, Latin American food."
MN1201,Washington Heights (South),1.95,1,neighborhood markets and local food,146,2.0,1.0,6.0,0.0,74.74,1.02,0.51,3.07,0.0,28,"Latin American, Spanish, Thai","Washington Heights (South). Type: neighborhood markets and local food. restaurant density: high; farmers markets: very high; community gardens: high; outdoor public art: very high; public plazas: average; variety of cuisines: high. Signature food: Latin American, Spanish, Thai.","A neighborhood with streets packed with restaurants and small food shops, open-air farmers markets, outdoor sculptures, monuments and public art. Known for Latin American, Spanish, Thai food."
MN1202,Washington Heights (North),2.3,3,mid-density with varied food,167,0.0,1.0,10.0,0.0,72.57,0.0,0.43,4.35,0.0,28,"Spanish, Latin American, Jewish/Kosher","Washington Heights (North). Type: mid-density with varied food. restaurant density: high; farmers markets: low; community gardens: high; outdoor public art: very high; public plazas: average; variety of cuisines: high. Signature food: Spanish, Latin American, Jewish/Kosher.","A neighborhood with streets packed with restaurants and small food shops, outdoor sculptures, monuments and public art. Known for Spanish, Latin American, Jewish/Kosher food."
MN1203,Inwood,1.34,1,neighborhood markets and local food,113,1.0,0.0,1.0,0.0,84.25,0.75,0.0,0.75,0.0,26,"Latin American, Spanish, Mexican","Inwood. Type: neighborhood markets and local food. restaurant density: very high; farmers markets: very high; community gardens: low; outdoor public art: high; public plazas: average; variety of cuisines: high. Signature food: Latin American, Spanish, Mexican.","A neighborhood with streets packed with restaurants and small food shops, open-air farmers markets. Known for Latin American, Spanish, Mexican food."
QN0101,Astoria (North)-Ditmars-Steinway,5.42,3,mid-density with varied food,159,0.0,0.0,4.0,0.0,29.35,0.0,0.0,0.74,0.0,39,"Greek, New American, Frozen Desserts","Astoria (North)-Ditmars-Steinway. Type: mid-density with varied food. restaurant density: average; farmers markets: low; community gardens: low; outdoor public art: high; public plazas: average; variety of cuisines: very high. Signature food: Greek, New American, Frozen Desserts.","A neighborhood with food from many different cultures. Known for Greek, New American, Frozen Desserts food."
QN0102,Old Astoria-Hallets Point,1.03,2,quiet residential,29,0.0,1.0,0.0,0.0,28.14,0.0,0.97,0.0,0.0,12,,Old Astoria-Hallets Point. Type: quiet residential. restaurant density: average; farmers markets: low; community gardens: high; outdoor public art: very low; public plazas: average; variety of cuisines: very low.,A neighborhood with community gardens run by neighbors.
QN0103,Astoria (Central),1.96,3,mid-density with varied food,272,0.0,0.0,5.0,0.0,138.86,0.0,0.0,2.55,0.0,47,"Brazilian, Greek, Peruvian","Astoria (Central). Type: mid-density with varied food. restaurant density: very high; farmers markets: low; community gardens: low; outdoor public art: very high; public plazas: average; variety of cuisines: very high. Signature food: Brazilian, Greek, Peruvian.","A neighborhood with streets packed with restaurants and small food shops, outdoor sculptures, monuments and public art, food from many different cultures. Known for Brazilian, Greek, Peruvian food."
QN0104,Astoria (East)-Woodside (North),2.42,3,mid-density with varied food,213,0.0,0.0,0.0,0.0,88.04,0.0,0.0,0.0,0.0,41,"Middle Eastern, Irish, Mediterranean","Astoria (East)-Woodside (North). Type: mid-density with varied food. restaurant density: very high; farmers markets: low; community gardens: low; outdoor public art: very low; public plazas: average; variety of cuisines: very high. Signature food: Middle Eastern, Irish, Mediterranean.","A neighborhood with streets packed with restaurants and small food shops, food from many different cultures. Known for Middle Eastern, Irish, Mediterranean food."
QN0105,Queensbridge-Ravenswood-Dutch Kills,2.58,3,mid-density with varied food,102,0.0,1.0,1.0,0.0,39.61,0.0,0.39,0.39,0.0,30,"Latin American, Mexican, Chinese","Queensbridge-Ravenswood-Dutch Kills. Type: mid-density with varied food. restaurant density: average; farmers markets: low; community gardens: average; outdoor public art: average; public plazas: average; variety of cuisines: high. Signature food: Latin American, Mexican, Chinese.","A neighborhood with food from many different cultures. Known for Latin American, Mexican, Chinese food."
QN0201,Long Island City-Hunters Point,2.56,3,mid-density with varied food,220,0.0,3.0,4.0,1.0,85.81,0.0,1.17,1.56,0.39,39,"Thai, Japanese, Asian/Asian Fusion","Long Island City-Hunters Point. Type: mid-density with varied food. restaurant density: very high; farmers markets: low; community gardens: high; outdoor public art: high; public plazas: very high; variety of cuisines: very high. Signature food: Thai, Japanese, Asian/Asian Fusion.","A neighborhood with streets packed with restaurants and small food shops, community gardens run by neighbors, outdoor sculptures, monuments and public art, busy plazas and public seating among tall office buildings, food from many different cultures. Known for Thai, Japanese, Asian/Asian Fusion food."
QN0202,Sunnyside,4.43,3,mid-density with varied food,211,0.0,0.0,4.0,0.0,47.61,0.0,0.0,0.9,0.0,39,"Irish, Latin American, Thai","Sunnyside. Type: mid-density with varied food. restaurant density: high; farmers markets: low; community gardens: low; outdoor public art: high; public plazas: average; variety of cuisines: very high. Signature food: Irish, Latin American, Thai.","A neighborhood with food from many different cultures. Known for Irish, Latin American, Thai food."
QN0203,Woodside,3.06,3,mid-density with varied food,141,0.0,0.0,5.0,1.0,46.06,0.0,0.0,1.63,0.33,26,"Filipino, Asian/Asian Fusion, Irish","Woodside. Type: mid-density with varied food. restaurant density: high; farmers markets: low; community gardens: low; outdoor public art: very high; public plazas: very high; variety of cuisines: high. Signature food: Filipino, Asian/Asian Fusion, Irish.","A neighborhood with outdoor sculptures, monuments and public art, busy plazas and public seating among tall office buildings. Known for Filipino, Asian/Asian Fusion, Irish food."
QN0301,Jackson Heights,3.65,3,mid-density with varied food,306,1.0,0.0,0.0,0.0,83.78,0.27,0.0,0.0,0.0,38,"Bangladeshi, Peruvian, Latin American","Jackson Heights. Type: mid-density with varied food. restaurant density: very high; farmers markets: high; community gardens: low; outdoor public art: very low; public plazas: average; variety of cuisines: very high. Signature food: Bangladeshi, Peruvian, Latin American.","A neighborhood with streets packed with restaurants and small food shops, food from many different cultures. Known for Bangladeshi, Peruvian, Latin American food. Very busy evening sidewalks with street vendors. Large South Asian and Latin American communities."
QN0302,East Elmhurst,2.67,2,quiet residential,46,0.0,1.0,0.0,0.0,17.21,0.0,0.37,0.0,0.0,16,Latin American,East Elmhurst. Type: quiet residential. restaurant density: low; farmers markets: low; community gardens: average; outdoor public art: very low; public plazas: average; variety of cuisines: low. Signature food: Latin American.,A quiet residential neighborhood. Known for Latin American food.
QN0303,North Corona,1.3,1,neighborhood markets and local food,104,1.0,2.0,1.0,0.0,80.18,0.77,1.54,0.77,0.0,20,"Latin American, Spanish, Mexican","North Corona. Type: neighborhood markets and local food. restaurant density: very high; farmers markets: very high; community gardens: high; outdoor public art: high; public plazas: average; variety of cuisines: low. Signature food: Latin American, Spanish, Mexican.","A neighborhood with streets packed with restaurants and small food shops, open-air farmers markets, community gardens run by neighbors. Known for Latin American, Spanish, Mexican food."
QN0401,Elmhurst,3.91,3,mid-density with varied food,339,1.0,0.0,0.0,0.0,86.67,0.26,0.0,0.0,0.0,42,"Peruvian, Southeast Asian, Thai","Elmhurst. Type: mid-density with varied food. restaurant density: very high; farmers markets: high; community gardens: low; outdoor public art: very low; public plazas: average; variety of cuisines: very high. Signature food: Peruvian, Southeast Asian, Thai.","A neighborhood with streets packed with restaurants and small food shops, food from many different cultures. Known for Peruvian, Southeast Asian, Thai food."
QN0402,Corona,2.23,3,mid-density with varied food,135,0.0,3.0,4.0,0.0,60.48,0.0,1.34,1.79,0.0,23,"Peruvian, Latin American, Mexican","Corona. Type: mid-density with varied food. restaurant density: high; farmers markets: low; community gardens: high; outdoor public art: very high; public plazas: average; variety of cuisines: average. Signature food: Peruvian, Latin American, Mexican.","A neighborhood with streets packed with restaurants and small food shops, community gardens run by neighbors, outdoor sculptures, monuments and public art. Known for Peruvian, Latin American, Mexican food."
QN0501,Maspeth,5.42,2,quiet residential,95,0.0,0.0,1.0,0.0,17.54,0.0,0.0,0.18,0.0,23,"Latin American, Bakery Products/Desserts, Japanese","Maspeth. Type: quiet residential. restaurant density: low; farmers markets: low; community gardens: low; outdoor public art: low; public plazas: average; variety of cuisines: average. Signature food: Latin American, Bakery Products/Desserts, Japanese.","A quiet residential neighborhood. Known for Latin American, Bakery Products/Desserts, Japanese food."
QN0502,Ridgewood,3.95,3,mid-density with varied food,253,0.0,1.0,1.0,0.0,64.0,0.0,0.25,0.25,0.0,38,"Latin American, Mexican, Frozen Desserts","Ridgewood. Type: mid-density with varied food. restaurant density: high; farmers markets: low; community gardens: average; outdoor public art: average; public plazas: average; variety of cuisines: very high. Signature food: Latin American, Mexican, Frozen Desserts.","A neighborhood with streets packed with restaurants and small food shops, food from many different cultures. Known for Latin American, Mexican, Frozen Desserts food."
QN0503,Glendale,2.79,2,quiet residential,57,0.0,0.0,2.0,0.0,20.45,0.0,0.0,0.72,0.0,23,Chinese,Glendale. Type: quiet residential. restaurant density: low; farmers markets: low; community gardens: low; outdoor public art: average; public plazas: average; variety of cuisines: average. Signature food: Chinese.,A quiet residential neighborhood. Known for Chinese food.
QN0504,Middle Village,3.25,2,quiet residential,46,0.0,0.0,1.0,0.0,14.17,0.0,0.0,0.31,0.0,22,,Middle Village. Type: quiet residential. restaurant density: low; farmers markets: low; community gardens: low; outdoor public art: average; public plazas: average; variety of cuisines: average.,"A neighborhood with quiet, mostly residential streets."
QN0601,Rego Park,1.88,2,quiet residential,66,0.0,0.0,0.0,1.0,35.18,0.0,0.0,0.0,0.53,27,Jewish/Kosher,Rego Park. Type: quiet residential. restaurant density: average; farmers markets: low; community gardens: low; outdoor public art: very low; public plazas: very high; variety of cuisines: high. Signature food: Jewish/Kosher.,A neighborhood with busy plazas and public seating among tall office buildings. Known for Jewish/Kosher food.
QN0602,Forest Hills,5.38,3,mid-density with varied food,218,1.0,1.0,1.0,0.0,40.49,0.19,0.19,0.19,0.0,43,"Jewish/Kosher, Peruvian, Japanese","Forest Hills. Type: mid-density with varied food. restaurant density: average; farmers markets: high; community gardens: average; outdoor public art: low; public plazas: average; variety of cuisines: very high. Signature food: Jewish/Kosher, Peruvian, Japanese.","A neighborhood with food from many different cultures. Known for Jewish/Kosher, Peruvian, Japanese food."
QN0701,College Point,6.2,2,quiet residential,64,0.0,0.0,2.0,0.0,10.33,0.0,0.0,0.32,0.0,21,"Latin American, Chinese","College Point. Type: quiet residential. restaurant density: very low; farmers markets: low; community gardens: low; outdoor public art: average; public plazas: average; variety of cuisines: average. Signature food: Latin American, Chinese.","A neighborhood with quiet, mostly residential streets. Known for Latin American, Chinese food."
QN0702,Whitestone-Beechhurst,4.89,2,quiet residential,46,0.0,0.0,0.0,0.0,9.41,0.0,0.0,0.0,0.0,19,Italian,Whitestone-Beechhurst. Type: quiet residential. restaurant density: very low; farmers markets: low; community gardens: low; outdoor public art: very low; public plazas: average; variety of cuisines: low. Signature food: Italian.,"A neighborhood with quiet, mostly residential streets. Known for Italian food."
QN0703,Bay Terrace-Clearview,3.65,2,quiet residential,43,0.0,0.0,0.0,0.0,11.77,0.0,0.0,0.0,0.0,22,Chinese,Bay Terrace-Clearview. Type: quiet residential. restaurant density: very low; farmers markets: low; community gardens: low; outdoor public art: very low; public plazas: average; variety of cuisines: average. Signature food: Chinese.,"A neighborhood with quiet, mostly residential streets. Known for Chinese food."
QN0704,Murray Hill-Broadway Flushing,5.24,2,quiet residential,197,0.0,0.0,2.0,0.0,37.56,0.0,0.0,0.38,0.0,24,"Korean, Asian/Asian Fusion, Bakery Products/Desserts","Murray Hill-Broadway Flushing. Type: quiet residential. restaurant density: average; farmers markets: low; community gardens: low; outdoor public art: average; public plazas: average; variety of cuisines: average. Signature food: Korean, Asian/Asian Fusion, Bakery Products/Desserts.","A quiet residential neighborhood. Known for Korean, Asian/Asian Fusion, Bakery Products/Desserts food."
QN0705,East Flushing,2.94,2,quiet residential,51,0.0,0.0,0.0,0.0,17.34,0.0,0.0,0.0,0.0,17,"Korean, Chinese, Bakery Products/Desserts","East Flushing. Type: quiet residential. restaurant density: low; farmers markets: low; community gardens: low; outdoor public art: very low; public plazas: average; variety of cuisines: low. Signature food: Korean, Chinese, Bakery Products/Desserts.","A quiet residential neighborhood. Known for Korean, Chinese, Bakery Products/Desserts food."
QN0706,Queensboro Hill,2.46,2,quiet residential,30,0.0,1.0,0.0,0.0,12.22,0.0,0.41,0.0,0.0,11,Chinese,Queensboro Hill. Type: quiet residential. restaurant density: very low; farmers markets: low; community gardens: average; outdoor public art: very low; public plazas: average; variety of cuisines: very low. Signature food: Chinese.,"A neighborhood with quiet, mostly residential streets. Known for Chinese food."
QN0707,Flushing-Willets Point,3.58,3,mid-density with varied food,508,1.0,0.0,6.0,1.0,141.9,0.28,0.0,1.68,0.28,35,"Chinese, Korean, Bakery Products/Desserts","Flushing-Willets Point. Type: mid-density with varied food. restaurant density: very high; farmers markets: high; community gardens: low; outdoor public art: very high; public plazas: very high; variety of cuisines: high. Signature food: Chinese, Korean, Bakery Products/Desserts.","A neighborhood with streets packed with restaurants and small food shops, open-air farmers markets, outdoor sculptures, monuments and public art, busy plazas and public seating among tall office buildings, food from many different cultures. Known for Chinese, Korean, Bakery Products/Desserts food."
QN0801,Kew Gardens Hills,3.19,2,quiet residential,44,0.0,0.0,2.0,0.0,13.81,0.0,0.0,0.63,0.0,15,Jewish/Kosher,Kew Gardens Hills. Type: quiet residential. restaurant density: low; farmers markets: low; community gardens: low; outdoor public art: average; public plazas: average; variety of cuisines: very low. Signature food: Jewish/Kosher.,"A neighborhood with quiet, mostly residential streets. Known for Jewish/Kosher food."
QN0802,Pomonok-Electchester-Hillcrest,3.44,2,quiet residential,41,1.0,0.0,2.0,0.0,11.94,0.29,0.0,0.58,0.0,21,,Pomonok-Electchester-Hillcrest. Type: quiet residential. restaurant density: very low; farmers markets: high; community gardens: low; outdoor public art: average; public plazas: average; variety of cuisines: average.,"A neighborhood with open-air farmers markets, quiet, mostly residential streets."
QN0803,Fresh Meadows-Utopia,3.08,2,quiet residential,59,0.0,0.0,0.0,0.0,19.13,0.0,0.0,0.0,0.0,24,Jewish/Kosher,Fresh Meadows-Utopia. Type: quiet residential. restaurant density: low; farmers markets: low; community gardens: low; outdoor public art: very low; public plazas: average; variety of cuisines: average. Signature food: Jewish/Kosher.,A quiet residential neighborhood. Known for Jewish/Kosher food.
QN0804,Jamaica Estates-Holliswood,3.66,2,quiet residential,39,0.0,0.0,3.0,0.0,10.65,0.0,0.0,0.82,0.0,22,,Jamaica Estates-Holliswood. Type: quiet residential. restaurant density: very low; farmers markets: low; community gardens: low; outdoor public art: high; public plazas: average; variety of cuisines: average.,"A neighborhood with quiet, mostly residential streets."
QN0805,Jamaica Hills-Briarwood,2.57,2,quiet residential,42,0.0,0.0,3.0,0.0,16.35,0.0,0.0,1.17,0.0,19,Bangladeshi,Jamaica Hills-Briarwood. Type: quiet residential. restaurant density: low; farmers markets: low; community gardens: low; outdoor public art: high; public plazas: average; variety of cuisines: low. Signature food: Bangladeshi.,"A neighborhood with outdoor sculptures, monuments and public art, quiet, mostly residential streets. Known for Bangladeshi food."
QN0901,Kew Gardens,1.88,2,quiet residential,46,0.0,0.0,3.0,0.0,24.41,0.0,0.0,1.59,0.0,18,Chinese,Kew Gardens. Type: quiet residential. restaurant density: average; farmers markets: low; community gardens: low; outdoor public art: high; public plazas: average; variety of cuisines: low. Signature food: Chinese.,"A neighborhood with outdoor sculptures, monuments and public art. Known for Chinese food."
QN0902,Richmond Hill,2.81,2,quiet residential,89,1.0,0.0,0.0,0.0,31.65,0.36,0.0,0.0,0.0,18,"Indian, Spanish, Latin American","Richmond Hill. Type: quiet residential. restaurant density: average; farmers markets: high; community gardens: low; outdoor public art: very low; public plazas: average; variety of cuisines: low. Signature food: Indian, Spanish, Latin American.","A neighborhood with open-air farmers markets. Known for Indian, Spanish, Latin American food."
QN0903,South Richmond Hill,1.47,2,quiet residential,35,0.0,0.0,1.0,0.0,23.77,0.0,0.0,0.68,0.0,8,"Indian, Caribbean","South Richmond Hill. Type: quiet residential. restaurant density: average; farmers markets: low; community gardens: low; outdoor public art: average; public plazas: average; variety of cuisines: very low. Signature food: Indian, Caribbean.","A quiet residential neighborhood. Known for Indian, Caribbean food."
QN0904,Ozone Park (North),1.68,2,quiet residential,35,0.0,0.0,0.0,0.0,20.83,0.0,0.0,0.0,0.0,18,Chinese,Ozone Park (North). Type: quiet residential. restaurant density: low; farmers markets: low; community gardens: low; outdoor public art: very low; public plazas: average; variety of cuisines: low. Signature food: Chinese.,A quiet residential neighborhood. Known for Chinese food.
QN0905,Woodhaven,2.2,2,quiet residential,72,0.0,0.0,0.0,0.0,32.66,0.0,0.0,0.0,0.0,20,"Spanish, Latin American, Mexican","Woodhaven. Type: quiet residential. restaurant density: average; farmers markets: low; community gardens: low; outdoor public art: very low; public plazas: average; variety of cuisines: low. Signature food: Spanish, Latin American, Mexican.","A quiet residential neighborhood. Known for Spanish, Latin American, Mexican food."
QN1001,South Ozone Park,7.6,2,quiet residential,174,0.0,0.0,3.0,0.0,22.89,0.0,0.0,0.39,0.0,30,"Caribbean, Indian, Chinese","South Ozone Park. Type: quiet residential. restaurant density: average; farmers markets: low; community gardens: low; outdoor public art: average; public plazas: average; variety of cuisines: high. Signature food: Caribbean, Indian, Chinese.","A neighborhood with food from many different cultures. Known for Caribbean, Indian, Chinese food."
QN1002,Ozone Park,2.33,2,quiet residential,51,0.0,0.0,1.0,0.0,21.86,0.0,0.0,0.43,0.0,20,Chinese,Ozone Park. Type: quiet residential. restaurant density: low; farmers markets: low; community gardens: low; outdoor public art: average; public plazas: average; variety of cuisines: low. Signature food: Chinese.,A quiet residential neighborhood. Known for Chinese food.
QN1003,Howard Beach-Lindenwood,4.89,2,quiet residential,59,0.0,0.0,0.0,0.0,12.07,0.0,0.0,0.0,0.0,20,"Italian, Chinese","Howard Beach-Lindenwood. Type: quiet residential. restaurant density: very low; farmers markets: low; community gardens: low; outdoor public art: very low; public plazas: average; variety of cuisines: low. Signature food: Italian, Chinese.","A neighborhood with quiet, mostly residential streets. Known for Italian, Chinese food."
QN1101,Auburndale,5.15,2,quiet residential,73,0.0,0.0,0.0,0.0,14.17,0.0,0.0,0.0,0.0,24,"Korean, Chinese","Auburndale. Type: quiet residential. restaurant density: low; farmers markets: low; community gardens: low; outdoor public art: very low; public plazas: average; variety of cuisines: average. Signature food: Korean, Chinese.","A neighborhood with quiet, mostly residential streets. Known for Korean, Chinese food."
QN1102,Bayside,6.54,3,mid-density with varied food,145,0.0,0.0,2.0,0.0,22.17,0.0,0.0,0.31,0.0,37,"Korean, Asian/Asian Fusion, Chinese","Bayside. Type: mid-density with varied food. restaurant density: average; farmers markets: low; community gardens: low; outdoor public art: average; public plazas: average; variety of cuisines: very high. Signature food: Korean, Asian/Asian Fusion, Chinese.","A neighborhood with food from many different cultures. Known for Korean, Asian/Asian Fusion, Chinese food."
QN1103,Douglaston-Little Neck,6.33,2,quiet residential,67,0.0,1.0,0.0,0.0,10.58,0.0,0.16,0.0,0.0,22,"Korean, Chinese, Japanese","Douglaston-Little Neck. Type: quiet residential. restaurant density: very low; farmers markets: low; community gardens: average; outdoor public art: very low; public plazas: average; variety of cuisines: average. Signature food: Korean, Chinese, Japanese.","A neighborhood with quiet, mostly residential streets. Known for Korean, Chinese, Japanese food."
QN1104,Oakland Gardens-Hollis Hills,3.68,2,quiet residential,42,0.0,0.0,1.0,0.0,11.41,0.0,0.0,0.27,0.0,20,Chinese,Oakland Gardens-Hollis Hills. Type: quiet residential. restaurant density: very low; farmers markets: low; community gardens: low; outdoor public art: average; public plazas: average; variety of cuisines: low. Signature food: Chinese.,"A neighborhood with quiet, mostly residential streets. Known for Chinese food."
QN1201,Jamaica,4.35,3,mid-density with varied food,222,0.0,1.0,3.0,0.0,51.03,0.0,0.23,0.69,0.0,33,"Bangladeshi, Spanish, Caribbean","Jamaica. Type: mid-density with varied food. restaurant density: high; farmers markets: low; community gardens: average; outdoor public art: average; public plazas: average; variety of cuisines: high. Signature food: Bangladeshi, Spanish, Caribbean.","A neighborhood with food from many different cultures. Known for Bangladeshi, Spanish, Caribbean food."
QN1202,South Jamaica,3.52,2,quiet residential,28,0.0,6.0,0.0,0.0,7.96,0.0,1.71,0.0,0.0,10,"Caribbean, Chinese","South Jamaica. Type: quiet residential. restaurant density: very low; farmers markets: low; community gardens: high; outdoor public art: very low; public plazas: average; variety of cuisines: very low. Signature food: Caribbean, Chinese.","A neighborhood with community gardens run by neighbors, quiet, mostly residential streets. Known for Caribbean, Chinese food."
QN1203,Baisley Park,4.45,2,quiet residential,57,0.0,4.0,1.0,0.0,12.8,0.0,0.9,0.22,0.0,21,"Caribbean, Chinese","Baisley Park. Type: quiet residential. restaurant density: low; farmers markets: low; community gardens: high; outdoor public art: average; public plazas: average; variety of cuisines: average. Signature food: Caribbean, Chinese.","A neighborhood with community gardens run by neighbors, quiet, mostly residential streets. Known for Caribbean, Chinese food."
QN1204,Springfield Gardens (North)-Rochdale Village,3.2,2,quiet residential,23,0.0,0.0,0.0,0.0,7.18,0.0,0.0,0.0,0.0,11,Caribbean,Springfield Gardens (North)-Rochdale Village. Type: quiet residential. restaurant density: very low; farmers markets: low; community gardens: low; outdoor public art: very low; public plazas: average; variety of cuisines: very low. Signature food: Caribbean.,"A neighborhood with quiet, mostly residential streets. Known for Caribbean food."
QN1205,St. Albans,6.9,2,quiet residential,61,0.0,2.0,0.0,0.0,8.84,0.0,0.29,0.0,0.0,20,"Caribbean, Chinese","St. Albans. Type: quiet residential. restaurant density: very low; farmers markets: low; community gardens: average; outdoor public art: very low; public plazas: average; variety of cuisines: low. Signature food: Caribbean, Chinese.","A neighborhood with quiet, mostly residential streets. Known for Caribbean, Chinese food."
QN1206,Hollis,2.27,2,quiet residential,39,0.0,0.0,0.0,0.0,17.16,0.0,0.0,0.0,0.0,14,"Caribbean, Chinese","Hollis. Type: quiet residential. restaurant density: low; farmers markets: low; community gardens: low; outdoor public art: very low; public plazas: average; variety of cuisines: very low. Signature food: Caribbean, Chinese.","A neighborhood with quiet, mostly residential streets. Known for Caribbean, Chinese food."
QN1301,Glen Oaks-Floral Park-New Hyde Park,4.22,2,quiet residential,53,0.0,0.0,0.0,0.0,12.56,0.0,0.0,0.0,0.0,27,Indian,Glen Oaks-Floral Park-New Hyde Park. Type: quiet residential. restaurant density: low; farmers markets: low; community gardens: low; outdoor public art: very low; public plazas: average; variety of cuisines: high. Signature food: Indian.,"A neighborhood with quiet, mostly residential streets. Known for Indian food."
QN1302,Bellerose,5.14,2,quiet residential,32,1.0,0.0,1.0,0.0,6.23,0.19,0.0,0.19,0.0,18,,Bellerose. Type: quiet residential. restaurant density: very low; farmers markets: high; community gardens: low; outdoor public art: low; public plazas: average; variety of cuisines: low.,"A neighborhood with quiet, mostly residential streets."
QN1303,Queens Village,6.47,2,quiet residential,66,0.0,0.0,2.0,0.0,10.2,0.0,0.0,0.31,0.0,19,"Caribbean, Chinese","Queens Village. Type: quiet residential. restaurant density: very low; farmers markets: low; community gardens: low; outdoor public art: average; public plazas: average; variety of cuisines: low. Signature food: Caribbean, Chinese.","A neighborhood with quiet, mostly residential streets. Known for Caribbean, Chinese food."
QN1304,Cambria Heights,3.07,2,quiet residential,19,0.0,1.0,0.0,0.0,6.18,0.0,0.33,0.0,0.0,11,Caribbean,Cambria Heights. Type: quiet residential. restaurant density: very low; farmers markets: low; community gardens: average; outdoor public art: very low; public plazas: average; variety of cuisines: very low. Signature food: Caribbean.,"A neighborhood with quiet, mostly residential streets. Known for Caribbean food."
QN1305,Laurelton,3.7,2,quiet residential,38,0.0,0.0,0.0,0.0,10.27,0.0,0.0,0.0,0.0,12,Caribbean,Laurelton. Type: quiet residential. restaurant density: very low; farmers markets: low; community gardens: low; outdoor public art: very low; public plazas: average; variety of cuisines: very low. Signature food: Caribbean.,"A neighborhood with quiet, mostly residential streets. Known for Caribbean food."
QN1306,Springfield Gardens (South)-Brookville,5.34,2,quiet residential,24,0.0,1.0,0.0,0.0,4.5,0.0,0.19,0.0,0.0,9,"Caribbean, Chinese","Springfield Gardens (South)-Brookville. Type: quiet residential. restaurant density: very low; farmers markets: low; community gardens: average; outdoor public art: very low; public plazas: average; variety of cuisines: very low. Signature food: Caribbean, Chinese.","A neighborhood with quiet, mostly residential streets. Known for Caribbean, Chinese food."
QN1307,Rosedale,4.39,2,quiet residential,34,0.0,0.0,0.0,0.0,7.75,0.0,0.0,0.0,0.0,14,Caribbean,Rosedale. Type: quiet residential. restaurant density: very low; farmers markets: low; community gardens: low; outdoor public art: very low; public plazas: average; variety of cuisines: very low. Signature food: Caribbean.,"A neighborhood with quiet, mostly residential streets. Known for Caribbean food."
QN1401,Far Rockaway-Bayswater,5.62,2,quiet residential,43,0.0,3.0,0.0,1.0,7.65,0.0,0.53,0.0,0.18,16,"Spanish, Caribbean, Latin American","Far Rockaway-Bayswater. Type: quiet residential. restaurant density: very low; farmers markets: low; community gardens: high; outdoor public art: very low; public plazas: very high; variety of cuisines: low. Signature food: Spanish, Caribbean, Latin American.","A neighborhood with busy plazas and public seating among tall office buildings, quiet, mostly residential streets. Known for Spanish, Caribbean, Latin American food."
QN1402,Rockaway Beach-Arverne-Edgemere,4.69,2,quiet residential,47,2.0,6.0,4.0,0.0,10.02,0.43,1.28,0.85,0.0,18,Chinese,Rockaway Beach-Arverne-Edgemere. Type: quiet residential. restaurant density: very low; farmers markets: high; community gardens: high; outdoor public art: high; public plazas: average; variety of cuisines: low. Signature food: Chinese.,"A neighborhood with open-air farmers markets, community gardens run by neighbors, quiet, mostly residential streets. Known for Chinese food."
QN1403,Breezy Point-Belle Harbor-Rockaway Park-Broad Channel,6.43,2,quiet residential,48,0.0,0.0,5.0,0.0,7.46,0.0,0.0,0.78,0.0,19,,Breezy Point-Belle Harbor-Rockaway Park-Broad Channel. Type: quiet residential. restaurant density: very low; farmers markets: low; community gardens: low; outdoor public art: high; public plazas: average; variety of cuisines: low.,"A neighborhood with quiet, mostly residential streets."
SI0101,St. George-New Brighton,2.46,1,neighborhood markets and local food,57,1.0,2.0,10.0,1.0,23.14,0.41,0.81,4.06,0.41,22,,St. George-New Brighton. Type: neighborhood markets and local food. restaurant density: average; farmers markets: high; community gardens: high; outdoor public art: very high; public plazas: very high; variety of cuisines: average.,"A neighborhood with open-air farmers markets, outdoor sculptures, monuments and public art, busy plazas and public seating among tall office buildings."
SI0102,Tompkinsville-Stapleton-Clifton-Fox Hills,2.25,2,quiet residential,45,0.0,2.0,4.0,0.0,19.98,0.0,0.89,1.78,0.0,21,"Mexican, Chinese","Tompkinsville-Stapleton-Clifton-Fox Hills. Type: quiet residential. restaurant density: low; farmers markets: low; community gardens: high; outdoor public art: very high; public plazas: average; variety of cuisines: average. Signature food: Mexican, Chinese.","A neighborhood with community gardens run by neighbors, outdoor sculptures, monuments and public art. Known for Mexican, Chinese food."
SI0103,Rosebank-Shore Acres-Park Hill,3.27,2,quiet residential,32,0.0,0.0,3.0,0.0,9.77,0.0,0.0,0.92,0.0,16,"Mexican, Chinese","Rosebank-Shore Acres-Park Hill. Type: quiet residential. restaurant density: very low; farmers markets: low; community gardens: low; outdoor public art: high; public plazas: average; variety of cuisines: low. Signature food: Mexican, Chinese.","A neighborhood with quiet, mostly residential streets. Known for Mexican, Chinese food."
SI0104,West New Brighton-Silver Lake-Grymes Hill,7.93,2,quiet residential,62,0.0,1.0,10.0,0.0,7.82,0.0,0.13,1.26,0.0,21,"Italian, Chinese","West New Brighton-Silver Lake-Grymes Hill. Type: quiet residential. restaurant density: very low; farmers markets: low; community gardens: average; outdoor public art: high; public plazas: average; variety of cuisines: average. Signature food: Italian, Chinese.","A neighborhood with outdoor sculptures, monuments and public art, quiet, mostly residential streets. Known for Italian, Chinese food."
SI0105,Westerleigh-Castleton Corners,7.11,2,quiet residential,93,0.0,0.0,5.0,0.0,13.08,0.0,0.0,0.7,0.0,27,"Japanese, Mexican, Bakery Products/Desserts","Westerleigh-Castleton Corners. Type: quiet residential. restaurant density: low; farmers markets: low; community gardens: low; outdoor public art: average; public plazas: average; variety of cuisines: high. Signature food: Japanese, Mexican, Bakery Products/Desserts.","A neighborhood with quiet, mostly residential streets. Known for Japanese, Mexican, Bakery Products/Desserts food."
SI0106,Port Richmond,3.37,2,quiet residential,52,0.0,2.0,5.0,0.0,15.45,0.0,0.59,1.49,0.0,15,"Mexican, Spanish, Chinese","Port Richmond. Type: quiet residential. restaurant density: low; farmers markets: low; community gardens: high; outdoor public art: high; public plazas: average; variety of cuisines: very low. Signature food: Mexican, Spanish, Chinese.","A neighborhood with outdoor sculptures, monuments and public art, quiet, mostly residential streets. Known for Mexican, Spanish, Chinese food."
SI0107,Mariner's Harbor-Arlington-Graniteville,8.3,2,quiet residential,46,0.0,0.0,4.0,0.0,5.54,0.0,0.0,0.48,0.0,25,,Mariner's Harbor-Arlington-Graniteville. Type: quiet residential. restaurant density: very low; farmers markets: low; community gardens: low; outdoor public art: average; public plazas: average; variety of cuisines: average.,"A neighborhood with quiet, mostly residential streets."
SI0201,Grasmere-Arrochar-South Beach-Dongan Hills,7.44,2,quiet residential,67,0.0,1.0,6.0,0.0,9.0,0.0,0.13,0.81,0.0,24,"Italian, Asian/Asian Fusion, Chinese","Grasmere-Arrochar-South Beach-Dongan Hills. Type: quiet residential. restaurant density: very low; farmers markets: low; community gardens: average; outdoor public art: high; public plazas: average; variety of cuisines: average. Signature food: Italian, Asian/Asian Fusion, Chinese.","A neighborhood with quiet, mostly residential streets. Known for Italian, Asian/Asian Fusion, Chinese food."
SI0202,New Dorp-Midland Beach,5.78,2,quiet residential,106,0.0,0.0,2.0,0.0,18.35,0.0,0.0,0.35,0.0,27,"Frozen Desserts, Chinese, Japanese","New Dorp-Midland Beach. Type: quiet residential. restaurant density: low; farmers markets: low; community gardens: low; outdoor public art: average; public plazas: average; variety of cuisines: high. Signature food: Frozen Desserts, Chinese, Japanese.","A quiet residential neighborhood. Known for Frozen Desserts, Chinese, Japanese food."
SI0203,Todt Hill-Emerson Hill-Lighthouse Hill-Manor Heights,17.31,2,quiet residential,38,0.0,0.0,2.0,1.0,2.2,0.0,0.0,0.12,0.06,14,Chinese,Todt Hill-Emerson Hill-Lighthouse Hill-Manor Heights. Type: quiet residential. restaurant density: very low; farmers markets: low; community gardens: low; outdoor public art: low; public plazas: very high; variety of cuisines: very low. Signature food: Chinese.,"A neighborhood with busy plazas and public seating among tall office buildings, quiet, mostly residential streets. Known for Chinese food."
SI0204,New Springville-Willowbrook-Bulls Head-Travis,19.45,2,quiet residential,122,1.0,0.0,1.0,0.0,6.27,0.05,0.0,0.05,0.0,30,"Tex-Mex, Japanese, Chinese","New Springville-Willowbrook-Bulls Head-Travis. Type: quiet residential. restaurant density: very low; farmers markets: high; community gardens: low; outdoor public art: low; public plazas: average; variety of cuisines: high. Signature food: Tex-Mex, Japanese, Chinese.","A neighborhood with food from many different cultures, quiet, mostly residential streets. Known for Tex-Mex, Japanese, Chinese food."
SI0301,Oakwood-Richmondtown,5.2,2,quiet residential,17,0.0,0.0,2.0,0.0,3.27,0.0,0.0,0.38,0.0,12,,Oakwood-Richmondtown. Type: quiet residential. restaurant density: very low; farmers markets: low; community gardens: low; outdoor public art: average; public plazas: average; variety of cuisines: very low.,"A neighborhood with quiet, mostly residential streets."
SI0302,Great Kills-Eltingville,10.85,2,quiet residential,98,0.0,0.0,0.0,0.0,9.04,0.0,0.0,0.0,0.0,23,"Frozen Desserts, Italian, Japanese","Great Kills-Eltingville. Type: quiet residential. restaurant density: very low; farmers markets: low; community gardens: low; outdoor public art: very low; public plazas: average; variety of cuisines: average. Signature food: Frozen Desserts, Italian, Japanese.","A neighborhood with quiet, mostly residential streets. Known for Frozen Desserts, Italian, Japanese food."
SI0303,Arden Heights-Rossville,6.3,2,quiet residential,22,0.0,0.0,1.0,0.0,3.49,0.0,0.0,0.16,0.0,11,,Arden Heights-Rossville. Type: quiet residential. restaurant density: very low; farmers markets: low; community gardens: low; outdoor public art: low; public plazas: average; variety of cuisines: very low.,"A neighborhood with quiet, mostly residential streets."
SI0304,Annadale-Huguenot-Prince's Bay-Woodrow,16.76,2,quiet residential,44,0.0,0.0,4.0,0.0,2.62,0.0,0.0,0.24,0.0,17,Italian,Annadale-Huguenot-Prince's Bay-Woodrow. Type: quiet residential. restaurant density: very low; farmers markets: low; community gardens: low; outdoor public art: average; public plazas: average; variety of cuisines: low. Signature food: Italian.,"A neighborhood with quiet, mostly residential streets. Known for Italian food."
SI0305,Tottenville-Charleston,11.78,2,quiet residential,75,0.0,0.0,0.0,0.0,6.37,0.0,0.0,0.0,0.0,22,"Italian, Bakery Products/Desserts","Tottenville-Charleston. Type: quiet residential. restaurant density: very low; farmers markets: low; community gardens: low; outdoor public art: very low; public plazas: average; variety of cuisines: average. Signature food: Italian, Bakery Products/Desserts.","A neighborhood with quiet, mostly residential streets. Known for Italian, Bakery Products/Desserts food."
