type,name,detail,neighborhood,borough,nta2020,latitude,longitude
farmers_market,Bay Ridge Greenmarket,Saturday,Bay Ridge,Brooklyn,BK1001,40.61781,-74.03338
farmers_market,Fresh Vibes Market at the Bureau of Brooklyn Neighborhood Health,Friday (2nd and 4th),Bedford-Stuyvesant (East),Brooklyn,BK0302,40.685654,-73.941462
farmers_market,Bensonhurst Greenmarket,Sunday,Bensonhurst,Brooklyn,BK1101,40.609588,-73.999677
farmers_market,Boro Park Greenmarket,Thursday,Borough Park,Brooklyn,BK1202,40.633285,-73.990548
farmers_market,Brooklyn Borough Hall Greenmarket,Tusday & Saturday,Brooklyn Heights,Brooklyn,BK0201,40.693722,-73.990455
farmers_market,Isabahlia Farmers Market at ISO Student Farm,Friday & Saturday,Brownsville,Brooklyn,BK1602,40.667554,-73.910207
farmers_market,Isabahlia Farmers Market at Powell Street Garden,Friday & Saturday,Brownsville,Brooklyn,BK1602,40.663532,-73.902236
farmers_market,RiseBoro Farmers Markets at Hope Ballfield,Wednesday,Bushwick (East),Brooklyn,BK0402,40.69768,-73.916366
farmers_market,RiseBoro Farmers Markets at Irving Square Park,Sunday,Bushwick (East),Brooklyn,BK0402,40.693761,-73.909497
farmers_market,RiseBoro Farmers Markets at Maria Hernandez,Saturday,Bushwick (West),Brooklyn,BK0401,40.702811,-73.92539
farmers_market,Carroll Gardens Greenmarket,Sunday,Carroll Gardens-Cobble Hill-Gowanus-Red Hook,Brooklyn,BK0601,40.680761,-73.99552
farmers_market,Red Hook Farm Stand,Saturday,Carroll Gardens-Cobble Hill-Gowanus-Red Hook,Brooklyn,BK0601,40.672524,-74.00871
farmers_market,Harvest Home Brower Park Farm Stand,Thursday,Crown Heights (North),Brooklyn,BK0802,40.674,-73.944544
farmers_market,Fresh Vibes Market at Medgar Evers College,Monday (1st and 3rd),Crown Heights (South),Brooklyn,BK0901,40.666269,-73.956676
farmers_market,Harvest Home Kings County Hospital Farmers Market,Wednesday,East Flatbush-Erasmus,Brooklyn,BK1701,40.6558,-73.943355
farmers_market,Fresh Vibes Market at Brookdale Hospital,Friday (1st and 3rd of each month),East Flatbush-Remsen Village,Brooklyn,BK1704,40.654163,-73.911584
farmers_market,Wyckoff House Museum Farmstand,Saturday,East Flatbush-Rugby,Brooklyn,BK1703,40.64497,-73.920914
farmers_market,East New York Farmers Market,Saturday,East New York-New Lots,Brooklyn,BK0503,40.664602,-73.886803
farmers_market,Cortelyou Greenmarket,Sunday,Flatbush (West)-Ditmas Park-Parkville,Brooklyn,BK1402,40.64051,-73.966021
farmers_market,Fort Greene Greenmarket,Saturday,Fort Greene,Brooklyn,BK0203,40.691457,-73.973421
farmers_market,Harvest Home Coney Island Hospital Farmers Market,Friday,Gravesend (South),Brooklyn,BK1301,40.5867,-73.96615
farmers_market,Down to Earth McGolrick Park Farmers Market,Sunday,Greenpoint,Brooklyn,BK0101,40.724305,-73.944271
farmers_market,Down to Earth Park Slope Farmers Market,Sunday,Park Slope,Brooklyn,BK0602,40.672424,-73.984257
farmers_market,Opp Hub Farmstand,Thursday,Spring Creek-Starrett City,Brooklyn,BK0504,40.647788,-73.881704
farmers_market,4th Ave Sunset Park Greenmarket,Saturday,Sunset Park (Central),Brooklyn,BK0703,40.647975,-74.003744
farmers_market,7th Ave Sunset Park Greenmarket,Saturday,Sunset Park (Central),Brooklyn,BK0703,40.645841,-74.002402
farmers_market,Domino Park Greenmarket,Sunday,Williamsburg,Brooklyn,BK0102,40.714037,-73.967586
farmers_market,McCarren Park Greenmarket,Saturday,Williamsburg,Brooklyn,BK0102,40.719219,-73.952479
garden,462 Halsey Community Farm,,Bedford-Stuyvesant (East),Brooklyn,BK0302,40.683203,-73.935663
garden,A Better Community Garden,,Bedford-Stuyvesant (East),Brooklyn,BK0302,40.678063,-73.928118
garden,Bed-Stuy Farm,,Bedford-Stuyvesant (East),Brooklyn,BK0302,40.681968,-73.92687
garden,Bedford Stuyvesant Community Garden (Lola Bryant Comm. Garden),,Bedford-Stuyvesant (East),Brooklyn,BK0302,40.690426,-73.930283
garden,Central Bainbridge Street Community Garden,,Bedford-Stuyvesant (East),Brooklyn,BK0302,40.68197,-73.925861
garden,Citizens for a Better Community Garden,,Bedford-Stuyvesant (East),Brooklyn,BK0302,40.687841,-73.926698
garden,F.A.R.R. Community Garden,,Bedford-Stuyvesant (East),Brooklyn,BK0302,40.678194,-73.926644
garden,Garden of Angels,,Bedford-Stuyvesant (East),Brooklyn,BK0302,40.69076,-73.92862
garden,Garden of Hope,,Bedford-Stuyvesant (East),Brooklyn,BK0302,40.683441,-73.940104
garden,Garden of Life (Brooklyn),,Bedford-Stuyvesant (East),Brooklyn,BK0302,40.678288,-73.928309
garden,Garden of Plenty,,Bedford-Stuyvesant (East),Brooklyn,BK0302,40.677629,-73.928061
garden,Gates Harvest Garden,,Bedford-Stuyvesant (East),Brooklyn,BK0302,40.689085,-73.927645
garden,Her-King Alagantic Community Garden,,Bedford-Stuyvesant (East),Brooklyn,BK0302,40.679318,-73.939658
garden,John the Baptist Community Garden,,Bedford-Stuyvesant (East),Brooklyn,BK0302,40.69638,-73.935048
garden,Kosciuszko Street Garden and Learning Center,,Bedford-Stuyvesant (East),Brooklyn,BK0302,40.692232,-73.939347
garden,Miraflores Community Garden,,Bedford-Stuyvesant (East),Brooklyn,BK0302,40.697748,-73.936994
garden,New Madison Harvest Community Garden,,Bedford-Stuyvesant (East),Brooklyn,BK0302,40.687786,-73.921873
garden,Patchen Avenue Garden,,Bedford-Stuyvesant (East),Brooklyn,BK0302,40.690732,-73.927322
garden,Patchen Community Square Garden,,Bedford-Stuyvesant (East),Brooklyn,BK0302,40.686483,-73.927071
garden,Patrick Van Doren Pocket Park,,Bedford-Stuyvesant (East),Brooklyn,BK0302,40.689444,-73.930075
garden,Seasons of Vision Garden,,Bedford-Stuyvesant (East),Brooklyn,BK0302,40.678806,-73.927086
garden,Sumpter Street Community Garden,,Bedford-Stuyvesant (East),Brooklyn,BK0302,40.680043,-73.917527
garden,Tranquility Farm,,Bedford-Stuyvesant (East),Brooklyn,BK0302,40.694831,-73.943098
garden,Umoja Garden,,Bedford-Stuyvesant (East),Brooklyn,BK0302,40.687957,-73.919381
garden,Vernon and Throop Community Garden,,Bedford-Stuyvesant (East),Brooklyn,BK0302,40.695198,-73.943094
garden,Welcome Home Garden,,Bedford-Stuyvesant (East),Brooklyn,BK0302,40.68486,-73.925313
garden,100 Quincy Community Garden,,Bedford-Stuyvesant (West),Brooklyn,BK0301,40.685966,-73.957236
garden,All People's Community Garden,,Bedford-Stuyvesant (West),Brooklyn,BK0301,40.694396,-73.945843
garden,American Heart Garden,,Bedford-Stuyvesant (West),Brooklyn,BK0301,40.693177,-73.946688
garden,Cedar Tree Garden,,Bedford-Stuyvesant (West),Brooklyn,BK0301,40.687698,-73.959179
garden,Clifton Place Memorial Garden & Park,,Bedford-Stuyvesant (West),Brooklyn,BK0301,40.6886,-73.954653
garden,Feeding Tree Garden,,Bedford-Stuyvesant (West),Brooklyn,BK0301,40.685966,-73.944714
garden,First Quincy Street Community Garden,,Bedford-Stuyvesant (West),Brooklyn,BK0301,40.687912,-73.944384
garden,Greene Acres Community Garden,,Bedford-Stuyvesant (West),Brooklyn,BK0301,40.687676,-73.957538
garden,Greene Avenue United Neighbors Community Garden,,Bedford-Stuyvesant (West),Brooklyn,BK0301,40.688154,-73.951282
garden,Hancock Community Backyard Garden Park,,Bedford-Stuyvesant (West),Brooklyn,BK0301,40.6831,-73.94309
garden,Hart to Hart Community Garden,,Bedford-Stuyvesant (West),Brooklyn,BK0301,40.693106,-73.947312
garden,Hattie Carthan Community Garden,,Bedford-Stuyvesant (West),Brooklyn,BK0301,40.689338,-73.947992
garden,Hattie Carthan Community Garden,,Bedford-Stuyvesant (West),Brooklyn,BK0301,40.689338,-73.947992
garden,Hattie Carthan Herban Farm,,Bedford-Stuyvesant (West),Brooklyn,BK0301,40.690255,-73.943578
garden,Heaven's Gate Community Garden (Hart Street),,Bedford-Stuyvesant (West),Brooklyn,BK0301,40.693882,-73.944606
garden,Jane Bailey Memorial Garden,,Bedford-Stuyvesant (West),Brooklyn,BK0301,40.687822,-73.958245
garden,Lefferts Place Community Garden,,Bedford-Stuyvesant (West),Brooklyn,BK0301,40.680369,-73.957629
garden,Madison Hill Community Garden,,Bedford-Stuyvesant (West),Brooklyn,BK0301,40.683926,-73.955464
garden,Myrtle Village Green,,Bedford-Stuyvesant (West),Brooklyn,BK0301,40.693553,-73.958743
garden,Red Gate Garden,,Bedford-Stuyvesant (West),Brooklyn,BK0301,40.693747,-73.94919
garden,Shiloh Garden,,Bedford-Stuyvesant (West),Brooklyn,BK0301,40.686284,-73.945247
garden,Stars of Hope Community Garden,,Bedford-Stuyvesant (West),Brooklyn,BK0301,40.684917,-73.950693
garden,T&T Vernon Block Community Garden,,Bedford-Stuyvesant (West),Brooklyn,BK0301,40.694998,-73.943863
garden,Target Brooklyn (Bedford Avenue Block Association),,Bedford-Stuyvesant (West),Brooklyn,BK0301,40.692119,-73.955332
garden,United Herkimer Garden Club,,Bedford-Stuyvesant (West),Brooklyn,BK0301,40.679897,-73.950167
garden,Vernon Cases Community Garden,,Bedford-Stuyvesant (West),Brooklyn,BK0301,40.694263,-73.950271
garden,Whole Neighborhood Garden,,Bedford-Stuyvesant (West),Brooklyn,BK0301,40.689791,-73.954869
garden,Poplar Street Community Garden,,Brooklyn Heights,Brooklyn,BK0201,40.70119,-73.993238
garden,A Patch of Inspiration,,Brownsville,Brooklyn,BK1602,40.658494,-73.900895
garden,Abib Newborn,,Brownsville,Brooklyn,BK1602,40.659555,-73.905929
garden,Amboy Street Garden,,Brownsville,Brooklyn,BK1602,40.665361,-73.913836
garden,Brownsville Community Farm (James McKeather),,Brownsville,Brooklyn,BK1602,40.664153,-73.913899
garden,Fantasy Garden,,Brownsville,Brooklyn,BK1602,40.66432,-73.91688
garden,Fred McLeod Community Garden,,Brownsville,Brooklyn,BK1602,40.669343,-73.916462
garden,Green Valley Garden,,Brownsville,Brooklyn,BK1602,40.658185,-73.901811
garden,ISO Student Farm,,Brownsville,Brooklyn,BK1602,40.667464,-73.910481
garden,Isabahlia Community Garden,,Brownsville,Brooklyn,BK1602,40.665838,-73.916236
garden,It's All About Brownsville,,Brownsville,Brooklyn,BK1602,40.661978,-73.911973
garden,Living Laboratory Community Garden,,Brownsville,Brooklyn,BK1602,40.664269,-73.911271
garden,McLeod Community Garden,,Brownsville,Brooklyn,BK1602,40.672867,-73.905329
garden,Newport Garden,,Brownsville,Brooklyn,BK1602,40.659697,-73.907878
garden,Powell Street Garden,,Brownsville,Brooklyn,BK1602,40.663361,-73.901847
garden,Sunkissed Garden,,Brownsville,Brooklyn,BK1602,40.664735,-73.916623
garden,Aberdeen Street Community Garden,,Bushwick (East),Brooklyn,BK0402,40.683544,-73.905066
garden,Borinquen Community Garden,,Bushwick (East),Brooklyn,BK0402,40.694823,-73.912965
garden,Concerned Citizens of Grove Street Community Garden,,Bushwick (East),Brooklyn,BK0402,40.692199,-73.921479
garden,Contented Hart Garden,,Bushwick (East),Brooklyn,BK0402,40.683606,-73.907171
garden,Cooper Street Block Buster Community Garden,,Bushwick (East),Brooklyn,BK0402,40.684693,-73.910732
garden,Cooper Street Community Garden,,Bushwick (East),Brooklyn,BK0402,40.684199,-73.910509
garden,Decatur Street Community Garden,,Bushwick (East),Brooklyn,BK0402,40.68584,-73.910071
garden,Good Life Garden,,Bushwick (East),Brooklyn,BK0402,40.691237,-73.923676
garden,Granite Street Community Garden,,Bushwick (East),Brooklyn,BK0402,40.68239,-73.907602
garden,Infant Jesus Community Garden,,Bushwick (East),Brooklyn,BK0402,40.68167,-73.905959
garden,Madison Street Community Garden,,Bushwick (East),Brooklyn,BK0402,40.688824,-73.918854
garden,Moffat Street Community Garden,,Bushwick (East),Brooklyn,BK0402,40.683581,-73.910654
garden,The People's Garden,,Bushwick (East),Brooklyn,BK0402,40.69184,-73.925666
garden,Woodbine Street Block Association Garden,,Bushwick (East),Brooklyn,BK0402,40.692512,-73.916401
garden,EL Garden,,Bushwick (West),Brooklyn,BK0401,40.69952,-73.930605
garden,Know Waste Lands,,Bushwick (West),Brooklyn,BK0401,40.697859,-73.925926
garden,La Finca Community Garden,,Bushwick (West),Brooklyn,BK0401,40.703903,-73.930402
garden,Stockholm Street Garden,,Bushwick (West),Brooklyn,BK0401,40.698978,-73.923653
garden,Canarsie Neighborhood Farm and Garden,,Canarsie,Brooklyn,BK1803,40.629839,-73.889006
garden,Ponderosa Garden,,Canarsie,Brooklyn,BK1803,40.649653,-73.897056
garden,Amazing Garden,,Carroll Gardens-Cobble Hill-Gowanus-Red Hook,Brooklyn,BK0601,40.683083,-74.003371
garden,Backyard Garden,,Carroll Gardens-Cobble Hill-Gowanus-Red Hook,Brooklyn,BK0601,40.683223,-74.005585
garden,David Foulke Memorial Garden,,Carroll Gardens-Cobble Hill-Gowanus-Red Hook,Brooklyn,BK0601,40.68409,-73.984341
garden,Dolly's Park,,Carroll Gardens-Cobble Hill-Gowanus-Red Hook,Brooklyn,BK0601,40.678139,-73.986354
garden,Gil Hodges (Carroll Street Garden),,Carroll Gardens-Cobble Hill-Gowanus-Red Hook,Brooklyn,BK0601,40.676273,-73.984765
garden,Human Compass Community Garden,,Carroll Gardens-Cobble Hill-Gowanus-Red Hook,Brooklyn,BK0601,40.684898,-74.002502
garden,Pirate's Cove Garden,,Carroll Gardens-Cobble Hill-Gowanus-Red Hook,Brooklyn,BK0601,40.681387,-74.004193
garden,South Brooklyn Children's Garden,,Carroll Gardens-Cobble Hill-Gowanus-Red Hook,Brooklyn,BK0601,40.685246,-74.002928
garden,Summit Street Community Garden,,Carroll Gardens-Cobble Hill-Gowanus-Red Hook,Brooklyn,BK0601,40.682485,-74.003649
garden,Urban Meadow,,Carroll Gardens-Cobble Hill-Gowanus-Red Hook,Brooklyn,BK0601,40.684467,-74.005286
garden,Brooklyn's Finest Garden,,Clinton Hill,Brooklyn,BK0204,40.681255,-73.961916
garden,Classon / Fulgate Block Association Garden,,Clinton Hill,Brooklyn,BK0204,40.683902,-73.959315
garden,Hollenback Community Garden,,Clinton Hill,Brooklyn,BK0204,40.685148,-73.965606
garden,Santos Community Garden,,Coney Island-Sea Gate,Brooklyn,BK1302,40.576031,-73.988261
garden,Surfside Garden Multi-Cultural Coalition,,Coney Island-Sea Gate,Brooklyn,BK1302,40.573259,-73.994964
garden,West 23rd Street Community Garden,,Coney Island-Sea Gate,Brooklyn,BK1302,40.578638,-73.992451
garden,1100 Bergen Street Community Garden,,Crown Heights (North),Brooklyn,BK0802,40.676293,-73.949232
garden,Eden’s Community Garden,,Crown Heights (North),Brooklyn,BK0802,40.674522,-73.932567
garden,Imani Community Garden (Schenectady),,Crown Heights (North),Brooklyn,BK0802,40.676314,-73.93289
garden,Imani II Community Garden,,Crown Heights (North),Brooklyn,BK0802,40.676512,-73.932987
garden,Mama Dee's Community Garden,,Crown Heights (North),Brooklyn,BK0802,40.675224,-73.953076
garden,Ralph-Lincoln Service Center Garden,,Crown Heights (North),Brooklyn,BK0802,40.669891,-73.923005
garden,St. John's Place Renaissance Garden,,Crown Heights (North),Brooklyn,BK0802,40.66985,-73.923444
garden,Walt L. Shamel Community Garden,,Crown Heights (North),Brooklyn,BK0802,40.677252,-73.953785
garden,Westbrook Memorial Garden,,Crown Heights (North),Brooklyn,BK0802,40.677979,-73.95156
garden,Union Street Garden and Community Development,,Crown Heights (South),Brooklyn,BK0901,40.670346,-73.959247
garden,Chestnut Street Garden,,Cypress Hills,Brooklyn,BK0501,40.687771,-73.87622
garden,Essex Street Community Garden,,Cypress Hills,Brooklyn,BK0501,40.680263,-73.882984
garden,Highland Park Community Garden,,Cypress Hills,Brooklyn,BK0501,40.682589,-73.887645
garden,Bridge Plaza Community Garden,,Downtown Brooklyn-DUMBO-Boerum Hill,Brooklyn,BK0202,40.697619,-73.984785
garden,Vinegar Hill Community Garden,,Downtown Brooklyn-DUMBO-Boerum Hill,Brooklyn,BK0202,40.701516,-73.982638
garden,Rogers/Tilden/Veronica Place Garden,,East Flatbush-Erasmus,Brooklyn,BK1701,40.647004,-73.952508
garden,Howard Garden,,East Flatbush-Remsen Village,Brooklyn,BK1704,40.663584,-73.919339
garden,Artsy Bloom Community Garden,,East New York (North),Brooklyn,BK0502,40.669704,-73.892083
garden,Ashford Learning Garden,,East New York (North),Brooklyn,BK0502,40.674083,-73.884927
garden,Ashford Street Abundant Garden,,East New York (North),Brooklyn,BK0502,40.674367,-73.885496
garden,Big Red Community Garden,,East New York (North),Brooklyn,BK0502,40.668733,-73.889586
garden,CAUSA Festival Garden,,East New York (North),Brooklyn,BK0502,40.668444,-73.889374
garden,Clara's Garden,,East New York (North),Brooklyn,BK0502,40.674403,-73.889029
garden,Cleveland Street Vegetable Garden,,East New York (North),Brooklyn,BK0502,40.674195,-73.884083
garden,Concerned Residents of Barbey Street,,East New York (North),Brooklyn,BK0502,40.674119,-73.887858
garden,ENY Oasis Community Garden,,East New York (North),Brooklyn,BK0502,40.674651,-73.878584
garden,East End Community Garden,,East New York (North),Brooklyn,BK0502,40.673551,-73.890822
garden,Elton Street Community Garden,,East New York (North),Brooklyn,BK0502,40.668635,-73.881836
garden,Escape to Nature,,East New York (North),Brooklyn,BK0502,40.674245,-73.889909
garden,Floral Vineyard,,East New York (North),Brooklyn,BK0502,40.673754,-73.884592
garden,Good Shepherds Community Group,,East New York (North),Brooklyn,BK0502,40.670771,-73.879673
garden,Gregory's Garden,,East New York (North),Brooklyn,BK0502,40.67266,-73.885939
garden,Hendrix Street Block Association Garden,,East New York (North),Brooklyn,BK0502,40.668531,-73.888494
garden,Herbal Garden of East New York,,East New York (North),Brooklyn,BK0502,40.673947,-73.888748
garden,Jerome Gardens,,East New York (North),Brooklyn,BK0502,40.670585,-73.885812
garden,Jerome-Glenmore Cornerstone,,East New York (North),Brooklyn,BK0502,40.674091,-73.887216
garden,Jerry and the Senior Gents of E.N.Y.,,East New York (North),Brooklyn,BK0502,40.672344,-73.888066
garden,Linwood Street Garden,,East New York (North),Brooklyn,BK0502,40.670929,-73.881846
garden,Montauk Atkins Community Garden,,East New York (North),Brooklyn,BK0502,40.673887,-73.87789
garden,Nehemiah 10 Community Garden,,East New York (North),Brooklyn,BK0502,40.66868,-73.886021
garden,New Jersey Avenue Community Garden,,East New York (North),Brooklyn,BK0502,40.667466,-73.894011
garden,Oriental Garden,,East New York (North),Brooklyn,BK0502,40.67383,-73.887151
garden,Paradise Community Garden,,East New York (North),Brooklyn,BK0502,40.674654,-73.884904
garden,Poppa & Momma Jones Historical Garden,,East New York (North),Brooklyn,BK0502,40.671728,-73.890057
garden,Shield of Faith,,East New York (North),Brooklyn,BK0502,40.677552,-73.878503
garden,TLC Sculpture Park Garden,,East New York (North),Brooklyn,BK0502,40.672731,-73.90056
garden,Upon This Rock Community Garden,,East New York (North),Brooklyn,BK0502,40.674543,-73.877838
garden,Warwick Street Greenery Glow Garden,,East New York (North),Brooklyn,BK0502,40.66867,-73.884381
garden,Williams Avenue Community Garden,,East New York (North),Brooklyn,BK0502,40.674257,-73.900623
garden,BACDYS Garden (Bangladeshi American Development and Youth Services),,East New York-City Line,Brooklyn,BK0505,40.678078,-73.863501
garden,Crystal Wells Community Garden,,East New York-City Line,Brooklyn,BK0505,40.678286,-73.874882
garden,Euclid / Pine Street Block Association Garden,,East New York-City Line,Brooklyn,BK0505,40.669714,-73.869726
garden,Euclid 500 Community Garden,,East New York-City Line,Brooklyn,BK0505,40.673888,-73.871686
garden,Green Gems,,East New York-City Line,Brooklyn,BK0505,40.676659,-73.875415
garden,Pink's Paradise Garden of Love - Pink Houses,,East New York-City Line,Brooklyn,BK0505,40.666757,-73.864058
garden,400 Montauk Community Garden,,East New York-New Lots,Brooklyn,BK0503,40.668748,-73.877132
garden,Dumont Garden of Green,,East New York-New Lots,Brooklyn,BK0503,40.666783,-73.891121
garden,ENY Youth Farm,,East New York-New Lots,Brooklyn,BK0503,40.665272,-73.886831
garden,Family Community Garden Brooklyn,,East New York-New Lots,Brooklyn,BK0503,40.66517,-73.881204
garden,Georgia Avenue Community Garden,,East New York-New Lots,Brooklyn,BK0503,40.661005,-73.894443
garden,Hands & Heart (New Lots Urban Farm),,East New York-New Lots,Brooklyn,BK0503,40.66074,-73.895554
garden,Monty's Bradford Street Garden,,East New York-New Lots,Brooklyn,BK0503,40.666041,-73.890784
garden,Positive Seeds of Life Garden,,East New York-New Lots,Brooklyn,BK0503,40.661279,-73.899215
garden,Prophecy Garden,,East New York-New Lots,Brooklyn,BK0503,40.659178,-73.89507
garden,Sheffield Garden,,East New York-New Lots,Brooklyn,BK0503,40.660675,-73.892962
garden,Success Garden - East New York,,East New York-New Lots,Brooklyn,BK0503,40.664694,-73.897501
garden,Victory Garden B5,,East New York-New Lots,Brooklyn,BK0503,40.666576,-73.887549
garden,Nos Cuidamos Community Garden,,East Williamsburg,Brooklyn,BK0104,40.703668,-73.941316
garden,Olive Street Garden,,East Williamsburg,Brooklyn,BK0104,40.713345,-73.939057
garden,Powers Street Garden,,East Williamsburg,Brooklyn,BK0104,40.712747,-73.939674
garden,Red Shed Community Garden,,East Williamsburg,Brooklyn,BK0104,40.716318,-73.940475
garden,Scholes Street Children’s Garden,,East Williamsburg,Brooklyn,BK0104,40.708478,-73.944309
garden,Sunshine Community Garden,,East Williamsburg,Brooklyn,BK0104,40.705291,-73.943969
garden,Newkirk Community Garden,,Flatbush (West)-Ditmas Park-Parkville,Brooklyn,BK1402,40.63224,-73.968353
garden,Q Gardens Community Farm,,Flatbush (West)-Ditmas Park-Parkville,Brooklyn,BK1402,40.649836,-73.963469
garden,Bountiful Bliss Community Garden,,Flatlands,Brooklyn,BK1801,40.628526,-73.934411
garden,Serenity Community Garden,,Flatlands,Brooklyn,BK1801,40.623046,-73.932878
garden,Brooklyn Bears/Carlton Avenue Garden,,Fort Greene,Brooklyn,BK0203,40.685761,-73.971097
garden,Brooklyn Bears/Rockwell Place Garden,,Fort Greene,Brooklyn,BK0203,40.686946,-73.979267
garden,Greene Garden,,Fort Greene,Brooklyn,BK0203,40.689569,-73.975419
garden,MoCADA Ubuntu Garden,,Fort Greene,Brooklyn,BK0203,40.686825,-73.97679
garden,61 Franklin Street Garden,,Greenpoint,Brooklyn,BK0101,40.727543,-73.957459
garden,Java Street Community Garden,,Greenpoint,Brooklyn,BK0101,40.731425,-73.958817
garden,Lentol Garden,,Greenpoint,Brooklyn,BK0101,40.719702,-73.945689
garden,721 Decatur Street Community Garden,,Ocean Hill,Brooklyn,BK1601,40.683677,-73.914086
garden,Betty's Community Garden at Hull Street,,Ocean Hill,Brooklyn,BK1601,40.68014,-73.907681
garden,Farmers Garden,,Ocean Hill,Brooklyn,BK1601,40.674603,-73.918186
garden,Friends of Flowers Community Garden,,Ocean Hill,Brooklyn,BK1601,40.6746,-73.918096
garden,Hull Street Community Garden (NYRP),,Ocean Hill,Brooklyn,BK1601,40.679671,-73.911745
garden,Marge Matthews Garden,,Ocean Hill,Brooklyn,BK1601,40.677402,-73.917321
garden,Phoenix Community Garden,,Ocean Hill,Brooklyn,BK1601,40.67859,-73.912521
garden,Preston Community Garden,,Ocean Hill,Brooklyn,BK1601,40.67208,-73.92068
garden,Saratoga Farm,,Ocean Hill,Brooklyn,BK1601,40.67876,-73.916018
garden,Sterling Community Group Garden,,Ocean Hill,Brooklyn,BK1601,40.671016,-73.922347
garden,Tehuti Ma’at Community Garden,,Ocean Hill,Brooklyn,BK1601,40.673546,-73.921865
garden,Brooklyn Bears/Pacific Street Garden,,Park Slope,Brooklyn,BK0602,40.68307,-73.977527
garden,Garden of Union (Annie's Garden),,Park Slope,Brooklyn,BK0602,40.676961,-73.982565
garden,Green Space at President Street,,Park Slope,Brooklyn,BK0602,40.675973,-73.981084
garden,GreenSpace Native Plant Community Garden and Environmental Center,,Park Slope,Brooklyn,BK0602,40.677667,-73.982381
garden,Lincoln-Berkeley Community Garden,,Park Slope,Brooklyn,BK0602,40.677188,-73.978964
garden,Warren-St.Marks Community Garden,,Park Slope,Brooklyn,BK0602,40.681031,-73.979355
garden,Prospect Heights Community Farm,,Prospect Heights,Brooklyn,BK0801,40.678089,-73.967744
garden,St. Mark's Avenue / Prospect Heights Community Garden,,Prospect Heights,Brooklyn,BK0801,40.678924,-73.969016
garden,Lincoln Road Garden,,Prospect Lefferts Gardens-Wingate,Brooklyn,BK0902,40.661233,-73.952253
garden,Maple Street Community Garden,,Prospect Lefferts Gardens-Wingate,Brooklyn,BK0902,40.66091,-73.952787
garden,George Washington Carver Community Garden,,South Williamsburg,Brooklyn,BK0103,40.702776,-73.947957
garden,Ying & Yang,,Spring Creek-Starrett City,Brooklyn,BK0504,40.644849,-73.877006
garden,64th Street Community Garden,,Sunset Park (West),Brooklyn,BK0702,40.638885,-74.020952
garden,Berry Street Garden,,Williamsburg,Brooklyn,BK0102,40.713328,-73.963596
garden,El Puente: Espiritu Tierra Community Garden - Earth Spirit,,Williamsburg,Brooklyn,BK0102,40.712503,-73.959351
garden,Grand Street Community Garden,,Williamsburg,Brooklyn,BK0102,40.713787,-73.958936
garden,Green Dome,,Williamsburg,Brooklyn,BK0102,40.719516,-73.952969
garden,Hooper Grove,,Williamsburg,Brooklyn,BK0102,40.707972,-73.953619
garden,Keap Fourth Community Garden,,Williamsburg,Brooklyn,BK0102,40.709161,-73.954776
garden,La Casita Verde Community Garden,,Williamsburg,Brooklyn,BK0102,40.707973,-73.964324
garden,Northside Community Garden,,Williamsburg,Brooklyn,BK0102,40.715892,-73.957354
garden,Ten Eyck Garden,,Williamsburg,Brooklyn,BK0102,40.709804,-73.950097
garden,6/15 Green Community Garden,,Windsor Terrace-South Slope,Brooklyn,BK0701,40.664388,-73.987406
garden,East 4th Street Community Garden (Windsor Terrace Kensington Veterans Memorial),,Windsor Terrace-South Slope,Brooklyn,BK0701,40.648198,-73.977358
garden,Prospect Farm,,Windsor Terrace-South Slope,Brooklyn,BK0701,40.653948,-73.976715
pops,Public plaza in Brooklyn Heights,Plaza,Brooklyn Heights,Brooklyn,BK0201,40.691476,-73.989806
pops,54 Noll Street / One Bushwick,Public Access Area,Bushwick (West),Brooklyn,BK0401,40.700345,-73.933709
pops,Seaside Park & Community Arts Center,Open-Air Auditorium; Public Open Space,Coney Island-Sea Gate,Brooklyn,BK1302,40.572811,-73.98806
pops,Avalon Fort Greene,Residential Plaza,Downtown Brooklyn-DUMBO-Boerum Hill,Brooklyn,BK0202,40.694078,-73.982885
pops,Livingston Plaza,Plaza,Downtown Brooklyn-DUMBO-Boerum Hill,Brooklyn,BK0202,40.690409,-73.988771
pops,Public plaza in Downtown Brooklyn-DUMBO-Boerum Hill,Commons and Public Areas,Downtown Brooklyn-DUMBO-Boerum Hill,Brooklyn,BK0202,40.693222,-73.986719
pops,Public plaza in Downtown Brooklyn-DUMBO-Boerum Hill,Public Plaza,Downtown Brooklyn-DUMBO-Boerum Hill,Brooklyn,BK0202,40.698099,-73.986566
pops,Public plaza in Downtown Brooklyn-DUMBO-Boerum Hill,Plaza,Downtown Brooklyn-DUMBO-Boerum Hill,Brooklyn,BK0202,40.699584,-73.987158
pops,Renaissance Plaza,Plaza and Plaza Connected Open Space; Urban Plaza,Downtown Brooklyn-DUMBO-Boerum Hill,Brooklyn,BK0202,40.693812,-73.987992
pops,BAM South,Public Open Space,Fort Greene,Brooklyn,BK0203,40.686202,-73.978499
pops,Forte,Residential Plaza,Fort Greene,Brooklyn,BK0203,40.688253,-73.978636
pops,Public plaza in Fort Greene,Public Plaza,Fort Greene,Brooklyn,BK0203,40.687418,-73.977918
pops,Public plaza in Sheepshead Bay-Manhattan Beach-Gerritsen Beach,'Plaza',Sheepshead Bay-Manhattan Beach-Gerritsen Beach,Brooklyn,BK1503,40.583936,-73.950173
pops,Pfizer Sites Development,Public Access Area,South Williamsburg,Brooklyn,BK0103,40.70116,-73.948665
pops,Domino Sugar Factory,Public Access Area,Williamsburg,Brooklyn,BK0102,40.714449,-73.96743
pops,Public plaza in Williamsburg,Publicly Accessible Open Space,Williamsburg,Brooklyn,BK0102,40.722954,-73.957804
public_art,Beacon,Sculpture,Bay Ridge,Brooklyn,BK1001,40.639377,-74.037743
public_art,Coffey Square,"Stele, bas-relief",Bay Ridge,Brooklyn,BK1001,40.622387,-74.019775
public_art,Dover Patrol Monument,Obelisk,Bay Ridge,Brooklyn,BK1001,40.611429,-74.034146
public_art,Fort Hamilton D.A.R. Tablet,Plaque,Bay Ridge,Brooklyn,BK1001,40.611583,-74.034028
public_art,Fort Hamilton War Memorial,"Obelisk, statue",Bay Ridge,Brooklyn,BK1001,40.616468,-74.030733
public_art,John N. LaCorte,Memorial wall,Bay Ridge,Brooklyn,BK1001,40.610862,-74.033067
public_art,John Paul Jones Memorial Flagstaff,Plaque,Bay Ridge,Brooklyn,BK1001,40.611333,-74.033944
public_art,Leiv Eiriksson,"Stele, bas-relief",Bay Ridge,Brooklyn,BK1001,40.636639,-74.021306
public_art,Verrazzano Memorial Flagstaff,"Flagstaff base, relief",Bay Ridge,Brooklyn,BK1001,40.614861,-74.02859
public_art,Vietnam Memorial,Plaque,Bay Ridge,Brooklyn,BK1001,40.611303,-74.033909
public_art,Freedom's Gate,Sculpture,Bedford-Stuyvesant (East),Brooklyn,BK0302,40.679045,-73.921639
public_art,Robert Fulton,Statue,Bedford-Stuyvesant (East),Brooklyn,BK0302,40.679756,-73.932877
public_art,Saratoga Park Memorial,"Sculpture, stele",Bedford-Stuyvesant (East),Brooklyn,BK0302,40.685017,-73.918824
public_art,Mathematical Star,"Decorative pavement, mosaic",Bedford-Stuyvesant (West),Brooklyn,BK0301,40.680646,-73.946152
public_art,Garibaldi Marker,Plaque,Bensonhurst,Brooklyn,BK1101,40.609241,-73.999968
public_art,Milestone Park tablet,Plaque,Bensonhurst,Brooklyn,BK1101,40.609583,-73.999611
public_art,Alben Square Flagstaff,"Flagstaff base, plaque",Borough Park,Brooklyn,BK1202,40.639374,-73.994571
public_art,Edward Robinson Squibb,Plaque,Brooklyn Heights,Brooklyn,BK0201,40.701109,-73.995407
public_art,Fort Stirling Marker,Plaque,Brooklyn Heights,Brooklyn,BK0201,40.698476,-73.996462
public_art,Four Chimneys,Plaque,Brooklyn Heights,Brooklyn,BK0201,40.695769,-73.997859
public_art,Genevieve Beavers Earle,"Flagstaff base, plaque",Brooklyn Heights,Brooklyn,BK0201,40.695822,-73.998029
public_art,Face to Face,Sculpture,Brownsville,Brooklyn,BK1602,40.670831,-73.913703
public_art,"If You Don't Know Where You Come From, How Do You Know Where You Are Going?",Decorative pavement,Brownsville,Brooklyn,BK1602,40.670896,-73.912528
public_art,Zion Park War Memorial,"Exedra, bas-relief",Brownsville,Brooklyn,BK1602,40.668739,-73.918581
public_art,Sentinel Lanterns,Installation,Bushwick (East),Brooklyn,BK0402,40.696529,-73.914505
public_art,Untitled Stainless Steel Sculpture,Sculpture,Bushwick (East),Brooklyn,BK0402,40.698362,-73.917865
public_art,Bushwick-Ridgewood Memorial,Statue,Bushwick (West),Brooklyn,BK0401,40.698726,-73.917907
public_art,Bushwick-Ridgewood Memorial,Statue,Bushwick (West),Brooklyn,BK0401,40.698722,-73.917917
public_art,Sgt. Charles W. Heisser,"Plaque, plinth",Bushwick (West),Brooklyn,BK0401,40.698706,-73.917941
public_art,Assent Ascent,Light Installation,Carroll Gardens-Cobble Hill-Gowanus-Red Hook,Brooklyn,BK0601,40.671944,-73.998476
public_art,Carroll Park Memorial,Stele,Carroll Gardens-Cobble Hill-Gowanus-Red Hook,Brooklyn,BK0601,40.68105,-73.99535
public_art,"Louis Valentino, Jr.",Flagstaff base,Carroll Gardens-Cobble Hill-Gowanus-Red Hook,Brooklyn,BK0601,40.678392,-74.018061
public_art,Red Hook Stadium Reliefs,Bas-relief,Carroll Gardens-Cobble Hill-Gowanus-Red Hook,Brooklyn,BK0601,40.672507,-74.00401
public_art,Timecast,Installation,Carroll Gardens-Cobble Hill-Gowanus-Red Hook,Brooklyn,BK0601,40.688284,-74.001045
public_art,Brooklyn Wall of Remembrance,Memorial wall,Coney Island-Sea Gate,Brooklyn,BK1302,40.573424,-73.984521
public_art,First Symphony of the Sea,Bas-relief sculpture,Coney Island-Sea Gate,Brooklyn,BK1302,40.573723,-73.975545
public_art,Hennessy Park World War I Flagstaff,"Flagstaff base, plaque",Coney Island-Sea Gate,Brooklyn,BK1302,40.575046,-73.968852
public_art,Jackie Robinson and Pee Wee Reese Monument,Statue,Coney Island-Sea Gate,Brooklyn,BK1302,40.574899,-73.98525
public_art,Theodore Roosevelt,"Plaque, stele",Coney Island-Sea Gate,Brooklyn,BK1302,40.575024,-73.969702
public_art,Shirley Chisholm Plaque,Plaque,Crown Heights (North),Brooklyn,BK0802,40.673463,-73.942283
public_art,Sugar in My Bowl II,Sculpture,Crown Heights (North),Brooklyn,BK0802,40.67414,-73.925421
public_art,Ulysses Simpson Grant,Statue,Crown Heights (North),Brooklyn,BK0802,40.676694,-73.952778
public_art,Dr. Ronald McNair,"Bust, relief",Crown Heights (South),Brooklyn,BK0901,40.670556,-73.962
public_art,Joseph A. Guider,"Urn, pedestal",Crown Heights (South),Brooklyn,BK0901,40.670083,-73.962028
public_art,Brooklyn Korean War Veterans Plaza,Plaza and Flagstaff,Downtown Brooklyn-DUMBO-Boerum Hill,Brooklyn,BK0202,40.695886,-73.990651
public_art,Brooklyn War Memorial,Memorial hall,Downtown Brooklyn-DUMBO-Boerum Hill,Brooklyn,BK0202,40.698431,-73.990611
public_art,Christopher Columbus,"Statue, pedestal",Downtown Brooklyn-DUMBO-Boerum Hill,Brooklyn,BK0202,40.693916,-73.989909
public_art,Cornelius Heeney,Plaque,Downtown Brooklyn-DUMBO-Boerum Hill,Brooklyn,BK0202,40.694166,-73.990265
public_art,Henry Ward Beecher Monument,Statue,Downtown Brooklyn-DUMBO-Boerum Hill,Brooklyn,BK0202,40.69487,-73.990111
public_art,John Cashmore Marker,Stele,Downtown Brooklyn-DUMBO-Boerum Hill,Brooklyn,BK0202,40.693528,-73.989694
public_art,John F. Kennedy Memorial Tree marker,Plaque,Downtown Brooklyn-DUMBO-Boerum Hill,Brooklyn,BK0202,40.693658,-73.98986
public_art,McLaughlin Park World War I Memorial,Stele,Downtown Brooklyn-DUMBO-Boerum Hill,Brooklyn,BK0202,40.69625,-73.985028
public_art,Pageant,Sculpture,Downtown Brooklyn-DUMBO-Boerum Hill,Brooklyn,BK0202,40.695715,-73.984367
public_art,Robert F. Kennedy Memorial,"Bust, pedestal",Downtown Brooklyn-DUMBO-Boerum Hill,Brooklyn,BK0202,40.693561,-73.990033
public_art,This Way,Light Installation,Downtown Brooklyn-DUMBO-Boerum Hill,Brooklyn,BK0202,40.700705,-73.989761
public_art,Washington A. Roebling Memorial,"Stele, bas-relief",Downtown Brooklyn-DUMBO-Boerum Hill,Brooklyn,BK0202,40.693611,-73.989889
public_art,William Jay Gaynor Memorial,"Bust, pedestal, stele",Downtown Brooklyn-DUMBO-Boerum Hill,Brooklyn,BK0202,40.699552,-73.990533
public_art,Family Library Table,Ornamental gates,East New York-City Line,Brooklyn,BK0505,40.672583,-73.874
public_art,Liberty Avenue War Memorial,"Stele, plaque",East New York-City Line,Brooklyn,BK0505,40.678232,-73.865102
public_art,Bushwick War Memorial,Plinth,East Williamsburg,Brooklyn,BK0104,40.714833,-73.942361
public_art,Father Giorgio Memorial,Stele,East Williamsburg,Brooklyn,BK0104,40.716278,-73.949861
public_art,Greenpoint World War II Memorial,Stele,East Williamsburg,Brooklyn,BK0104,40.714254,-73.951907
public_art,Plaza Perch,Sculpture,East Williamsburg,Brooklyn,BK0104,40.703645,-73.940908
public_art,Father Kehoe Square Memorial,Plaque,Flatlands,Brooklyn,BK1801,40.62046,-73.936745
public_art,Commodore John Barry,Stele,Fort Greene,Brooklyn,BK0203,40.697612,-73.977638
public_art,Prison Ship Martyrs Monument,"Column, urn, statue",Fort Greene,Brooklyn,BK0203,40.691803,-73.975532
public_art,Lady Deborah Moody Memorial Plaque,Plaque,Gravesend (East)-Homecrest,Brooklyn,BK1501,40.595128,-73.974134
public_art,V.F.W. Post 4658 World War II Memorial Plaque,Plaque,Gravesend (East)-Homecrest,Brooklyn,BK1501,40.596738,-73.974642
public_art,William E. Kelly,"Stele, plaque, memorial",Gravesend (East)-Homecrest,Brooklyn,BK1501,40.603893,-73.957612
public_art,Antonio Meucci Memorial,Statue,Gravesend (West),Brooklyn,BK1103,40.595737,-73.983222
public_art,Edge of the Plant/Edge of the Neighborhood,Installation,Greenpoint,Brooklyn,BK0101,40.731681,-73.946199
public_art,Greenpoint War Memorial,Statue,Greenpoint,Brooklyn,BK0101,40.724444,-73.943444
public_art,Monitor Memorial,Statue,Greenpoint,Brooklyn,BK0101,40.724487,-73.942796
public_art,Waterfront Nature Walk,Landscape installation,Greenpoint,Brooklyn,BK0101,40.736845,-73.946532
public_art,Colonel David Marcus Memorial Playground Plaque,"Plaque, plinth",Mapleton-Midwood (West),Brooklyn,BK1204,40.609947,-73.969643
public_art,Abraham Lincoln,Relief,Park Slope,Brooklyn,BK0602,40.672987,-73.969951
public_art,Bailey Fountain,Fountain,Park Slope,Brooklyn,BK0602,40.673874,-73.970087
public_art,Dr. Alexander J.C. Skene,"Bust, pedestal, stele",Park Slope,Brooklyn,BK0602,40.67494,-73.970316
public_art,General Gouverneur Kemble Warren,Statue,Park Slope,Brooklyn,BK0602,40.673013,-73.970654
public_art,General Henry Warner Slocum,Statue,Park Slope,Brooklyn,BK0602,40.673303,-73.96909
public_art,Henry W. Maxwell Memorial,Plaque,Park Slope,Brooklyn,BK0602,40.673917,-73.968917
public_art,Henry W. Maxwell Memorial (replica),Plaque,Park Slope,Brooklyn,BK0602,40.673917,-73.968917
public_art,John F. Kennedy Memorial,"Bust, pedestal",Park Slope,Brooklyn,BK0602,40.674263,-73.970172
public_art,Quadriga: the Triumphal Progress of Columbia,Statue,Park Slope,Brooklyn,BK0602,40.673035,-73.969922
public_art,Soldiers and Sailors Memorial Arch,Arch,Park Slope,Brooklyn,BK0602,40.673035,-73.969922
public_art,The Army: Genius of Patriotism Urging American Soldiers On To Victory,Relief,Park Slope,Brooklyn,BK0602,40.672954,-73.970006
public_art,The Navy: American Sailors At Sea Urged On By the Genius of Patriotism,Relief,Park Slope,Brooklyn,BK0602,40.672982,-73.969789
public_art,Ulysses S. Grant,Bas-relief,Park Slope,Brooklyn,BK0602,40.673,-73.969806
public_art,Reverend Benjamin J. Lowry,"Bust, pedestal",Prospect Heights,Brooklyn,BK0801,40.680788,-73.964504
public_art,Bill Brown Post Memorial,Plaque,Sheepshead Bay-Manhattan Beach-Gerritsen Beach,Brooklyn,BK1503,40.588673,-73.94703
public_art,Design Team Project,Installation,Sheepshead Bay-Manhattan Beach-Gerritsen Beach,Brooklyn,BK1503,40.584709,-73.943766
public_art,Wave Wall in Green,Site-specific installation,Sheepshead Bay-Manhattan Beach-Gerritsen Beach,Brooklyn,BK1503,40.590383,-73.932387
public_art,Harold W. Cohn,"Bas-relief, stele",South Williamsburg,Brooklyn,BK0103,40.707417,-73.964583
public_art,Bound Hands Rising Free,Sculpture,Williamsburg,Brooklyn,BK0102,40.722885,-73.952735
public_art,Double Sun,Mural,Williamsburg,Brooklyn,BK0102,40.720139,-73.949941
public_art,Father Jerzy Popieluszko Monument,Sculpture,Williamsburg,Brooklyn,BK0102,40.723111,-73.952278
public_art,George Washington at Valley Forge,Statue,Williamsburg,Brooklyn,BK0102,40.7105,-73.9605
public_art,Lithuanian Flyers Memorial,"Flagstaff base, relief plaque",Williamsburg,Brooklyn,BK0102,40.708917,-73.950944
public_art,McCarren Park World War II Flagstaff,"Flagstaff base, tablet",Williamsburg,Brooklyn,BK0102,40.722954,-73.952584
public_art,Sixty First District Memorial,"Statue, stele",Windsor Terrace-South Slope,Brooklyn,BK0701,40.650879,-73.976749
restaurant,18 LOUNGE KTV,Bottled Beverages,Bath Beach,Brooklyn,BK1102,40.60462747358,-74.00540913346
restaurant,ANTIGUA KITCHENETTE & GROCERY,Latin American,Bath Beach,Brooklyn,BK1102,40.60503354374,-74.00809214188
restaurant,ASSAIA,Eastern European,Bath Beach,Brooklyn,BK1102,40.59890744654,-73.9978826252
restaurant,BAADSHAH RESTAURANT & SWEETS,Pakistani,Bath Beach,Brooklyn,BK1102,40.60079862264,-74.00060138035
restaurant,BABY OLIVE,Salads,Bath Beach,Brooklyn,BK1102,40.61263081195,-74.01157232856
restaurant,BAY BUBBLE TEA & JUICE CORNER,Coffee/Tea,Bath Beach,Brooklyn,BK1102,40.59826516168,-73.99764138248
restaurant,BISMILLAH KABAB HOUSE,Pakistani,Bath Beach,Brooklyn,BK1102,40.59889097742,-73.99786101987
restaurant,BKLYN'S PIZZA,Pizza,Bath Beach,Brooklyn,BK1102,40.612586903,-74.01149668484
restaurant,BLAZE HALAL GRILL,Pakistani,Bath Beach,Brooklyn,BK1102,40.60130091205,-74.0013648196
restaurant,BORA BORA SMOOTHIE CAFE,"Juice, Smoothies, Fruit Salads",Bath Beach,Brooklyn,BK1102,40.60366129049,-74.00578358331
restaurant,CAIRO RX CAFE,Coffee/Tea,Bath Beach,Brooklyn,BK1102,40.60211059759,-74.00281610006
restaurant,CARVEL,Frozen Desserts,Bath Beach,Brooklyn,BK1102,40.5988470596,-73.99779620374
restaurant,CARVEL 2848,Frozen Desserts,Bath Beach,Brooklyn,BK1102,40.60933474639,-74.00610821551
restaurant,CHINA CITY,Chinese,Bath Beach,Brooklyn,BK1102,40.60798440901,-74.00387878215
restaurant,CHINA GARDEN,Chinese,Bath Beach,Brooklyn,BK1102,40.6011581854,-74.00115955401
restaurant,CHOCOLATE CONNECTS,Bakery Products/Desserts,Bath Beach,Brooklyn,BK1102,40.60030730737,-73.99991717577
restaurant,COFFEE & CHISME,Coffee/Tea,Bath Beach,Brooklyn,BK1102,40.60835767751,-74.0044910571
restaurant,DUNKIN,Donuts,Bath Beach,Brooklyn,BK1102,40.61121197145,-74.00922020822
restaurant,E'S CAKE SHOP,Bakery Products/Desserts,Bath Beach,Brooklyn,BK1102,40.61123392682,-74.00925622772
restaurant,EM VIETNAMESE,Southeast Asian,Bath Beach,Brooklyn,BK1102,40.60848941855,-74.00470715578
restaurant,FARMER'S RESTAURANT,Chinese,Bath Beach,Brooklyn,BK1102,40.60873643165,-74.00511774537
restaurant,FIGO PIZZA,Pizza,Bath Beach,Brooklyn,BK1102,40.59829535367,-73.99760897291
restaurant,GOLDEN PALACE,Chinese,Bath Beach,Brooklyn,BK1102,40.60976289505,-74.00678174756
restaurant,GUACADO,Mexican,Bath Beach,Brooklyn,BK1102,40.60004652297,-74.00260715239
restaurant,GUATEMAYA DELI AND RESTAURANT,Latin American,Bath Beach,Brooklyn,BK1102,40.60024966676,-73.99983435169
restaurant,GUS'S PIZZERIA,Pizza,Bath Beach,Brooklyn,BK1102,40.60425685289,-74.00680639499
restaurant,GYRO MANIA,Middle Eastern,Bath Beach,Brooklyn,BK1102,40.59896508799,-73.9979330371
restaurant,HIGH FIVE,Chinese,Bath Beach,Brooklyn,BK1102,40.60884347028,-74.00529422787
restaurant,IZAKAYA AJIMI,Japanese,Bath Beach,Brooklyn,BK1102,40.60773193588,-74.00206003247
restaurant,JANOOON,Middle Eastern,Bath Beach,Brooklyn,BK1102,40.60178672613,-74.0022074948
restaurant,JIREH RESTAURANT,Spanish,Bath Beach,Brooklyn,BK1102,40.60485255833,-74.00514265561
restaurant,KARTVELI NY,Middle Eastern,Bath Beach,Brooklyn,BK1102,40.60218744798,-74.00296014952
restaurant,KHORASAN KABOB & GYRO,Mediterranean,Bath Beach,Brooklyn,BK1102,40.60180045034,-74.00219309072
restaurant,KOO KOO CHICKEN,Asian/Asian Fusion,Bath Beach,Brooklyn,BK1102,40.60865683875,-74.00498448355
restaurant,KUNG FU,Chinese/Japanese,Bath Beach,Brooklyn,BK1102,40.60178672613,-74.0022074948
restaurant,L'ALGEROISE FRENCH PATISSERIE,Bakery Products/Desserts,Bath Beach,Brooklyn,BK1102,40.59883607947,-73.99774579047
restaurant,LA CHACRA,Peruvian,Bath Beach,Brooklyn,BK1102,40.6021627461,-74.00291333342
restaurant,LA CHAPINCITA,Mexican,Bath Beach,Brooklyn,BK1102,40.60374362615,-74.00593844377
restaurant,LA VILLA PIZZERIA,Pizza,Bath Beach,Brooklyn,BK1102,40.61102260885,-74.00887082351
restaurant,LIU'S SHANGHAI,Chinese,Bath Beach,Brooklyn,BK1102,40.60289556123,-74.00427821785
restaurant,MI BELLA GROCERY & DELI,Latin American,Bath Beach,Brooklyn,BK1102,40.60254699505,-74.00365159105
restaurant,MIKE'S DINER,Greek,Bath Beach,Brooklyn,BK1102,40.61194746944,-74.01043767929
restaurant,MR. SIMI #8 KITCHEN,Chinese,Bath Beach,Brooklyn,BK1102,40.60555773327,-74.00896012803
restaurant,NETA SHARI,Japanese,Bath Beach,Brooklyn,BK1102,40.60827808373,-74.00436139826
restaurant,NOODLE QUEEN,Chinese,Bath Beach,Brooklyn,BK1102,40.60846471856,-74.00463152263
restaurant,ON THE ROCKS,Other,Bath Beach,Brooklyn,BK1102,40.60171798654,-74.00568618382
restaurant,OUTBACK STEAKHOUSE,Steakhouse,Bath Beach,Brooklyn,BK1102,40.61155502546,-74.00975330183
restaurant,PANADERIA GUATEMALTECA LA BENDICION,Bakery Products/Desserts,Bath Beach,Brooklyn,BK1102,40.60171261945,-74.00207064942
restaurant,PAPA JOHN'S,Pizza,Bath Beach,Brooklyn,BK1102,40.60931553462,-74.00607579988
restaurant,PARAISO BAR,Spanish,Bath Beach,Brooklyn,BK1102,40.60424313024,-74.00678478598
restaurant,PINO'S PIZZA AND GRILL,Pizza,Bath Beach,Brooklyn,BK1102,40.60088645506,-74.00073102019
restaurant,SAMURAI SUSHI,Japanese,Bath Beach,Brooklyn,BK1102,40.60840159252,-74.00453067647
restaurant,SANTIAGO'S DELI & BAGELS,American,Bath Beach,Brooklyn,BK1102,40.60483868881,-74.0077319883
restaurant,SUPER SKYWAY RESTAURANT & KEBAB HOUSE,Pakistani,Bath Beach,Brooklyn,BK1102,40.60078489863,-74.00061578454
restaurant,SWEET STAR BAKERY,Bakery Products/Desserts,Bath Beach,Brooklyn,BK1102,40.6076852734,-74.00212125572
restaurant,TASTE LAB,Eastern European,Bath Beach,Brooklyn,BK1102,40.60002182071,-74.00257114105
restaurant,TEX*S CHICKEN & BURGERS,Chicken,Bath Beach,Brooklyn,BK1102,40.60084528344,-74.00070221108
restaurant,THE KOVA,Coffee/Tea,Bath Beach,Brooklyn,BK1102,40.60561262475,-74.00901415553
restaurant,TITO'S RESTAURANT,Spanish,Bath Beach,Brooklyn,BK1102,40.60840982502,-74.00457749643
restaurant,TOSHKENT RESTAURANT,Eastern European,Bath Beach,Brooklyn,BK1102,40.60167693906,-74.00196621561
restaurant,UNCLE FOON'S KITCHEN,Chinese,Bath Beach,Brooklyn,BK1102,40.61159069966,-74.00984695033
restaurant,VELVET HONEY COFFEE,Coffee/Tea,Bath Beach,Brooklyn,BK1102,40.60293123936,-74.00438625601
restaurant,VIVA MEXICO,Mexican,Bath Beach,Brooklyn,BK1102,40.61165656517,-74.00995501012
restaurant,WANPO TEA,Coffee/Tea,Bath Beach,Brooklyn,BK1102,40.60822326179,-74.0014586002
restaurant,2 MIRO SUSHI,Japanese,Bay Ridge,Brooklyn,BK1001,40.62089591099,-74.02522238337
restaurant,86 JOY CAFE,Chinese,Bay Ridge,Brooklyn,BK1001,40.62264633401,-74.02842185727
restaurant,AJ BAGEL,Bagels/Pretzels,Bay Ridge,Brooklyn,BK1001,40.61901460571,-74.02990795845
restaurant,AL AQSA BAKERY & RESTAURANT,Middle Eastern,Bay Ridge,Brooklyn,BK1001,40.63322631283,-74.02109821081
restaurant,AL BAIT BAITAK,Egyptian,Bay Ridge,Brooklyn,BK1001,40.63437588289,-74.0236278107
restaurant,AL HORNO LEAN MEXICAN KITCHEN,Mexican,Bay Ridge,Brooklyn,BK1001,40.61968084984,-74.03261343732
restaurant,AL REEF BAKERY & RESTAURANT,Middle Eastern,Bay Ridge,Brooklyn,BK1001,40.62637203978,-74.02389515117
restaurant,AL SHAM RESTAURANT,Middle Eastern,Bay Ridge,Brooklyn,BK1001,40.62785160196,-74.02329405786
restaurant,ALELI,Mexican,Bay Ridge,Brooklyn,BK1001,40.62915962613,-74.02874167199
restaurant,ALMA ANDINA,Peruvian,Bay Ridge,Brooklyn,BK1001,40.63625283625,-74.02584072026
restaurant,ALPINE CINEMAS,American,Bay Ridge,Brooklyn,BK1001,40.63397569511,-74.0207886012
restaurant,ALSHIBANI RESTAURANT,Middle Eastern,Bay Ridge,Brooklyn,BK1001,40.63265133988,-74.0273128678
restaurant,AMUNI,Italian,Bay Ridge,Brooklyn,BK1001,40.63332662731,-74.02701410935
restaurant,ANTEPLI BAKLAVA,Turkish,Bay Ridge,Brooklyn,BK1001,40.63149970884,-74.02182181421
restaurant,ANTOJITOS COROYORK MEXICAN GRILL,Mexican,Bay Ridge,Brooklyn,BK1001,40.6333348625,-74.02701050985
restaurant,ARIRANG HIBACHI STEAKHOUSE,Fusion,Bay Ridge,Brooklyn,BK1001,40.62110360721,-74.0290515793
restaurant,AROM DEE THAI,Other,Bay Ridge,Brooklyn,BK1001,40.63701870474,-74.02550953809
restaurant,ASAL YEMEN,Coffee/Tea,Bay Ridge,Brooklyn,BK1001,40.62850490993,-74.02304931127
restaurant,AUNTIE ANNE'S / CINNABON,Bakery Products/Desserts,Bay Ridge,Brooklyn,BK1001,40.62258330957,-74.02799316139
restaurant,AYAT MEAST,Middle Eastern,Bay Ridge,Brooklyn,BK1001,40.62418830134,-74.03074963257
restaurant,BAGEL SCHMAGEL,Bagels/Pretzels,Bay Ridge,Brooklyn,BK1001,40.63130351793,-74.02786713487
restaurant,BAGEL SUPREME,Sandwiches,Bay Ridge,Brooklyn,BK1001,40.61643434381,-74.03052993128
restaurant,BAGEL VILLA,Bagels/Pretzels,Bay Ridge,Brooklyn,BK1001,40.63147226307,-74.02181099697
restaurant,BAHARY FISH MARKET,Mediterranean,Bay Ridge,Brooklyn,BK1001,40.63374223044,-74.0216424071
restaurant,BAI DAR CAFE,Mediterranean,Bay Ridge,Brooklyn,BK1001,40.63632969746,-74.02580832309
restaurant,BAKE & SCOOP,Bakery Products/Desserts,Bay Ridge,Brooklyn,BK1001,40.63547873735,-74.0261502738
restaurant,BANH MI SHACK,Sandwiches,Bay Ridge,Brooklyn,BK1001,40.63579505352,-74.02304823601
restaurant,BANH MI STOP,Asian/Asian Fusion,Bay Ridge,Brooklyn,BK1001,40.63268703064,-74.02727685439
restaurant,BAR CHUZO,Latin American,Bay Ridge,Brooklyn,BK1001,40.61841261058,-74.0331315082
restaurant,BAY RIDGE CAFE,Coffee/Tea,Bay Ridge,Brooklyn,BK1001,40.63519938622,-74.02329302965
restaurant,BAY RIDGE DINER,American,Bay Ridge,Brooklyn,BK1001,40.62557872847,-74.02422268647
restaurant,BAY RIDGE FISH MARKET,Seafood,Bay Ridge,Brooklyn,BK1001,40.63059803915,-74.02815145199
restaurant,BAY RIDGE HOUSE OF WINGS,Chicken,Bay Ridge,Brooklyn,BK1001,40.62188241963,-74.03171396168
restaurant,BAY RIDGE MANOR,Mediterranean,Bay Ridge,Brooklyn,BK1001,40.62911960828,-74.02370159753
restaurant,BAY RIDGE MANOR CATERING,American,Bay Ridge,Brooklyn,BK1001,40.62911960828,-74.02370159753
restaurant,BAY SUSHI,Japanese,Bay Ridge,Brooklyn,BK1001,40.63842985059,-74.03470523869
restaurant,BAYA BAR,"Juice, Smoothies, Fruit Salads",Bay Ridge,Brooklyn,BK1001,40.6177592818,-74.03337251658
restaurant,BAYA BAR,"Juice, Smoothies, Fruit Salads",Bay Ridge,Brooklyn,BK1001,40.63611525608,-74.02731068803
restaurant,BAYRIDGE PIZZA,Pizza,Bay Ridge,Brooklyn,BK1001,40.62783787218,-74.02332287341
restaurant,BAYRIDGE SUSHI,Japanese,Bay Ridge,Brooklyn,BK1001,40.63551716759,-74.02613587708
restaurant,BEAN POST PUB,American,Bay Ridge,Brooklyn,BK1001,40.62922410648,-74.02273253007
restaurant,BEETS AND CARROTS,American,Bay Ridge,Brooklyn,BK1001,40.6141246887,-74.03503832679
restaurant,BEIT JEDDO,Middle Eastern,Bay Ridge,Brooklyn,BK1001,40.63322631283,-74.02109821081
restaurant,BELLA ROMA PIZZA,Pizza,Bay Ridge,Brooklyn,BK1001,40.63465522652,-74.02648141796
restaurant,BEN'S PIZZA AND RESTAURANT,Pizza,Bay Ridge,Brooklyn,BK1001,40.62685926358,-74.02965931292
restaurant,BEST WESTERN,Continental,Bay Ridge,Brooklyn,BK1001,40.62483689663,-74.02750058388
restaurant,BILQIS,Coffee/Tea,Bay Ridge,Brooklyn,BK1001,40.62557323357,-74.02424790142
restaurant,BING LING TEA,Coffee/Tea,Bay Ridge,Brooklyn,BK1001,40.62078067194,-74.02503142506
restaurant,BLOSSOM DINER,American,Bay Ridge,Brooklyn,BK1001,40.62195800836,-74.02582435803
restaurant,BLUE AGAVE,Mexican,Bay Ridge,Brooklyn,BK1001,40.6333348625,-74.02701050985
restaurant,BLUE DOOR SOUVLAKIA,Greek,Bay Ridge,Brooklyn,BK1001,40.62484163207,-74.03047975605
restaurant,BOCA DEL CIELO,American,Bay Ridge,Brooklyn,BK1001,40.62412516454,-74.03077481977
restaurant,BOMBAY GRILL,Indian,Bay Ridge,Brooklyn,BK1001,40.62254398706,-74.03144410789
restaurant,BOMBAY GRILL,Indian,Bay Ridge,Brooklyn,BK1001,40.62254398706,-74.03144410789
restaurant,BORA BORA,"Juice, Smoothies, Fruit Salads",Bay Ridge,Brooklyn,BK1001,40.63262388862,-74.02732726774
restaurant,BROOKLYN BAKLAVA,Bakery Products/Desserts,Bay Ridge,Brooklyn,BK1001,40.63150794387,-74.02181821417
restaurant,BROOKLYN BREW CAFE,Coffee/Tea,Bay Ridge,Brooklyn,BK1001,40.62845151715,-74.02856123697
restaurant,BROOKLYN KEBAB HOUSE,Middle Eastern,Bay Ridge,Brooklyn,BK1001,40.63393452076,-74.02080299982
restaurant,BROOKLYN ROOTS ITALIAN,Italian,Bay Ridge,Brooklyn,BK1001,40.6232439857,-74.03115625527
restaurant,BROTHER'S ASIAN CUISINE,Asian/Asian Fusion,Bay Ridge,Brooklyn,BK1001,40.6222290901,-74.02856937079
restaurant,"BURGER KING, POPEYES",Hamburgers,Bay Ridge,Brooklyn,BK1001,40.62196624434,-74.02581715677
restaurant,BURMESE HARP,Asian/Asian Fusion,Bay Ridge,Brooklyn,BK1001,40.62339573559,-74.02811598178
restaurant,CAFE BY THE PIER,Coffee/Tea,Bay Ridge,Brooklyn,BK1001,40.6383722657,-74.03452144973
restaurant,CAFE RENDEZ VOUS,American,Bay Ridge,Brooklyn,BK1001,40.63330741213,-74.02702130722
restaurant,CAFFE CAFE,Coffee/Tea,Bay Ridge,Brooklyn,BK1001,40.62489927827,-74.03045816816
restaurant,CAFFE NEGRONI,Italian,Bay Ridge,Brooklyn,BK1001,40.62337858045,-74.03078528112
restaurant,CALI TAJADAS BAKERY & RESTAURANT,Latin American,Bay Ridge,Brooklyn,BK1001,40.63612624208,-74.02728186859
restaurant,CAMPANIA COAL FIRED PIZZA,Italian,Bay Ridge,Brooklyn,BK1001,40.6138124427,-74.03281225917
restaurant,CANCUN BAR & RESTAURANT MEXICAN GRILL,Mexican,Bay Ridge,Brooklyn,BK1001,40.63338975815,-74.02701053216
restaurant,CAPPUCCINO CAFE,American,Bay Ridge,Brooklyn,BK1001,40.62979923164,-74.02845733908
restaurant,CARVEL,Frozen Desserts,Bay Ridge,Brooklyn,BK1001,40.63126783839,-74.02785631172
restaurant,CARVEL,Frozen Desserts,Bay Ridge,Brooklyn,BK1001,40.62328516138,-74.03114186537
restaurant,CEBU,American,Bay Ridge,Brooklyn,BK1001,40.62193732727,-74.03167076117
restaurant,CHADWICK'S,American,Bay Ridge,Brooklyn,BK1001,40.62183575231,-74.03173555274
restaurant,CHARLIE'S SANDWICH SHOP,Sandwiches/Salads/Mixed Buffet,Bay Ridge,Brooklyn,BK1001,40.61888751439,-74.03293723359
restaurant,CHICTEA,Asian/Asian Fusion,Bay Ridge,Brooklyn,BK1001,40.6306172544,-74.02814425474
restaurant,CHINA PAGODA,Chinese,Bay Ridge,Brooklyn,BK1001,40.63327571892,-74.02109822649
restaurant,CHIPOTLE MEXICAN GRILL,Tex-Mex,Bay Ridge,Brooklyn,BK1001,40.62202359449,-74.02707435718
restaurant,CHOBAN PITA & GRILL,Turkish,Bay Ridge,Brooklyn,BK1001,40.63549246291,-74.02614307328
restaurant,CITY LEAGUE COFFEE,Coffee/Tea,Bay Ridge,Brooklyn,BK1001,40.63516919141,-74.02330382789
restaurant,CLOCK FACE COFFEE,Coffee/Tea,Bay Ridge,Brooklyn,BK1001,40.63236013634,-74.02836836556
restaurant,COFFEE NEAR ME,Coffee/Tea,Bay Ridge,Brooklyn,BK1001,40.61850890558,-74.03233550549
restaurant,COFFEE RX,Coffee/Tea,Bay Ridge,Brooklyn,BK1001,40.63558854343,-74.02608546363
restaurant,COFFEE RX,Coffee/Tea,Bay Ridge,Brooklyn,BK1001,40.62220886141,-74.03238413398
restaurant,COME ON THAI,Thai,Bay Ridge,Brooklyn,BK1001,40.62916512202,-74.02871645605
restaurant,COSZCAL DE ALLENDE RESTAURANT,Mexican,Bay Ridge,Brooklyn,BK1001,40.63132273404,-74.02785633472
restaurant,CRAFTED CAFE,Coffee/Tea,Bay Ridge,Brooklyn,BK1001,40.63629676169,-74.0258011043
restaurant,CREAM COFFEE SHOP,Coffee/Tea,Bay Ridge,Brooklyn,BK1001,40.633359563,-74.02702132842
restaurant,CREPE FACTORY,American,Bay Ridge,Brooklyn,BK1001,40.63270075026,-74.02729487406
restaurant,CUP OF JOE,Coffee/Tea,Bay Ridge,Brooklyn,BK1001,40.63015191831,-74.0223509643
restaurant,DADDYO'S BBQ & SPORTS BAR,American,Bay Ridge,Brooklyn,BK1001,40.61808127865,-74.03028935237
restaurant,DAVE'S GARDEN,Chinese,Bay Ridge,Brooklyn,BK1001,40.63202821294,-74.02756840859
restaurant,DAVE'S HOT CHICKEN,Chicken,Bay Ridge,Brooklyn,BK1001,40.62247081031,-74.02784181937
restaurant,DELIAS LOUNGE CAFE,American,Bay Ridge,Brooklyn,BK1001,40.61877770954,-74.0329840059
restaurant,DOMINOS,Pizza,Bay Ridge,Brooklyn,BK1001,40.61899814077,-74.02989354279
restaurant,DRAGON CHINA,Chinese,Bay Ridge,Brooklyn,BK1001,40.62836356268,-74.02904394399
restaurant,DUNKIN,Donuts,Bay Ridge,Brooklyn,BK1001,40.62925704674,-74.02271813085
restaurant,DUNKIN,Donuts,Bay Ridge,Brooklyn,BK1001,40.6218941859,-74.02873132691
restaurant,DUNKIN,Donuts,Bay Ridge,Brooklyn,BK1001,40.61739775937,-74.03054478153
restaurant,DUNKIN,Donuts,Bay Ridge,Brooklyn,BK1001,40.62095457725,-74.03209174717
restaurant,DUNKIN,Donuts,Bay Ridge,Brooklyn,BK1001,40.63450822194,-74.02057259337
restaurant,DUNKIN',Donuts,Bay Ridge,Brooklyn,BK1001,40.63385367548,-74.02680175415
restaurant,DUNKIN',Donuts,Bay Ridge,Brooklyn,BK1001,40.62199370354,-74.02576673624
restaurant,E NOODLE,Chinese,Bay Ridge,Brooklyn,BK1001,40.62130188268,-74.02636082958
restaurant,EL CASTILLO DE JAGUA,Caribbean,Bay Ridge,Brooklyn,BK1001,40.63515272565,-74.02328941036
restaurant,EL MALECON RESTAURANT,Latin American,Bay Ridge,Brooklyn,BK1001,40.62135615835,-74.02892921506
restaurant,ELEGANTE,Pizza,Bay Ridge,Brooklyn,BK1001,40.63326199368,-74.02110542781
restaurant,ELIA,Greek,Bay Ridge,Brooklyn,BK1001,40.6232906578,-74.03111665186
restaurant,ENERGY FUEL,"Juice, Smoothies, Fruit Salads",Bay Ridge,Brooklyn,BK1001,40.6156079624,-74.03127514147
restaurant,ESPRESSO PIZZERIA,Pizza,Bay Ridge,Brooklyn,BK1001,40.61640139871,-74.03055873155
restaurant,F & M CAMPO BELLO II RESTAURANT,Spanish,Bay Ridge,Brooklyn,BK1001,40.61834787661,-74.0289207022
restaurant,FAIRYTALE ISLAND,Coffee/Tea,Bay Ridge,Brooklyn,BK1001,40.6340430781,-74.0267477873
restaurant,FALAFEL PALACE,Middle Eastern,Bay Ridge,Brooklyn,BK1001,40.62830986283,-74.02386702708
restaurant,FIRE KABOB,Middle Eastern,Bay Ridge,Brooklyn,BK1001,40.62088493581,-74.02520436837
restaurant,FONTBONNE HALL ACADEMY,Other,Bay Ridge,Brooklyn,BK1001,40.61361904591,-74.0369542044
restaurant,FORT HAMILTON DINER,American,Bay Ridge,Brooklyn,BK1001,40.61589345241,-74.03115641312
restaurant,FU LAI O KITCHEN,Chinese,Bay Ridge,Brooklyn,BK1001,40.63627480181,-74.02580830178
restaurant,FUEL RESTAURANT,"Juice, Smoothies, Fruit Salads",Bay Ridge,Brooklyn,BK1001,40.63474306788,-74.02644542376
restaurant,FUSHIMI AT BAY RIDGE,Japanese,Bay Ridge,Brooklyn,BK1001,40.61734559693,-74.03058798128
restaurant,GIGI'S BAKERY 86,Bakery Products/Desserts,Bay Ridge,Brooklyn,BK1001,40.6225557472,-74.02845784114
restaurant,GINO'S RESTAURANT & PIZZERIA,Italian,Bay Ridge,Brooklyn,BK1001,40.63011073812,-74.02239418247
restaurant,GONG CHA,Coffee/Tea,Bay Ridge,Brooklyn,BK1001,40.63200899773,-74.02757560616
restaurant,GREEN HOUSE CAFE,American,Bay Ridge,Brooklyn,BK1001,40.62982119169,-74.02845014317
restaurant,GREEN POKE & SUSHI TOWN,Hawaiian,Bay Ridge,Brooklyn,BK1001,40.63199817712,-74.0269090892
restaurant,GUAC TIME,Tex-Mex,Bay Ridge,Brooklyn,BK1001,40.62341289931,-74.02512607596
restaurant,GYRO KING,Middle Eastern,Bay Ridge,Brooklyn,BK1001,40.63200899773,-74.02757560616
restaurant,H & L BAGEL,Bagels/Pretzels,Bay Ridge,Brooklyn,BK1001,40.6218549678,-74.03172835747
restaurant,H BOND COFFEE,Coffee/Tea,Bay Ridge,Brooklyn,BK1001,40.63203207272,-74.02246328235
restaurant,HALAL CHICKEN N CHAPLI,Middle Eastern,Bay Ridge,Brooklyn,BK1001,40.63436699933,-74.0265893901
restaurant,HAMILTON PIZZA AND PASTA,Spanish,Bay Ridge,Brooklyn,BK1001,40.61732174908,-74.02719851187
restaurant,HANA JAPANESE RESTAURANT,Japanese,Bay Ridge,Brooklyn,BK1001,40.62109345554,-74.02558267623
restaurant,HAPPY GARDEN,Chinese,Bay Ridge,Brooklyn,BK1001,40.63335407853,-74.02699970913
restaurant,HAPPY WORLD,Mexican,Bay Ridge,Brooklyn,BK1001,40.63334034782,-74.0270285263
restaurant,HARBOR FITNESS,"Juice, Smoothies, Fruit Salads",Bay Ridge,Brooklyn,BK1001,40.61795226615,-74.03031810967
restaurant,HARBOR FITNESS,"Juice, Smoothies, Fruit Salads",Bay Ridge,Brooklyn,BK1001,40.63400464694,-74.02676578623
restaurant,HARBOR FITNESS GO!,"Juice, Smoothies, Fruit Salads",Bay Ridge,Brooklyn,BK1001,40.62189968179,-74.02870611372
restaurant,HARMONY TEA SHOPPE,"Juice, Smoothies, Fruit Salads",Bay Ridge,Brooklyn,BK1001,40.62362533041,-74.03181205557
restaurant,HAVELI CAFE & HOOKAH LOUNGE,Middle Eastern,Bay Ridge,Brooklyn,BK1001,40.63531524764,-74.02023776878
restaurant,HAWAII POKE ONE,Hawaiian,Bay Ridge,Brooklyn,BK1001,40.62071207747,-74.02491613016
restaurant,HAYAT CATERERS,Mediterranean,Bay Ridge,Brooklyn,BK1001,40.63514558529,-74.01708154116
restaurant,HAZAR TURKISH KEBAB,Turkish,Bay Ridge,Brooklyn,BK1001,40.63145853366,-74.0218398144
restaurant,HEMO,Mediterranean,Bay Ridge,Brooklyn,BK1001,40.63330042793,-74.02106580877
restaurant,HEMO'S SPOT JUICE BAR & CAFE,"Juice, Smoothies, Fruit Salads",Bay Ridge,Brooklyn,BK1001,40.63368735652,-74.02152709766
restaurant,HIBACHI MASTER,Asian/Asian Fusion,Bay Ridge,Brooklyn,BK1001,40.62198546107,-74.02580275532
restaurant,HIMALAYAN BEANS,American,Bay Ridge,Brooklyn,BK1001,40.63621989561,-74.02585511945
restaurant,HING WONG,Chinese,Bay Ridge,Brooklyn,BK1001,40.62628419391,-74.02395636142
restaurant,HL SPRING GARDEN,Chinese,Bay Ridge,Brooklyn,BK1001,40.62074457345,-74.02686851324
restaurant,HO'BRAH,Mexican,Bay Ridge,Brooklyn,BK1001,40.62325222104,-74.03115265683
restaurant,HOLA LA PHO,Southeast Asian,Bay Ridge,Brooklyn,BK1001,40.6248238478,-74.02452861387
restaurant,HOM,American,Bay Ridge,Brooklyn,BK1001,40.62189339976,-74.03171036469
restaurant,HUNTER'S STEAK & ALE HOUSE,Steakhouse,Bay Ridge,Brooklyn,BK1001,40.61656873778,-74.03090459414
restaurant,INAKA ASIAN FUSION,Japanese,Bay Ridge,Brooklyn,BK1001,40.62549770028,-74.03023509239
restaurant,ISTANBUL BAY,Turkish,Bay Ridge,Brooklyn,BK1001,40.6256555847,-74.02421190719
restaurant,JANET'S PIZZA,Pizza,Bay Ridge,Brooklyn,BK1001,40.62227575592,-74.02855137963
restaurant,JEAN DANET FRENCH PASTRY,Bakery Products/Desserts,Bay Ridge,Brooklyn,BK1001,40.62921861191,-74.02275774653
restaurant,JOHNNY PUMPS,American,Bay Ridge,Brooklyn,BK1001,40.62926253202,-74.02273974846
restaurant,JUNGLE BOWLS,"Juice, Smoothies, Fruit Salads",Bay Ridge,Brooklyn,BK1001,40.62183850408,-74.03171033851
restaurant,KARAM RESTAURANT,Middle Eastern,Bay Ridge,Brooklyn,BK1001,40.62334907515,-74.02811235975
restaurant,KATHY'S DUMPLINGS,Chinese,Bay Ridge,Brooklyn,BK1001,40.62832512658,-74.02907995291
restaurant,KELLY'S TAVERN,American,Bay Ridge,Brooklyn,BK1001,40.61733736738,-74.03056996762
restaurant,KUNG FU TEA,Coffee/Tea,Bay Ridge,Brooklyn,BK1001,40.62127442986,-74.02638243183
restaurant,LAILAS,Middle Eastern,Bay Ridge,Brooklyn,BK1001,40.62400711945,-74.03084681188
restaurant,LAMOZA CAFE,Mediterranean,Bay Ridge,Brooklyn,BK1001,40.62988706738,-74.02844656871
restaurant,LAS MARGARITAS,Mexican,Bay Ridge,Brooklyn,BK1001,40.61906594607,-74.03286528059
restaurant,LAS MARGARITAS,Mexican,Bay Ridge,Brooklyn,BK1001,40.63337877817,-74.02701413054
restaurant,LAS MARGARITAS EXPRESS,Mexican,Bay Ridge,Brooklyn,BK1001,40.63271996546,-74.02728767633
restaurant,LATTE DA,Coffee/Tea,Bay Ridge,Brooklyn,BK1001,40.62362533041,-74.03181205557
restaurant,LAVA SHAWARMA,Middle Eastern,Bay Ridge,Brooklyn,BK1001,40.62290972245,-74.02886505002
restaurant,LAZA DESSERT CAFE,Bakery Products/Desserts,Bay Ridge,Brooklyn,BK1001,40.63459880234,-74.02055820975
restaurant,LAZA DESSERTS,Middle Eastern,Bay Ridge,Brooklyn,BK1001,40.63459880234,-74.02055820975
restaurant,LE SAJJ RESTAURANT,Middle Eastern,Bay Ridge,Brooklyn,BK1001,40.62409641569,-74.02482733988
restaurant,LEO'S PIZZA,Pizza,Bay Ridge,Brooklyn,BK1001,40.62418006021,-74.03077484518
restaurant,LIL FRANKIE'S OF BAY RIDGE,Italian,Bay Ridge,Brooklyn,BK1001,40.63438600795,-74.02745769649
restaurant,LILY BLOOM,Bakery Products/Desserts,Bay Ridge,Brooklyn,BK1001,40.62132933052,-74.02636084046
restaurant,LITTLE CUPCAKE BAKESHOP,Bakery Products/Desserts,Bay Ridge,Brooklyn,BK1001,40.61989222281,-74.03252709026
restaurant,LOCK YARD,American,Bay Ridge,Brooklyn,BK1001,40.61758191987,-74.02955431913
restaurant,LULIANO'S WOODFIRED PIZZA & TRATTORIA,Italian,Bay Ridge,Brooklyn,BK1001,40.62844041935,-74.02903316983
restaurant,LUX BAKERY 1,Bakery Products/Desserts,Bay Ridge,Brooklyn,BK1001,40.63512801601,-74.02332182816
restaurant,MACARENO CENTRAL,Mexican,Bay Ridge,Brooklyn,BK1001,40.63513899587,-74.02331822907
restaurant,MAI'S VIETNAMESE RESTAURANT,Southeast Asian,Bay Ridge,Brooklyn,BK1001,40.6291349267,-74.02872725085
restaurant,MAISON DE VIENNOISERIES,Bakery Products/Desserts,Bay Ridge,Brooklyn,BK1001,40.62492815883,-74.02448542371
restaurant,MALONES CHOPHOUSE,Steakhouse,Bay Ridge,Brooklyn,BK1001,40.61703731489,-74.03367471885
restaurant,MANCINI'S WOOD-FIRED PIZZA,Italian,Bay Ridge,Brooklyn,BK1001,40.62202115057,-74.02577034911
restaurant,MANDATO,Mexican,Bay Ridge,Brooklyn,BK1001,40.63332113179,-74.02703932701
restaurant,MAQLUBA,Middle Eastern,Bay Ridge,Brooklyn,BK1001,40.63428739227,-74.0266253872
restaurant,MAZAJI,Middle Eastern,Bay Ridge,Brooklyn,BK1001,40.63261840421,-74.02730564866
restaurant,MCDONALD'S,Hamburgers,Bay Ridge,Brooklyn,BK1001,40.62235008781,-74.02764364521
restaurant,MCDONALD'S,Hamburgers,Bay Ridge,Brooklyn,BK1001,40.6339744518,-74.0267765827
restaurant,MEENA HOUSE CAFE,Egyptian,Bay Ridge,Brooklyn,BK1001,40.6338080779,-74.02178654326
restaurant,MEXICO EN LA PIEL,Mexican,Bay Ridge,Brooklyn,BK1001,40.63335407853,-74.02699970913
restaurant,MID CHINA,Chinese,Bay Ridge,Brooklyn,BK1001,40.6162998205,-74.0306379271
restaurant,MIKAWA JAPANESE FUSION,Other,Bay Ridge,Brooklyn,BK1001,40.63201449336,-74.02755038904
restaurant,MIKE'S DELI,American,Bay Ridge,Brooklyn,BK1001,40.61564365345,-74.0312427413
restaurant,MIKE'S DONUTS,Donuts,Bay Ridge,Brooklyn,BK1001,40.6339482414,-74.0208210185
restaurant,MILK & HONEY CAFE 94,Coffee/Tea,Bay Ridge,Brooklyn,BK1001,40.61783064725,-74.0333689504
restaurant,MINT BAY INDIAN CUISINE,Indian,Bay Ridge,Brooklyn,BK1001,40.63131175403,-74.02785993285
restaurant,MR. BAGELS CAFE,Bagels/Pretzels,Bay Ridge,Brooklyn,BK1001,40.61774830056,-74.03337971507
restaurant,MUSSELS & MORE,Seafood,Bay Ridge,Brooklyn,BK1001,40.62558155113,-74.023851638
restaurant,NABLUS SWEETS,Middle Eastern,Bay Ridge,Brooklyn,BK1001,40.63400039619,-74.02079941756
restaurant,NATURE'S GRILL,American,Bay Ridge,Brooklyn,BK1001,40.63196508207,-74.02757198518
restaurant,NINO'S PIZZA,Pizza,Bay Ridge,Brooklyn,BK1001,40.61972202673,-74.032595447
restaurant,NONNO'S PIZZA,Pizza,Bay Ridge,Brooklyn,BK1001,40.62186320414,-74.03172115695
restaurant,NYC HUQQAH HAUS,Middle Eastern,Bay Ridge,Brooklyn,BK1001,40.6355665786,-74.02611427872
restaurant,OFF SHORE RESTAURANT,American,Bay Ridge,Brooklyn,BK1001,40.62906629446,-74.02877765775
restaurant,OKINAWA,Japanese,Bay Ridge,Brooklyn,BK1001,40.63586567299,-74.02649270909
restaurant,OLIVES AND PITA,Greek,Bay Ridge,Brooklyn,BK1001,40.62980471583,-74.02847895733
restaurant,OMIYA SUSHI,Japanese,Bay Ridge,Brooklyn,BK1001,40.62259692254,-74.02844344972
restaurant,OMONIA CAFE,Mediterranean,Bay Ridge,Brooklyn,BK1001,40.63057607823,-74.02816225077
restaurant,PANDA,Chinese,Bay Ridge,Brooklyn,BK1001,40.63467444166,-74.02647421978
restaurant,PANDA EXPRESS #2769,Chinese,Bay Ridge,Brooklyn,BK1001,40.62249001591,-74.0278742477
restaurant,PANDA GARDEN RESTAURANT,Chinese,Bay Ridge,Brooklyn,BK1001,40.6156235734,-74.0342719155
restaurant,PANEANTICO BAKERY,Bakery Products/Desserts,Bay Ridge,Brooklyn,BK1001,40.61951888908,-74.03267819558
restaurant,PANINO RUSTICO,Italian,Bay Ridge,Brooklyn,BK1001,40.62130869971,-74.03192981949
restaurant,PAPA JOHN'S,Pizza,Bay Ridge,Brooklyn,BK1001,40.62558696358,-74.02421908705
restaurant,PARADISE SWEETS AND BAKERY,Middle Eastern,Bay Ridge,Brooklyn,BK1001,40.63460429643,-74.02053299107
restaurant,PASTICCERIA ROCCO,Coffee/Tea,Bay Ridge,Brooklyn,BK1001,40.61657971789,-74.0309009973
restaurant,PC'S BAR AND GRILL,American,Bay Ridge,Brooklyn,BK1001,40.63150245842,-74.02179659591
restaurant,PEARL OF CHINA,Chinese,Bay Ridge,Brooklyn,BK1001,40.62484986738,-74.03047615744
restaurant,PEGASUS BROOKLYN,American,Bay Ridge,Brooklyn,BK1001,40.62329614247,-74.03113466592
restaurant,PEP BAKEHOUSE & COFFEE SHOP,Other,Bay Ridge,Brooklyn,BK1001,40.61777849739,-74.03336532223
restaurant,PEPPINO'S,Pizza,Bay Ridge,Brooklyn,BK1001,40.62986785211,-74.0284537658
restaurant,PETE'S PIZZERIA & RESTAURANT,Pizza,Bay Ridge,Brooklyn,BK1001,40.63124038267,-74.02788872478
restaurant,PHILADELPHIA GRILLE,Pizza,Bay Ridge,Brooklyn,BK1001,40.6127224898,-74.03375177182
restaurant,PHO HOAI BAYRIDGE,Southeast Asian,Bay Ridge,Brooklyn,BK1001,40.62260515868,-74.02843624872
restaurant,PIER 69 MARKET,American,Bay Ridge,Brooklyn,BK1001,40.63867936382,-74.03555931133
restaurant,PIG PIG CAFE,Coffee/Tea,Bay Ridge,Brooklyn,BK1001,40.63384269551,-74.02680535259
restaurant,PIPIN'S PUB,American,Bay Ridge,Brooklyn,BK1001,40.62187418428,-74.03171755997
restaurant,PIZZA WAGON,Pizza,Bay Ridge,Brooklyn,BK1001,40.62136502017,-74.02632843487
restaurant,POLONICA,Polish,Bay Ridge,Brooklyn,BK1001,40.62556907795,-74.03018469095
restaurant,PONTE VECCHIO,Italian,Bay Ridge,Brooklyn,BK1001,40.62110909678,-74.0290515817
restaurant,PORT SA'ID SEAFOOD,Seafood,Bay Ridge,Brooklyn,BK1001,40.6355501132,-74.02609986041
restaurant,POSITANO,Italian,Bay Ridge,Brooklyn,BK1001,40.61251932461,-74.03392455102
restaurant,PUERTAS,Latin American,Bay Ridge,Brooklyn,BK1001,40.62546750385,-74.03024948833
restaurant,Q Q STAR,Chinese,Bay Ridge,Brooklyn,BK1001,40.61815814119,-74.0302569692
restaurant,QAHWAH HOUSE COFFEE,Other,Bay Ridge,Brooklyn,BK1001,40.62267653021,-74.02840746112
restaurant,RED BOWL,Chinese,Bay Ridge,Brooklyn,BK1001,40.62408123734,-74.03081442519
restaurant,RED OAK,American,Bay Ridge,Brooklyn,BK1001,40.62556084265,-74.03018828963
restaurant,ROCCO'S PIZZERIA,Pizza,Bay Ridge,Brooklyn,BK1001,40.62703632822,-74.02365041983
restaurant,ROCKY'S & NICKY'S PIZZERIA,Pizza,Bay Ridge,Brooklyn,BK1001,40.63765409764,-74.03115580309
restaurant,ROYAL DINER,Other,Bay Ridge,Brooklyn,BK1001,40.62854060008,-74.02300969523
restaurant,RUZANA,Mediterranean,Bay Ridge,Brooklyn,BK1001,40.62246570089,-74.02623160987
restaurant,SABOR DE COLOMBIA 2,Latin American,Bay Ridge,Brooklyn,BK1001,40.63463601054,-74.02649221904
restaurant,SALTY DOG,American,Bay Ridge,Brooklyn,BK1001,40.63130626885,-74.02784191689
restaurant,SALUD RESTAURANT,Tapas,Bay Ridge,Brooklyn,BK1001,40.63338975815,-74.02701053216
restaurant,SAM'S BAGEL,American,Bay Ridge,Brooklyn,BK1001,40.62778023173,-74.02332285318
restaurant,SAPPORO,Japanese,Bay Ridge,Brooklyn,BK1001,40.62911845076,-74.02875606465
restaurant,SARAVA,Brazilian,Bay Ridge,Brooklyn,BK1001,40.6362555859,-74.02581910332
restaurant,SHEBA HOOKAH LOUNGE,Middle Eastern,Bay Ridge,Brooklyn,BK1001,40.62707750368,-74.02363242196
restaurant,SHEEL & MASHI,Middle Eastern,Bay Ridge,Brooklyn,BK1001,40.63243575592,-74.02141860856
restaurant,SHOBU SUSHI & GRILL,Japanese,Bay Ridge,Brooklyn,BK1001,40.61596213841,-74.03091151602
restaurant,SKINFLINTS RESTAURANT,American,Bay Ridge,Brooklyn,BK1001,40.62638850472,-74.02391316941
restaurant,SLAP BURGER BROOKLYN,American,Bay Ridge,Brooklyn,BK1001,40.62200438781,-74.02704553153
restaurant,SOFIA,Italian,Bay Ridge,Brooklyn,BK1001,40.6248745666,-74.0304905783
restaurant,SOMETHINGREEK,Greek,Bay Ridge,Brooklyn,BK1001,40.63055686297,-74.02816944802
restaurant,STARBUCKS,Coffee/Tea,Bay Ridge,Brooklyn,BK1001,40.62122241272,-74.02579525484
restaurant,STARBUCKS,Coffee/Tea,Bay Ridge,Brooklyn,BK1001,40.63195410207,-74.02757558339
restaurant,STARBUCKS,Coffee/Tea,Bay Ridge,Brooklyn,BK1001,40.61919771121,-74.03281131457
restaurant,STATUS Q,American,Bay Ridge,Brooklyn,BK1001,40.62618122426,-74.0299580142
restaurant,SUBWAY,Sandwiches,Bay Ridge,Brooklyn,BK1001,40.62256869901,-74.03141169924
restaurant,SUBWAY,Sandwiches/Salads/Mixed Buffet,Bay Ridge,Brooklyn,BK1001,40.62926802659,-74.02271453198
restaurant,SUBWAY,Sandwiches,Bay Ridge,Brooklyn,BK1001,40.61819108241,-74.0302425761
restaurant,SUNSET BAGELS,American,Bay Ridge,Brooklyn,BK1001,40.62128266006,-74.02640044605
restaurant,SWEET SOFI,Frozen Desserts,Bay Ridge,Brooklyn,BK1001,40.63332662731,-74.02701410935
restaurant,TACO BELL,Tex-Mex,Bay Ridge,Brooklyn,BK1001,40.62206164029,-74.02864134348
restaurant,TACO EXPRESS MEXICAN GRILL,Mexican,Bay Ridge,Brooklyn,BK1001,40.62267174407,-74.02541397706
restaurant,TACOS POR FAVOR,Mexican,Bay Ridge,Brooklyn,BK1001,40.62480463277,-74.02453581154
restaurant,TAJ MAHAL RESTAURANT,Indian,Bay Ridge,Brooklyn,BK1001,40.63265683546,-74.02728765042
restaurant,TAKE AWAY & CAFE,American,Bay Ridge,Brooklyn,BK1001,40.63473208791,-74.02644902231
restaurant,TANOREEN CATERERS,Middle Eastern,Bay Ridge,Brooklyn,BK1001,40.63123764227,-74.02787070998
restaurant,TANOSHII,Japanese,Bay Ridge,Brooklyn,BK1001,40.62776375716,-74.02335166773
restaurant,TASTE OF CHINA,Chinese,Bay Ridge,Brooklyn,BK1001,40.63513351071,-74.02329660951
restaurant,TAZA DRIZZLE,Coffee/Tea,Bay Ridge,Brooklyn,BK1001,40.62340325635,-74.03088615707
restaurant,TEN CAKE STUDIO,Bakery Products/Desserts,Bay Ridge,Brooklyn,BK1001,40.62326046224,-74.03112744462
restaurant,TEQUILA RESTAURANT,Mexican,Bay Ridge,Brooklyn,BK1001,40.62336623877,-74.02512245602
restaurant,TERINA,Italian,Bay Ridge,Brooklyn,BK1001,40.62478672392,-74.03052656181
restaurant,TEXAS CHICKEN & BURGERS,Chicken,Bay Ridge,Brooklyn,BK1001,40.62784610726,-74.02331927375
restaurant,THAI LEAF,Thai,Bay Ridge,Brooklyn,BK1001,40.62031148279,-74.02424598259
restaurant,THE ATTIC,Coffee/Tea,Bay Ridge,Brooklyn,BK1001,40.63581152367,-74.02304103577
restaurant,THE BROOKLYN FIREFLY,New American,Bay Ridge,Brooklyn,BK1001,40.63471562338,-74.02643100117
restaurant,THE COFFEE CLUB,Coffee/Tea,Bay Ridge,Brooklyn,BK1001,40.6155969803,-74.03128594195
restaurant,THE COMMON,American,Bay Ridge,Brooklyn,BK1001,40.61781143166,-74.03337614476
restaurant,THE CORNER,American,Bay Ridge,Brooklyn,BK1001,40.62333731815,-74.03112027599
restaurant,THE HARP,American,Bay Ridge,Brooklyn,BK1001,40.62985687208,-74.02845736375
restaurant,THE KETTLE BLACK,American,Bay Ridge,Brooklyn,BK1001,40.62323300461,-74.03116345471
restaurant,THE NEW BRIDGEVIEW DINER,American,Bay Ridge,Brooklyn,BK1001,40.62073222953,-74.03216368305
restaurant,THE ORIGINAL PIZZA OF 4TH AVE,Pizza,Bay Ridge,Brooklyn,BK1001,40.63509233604,-74.02331100683
restaurant,THE POUR HOUSE OF BAY RIDGE,American,Bay Ridge,Brooklyn,BK1001,40.6284459144,-74.02901155677
restaurant,THE WICKED MONK,American,Bay Ridge,Brooklyn,BK1001,40.6170784856,-74.03367834166
restaurant,THREE JOLLY PIGEONS,Irish,Bay Ridge,Brooklyn,BK1001,40.636563025,-74.02571473523
restaurant,TOUS LES JOUR,Bakery Products/Desserts,Bay Ridge,Brooklyn,BK1001,40.62196872006,-74.02698427917
restaurant,TOWNHOUSE 275/ OISHI NYC,Japanese,Bay Ridge,Brooklyn,BK1001,40.618066573,-74.03379770862
restaurant,UBANI,Eastern European,Bay Ridge,Brooklyn,BK1001,40.62554162727,-74.03019548575
restaurant,UNCLE TAHER RESTAURANT,Mediterranean,Bay Ridge,Brooklyn,BK1001,40.63155735408,-74.02179661391
restaurant,UNCUTT BAR & RESTAURANT,American,Bay Ridge,Brooklyn,BK1001,40.63386465545,-74.02679815571
restaurant,VARA JUICE,"Juice, Smoothies, Fruit Salads",Bay Ridge,Brooklyn,BK1001,40.63146951417,-74.02183261252
restaurant,VESUVIO RESTAURANT & PIZZA,Pizza,Bay Ridge,Brooklyn,BK1001,40.63271448104,-74.02726605723
restaurant,VIRTUAL CRAVINGS,Mexican,Bay Ridge,Brooklyn,BK1001,40.63202821294,-74.02756840859
restaurant,WENDYS,Sandwiches,Bay Ridge,Brooklyn,BK1001,40.62244885991,-74.0278093899
restaurant,WHEEL BAGELS,American,Bay Ridge,Brooklyn,BK1001,40.63445549345,-74.02357019255
restaurant,WIN HING,Chinese,Bay Ridge,Brooklyn,BK1001,40.61384538837,-74.03278346113
restaurant,WIN HING,Chinese,Bay Ridge,Brooklyn,BK1001,40.61384538837,-74.03278346113
restaurant,WINDY CITY ALE HOUSE,American,Bay Ridge,Brooklyn,BK1001,40.62837454273,-74.02904034621
restaurant,WINGSTOP,Chicken,Bay Ridge,Brooklyn,BK1001,40.62247081819,-74.02780939909
restaurant,WONDER,Other,Bay Ridge,Brooklyn,BK1001,40.62935861157,-74.02267853666
restaurant,YEMEN CAFE OF BAY RIDGE,Middle Eastern,Bay Ridge,Brooklyn,BK1001,40.63080248359,-74.02208458283
restaurant,YEMEN WHDAH,Middle Eastern,Bay Ridge,Brooklyn,BK1001,40.63488702641,-74.02043579938
restaurant,YEMENAT,Middle Eastern,Bay Ridge,Brooklyn,BK1001,40.62774729213,-74.02333364925
restaurant,YOSWEETS,Frozen Desserts,Bay Ridge,Brooklyn,BK1001,40.62269644472,-74.0254247933
restaurant,ZIO TOTO,Italian,Bay Ridge,Brooklyn,BK1001,40.62486908278,-74.03046896148
restaurant,$1.50 HOT PIZZA,Pizza,Bedford-Stuyvesant (East),Brooklyn,BK0302,40.67928302117,-73.92923809585
restaurant,8-BIT BITES,American,Bedford-Stuyvesant (East),Brooklyn,BK0302,40.69058377169,-73.92570665038
restaurant,A FEI CHINESE RESTAURANT,Chinese,Bedford-Stuyvesant (East),Brooklyn,BK0302,40.68315979552,-73.94096641193
restaurant,A GUSTO,Thai,Bedford-Stuyvesant (East),Brooklyn,BK0302,40.68000140053,-73.9426240853
restaurant,AGAIN VINTAGE,Coffee/Tea,Bedford-Stuyvesant (East),Brooklyn,BK0302,40.68428099903,-73.93829005555
restaurant,AND BOTANI,Coffee/Tea,Bedford-Stuyvesant (East),Brooklyn,BK0302,40.6907083271,-73.93657846719
restaurant,ANTI CO. CAFE,American,Bedford-Stuyvesant (East),Brooklyn,BK0302,40.68585425415,-73.9296277218
restaurant,ASIAN YUMMY HOUSE,Chinese,Bedford-Stuyvesant (East),Brooklyn,BK0302,40.69928177695,-73.93939410739
restaurant,BADABOOM,French,Bedford-Stuyvesant (East),Brooklyn,BK0302,40.68220855353,-73.92026811489
restaurant,BAKERY BY TEXTBOOK,Coffee/Tea,Bedford-Stuyvesant (East),Brooklyn,BK0302,40.68594142782,-73.92023839438
restaurant,BARB'S,American,Bedford-Stuyvesant (East),Brooklyn,BK0302,40.68405042444,-73.93826503059
restaurant,BED-STUY FISH FRY,Caribbean,Bedford-Stuyvesant (East),Brooklyn,BK0302,40.68514037395,-73.92084510606
restaurant,BESO RESTAURANT AND BAR,Caribbean,Bedford-Stuyvesant (East),Brooklyn,BK0302,40.68292328987,-73.9350499428
restaurant,BK BAGELS,Coffee/Tea,Bedford-Stuyvesant (East),Brooklyn,BK0302,40.69372618893,-73.92950037925
restaurant,BKB,Other,Bedford-Stuyvesant (East),Brooklyn,BK0302,40.68320154556,-73.93209672691
restaurant,BKLYN PIZZA,Pizza,Bedford-Stuyvesant (East),Brooklyn,BK0302,40.68908397201,-73.9239486645
restaurant,BLACK STAR VINYL,Coffee/Tea,Bedford-Stuyvesant (East),Brooklyn,BK0302,40.68601344253,-73.93920789972
restaurant,BLOSSOM’S SOUL FOOD FUSION,Soul Food,Bedford-Stuyvesant (East),Brooklyn,BK0302,40.69261533624,-73.94056494738
restaurant,BONJOUR BROOKLYN BAKERY,Coffee/Tea,Bedford-Stuyvesant (East),Brooklyn,BK0302,40.69308322392,-73.92839038767
restaurant,BROADWAY PIZZA,Pizza,Bedford-Stuyvesant (East),Brooklyn,BK0302,40.69340745925,-73.92895619614
restaurant,BROOKLYN PUTNAM ARMORY,American,Bedford-Stuyvesant (East),Brooklyn,BK0302,40.68527776087,-73.9390535296
restaurant,BROOKLYN TEA,Coffee/Tea,Bedford-Stuyvesant (East),Brooklyn,BK0302,40.68145191071,-73.93473410153
restaurant,BUFFALO WINGS,Chicken,Bedford-Stuyvesant (East),Brooklyn,BK0302,40.68692725453,-73.93883567114
restaurant,BUNTOPIA BK,Chinese,Bedford-Stuyvesant (East),Brooklyn,BK0302,40.69611117399,-73.93372797759
restaurant,CAFE ERZULIE,Caribbean,Bedford-Stuyvesant (East),Brooklyn,BK0302,40.6979959768,-73.93708000337
restaurant,CAFE MIA,Coffee/Tea,Bedford-Stuyvesant (East),Brooklyn,BK0302,40.69361078638,-73.92930216552
restaurant,CAMPOS GRILL,Mexican,Bedford-Stuyvesant (East),Brooklyn,BK0302,40.68883233044,-73.93921613735
restaurant,CARNEGIE DINER AND CAFE,American,Bedford-Stuyvesant (East),Brooklyn,BK0302,40.69119269574,-73.92506771045
restaurant,CARTAZ CUISINE,Caribbean,Bedford-Stuyvesant (East),Brooklyn,BK0302,40.68165563259,-73.92248974468
restaurant,CHE,Coffee/Tea,Bedford-Stuyvesant (East),Brooklyn,BK0302,40.68252719045,-73.92898585979
restaurant,CHECKERS,Hamburgers,Bedford-Stuyvesant (East),Brooklyn,BK0302,40.69691924595,-73.93567456931
restaurant,CHEZ ALEX,Coffee/Tea,Bedford-Stuyvesant (East),Brooklyn,BK0302,40.68753846361,-73.92364754817
restaurant,CHEZ OSKAR,French,Bedford-Stuyvesant (East),Brooklyn,BK0302,40.6819235363,-73.92930378723
restaurant,CHIPOTLE MEXICAN GRILL,Tex-Mex,Bedford-Stuyvesant (East),Brooklyn,BK0302,40.70020488122,-73.94104502868
restaurant,CICCHETTI BK,Italian,Bedford-Stuyvesant (East),Brooklyn,BK0302,40.68202433678,-73.91981404493
restaurant,CINNABON / AUNTIE ANNE'S PRETZELS,Bakery Products/Desserts,Bedford-Stuyvesant (East),Brooklyn,BK0302,40.69972410362,-73.94019072805
restaurant,CITY SUBS,Other,Bedford-Stuyvesant (East),Brooklyn,BK0302,40.69957648588,-73.94135213364
restaurant,COCKTAIL BEDSTUY,New American,Bedford-Stuyvesant (East),Brooklyn,BK0302,40.68289872655,-73.94035730913
restaurant,CONCRETE,American,Bedford-Stuyvesant (East),Brooklyn,BK0302,40.69778716973,-73.9367087482
restaurant,CONFESSIONS BAR,Caribbean,Bedford-Stuyvesant (East),Brooklyn,BK0302,40.68585941429,-73.9386058901
restaurant,COOKLYN EATS,Soul Food,Bedford-Stuyvesant (East),Brooklyn,BK0302,40.69944747057,-73.941330609
restaurant,CRAB BROS,Seafood,Bedford-Stuyvesant (East),Brooklyn,BK0302,40.6855660308,-73.92959197038
restaurant,CROWN CHICKEN & GRILL,Chicken,Bedford-Stuyvesant (East),Brooklyn,BK0302,40.67900629522,-73.92156626836
restaurant,CROWN FRIED CHICKEN,Chicken,Bedford-Stuyvesant (East),Brooklyn,BK0302,40.68661882759,-73.92344307842
restaurant,CROWN FRIED CHICKEN,Chicken,Bedford-Stuyvesant (East),Brooklyn,BK0302,40.69256560333,-73.93993753812
restaurant,CROWN FRIED CHICKEN & PIZZA,American,Bedford-Stuyvesant (East),Brooklyn,BK0302,40.68991428391,-73.930459992
restaurant,CUTS & SLICES,Pizza,Bedford-Stuyvesant (East),Brooklyn,BK0302,40.68545852559,-73.92049497686
restaurant,DABAKH KINE RESTAURANT,African,Bedford-Stuyvesant (East),Brooklyn,BK0302,40.67870781635,-73.91863550812
restaurant,DAR525,Mediterranean,Bedford-Stuyvesant (East),Brooklyn,BK0302,40.68494562554,-73.9294520079
restaurant,DEEPDIVE BK,Not Listed/Not Applicable,Bedford-Stuyvesant (East),Brooklyn,BK0302,40.68218765061,-73.92593237003
restaurant,DEN OF SPLENDOR,American,Bedford-Stuyvesant (East),Brooklyn,BK0302,40.67940363591,-73.93848206397
restaurant,DICK & JANE'S BAR ROOM,Other,Bedford-Stuyvesant (East),Brooklyn,BK0302,40.68258209263,-73.92899661764
restaurant,DOMINO'S,Pizza,Bedford-Stuyvesant (East),Brooklyn,BK0302,40.69257155048,-73.94081741052
restaurant,DRAGON KING,Chinese,Bedford-Stuyvesant (East),Brooklyn,BK0302,40.69363826522,-73.92935262188
restaurant,DREAM HOUSE,Asian/Asian Fusion,Bedford-Stuyvesant (East),Brooklyn,BK0302,40.68312427639,-73.92276926348
restaurant,DUNKIN,Donuts,Bedford-Stuyvesant (East),Brooklyn,BK0302,40.69692744382,-73.9356096481
restaurant,E STYLE SEAFOOD BOILS,Seafood,Bedford-Stuyvesant (East),Brooklyn,BK0302,40.69991916244,-73.9405367721
restaurant,EARLY YVES,Coffee/Tea,Bedford-Stuyvesant (East),Brooklyn,BK0302,40.6836535528,-73.92622999808
restaurant,EL REY DE QUISQUEYA,Spanish,Bedford-Stuyvesant (East),Brooklyn,BK0302,40.69054142706,-73.92391814816
restaurant,FAMILIARS VEGAN COFFEE SHOP,Vegan,Bedford-Stuyvesant (East),Brooklyn,BK0302,40.68676433426,-73.9234933911
restaurant,FILLY LUV,Chicken,Bedford-Stuyvesant (East),Brooklyn,BK0302,40.68517346614,-73.92949142813
restaurant,FISH & CHIPS,American,Bedford-Stuyvesant (East),Brooklyn,BK0302,40.68308567919,-73.94095205563
restaurant,FLAT OUT BURGER,Hamburgers,Bedford-Stuyvesant (East),Brooklyn,BK0302,40.6861946525,-73.9297030811
restaurant,FROG,New American,Bedford-Stuyvesant (East),Brooklyn,BK0302,40.68483002553,-73.93842295405
restaurant,FULTON ALE HOUSE,Bottled Beverages,Bedford-Stuyvesant (East),Brooklyn,BK0302,40.68000694417,-73.94273224174
restaurant,GARDEN OASIS,Vegetarian,Bedford-Stuyvesant (East),Brooklyn,BK0302,40.68371386232,-73.9351861817
restaurant,GOOD FRIEND,Chinese,Bedford-Stuyvesant (East),Brooklyn,BK0302,40.6922801281,-73.93990173586
restaurant,GOOD OL DAYS DINER,American,Bedford-Stuyvesant (East),Brooklyn,BK0302,40.68357943462,-73.92621565811
restaurant,GUISA'O,Latin American,Bedford-Stuyvesant (East),Brooklyn,BK0302,40.694893969,-73.93156548246
restaurant,HI FRY BK 88,Chinese,Bedford-Stuyvesant (East),Brooklyn,BK0302,40.6952777334,-73.94050125938
restaurant,HIGH LIFE PATTY & JUICE BAR,American,Bedford-Stuyvesant (East),Brooklyn,BK0302,40.68401350739,-73.94113511606
restaurant,HOLY COW BURGERS,Hamburgers,Bedford-Stuyvesant (East),Brooklyn,BK0302,40.67998479258,-73.94234648591
restaurant,HOMEMADE TAQUERIA,Mexican,Bedford-Stuyvesant (East),Brooklyn,BK0302,40.69922407761,-73.9392823611
restaurant,INDIAN CURRY HEIGHTS,Indian,Bedford-Stuyvesant (East),Brooklyn,BK0302,40.68577332416,-73.92327458554
restaurant,J ADORE CAFE & PIZZA,Pizza,Bedford-Stuyvesant (East),Brooklyn,BK0302,40.68368703024,-73.92288038203
restaurant,JADE,American,Bedford-Stuyvesant (East),Brooklyn,BK0302,40.69658387855,-73.93478053806
restaurant,JAM1 RESTAURANT,Caribbean,Bedford-Stuyvesant (East),Brooklyn,BK0302,40.67979636816,-73.9389107385
restaurant,JAMAICAN FLAVORS,Caribbean,Bedford-Stuyvesant (East),Brooklyn,BK0302,40.69187686132,-73.94031318689
restaurant,JE T'AIME PATISSERIE,Bakery Products/Desserts,Bedford-Stuyvesant (East),Brooklyn,BK0302,40.68077280093,-73.93759746913
restaurant,JESS PUDD'IN,Bakery Products/Desserts,Bedford-Stuyvesant (East),Brooklyn,BK0302,40.68980651768,-73.93882580797
restaurant,KALINA,Latin American,Bedford-Stuyvesant (East),Brooklyn,BK0302,40.68741134977,-73.91842292346
restaurant,KINGS KITCHEN 158,Chinese,Bedford-Stuyvesant (East),Brooklyn,BK0302,40.69138088405,-73.93673648864
restaurant,KITTEN CAFE 627,Coffee/Tea,Bedford-Stuyvesant (East),Brooklyn,BK0302,40.68034336599,-73.94040647346
restaurant,KRAZY CHICKEN AND WINGS,American,Bedford-Stuyvesant (East),Brooklyn,BK0302,40.68178325383,-73.92882080339
restaurant,KRAZY PIZZA AND WINGS,American,Bedford-Stuyvesant (East),Brooklyn,BK0302,40.69680904815,-73.9349534187
restaurant,L' ANTAGONISTE,French,Bedford-Stuyvesant (East),Brooklyn,BK0302,40.68484711664,-73.92994608486
restaurant,LA DONNA RE'S,Soul Food,Bedford-Stuyvesant (East),Brooklyn,BK0302,40.6845291538,-73.93535124473
restaurant,LA DONNA RE'S,Soul Food,Bedford-Stuyvesant (East),Brooklyn,BK0302,40.6845291538,-73.93535124473
restaurant,LA RUTA DEL TACO,Other,Bedford-Stuyvesant (East),Brooklyn,BK0302,40.68428099903,-73.93829005555
restaurant,LACED BAKES,Bakery Products/Desserts,Bedford-Stuyvesant (East),Brooklyn,BK0302,40.69423452038,-73.9303977703
restaurant,LAKAY BISTRO,Creole/Cajun,Bedford-Stuyvesant (East),Brooklyn,BK0302,40.68864473897,-73.92384459793
restaurant,LAZIZA,Middle Eastern,Bedford-Stuyvesant (East),Brooklyn,BK0302,40.68241189654,-73.92896435001
restaurant,LE FATIMA,Spanish,Bedford-Stuyvesant (East),Brooklyn,BK0302,40.68743883085,-73.91846976483
restaurant,LEE CHINESE RESTAURANT,Chinese,Bedford-Stuyvesant (East),Brooklyn,BK0302,40.67899434452,-73.92420177142
restaurant,LINDA'S ASIAN KITCHEN,Chinese,Bedford-Stuyvesant (East),Brooklyn,BK0302,40.69360135759,-73.93186251556
restaurant,LITTLE CAESARS,Pizza,Bedford-Stuyvesant (East),Brooklyn,BK0302,40.69930100941,-73.93943015406
restaurant,LITTLE ITALY M & O PIZZA,Pizza,Bedford-Stuyvesant (East),Brooklyn,BK0302,40.69832017306,-73.93765310885
restaurant,LOVIN LIFE SALAD & JUICE HUB,"Juice, Smoothies, Fruit Salads",Bedford-Stuyvesant (East),Brooklyn,BK0302,40.67994683721,-73.92023838107
restaurant,LUCKY CHEN,Chinese,Bedford-Stuyvesant (East),Brooklyn,BK0302,40.69111300297,-73.92492356125
restaurant,LUCKY'S COCKTAIL LOUNGE,American,Bedford-Stuyvesant (East),Brooklyn,BK0302,40.68571393743,-73.93859881319
restaurant,LUNATICO,American,Bedford-Stuyvesant (East),Brooklyn,BK0302,40.68355702492,-73.93450848808
restaurant,MA LILLIT,Fusion,Bedford-Stuyvesant (East),Brooklyn,BK0302,40.68081149618,-73.92864878452
restaurant,MA-N-POP SOUL FOOD,Soul Food,Bedford-Stuyvesant (East),Brooklyn,BK0302,40.68365621595,-73.93517542123
restaurant,MAO MAO,Thai,Bedford-Stuyvesant (East),Brooklyn,BK0302,40.69602050052,-73.93356218085
restaurant,MARIAN'S,American,Bedford-Stuyvesant (East),Brooklyn,BK0302,40.68805124012,-73.92710132621
restaurant,MARY'S COFFEE SHOP,Spanish,Bedford-Stuyvesant (East),Brooklyn,BK0302,40.69260987099,-73.94061183103
restaurant,MCDONALD'S,Hamburgers,Bedford-Stuyvesant (East),Brooklyn,BK0302,40.67986271959,-73.93981201914
restaurant,MCDONALD'S,Hamburgers,Bedford-Stuyvesant (East),Brooklyn,BK0302,40.6892443643,-73.92164793171
restaurant,MI BELLA CHOLULITA,Mexican,Bedford-Stuyvesant (East),Brooklyn,BK0302,40.698119614,-73.93730348042
restaurant,MI SABOR CAFE,Latin American,Bedford-Stuyvesant (East),Brooklyn,BK0302,40.69747945745,-73.9361716993
restaurant,MILK & PULL,American,Bedford-Stuyvesant (East),Brooklyn,BK0302,40.68091032152,-73.92867031091
restaurant,MILLY'S PIZZERIA,Pizza,Bedford-Stuyvesant (East),Brooklyn,BK0302,40.69918286782,-73.93921027046
restaurant,MITCHELL'S KITCHEN,Caribbean,Bedford-Stuyvesant (East),Brooklyn,BK0302,40.6821903814,-73.92591073402
restaurant,NANA RAMEN,Asian/Asian Fusion,Bedford-Stuyvesant (East),Brooklyn,BK0302,40.68156915025,-73.9288030055
restaurant,NATURAL BLEND,Other,Bedford-Stuyvesant (East),Brooklyn,BK0302,40.68288129755,-73.92903595867
restaurant,NEOVISTA FRESH MARKET,American,Bedford-Stuyvesant (East),Brooklyn,BK0302,40.6991636353,-73.93917422392
restaurant,NEW CARRIZAL,Latin American,Bedford-Stuyvesant (East),Brooklyn,BK0302,40.68984618672,-73.92270375316
restaurant,NEW CHINA,Other,Bedford-Stuyvesant (East),Brooklyn,BK0302,40.69688927937,-73.93607850293
restaurant,NEW KING'S FOOD,Chinese,Bedford-Stuyvesant (East),Brooklyn,BK0302,40.68910995381,-73.93027693477
restaurant,NEW SIN LEE RESTAURANT,Chinese,Bedford-Stuyvesant (East),Brooklyn,BK0302,40.68170913597,-73.92880646093
restaurant,ODD FOX COFEE,Coffee/Tea,Bedford-Stuyvesant (East),Brooklyn,BK0302,40.68418370189,-73.94117102125
restaurant,ONETWOONE CAFÉ,Coffee/Tea,Bedford-Stuyvesant (East),Brooklyn,BK0302,40.68588861912,-73.92329608654
restaurant,PALACE ON FULTON,Pizza,Bedford-Stuyvesant (East),Brooklyn,BK0302,40.67899987458,-73.92426305556
restaurant,PARAGON,American,Bedford-Stuyvesant (East),Brooklyn,BK0302,40.69621558355,-73.93391539864
restaurant,PASSIONFRUIT COFFEE,Coffee/Tea,Bedford-Stuyvesant (East),Brooklyn,BK0302,40.68736536451,-73.92760328155
restaurant,PEACE CAFE,Coffee/Tea,Bedford-Stuyvesant (East),Brooklyn,BK0302,40.69894786866,-73.94122646467
restaurant,PEACHES,Soul Food,Bedford-Stuyvesant (East),Brooklyn,BK0302,40.68191308817,-73.93483099634
restaurant,PERI PERI,Chicken,Bedford-Stuyvesant (East),Brooklyn,BK0302,40.68471503571,-73.92940537961
restaurant,PIZZA CREW,Pizza,Bedford-Stuyvesant (East),Brooklyn,BK0302,40.68505818566,-73.9294915505
restaurant,PIZZA HUT,Pizza,Bedford-Stuyvesant (East),Brooklyn,BK0302,40.69872277338,-73.9411797808
restaurant,POPEYES,Chicken,Bedford-Stuyvesant (East),Brooklyn,BK0302,40.69691104804,-73.93573949051
restaurant,POPEYES,Armenian,Bedford-Stuyvesant (East),Brooklyn,BK0302,40.69026938012,-73.92344608268
restaurant,POPEYES,Chicken,Bedford-Stuyvesant (East),Brooklyn,BK0302,40.68006789101,-73.94386788317
restaurant,QUIUBO BAKERY,Latin American,Bedford-Stuyvesant (East),Brooklyn,BK0302,40.68416571853,-73.93829016264
restaurant,RAYAL LOUNGE,Caribbean,Bedford-Stuyvesant (East),Brooklyn,BK0302,40.67999588209,-73.94256640408
restaurant,RITA & MARIA,American,Bedford-Stuyvesant (East),Brooklyn,BK0302,40.68376730503,-73.93266583003
restaurant,ROCCO PIZZA III,American,Bedford-Stuyvesant (East),Brooklyn,BK0302,40.68287406108,-73.94042944188
restaurant,ROYAL RIB,American,Bedford-Stuyvesant (East),Brooklyn,BK0302,40.68437465713,-73.929362474
restaurant,SAISON,Bakery Products/Desserts,Bedford-Stuyvesant (East),Brooklyn,BK0302,40.6838911381,-73.9380993217
restaurant,SAJOMA,Latin American,Bedford-Stuyvesant (East),Brooklyn,BK0302,40.69260987286,-73.94061543709
restaurant,SARAGHINA RESTAURANT,Italian,Bedford-Stuyvesant (East),Brooklyn,BK0302,40.6834478489,-73.93559386968
restaurant,SECRET POUR,American,Bedford-Stuyvesant (East),Brooklyn,BK0302,40.69381432217,-73.9299907186
restaurant,SELUNE,Seafood,Bedford-Stuyvesant (East),Brooklyn,BK0302,40.68326633755,-73.93496307415
restaurant,SERGIO'S PIZZA,Pizza,Bedford-Stuyvesant (East),Brooklyn,BK0302,40.68280717973,-73.92902161574
restaurant,SOFIA & GRACE COOKIE COMPANY,Bakery Products/Desserts,Bedford-Stuyvesant (East),Brooklyn,BK0302,40.68436506444,-73.92299136881
restaurant,SOFIA'S BAGEL,Sandwiches,Bedford-Stuyvesant (East),Brooklyn,BK0302,40.68416571853,-73.93829016264
restaurant,SOFT BUTCH,Other,Bedford-Stuyvesant (East),Brooklyn,BK0302,40.68408677467,-73.92988198598
restaurant,SOLDIER RESTAURANT BUFFET,Caribbean,Bedford-Stuyvesant (East),Brooklyn,BK0302,40.68000971775,-73.94278992534
restaurant,SOLDIER'S JERK CENTER,Caribbean,Bedford-Stuyvesant (East),Brooklyn,BK0302,40.69042212804,-73.93056042664
restaurant,SONORA,Mexican,Bedford-Stuyvesant (East),Brooklyn,BK0302,40.68241141794,-73.91991092634
restaurant,SOULKOFA,Vegan,Bedford-Stuyvesant (East),Brooklyn,BK0302,40.68154857421,-73.9224718423
restaurant,STARBUCKS COFFEE #50622,Coffee/Tea,Bedford-Stuyvesant (East),Brooklyn,BK0302,40.70020488122,-73.94104502868
restaurant,SWEET TOOTH & CATERING,American,Bedford-Stuyvesant (East),Brooklyn,BK0302,40.68416571853,-73.93829016264
restaurant,TEX'S CHICKEN & BURGERS,Chicken,Bedford-Stuyvesant (East),Brooklyn,BK0302,40.69257225493,-73.92768775747
restaurant,THAI ME,Thai,Bedford-Stuyvesant (East),Brooklyn,BK0302,40.69749868892,-73.93620413774
restaurant,THE BROADWAY,Tex-Mex,Bedford-Stuyvesant (East),Brooklyn,BK0302,40.69103331239,-73.92478301836
restaurant,THE COYOTE CLUB,American,Bedford-Stuyvesant (East),Brooklyn,BK0302,40.68858127542,-73.94204334552
restaurant,THE MAC SHACK,American,Bedford-Stuyvesant (East),Brooklyn,BK0302,40.68185189556,-73.92885678459
restaurant,THE MUNCHIES,American,Bedford-Stuyvesant (East),Brooklyn,BK0302,40.67928302117,-73.92923809585
restaurant,THE SPOT CAFE,Latin American,Bedford-Stuyvesant (East),Brooklyn,BK0302,40.68196829978,-73.92213964815
restaurant,THERAPY WINE BAR 2.0,American,Bedford-Stuyvesant (East),Brooklyn,BK0302,40.68427308717,-73.92934094836
restaurant,TOAD STYLE,Vegan,Bedford-Stuyvesant (East),Brooklyn,BK0302,40.68684667264,-73.92348608478
restaurant,TOP TIER II CATERING,Soul Food,Bedford-Stuyvesant (East),Brooklyn,BK0302,40.68945384005,-73.9363524941
restaurant,TOWERS CAFE,American,Bedford-Stuyvesant (East),Brooklyn,BK0302,40.70052081595,-73.94160375387
restaurant,TRAD ROOM,Japanese,Bedford-Stuyvesant (East),Brooklyn,BK0302,40.68390249825,-73.92926923084
restaurant,TULUM,Mexican,Bedford-Stuyvesant (East),Brooklyn,BK0302,40.69496540834,-73.93169162539
restaurant,TURTLES ALL THE WAY DOWN,American,Bedford-Stuyvesant (East),Brooklyn,BK0302,40.68500054098,-73.92948440039
restaurant,TWIN GRILLS,Caribbean,Bedford-Stuyvesant (East),Brooklyn,BK0302,40.68588424481,-73.92089830506
restaurant,TWO BROTHERS FISH & CHIPS,Caribbean,Bedford-Stuyvesant (East),Brooklyn,BK0302,40.6979712501,-73.9370367506
restaurant,WENG'S GARDEN,Chinese,Bedford-Stuyvesant (East),Brooklyn,BK0302,40.68585412939,-73.92101011739
restaurant,WHITFIELD'S RESTAURANT BK2,Soul Food,Bedford-Stuyvesant (East),Brooklyn,BK0302,40.68466374304,-73.92640555197
restaurant,WONDERVILLE,American,Bedford-Stuyvesant (East),Brooklyn,BK0302,40.69250068569,-73.92736329062
restaurant,XING WANG,Chinese,Bedford-Stuyvesant (East),Brooklyn,BK0302,40.69753440705,-73.9362690173
restaurant,ZACA CAFE,French,Bedford-Stuyvesant (East),Brooklyn,BK0302,40.68225789419,-73.93790975227
restaurant,ZACA SALAD,"Juice, Smoothies, Fruit Salads",Bedford-Stuyvesant (East),Brooklyn,BK0302,40.68205201463,-73.93787028437
restaurant,ZAMZAM HALAL,Mediterranean,Bedford-Stuyvesant (East),Brooklyn,BK0302,40.68318355924,-73.9172563124
restaurant,ZIG ZAG,American,Bedford-Stuyvesant (East),Brooklyn,BK0302,40.68399552313,-73.93825426484
restaurant,357 HONG KONG CAFE,Chinese,Bedford-Stuyvesant (West),Brooklyn,BK0301,40.68716601873,-73.95686787115
restaurant,750 MYRTLE DINER,Japanese,Bedford-Stuyvesant (West),Brooklyn,BK0301,40.6949513443,-73.95281306912
restaurant,8 BIT BITES,American,Bedford-Stuyvesant (West),Brooklyn,BK0301,40.69125794354,-73.95547330382
restaurant,99 CENT PIZZA,Pizza,Bedford-Stuyvesant (West),Brooklyn,BK0301,40.68039180593,-73.94985617081
restaurant,A & A BAKE AND DOUBLE SHOP,Caribbean,Bedford-Stuyvesant (West),Brooklyn,BK0301,40.68031140629,-73.94805714152
restaurant,ALCHEMIQ,American,Bedford-Stuyvesant (West),Brooklyn,BK0301,40.69995593034,-73.94844930654
restaurant,ALI'S ROTI SHOP,Caribbean,Bedford-Stuyvesant (West),Brooklyn,BK0301,40.68044977648,-73.95061686608
restaurant,ANAIAH,Latin American,Bedford-Stuyvesant (West),Brooklyn,BK0301,40.69491577621,-73.95309077051
restaurant,APERION PRODUCTION,Jewish/Kosher,Bedford-Stuyvesant (West),Brooklyn,BK0301,40.69756710011,-73.95999862098
restaurant,ATM VEGAN DELI,Vegetarian,Bedford-Stuyvesant (West),Brooklyn,BK0301,40.69086009651,-73.95584859069
restaurant,ATOMIC WINGS,Chicken,Bedford-Stuyvesant (West),Brooklyn,BK0301,40.68057684795,-73.95253845252
restaurant,AVAS'S LIFELINE,Vegan,Bedford-Stuyvesant (West),Brooklyn,BK0301,40.69192661749,-73.94658761936
restaurant,BABY CHE,Coffee/Tea,Bedford-Stuyvesant (West),Brooklyn,BK0301,40.68605452633,-73.94444334235
restaurant,BAD LUCK BAR,American,Bedford-Stuyvesant (West),Brooklyn,BK0301,40.68207713065,-73.94993061388
restaurant,BAGEL NEST,American,Bedford-Stuyvesant (West),Brooklyn,BK0301,40.68055752974,-73.95228608804
restaurant,BAR BIRBA,Italian,Bedford-Stuyvesant (West),Brooklyn,BK0301,40.68748444364,-73.95695059732
restaurant,BAR CAMILLO,Italian,Bedford-Stuyvesant (West),Brooklyn,BK0301,40.68650471285,-73.944533109
restaurant,BARKER CAFETERIA,Coffee/Tea,Bedford-Stuyvesant (West),Brooklyn,BK0301,40.68423470049,-73.95033642083
restaurant,BATI ETHIOPIAN KITCHEN,Ethiopian,Bedford-Stuyvesant (West),Brooklyn,BK0301,40.68192169249,-73.95943837652
restaurant,BED-VYNE BREW,Bottled Beverages,Bedford-Stuyvesant (West),Brooklyn,BK0301,40.68480828872,-73.94421722965
restaurant,BEDS THAI,Thai,Bedford-Stuyvesant (West),Brooklyn,BK0301,40.68273200287,-73.9537772123
restaurant,BEDSTUY MIKE'S PIZZA,Pizza,Bedford-Stuyvesant (West),Brooklyn,BK0301,40.69565686026,-73.94679378044
restaurant,BKYLN KETTLE CAFE,Coffee/Tea,Bedford-Stuyvesant (West),Brooklyn,BK0301,40.6843965217,-73.94411301267
restaurant,BOMBAY GRILL,Indian,Bedford-Stuyvesant (West),Brooklyn,BK0301,40.68388490958,-73.95402880099
restaurant,BOMBAY HEIGHTS,Indian,Bedford-Stuyvesant (West),Brooklyn,BK0301,40.68827140621,-73.95490198003
restaurant,BREUKLYN TEQUILA,Mexican,Bedford-Stuyvesant (West),Brooklyn,BK0301,40.68314649721,-73.95385985141
restaurant,BROOKLYN BLEND,"Juice, Smoothies, Fruit Salads",Bedford-Stuyvesant (West),Brooklyn,BK0301,40.69243125428,-73.94573258
restaurant,BROOKLYN KOLACHE,Coffee/Tea,Bedford-Stuyvesant (West),Brooklyn,BK0301,40.69085456942,-73.95575123337
restaurant,BROWN BUTTER,American,Bedford-Stuyvesant (West),Brooklyn,BK0301,40.6833479141,-73.9439011671
restaurant,BROWN BUTTER CREAMERY,Frozen Desserts,Bedford-Stuyvesant (West),Brooklyn,BK0301,40.6848659237,-73.94420636434
restaurant,BUKA NEW YORK CORP,African,Bedford-Stuyvesant (West),Brooklyn,BK0301,40.68142950835,-73.95705186834
restaurant,BUNNY,Turkish,Bedford-Stuyvesant (West),Brooklyn,BK0301,40.68210182575,-73.94991256782
restaurant,BURGER KING,Hamburgers,Bedford-Stuyvesant (West),Brooklyn,BK0301,40.68036954601,-73.94917116278
restaurant,BUSHWICK TACO COMPANY,Mexican,Bedford-Stuyvesant (West),Brooklyn,BK0301,40.68170448183,-73.95839652944
restaurant,C'MON EVERYBODY,American,Bedford-Stuyvesant (West),Brooklyn,BK0301,40.68829145844,-73.95708709559
restaurant,CAFE BOSSA,Coffee/Tea,Bedford-Stuyvesant (West),Brooklyn,BK0301,40.68138385803,-73.94641582367
restaurant,CAFE CALACA,Coffee/Tea,Bedford-Stuyvesant (West),Brooklyn,BK0301,40.6814125307,-73.95571425725
restaurant,CAPTAIN DAN'S GOOD TIME TAVERN,American,Bedford-Stuyvesant (West),Brooklyn,BK0301,40.68840709902,-73.95113018965
restaurant,CARVEL CINNABON,Bakery Products/Desserts,Bedford-Stuyvesant (West),Brooklyn,BK0301,40.68452280414,-73.94415977948
restaurant,CHAMPION PIZZA,Pizza,Bedford-Stuyvesant (West),Brooklyn,BK0301,40.68057969397,-73.95278361804
restaurant,CHEENI,Coffee/Tea,Bedford-Stuyvesant (West),Brooklyn,BK0301,40.68067424147,-73.94336982416
restaurant,CHEF'S HALAL GRILL,Middle Eastern,Bedford-Stuyvesant (West),Brooklyn,BK0301,40.68039180593,-73.94985617081
restaurant,CHICKEN FEASTIN,Chicken,Bedford-Stuyvesant (West),Brooklyn,BK0301,40.68697929216,-73.94398463829
restaurant,CHICKEN STOP,Chicken,Bedford-Stuyvesant (West),Brooklyn,BK0301,40.68039457435,-73.94991024965
restaurant,CHILO'S,Tex-Mex,Bedford-Stuyvesant (West),Brooklyn,BK0301,40.68834635796,-73.9570978776
restaurant,CHINA CITY,Chinese,Bedford-Stuyvesant (West),Brooklyn,BK0301,40.69565139581,-73.94684787817
restaurant,CHINA GARDEN,Chinese,Bedford-Stuyvesant (West),Brooklyn,BK0301,40.69477708035,-73.95635085145
restaurant,CHINANTLA,Mexican,Bedford-Stuyvesant (West),Brooklyn,BK0301,40.69443164717,-73.95743653174
restaurant,CHIPOTLE MEXICAN GRILL,Tex-Mex,Bedford-Stuyvesant (West),Brooklyn,BK0301,40.68060452721,-73.95310087617
restaurant,CHUN VEGETARIAN,Vegetarian,Bedford-Stuyvesant (West),Brooklyn,BK0301,40.67882720207,-73.94966987565
restaurant,CINNABON,American,Bedford-Stuyvesant (West),Brooklyn,BK0301,40.68058521617,-73.95286293304
restaurant,CLEMENTINE BAKERY,Vegan,Bedford-Stuyvesant (West),Brooklyn,BK0301,40.68752113348,-73.95972341979
restaurant,COFFEE UPLIFTS PEOPLE,Coffee/Tea,Bedford-Stuyvesant (West),Brooklyn,BK0301,40.68586648981,-73.95366325469
restaurant,COFFEE WITH MILK,Other,Bedford-Stuyvesant (West),Brooklyn,BK0301,40.68157204642,-73.94982643625
restaurant,COMMUNE,American,Bedford-Stuyvesant (West),Brooklyn,BK0301,40.68678548335,-73.95957963618
restaurant,CONOHEN,Japanese,Bedford-Stuyvesant (West),Brooklyn,BK0301,40.6849345606,-73.94424236311
restaurant,COOKIE'S,American,Bedford-Stuyvesant (West),Brooklyn,BK0301,40.69494040228,-73.95290323151
restaurant,COPA CABANA SEAFOOD AND BRUNCH,Seafood,Bedford-Stuyvesant (West),Brooklyn,BK0301,40.68030048268,-73.94817973333
restaurant,CORTO,Coffee/Tea,Bedford-Stuyvesant (West),Brooklyn,BK0301,40.68256525714,-73.9430977986
restaurant,CORTO AFTER HOURS,Tapas,Bedford-Stuyvesant (West),Brooklyn,BK0301,40.68255979442,-73.94315188597
restaurant,CROWN FRIED CHICKEN,Chicken,Bedford-Stuyvesant (West),Brooklyn,BK0301,40.68120402921,-73.95597759329
restaurant,CROWN FRIED CHICKEN,Chicken,Bedford-Stuyvesant (West),Brooklyn,BK0301,40.68729529297,-73.94470913156
restaurant,DAPHNE'S,Italian,Bedford-Stuyvesant (West),Brooklyn,BK0301,40.6827866969,-73.94133811259
restaurant,DAVE'S HOT CHICKEN,Chicken,Bedford-Stuyvesant (West),Brooklyn,BK0301,40.68059348309,-73.9529422461
restaurant,DAVID'S BRISKET HOUSE,Sandwiches,Bedford-Stuyvesant (West),Brooklyn,BK0301,40.67921144522,-73.94961189925
restaurant,DEAR FRIEND BOOKS,American,Bedford-Stuyvesant (West),Brooklyn,BK0301,40.68605452633,-73.94444334235
restaurant,DEPT. OF CULTURE,African,Bedford-Stuyvesant (West),Brooklyn,BK0301,40.68709774656,-73.95090759591
restaurant,DISCO BIRDIES,Chicken,Bedford-Stuyvesant (West),Brooklyn,BK0301,40.68722915259,-73.95687864746
restaurant,DIWALI INDIAN CUISINE,Indian,Bedford-Stuyvesant (West),Brooklyn,BK0301,40.68059063442,-73.95268986972
restaurant,DO OR DIVE,American,Bedford-Stuyvesant (West),Brooklyn,BK0301,40.68680832662,-73.95461090816
restaurant,DOCTOR'S CAVE CAFE,American,Bedford-Stuyvesant (West),Brooklyn,BK0301,40.68414811063,-73.94698327852
restaurant,DOLORES,Mexican,Bedford-Stuyvesant (West),Brooklyn,BK0301,40.68390790442,-73.94401607293
restaurant,DOMINO'S,Pizza,Bedford-Stuyvesant (West),Brooklyn,BK0301,40.67999018585,-73.94215539643
restaurant,DON'T CALL ME SHIRLEY,American,Bedford-Stuyvesant (West),Brooklyn,BK0301,40.68729229459,-73.95691105839
restaurant,DORIS,American,Bedford-Stuyvesant (West),Brooklyn,BK0301,40.68142678788,-73.95711676822
restaurant,DREAMERY,Frozen Desserts,Bedford-Stuyvesant (West),Brooklyn,BK0301,40.68746334551,-73.95930518451
restaurant,DREAMS OF SUGAR,Bakery Products/Desserts,Bedford-Stuyvesant (West),Brooklyn,BK0301,40.68151440142,-73.94981566342
restaurant,DUNKIN,Donuts,Bedford-Stuyvesant (West),Brooklyn,BK0301,40.68109678943,-73.95547650914
restaurant,DUNKIN' / 'BASKIN ROBBINS,Coffee/Tea,Bedford-Stuyvesant (West),Brooklyn,BK0301,40.68980181704,-73.95201261042
restaurant,Dunkin,Coffee/Tea,Bedford-Stuyvesant (West),Brooklyn,BK0301,40.68033633527,-73.94855827153
restaurant,EL JEFFE,Mexican,Bedford-Stuyvesant (West),Brooklyn,BK0301,40.67998464167,-73.94204724007
restaurant,EL RINCON DE MACON,Spanish,Bedford-Stuyvesant (West),Brooklyn,BK0301,40.68089402545,-73.94968633687
restaurant,ESPINAL DELI & GROCERY,Spanish,Bedford-Stuyvesant (West),Brooklyn,BK0301,40.69025725827,-73.95155793413
restaurant,FAMOUS JOE PIZZERIA,Pizza,Bedford-Stuyvesant (West),Brooklyn,BK0301,40.69069589734,-73.95713241955
restaurant,FAN FAN DOUGHNUTS,Bakery Products/Desserts,Bedford-Stuyvesant (West),Brooklyn,BK0301,40.68919178186,-73.95718747836
restaurant,FANSWAY JAPANESE GRILL,Japanese,Bedford-Stuyvesant (West),Brooklyn,BK0301,40.68057417172,-73.95270430306
restaurant,FATBOY'S VEGAN BURGERS,Vegan,Bedford-Stuyvesant (West),Brooklyn,BK0301,40.67913459469,-73.94961916819
restaurant,FOOTPRINTS,Caribbean,Bedford-Stuyvesant (West),Brooklyn,BK0301,40.67861860549,-73.94968445488
restaurant,FOR ALL THINGS GOOD,Mexican,Bedford-Stuyvesant (West),Brooklyn,BK0301,40.68761344936,-73.9569541195
restaurant,FULTON FOOD COURT,Middle Eastern,Bedford-Stuyvesant (West),Brooklyn,BK0301,40.6807228482,-73.95382908605
restaurant,FULTON GRAND BAR,American,Bedford-Stuyvesant (West),Brooklyn,BK0301,40.6823423385,-73.96145359457
restaurant,FURMAN'S COFFEE,Coffee/Tea,Bedford-Stuyvesant (West),Brooklyn,BK0301,40.67875583,-73.94965190319
restaurant,GADDY LANE,New American,Bedford-Stuyvesant (West),Brooklyn,BK0301,40.69995593034,-73.94844930654
restaurant,GANNI'S PIZZERIA,Pizza,Bedford-Stuyvesant (West),Brooklyn,BK0301,40.69437413894,-73.95779357783
restaurant,GENAO,Latin American,Bedford-Stuyvesant (West),Brooklyn,BK0301,40.69958341317,-73.94423367079
restaurant,GENO'S FISH & CHIPS,Seafood,Bedford-Stuyvesant (West),Brooklyn,BK0301,40.68534917536,-73.95055913877
restaurant,GLORIETTA BALDY,American,Bedford-Stuyvesant (West),Brooklyn,BK0301,40.68149488926,-73.95575386234
restaurant,GOLDA,Mediterranean,Bedford-Stuyvesant (West),Brooklyn,BK0301,40.68144547914,-73.9557430789
restaurant,GREEN CHILLI,Indian,Bedford-Stuyvesant (West),Brooklyn,BK0301,40.68082539975,-73.94967196717
restaurant,GREENBERG'S BAGELS,Bagels/Pretzels,Bedford-Stuyvesant (West),Brooklyn,BK0301,40.6874616241,-73.95471502933
restaurant,GRILL ON LEE,Jewish/Kosher,Bedford-Stuyvesant (West),Brooklyn,BK0301,40.69521896257,-73.95628204324
restaurant,GUA-CU-CO BED-STUY,Latin American,Bedford-Stuyvesant (West),Brooklyn,BK0301,40.69195495278,-73.94273997016
restaurant,HADJA MARLEY,African,Bedford-Stuyvesant (West),Brooklyn,BK0301,40.6812535263,-73.95621551964
restaurant,HALAL RESTAURANT,African,Bedford-Stuyvesant (West),Brooklyn,BK0301,40.68074209934,-73.95392281344
restaurant,HART'S,American,Bedford-Stuyvesant (West),Brooklyn,BK0301,40.68139332425,-73.9557322973
restaurant,HARTLEY'S,American,Bedford-Stuyvesant (West),Brooklyn,BK0301,40.68271558533,-73.96132718476
restaurant,HATCH,American,Bedford-Stuyvesant (West),Brooklyn,BK0301,40.68480828872,-73.94421722965
restaurant,HO WAH RESTAURANT,Chinese,Bedford-Stuyvesant (West),Brooklyn,BK0301,40.68687815862,-73.94485731442
restaurant,HOME FRITE,American,Bedford-Stuyvesant (West),Brooklyn,BK0301,40.68813963721,-73.95485158808
restaurant,HOUSE OF WONDER,Coffee/Tea,Bedford-Stuyvesant (West),Brooklyn,BK0301,40.68217219758,-73.96155825255
restaurant,HUNTER'S SPICE GRILL,Caribbean,Bedford-Stuyvesant (West),Brooklyn,BK0301,40.68039457435,-73.94991024965
restaurant,ICE CREAM HOUSE ON BEDFORD,Jewish/Kosher,Bedford-Stuyvesant (West),Brooklyn,BK0301,40.69392881199,-73.95600161433
restaurant,IFFYS HOT CHICKEN & WINGS,Indian,Bedford-Stuyvesant (West),Brooklyn,BK0301,40.67861859599,-73.9496628231
restaurant,INDIA HOUSE,Other,Bedford-Stuyvesant (West),Brooklyn,BK0301,40.6786872217,-73.94967719231
restaurant,INITIAL TEA,"Juice, Smoothies, Fruit Salads",Bedford-Stuyvesant (West),Brooklyn,BK0301,40.69056188807,-73.95844867667
restaurant,IV Purpose,American,Bedford-Stuyvesant (West),Brooklyn,BK0301,40.67997632703,-73.94188861092
restaurant,IVY COFFEE,American,Bedford-Stuyvesant (West),Brooklyn,BK0301,40.68498274036,-73.94177606188
restaurant,IZAKAYA TENZO,Japanese,Bedford-Stuyvesant (West),Brooklyn,BK0301,40.68639383292,-73.95452825981
restaurant,JAMAICAN FLAVORS,Caribbean,Bedford-Stuyvesant (West),Brooklyn,BK0301,40.68082813503,-73.94965033259
restaurant,JILLICIOUS FOODS & EVENTS LLC,American,Bedford-Stuyvesant (West),Brooklyn,BK0301,40.69995593034,-73.94844930654
restaurant,JOLOFF,African,Bedford-Stuyvesant (West),Brooklyn,BK0301,40.68409078354,-73.95406832007
restaurant,JUICI PATTIES,Caribbean,Bedford-Stuyvesant (West),Brooklyn,BK0301,40.68037782984,-73.94928292366
restaurant,KENNEDY CHICKEN AND BURGER,Chicken,Bedford-Stuyvesant (West),Brooklyn,BK0301,40.67990152281,-73.94053305773
restaurant,KENNEDY PIZZA & CHICKEN,Chicken,Bedford-Stuyvesant (West),Brooklyn,BK0301,40.68966708172,-73.9514393699
restaurant,KFC,Chicken,Bedford-Stuyvesant (West),Brooklyn,BK0301,40.68932822603,-73.95511040354
restaurant,KING OF THE SEA,Seafood,Bedford-Stuyvesant (West),Brooklyn,BK0301,40.68700047505,-73.9546468344
restaurant,KORKSCREW BISTRO,American,Bedford-Stuyvesant (West),Brooklyn,BK0301,40.69371591847,-73.94596592805
restaurant,KYO,Asian/Asian Fusion,Bedford-Stuyvesant (West),Brooklyn,BK0301,40.68655687925,-73.94456551701
restaurant,LE BAOBAB GOUYGI II RESTAURANT,African,Bedford-Stuyvesant (West),Brooklyn,BK0301,40.68056029552,-73.95233656172
restaurant,LE PARIS DAKAR,French,Bedford-Stuyvesant (West),Brooklyn,BK0301,40.68117401935,-73.94974741725
restaurant,LE PARIS DAKAR,French,Bedford-Stuyvesant (West),Brooklyn,BK0301,40.68023666329,-73.94667633685
restaurant,LEE'S TAVERN,American,Bedford-Stuyvesant (West),Brooklyn,BK0301,40.68219638999,-73.95284015682
restaurant,LER LERS,Thai,Bedford-Stuyvesant (West),Brooklyn,BK0301,40.68312282144,-73.94385809066
restaurant,LITTLE CAESAR,Other,Bedford-Stuyvesant (West),Brooklyn,BK0301,40.6803473903,-73.94872771643
restaurant,LITTLE GRENJAI,Thai,Bedford-Stuyvesant (West),Brooklyn,BK0301,40.68652825112,-73.94790083952
restaurant,LITTLE ROY COFFEE CO,Coffee/Tea,Bedford-Stuyvesant (West),Brooklyn,BK0301,40.68882536281,-73.9473221013
restaurant,LO-FI CAFE,Coffee/Tea,Bedford-Stuyvesant (West),Brooklyn,BK0301,40.68349903687,-73.95018914272
restaurant,LUCI'S CAFE,Other,Bedford-Stuyvesant (West),Brooklyn,BK0301,40.68295160226,-73.9538203259
restaurant,LUCY'S VIETNAMESE,Asian/Asian Fusion,Bedford-Stuyvesant (West),Brooklyn,BK0301,40.68566365573,-73.95435929264
restaurant,MACOSA,Italian,Bedford-Stuyvesant (West),Brooklyn,BK0301,40.68721294281,-73.94469477705
restaurant,MADEMOISELLE'S COFFEE,Coffee/Tea,Bedford-Stuyvesant (West),Brooklyn,BK0301,40.69995593034,-73.94844930654
restaurant,MAKE MANIFEST CAFE,Vegan,Bedford-Stuyvesant (West),Brooklyn,BK0301,40.68426751556,-73.9441095156
restaurant,MARCY & MYRTLE COFFEE BAR,Coffee/Tea,Bedford-Stuyvesant (West),Brooklyn,BK0301,40.69504859114,-73.94915271648
restaurant,MCDONALD'S,American,Bedford-Stuyvesant (West),Brooklyn,BK0301,40.68043593579,-73.95034647156
restaurant,MI DAWTA DEM KITCHIN,Caribbean,Bedford-Stuyvesant (West),Brooklyn,BK0301,40.67889580877,-73.94964098117
restaurant,MILLY'S,American,Bedford-Stuyvesant (West),Brooklyn,BK0301,40.68793392487,-73.95522312575
restaurant,NAGLES BAGELS,Bagels/Pretzels,Bedford-Stuyvesant (West),Brooklyn,BK0301,40.68439378747,-73.94413464865
restaurant,NATURAL BLEND,Vegetarian,Bedford-Stuyvesant (West),Brooklyn,BK0301,40.68944199046,-73.95139265794
restaurant,NAWABI BHOJ,Indian,Bedford-Stuyvesant (West),Brooklyn,BK0301,40.68046637367,-73.95091610187
restaurant,NEW IMPERIAL KITCHEN,Chinese,Bedford-Stuyvesant (West),Brooklyn,BK0301,40.68124255959,-73.95624797584
restaurant,NEW PEOPLE'S KITCHEN,Chinese,Bedford-Stuyvesant (West),Brooklyn,BK0301,40.67993199464,-73.941073836
restaurant,NEW WONDERFUL ASIAN RESTAURANT,Chinese,Bedford-Stuyvesant (West),Brooklyn,BK0301,40.68554121342,-73.94436084115
restaurant,NORIBAR,Jewish/Kosher,Bedford-Stuyvesant (West),Brooklyn,BK0301,40.69422527921,-73.95608435929
restaurant,NOSTRAND CAFE,Coffee/Tea,Bedford-Stuyvesant (West),Brooklyn,BK0301,40.68981255775,-73.95144647535
restaurant,NOT JUST PIZZA,Pizza,Bedford-Stuyvesant (West),Brooklyn,BK0301,40.68035030539,-73.94910988582
restaurant,NZURI BAR & LOUNGE,Caribbean,Bedford-Stuyvesant (West),Brooklyn,BK0301,40.68056038228,-73.95254567509
restaurant,O'S NATURAL,Jewish/Kosher,Bedford-Stuyvesant (West),Brooklyn,BK0301,40.69460399412,-73.95591822523
restaurant,ORIGINAL RICKY'S,Caribbean,Bedford-Stuyvesant (West),Brooklyn,BK0301,40.67995692473,-73.94151727461
restaurant,PADMORE'S,Coffee/Tea,Bedford-Stuyvesant (West),Brooklyn,BK0301,40.68148851795,-73.95352569571
restaurant,PAPA JOHN'S,Pizza,Bedford-Stuyvesant (West),Brooklyn,BK0301,40.68046637367,-73.95091610187
restaurant,PATTIE PARADISE CAFE,Caribbean,Bedford-Stuyvesant (West),Brooklyn,BK0301,40.67997355482,-73.94183453276
restaurant,PAUL'S,American,Bedford-Stuyvesant (West),Brooklyn,BK0301,40.68894513446,-73.95127042231
restaurant,PEACHES HOTHOUSE,Soul Food,Bedford-Stuyvesant (West),Brooklyn,BK0301,40.68328752378,-73.94389040144
restaurant,PETISCO BRAZUCA,Brazilian,Bedford-Stuyvesant (West),Brooklyn,BK0301,40.69230380599,-73.94327696965
restaurant,PHIL CAFE,Coffee/Tea,Bedford-Stuyvesant (West),Brooklyn,BK0301,40.68923008296,-73.95685210733
restaurant,PLATANAR BAR AND RESTAURANT,Other,Bedford-Stuyvesant (West),Brooklyn,BK0301,40.68337276628,-73.95016399851
restaurant,PLATTERS KING,American,Bedford-Stuyvesant (West),Brooklyn,BK0301,40.69531777467,-73.94959607365
restaurant,PLAYGROUND COFFEE SHOP,Coffee/Tea,Bedford-Stuyvesant (West),Brooklyn,BK0301,40.68661617675,-73.9545713764
restaurant,POPEYES,Chicken,Bedford-Stuyvesant (West),Brooklyn,BK0301,40.68108304033,-73.95541162057
restaurant,POPEYES LOUISIANA KITCHEN,Chicken,Bedford-Stuyvesant (West),Brooklyn,BK0301,40.69047959403,-73.95157940763
restaurant,PUNTA CANA,Latin American,Bedford-Stuyvesant (West),Brooklyn,BK0301,40.69071231331,-73.95699177671
restaurant,PURE GREEN,"Juice, Smoothies, Fruit Salads",Bedford-Stuyvesant (West),Brooklyn,BK0301,40.68585281398,-73.95378225205
restaurant,REGINAS GROCERY,Italian,Bedford-Stuyvesant (West),Brooklyn,BK0301,40.68751927005,-73.95472941316
restaurant,REL8TIV,Coffee/Tea,Bedford-Stuyvesant (West),Brooklyn,BK0301,40.68823107747,-73.95709795206
restaurant,RINCONCITO DOMEX,Mexican,Bedford-Stuyvesant (West),Brooklyn,BK0301,40.69075066012,-73.9567790004
restaurant,ROCCO PIZZA,Pizza,Bedford-Stuyvesant (West),Brooklyn,BK0301,40.69198675768,-73.94606469743
restaurant,RUSTIK TAVERN,American,Bedford-Stuyvesant (West),Brooklyn,BK0301,40.69057830696,-73.95831164038
restaurant,SALLY'S,Caribbean,Bedford-Stuyvesant (West),Brooklyn,BK0301,40.69411394781,-73.94604493932
restaurant,SAMURAI PAPA,Japanese,Bedford-Stuyvesant (West),Brooklyn,BK0301,40.68989748319,-73.95106418671
restaurant,SEED BROOKLYN,Coffee/Tea,Bedford-Stuyvesant (West),Brooklyn,BK0301,40.68168066825,-73.9535652214
restaurant,SHAKE SHACK,Hamburgers,Bedford-Stuyvesant (West),Brooklyn,BK0301,40.68060452721,-73.95310087617
restaurant,SINGERS,American,Bedford-Stuyvesant (West),Brooklyn,BK0301,40.69033229152,-73.95379716478
restaurant,SMØR CLINTON HILL,Scandinavian,Bedford-Stuyvesant (West),Brooklyn,BK0301,40.68276211077,-73.96092694457
restaurant,SONBUL,Korean,Bedford-Stuyvesant (West),Brooklyn,BK0301,40.69206749926,-73.94276150931
restaurant,STAR CAFE & BAKERY,Bangladeshi,Bedford-Stuyvesant (West),Brooklyn,BK0301,40.68052993285,-73.95192917302
restaurant,STONEFRUIT,Coffee/Tea,Bedford-Stuyvesant (West),Brooklyn,BK0301,40.68881491385,-73.95500978658
restaurant,SUGAR HILL,American,Bedford-Stuyvesant (West),Brooklyn,BK0301,40.69138798245,-73.9512686301
restaurant,SWEETBEE COFFEE,Coffee/Tea,Bedford-Stuyvesant (West),Brooklyn,BK0301,40.68210315056,-73.96030358278
restaurant,SWEETS FOR THE SWEETIES,Frozen Desserts,Bedford-Stuyvesant (West),Brooklyn,BK0301,40.69374773233,-73.9436327424
restaurant,TACO BELL CANTINA,Tex-Mex,Bedford-Stuyvesant (West),Brooklyn,BK0301,40.68055637381,-73.94958564129
restaurant,TAK KING CHINESE RESTAURANT,Chinese,Bedford-Stuyvesant (West),Brooklyn,BK0301,40.68023112169,-73.94656457432
restaurant,TAMAR JUICE BAR,"Juice, Smoothies, Fruit Salads",Bedford-Stuyvesant (West),Brooklyn,BK0301,40.68697929216,-73.94398463829
restaurant,TARTINERY LAB / BEST DAMN BREAKFAST BURRITO,American,Bedford-Stuyvesant (West),Brooklyn,BK0301,40.69995593034,-73.94844930654
restaurant,TEA SPOT,Coffee/Tea,Bedford-Stuyvesant (West),Brooklyn,BK0301,40.68039180593,-73.94985617081
restaurant,THE BUREAU CAFE,Coffee/Tea,Bedford-Stuyvesant (West),Brooklyn,BK0301,40.68922237953,-73.95132430703
restaurant,THE BUSH DOCTOR JUICE BAR,"Juice, Smoothies, Fruit Salads",Bedford-Stuyvesant (West),Brooklyn,BK0301,40.68746822066,-73.94472341074
restaurant,THE CAFE AT ARTSHACK,Coffee/Tea,Bedford-Stuyvesant (West),Brooklyn,BK0301,40.68487584376,-73.95420479148
restaurant,THE FLY,American,Bedford-Stuyvesant (West),Brooklyn,BK0301,40.68206138996,-73.95863787344
restaurant,THE FRANKLIN,American,Bedford-Stuyvesant (West),Brooklyn,BK0301,40.68321599736,-73.95610245414
restaurant,THE GROTTO AUTHENTIC CARIBBEAN CUISINE,Caribbean,Bedford-Stuyvesant (West),Brooklyn,BK0301,40.68729813046,-73.95094350551
restaurant,THE HATCH,Caribbean,Bedford-Stuyvesant (West),Brooklyn,BK0301,40.69995593034,-73.94844930654
restaurant,THE HOLLER,American,Bedford-Stuyvesant (West),Brooklyn,BK0301,40.68722641595,-73.95690028383
restaurant,THE REP MUSIC CAFE,Coffee/Tea,Bedford-Stuyvesant (West),Brooklyn,BK0301,40.68359786753,-73.95023233544
restaurant,THE SWAN,American,Bedford-Stuyvesant (West),Brooklyn,BK0301,40.68909764812,-73.95506728895
restaurant,THE TACO BAR,Mexican,Bedford-Stuyvesant (West),Brooklyn,BK0301,40.68713059091,-73.94467681681
restaurant,URSULA BROOKLYN,Mexican,Bedford-Stuyvesant (West),Brooklyn,BK0301,40.68449273111,-73.95038670656
restaurant,VIDA'S BROOKLYN,Frozen Desserts,Bedford-Stuyvesant (West),Brooklyn,BK0301,40.69176526355,-73.94786427754
restaurant,WADADLI JERK,Latin American,Bedford-Stuyvesant (West),Brooklyn,BK0301,40.68464931376,-73.94467527769
restaurant,WARUDE,Japanese,Bedford-Stuyvesant (West),Brooklyn,BK0301,40.6843965217,-73.94411301267
restaurant,WELCOME HOME,Bakery Products/Desserts,Bedford-Stuyvesant (West),Brooklyn,BK0301,40.68813963721,-73.95485158808
restaurant,WING CHEONG,Chinese,Bedford-Stuyvesant (West),Brooklyn,BK0301,40.68017022044,-73.94546858683
restaurant,WING STOP,Chicken,Bedford-Stuyvesant (West),Brooklyn,BK0301,40.68040010955,-73.95001480195
restaurant,WINONA'S,New American,Bedford-Stuyvesant (West),Brooklyn,BK0301,40.70026209665,-73.94574421347
restaurant,WONDER,American,Bedford-Stuyvesant (West),Brooklyn,BK0301,40.68222137173,-73.96087318021
restaurant,WU LOU LOUNGE,American,Bedford-Stuyvesant (West),Brooklyn,BK0301,40.67929355753,-73.95569764314
restaurant,XIN GOLDEN HING CHINESE RESTAURANT,Chinese,Bedford-Stuyvesant (West),Brooklyn,BK0301,40.68774436709,-73.95479416404
restaurant,XOCHITL TAQUERIA,Mexican,Bedford-Stuyvesant (West),Brooklyn,BK0301,40.68231484703,-73.96132381256
restaurant,YEMENI SOCOTRA RESTAURANT,Other,Bedford-Stuyvesant (West),Brooklyn,BK0301,40.6828676933,-73.95008505577
restaurant,YF EVENT PLANNING,Jewish/Kosher,Bedford-Stuyvesant (West),Brooklyn,BK0301,40.70018556864,-73.94643671819
restaurant,ZZ WINE AND BEER,American,Bedford-Stuyvesant (West),Brooklyn,BK0301,40.68048208943,-73.94333393396
restaurant,1 QUETZAL,Mexican,Bensonhurst,Brooklyn,BK1101,40.61804960025,-73.9993156173
restaurant,18 AVE BARBEQUE,Chinese,Bensonhurst,Brooklyn,BK1101,40.60767429459,-74.00210324811
restaurant,18 BAKERY,Bakery Products/Desserts,Bensonhurst,Brooklyn,BK1101,40.61722589518,-73.99211168663
restaurant,18TH AVE CAFE G,Eastern European,Bensonhurst,Brooklyn,BK1101,40.60685907204,-74.00304318984
restaurant,65 Kuho Sushi & Hot Pot,Fusion,Bensonhurst,Brooklyn,BK1101,40.62030279916,-73.99211852587
restaurant,86 GOLDEN BAY RESTAURANT,Chinese,Bensonhurst,Brooklyn,BK1101,40.60263203223,-73.9949943609
restaurant,98K HAMBURGER,Chicken,Bensonhurst,Brooklyn,BK1101,40.60376023029,-73.99793648931
restaurant,ABBY'S COFFEE SHOP,American,Bensonhurst,Brooklyn,BK1101,40.61187894761,-73.99069686066
restaurant,ALEGRITO ESPRESSO BAR,Coffee/Tea,Bensonhurst,Brooklyn,BK1101,40.61360697657,-73.98107628164
restaurant,ANITA'S LUNCHEONETTE,Mexican,Bensonhurst,Brooklyn,BK1101,40.62418670389,-73.99264761043
restaurant,ANTOJITOS DELI FOOD,Latin American,Bensonhurst,Brooklyn,BK1101,40.60536320316,-73.99954623279
restaurant,ARBERIA GRILL AND CAFE,Mediterranean,Bensonhurst,Brooklyn,BK1101,40.61211062757,-73.97857353109
restaurant,B66 CLUB,Russian,Bensonhurst,Brooklyn,BK1101,40.62276512366,-73.99796111538
restaurant,BAY BAGELS,American,Bensonhurst,Brooklyn,BK1101,40.61491336737,-73.98032312439
restaurant,BEEF BERGUR,Bakery Products/Desserts,Bensonhurst,Brooklyn,BK1101,40.61837861669,-73.99092287931
restaurant,BENSONHURST COFFEE,Eastern European,Bensonhurst,Brooklyn,BK1101,40.60899712701,-73.99369373168
restaurant,BEST PIZZA,Pizza,Bensonhurst,Brooklyn,BK1101,40.61016276324,-73.98433669802
restaurant,BK TOP-NOTCH RESTAURANT,Chinese,Bensonhurst,Brooklyn,BK1101,40.6164548821,-73.99976227277
restaurant,BLACK HORSES TAVERN,American,Bensonhurst,Brooklyn,BK1101,40.61561223338,-73.99997838871
restaurant,BONCHON,Chicken,Bensonhurst,Brooklyn,BK1101,40.60494324549,-73.99880076565
restaurant,BRENIZ RESTAURANT,Tex-Mex,Bensonhurst,Brooklyn,BK1101,40.61318584124,-74.00069513789
restaurant,BUONISSIMA PIZZERIA,Pizza,Bensonhurst,Brooklyn,BK1101,40.61246078884,-73.99006287804
restaurant,BURGER KING,Hamburgers,Bensonhurst,Brooklyn,BK1101,40.60231910116,-73.99444340663
restaurant,BUTCHER'S BURGER,American,Bensonhurst,Brooklyn,BK1101,40.61564791558,-73.99996758304
restaurant,C & C CATERING,Italian,Bensonhurst,Brooklyn,BK1101,40.61264507364,-73.99671883176
restaurant,CAFE LILY,Fusion,Bensonhurst,Brooklyn,BK1101,40.61024500136,-73.98358394603
restaurant,CAFE SAKHLI,Eastern European,Bensonhurst,Brooklyn,BK1101,40.61731027532,-73.98501938947
restaurant,CAFE SUPREMO COLOMBIAN BAKERY,Latin American,Bensonhurst,Brooklyn,BK1101,40.61695350124,-73.9853904712
restaurant,CAFFE BELLA,Coffee/Tea,Bensonhurst,Brooklyn,BK1101,40.61206319506,-73.99733114776
restaurant,CAFFE CORRETTO,Coffee/Tea,Bensonhurst,Brooklyn,BK1101,40.6164210855,-73.98597049827
restaurant,CAFFE ITALIA,Coffee/Tea,Bensonhurst,Brooklyn,BK1101,40.61666599503,-73.99265204394
restaurant,CAFFE' ROMEO,Coffee/Tea,Bensonhurst,Brooklyn,BK1101,40.6129877388,-73.98951533481
restaurant,CANTONESE BEEF DELIGHTS,Chinese,Bensonhurst,Brooklyn,BK1101,40.61497804913,-73.99435950633
restaurant,CARVEL,Frozen Desserts,Bensonhurst,Brooklyn,BK1101,40.61555716814,-73.99376874902
restaurant,CARVEL 1939,Frozen Desserts,Bensonhurst,Brooklyn,BK1101,40.61359884465,-73.98170659426
restaurant,CHICK MASTERPIECE,Chinese,Bensonhurst,Brooklyn,BK1101,40.61502745402,-73.99433428918
restaurant,CHINA KING,Chinese,Bensonhurst,Brooklyn,BK1101,40.62111551556,-73.99841504068
restaurant,CHINA KING,Chinese,Bensonhurst,Brooklyn,BK1101,40.62111551556,-73.99841504068
restaurant,CHIPOTLE,Tex-Mex,Bensonhurst,Brooklyn,BK1101,40.60352414352,-73.9964924044
restaurant,CHIPOTLE MEXICAN GRILL #3056,Mexican,Bensonhurst,Brooklyn,BK1101,40.61903182341,-73.99028882627
restaurant,CHRIS RESTAURANT,Polish,Bensonhurst,Brooklyn,BK1101,40.6062854472,-74.00106960898
restaurant,CHUN HONG KONG CAFE,Chinese,Bensonhurst,Brooklyn,BK1101,40.61955877332,-73.98973042444
restaurant,COMFORT STOP,Bakery Products/Desserts,Bensonhurst,Brooklyn,BK1101,40.60771272244,-74.00205643042
restaurant,CUIHUA KITCHEN,Chinese,Bensonhurst,Brooklyn,BK1101,40.60448760117,-73.99808051793
restaurant,DA VINCI PIZZA,Pizza,Bensonhurst,Brooklyn,BK1101,40.61897967707,-73.99034286486
restaurant,DAIGU RICE NOODLE,Chinese,Bensonhurst,Brooklyn,BK1101,40.60766606003,-74.0021140522
restaurant,DELI PANADERIA Y PASTELERIA,Mexican,Bensonhurst,Brooklyn,BK1101,40.61665776275,-73.9926844623
restaurant,DJERDAN,Mediterranean,Bensonhurst,Brooklyn,BK1101,40.61260758119,-73.97937655443
restaurant,DMM BAKERY,Chinese,Bensonhurst,Brooklyn,BK1101,40.61210042834,-73.98325213233
restaurant,DOUBLE DELIGHT ASIAN,Chinese,Bensonhurst,Brooklyn,BK1101,40.61301841115,-74.00026292714
restaurant,DRAGON GARDEN,Chinese,Bensonhurst,Brooklyn,BK1101,40.61033400756,-73.99907438976
restaurant,DUN HUANG,Chinese,Bensonhurst,Brooklyn,BK1101,40.60559373208,-73.99720896183
restaurant,DUNKIN,Donuts,Bensonhurst,Brooklyn,BK1101,40.61286884681,-73.98244154874
restaurant,DUNKIN,Donuts,Bensonhurst,Brooklyn,BK1101,40.61292783307,-74.00032775805
restaurant,DUNKIN,Donuts,Bensonhurst,Brooklyn,BK1101,40.60485541111,-73.99868912695
restaurant,DUNKIN,Donuts,Bensonhurst,Brooklyn,BK1101,40.60228341612,-73.99438579104
restaurant,DUNKIN',Coffee/Tea,Bensonhurst,Brooklyn,BK1101,40.62015982728,-73.98914678678
restaurant,"DUNKIN', BASKIN ROBBINS",Donuts,Bensonhurst,Brooklyn,BK1101,40.61551599852,-73.99380837352
restaurant,DXL,Chinese,Bensonhurst,Brooklyn,BK1101,40.62030279916,-73.99211852587
restaurant,E E BAKERY,Bakery Products/Desserts,Bensonhurst,Brooklyn,BK1101,40.61243060119,-73.99012050991
restaurant,EL ARCOIRIDIS DELI,Latin American,Bensonhurst,Brooklyn,BK1101,40.61320779957,-74.00068793462
restaurant,EL DIVINO REY,Mexican,Bensonhurst,Brooklyn,BK1101,40.62109630247,-73.99844385857
restaurant,EL GUSTO DE MI PUEBLO,Latin American,Bensonhurst,Brooklyn,BK1101,40.62102219354,-73.99846187118
restaurant,EL POLLO III,Latin American,Bensonhurst,Brooklyn,BK1101,40.6069661216,-74.00293155091
restaurant,EMPIRE DIM SUM,Chinese,Bensonhurst,Brooklyn,BK1101,40.62077734264,-73.9885199098
restaurant,El POLLO I,Peruvian,Bensonhurst,Brooklyn,BK1101,40.61998192803,-73.99923274868
restaurant,FOOD LOVER BAKERY,Chinese,Bensonhurst,Brooklyn,BK1101,40.61749140645,-73.9848320455
restaurant,FORTUNE PALACE RESTAURANT,Chinese,Bensonhurst,Brooklyn,BK1101,40.60422685438,-73.99863151909
restaurant,FRATELLI'S PIZZERIA,Pizza,Bensonhurst,Brooklyn,BK1101,40.61502470798,-73.99430907646
restaurant,FU YUAN KITCHEN II,Chinese,Bensonhurst,Brooklyn,BK1101,40.60428173523,-73.99770239068
restaurant,FUEL FEVER,American,Bensonhurst,Brooklyn,BK1101,40.60680417477,-74.00310080981
restaurant,FUGU JAPANESE CUISINE,Japanese,Bensonhurst,Brooklyn,BK1101,40.61200986355,-73.98334219732
restaurant,GARCIA'S PIZZA,Pizza,Bensonhurst,Brooklyn,BK1101,40.61081231161,-73.97840107154
restaurant,GOLDEN BUN BAKERY,Bakery Products/Desserts,Bensonhurst,Brooklyn,BK1101,40.60217361569,-73.99420574259
restaurant,GOLDEN CITY SEAFOOD RESTAURANT,Chinese,Bensonhurst,Brooklyn,BK1101,40.61695624923,-73.98541568428
restaurant,GOLDEN DYNASTY RESTAURANT,Chinese,Bensonhurst,Brooklyn,BK1101,40.61485573678,-73.9803807709
restaurant,GOLDEN RICE RESTAURANT,Chinese,Bensonhurst,Brooklyn,BK1101,40.61896869641,-73.99032485613
restaurant,GOLDEN STEAMER,Chinese,Bensonhurst,Brooklyn,BK1101,40.60495971483,-73.99886198754
restaurant,GOOD VIEW BAKERY,Chinese,Bensonhurst,Brooklyn,BK1101,40.61316388294,-74.00069873941
restaurant,GREAT WALL CHINESE RESTAURANT,Chinese,Bensonhurst,Brooklyn,BK1101,40.61263684021,-73.99675124766
restaurant,GROTTA AZZURRA PIZZERIA,Pizza,Bensonhurst,Brooklyn,BK1101,40.60375741701,-73.99553446222
restaurant,GUS' AMERICAN GRILL,American,Bensonhurst,Brooklyn,BK1101,40.61806606893,-73.99931201512
restaurant,H & J BAKERY,Bakery Products/Desserts,Bensonhurst,Brooklyn,BK1101,40.62093958088,-73.99199957876
restaurant,H.K. TEA AND SUSHI,Asian/Asian Fusion,Bensonhurst,Brooklyn,BK1101,40.60403469566,-73.99729905863
restaurant,HALAL XPRESS,Chinese,Bensonhurst,Brooklyn,BK1101,40.61299639618,-73.9963874543
restaurant,HAND PULL NOODLE & DUMPLING HOUSE,Chinese,Bensonhurst,Brooklyn,BK1101,40.61503294198,-73.99430187206
restaurant,HANGOVER BURGER,American,Bensonhurst,Brooklyn,BK1101,40.60438604045,-73.99787524823
restaurant,HAPPY & HEALTHY,"Juice, Smoothies, Fruit Salads",Bensonhurst,Brooklyn,BK1101,40.61036419972,-73.99901676377
restaurant,HAPPY CUISINE,Chinese,Bensonhurst,Brooklyn,BK1101,40.61240505485,-73.9829495121
restaurant,HAPPY SALAD,Chinese,Bensonhurst,Brooklyn,BK1101,40.60572826052,-74.00014765522
restaurant,HEYTEA,Coffee/Tea,Bensonhurst,Brooklyn,BK1101,40.60298613496,-73.99561013918
restaurant,HOMETOWN CAFÉ,Asian/Asian Fusion,Bensonhurst,Brooklyn,BK1101,40.60301632816,-73.99562454198
restaurant,HONG BAO CAFE,Bakery Products/Desserts,Bensonhurst,Brooklyn,BK1101,40.61995673017,-73.98932692581
restaurant,HOWONG SEAFOOD RESTAURANT,Chinese,Bensonhurst,Brooklyn,BK1101,40.61230625702,-73.98304678342
restaurant,I BAKERY 18,Bakery Products/Desserts,Bensonhurst,Brooklyn,BK1101,40.6155352126,-73.99381917736
restaurant,ICHI SUSHI I,Japanese,Bensonhurst,Brooklyn,BK1101,40.60399626788,-73.99726664892
restaurant,IL COLOSSEO,Italian,Bensonhurst,Brooklyn,BK1101,40.61211260001,-73.99728072208
restaurant,J & E PARTY,Chinese,Bensonhurst,Brooklyn,BK1101,40.61294430182,-74.00031335118
restaurant,J SAN SUSHI,Japanese,Bensonhurst,Brooklyn,BK1101,40.61173542297,-73.98360518814
restaurant,J SAN SUSHI II,Japanese,Bensonhurst,Brooklyn,BK1101,40.61158837266,-74.00113452423
restaurant,J&V FAMOUS PIZZA,Pizza,Bensonhurst,Brooklyn,BK1101,40.61995673252,-73.98935214063
restaurant,JADE STAR KITCHEN,Chinese,Bensonhurst,Brooklyn,BK1101,40.61614177537,-73.99320679614
restaurant,JAY'S SWEETS & SNACKERIA,Frozen Desserts,Bensonhurst,Brooklyn,BK1101,40.61300743205,-74.00024491839
restaurant,JIN JIN HONG KONG CAFE,Chinese/Japanese,Bensonhurst,Brooklyn,BK1101,40.62068677375,-73.98860997937
restaurant,JJM CAFE,Bakery Products/Desserts,Bensonhurst,Brooklyn,BK1101,40.61743377739,-73.98491850618
restaurant,JM CAKE BOUTIQUE,Bakery Products/Desserts,Bensonhurst,Brooklyn,BK1101,40.61499177217,-73.99434149592
restaurant,JOE BAKERY INC,Chinese,Bensonhurst,Brooklyn,BK1101,40.60765782548,-74.0021248563
restaurant,JOOY TEA SHOPPE,"Juice, Smoothies, Fruit Salads",Bensonhurst,Brooklyn,BK1101,40.60387274657,-73.99702897173
restaurant,KINGS KITCHEN 2051,Chinese,Bensonhurst,Brooklyn,BK1101,40.60385353222,-73.99699656138
restaurant,KOWLOON TONG,Frozen Desserts,Bensonhurst,Brooklyn,BK1101,40.60591763867,-74.0016710297
restaurant,KUSHI ASIAN FUSION,Japanese,Bensonhurst,Brooklyn,BK1101,40.60538516159,-73.99958224592
restaurant,LA BELLA PIZZA EXPRESS,Pizza,Bensonhurst,Brooklyn,BK1101,40.60219008586,-73.9942345504
restaurant,LA BELLA PIZZERIA,Pizza,Bensonhurst,Brooklyn,BK1101,40.60507497939,-73.99774918032
restaurant,LA JUGUERIA,Spanish,Bensonhurst,Brooklyn,BK1101,40.61810172528,-74.00252861594
restaurant,LA MARIMBA,Latin American,Bensonhurst,Brooklyn,BK1101,40.61245255542,-73.99007368441
restaurant,LA PALINA RESTAURANT,Italian,Bensonhurst,Brooklyn,BK1101,40.61077671676,-73.97886929375
restaurant,LA UNICA PANADERIA,Spanish,Bensonhurst,Brooklyn,BK1101,40.60617565733,-74.00088593729
restaurant,LAGHMAN EXPRESS,Asian/Asian Fusion,Bensonhurst,Brooklyn,BK1101,40.61814731728,-73.98414751216
restaurant,LEGEND CAFE EXPRESS,Chinese,Bensonhurst,Brooklyn,BK1101,40.60224498609,-73.9943245746
restaurant,LERT ROS THAI FOOD,Thai,Bensonhurst,Brooklyn,BK1101,40.62071147466,-73.98858836218
restaurant,LIKE CAFE,Chinese,Bensonhurst,Brooklyn,BK1101,40.62075812843,-73.9885127088
restaurant,LITTLE HOUSE RESTORAN,Southeast Asian,Bensonhurst,Brooklyn,BK1101,40.6044052552,-73.99794367185
restaurant,MALAY BAKERY,Chinese,Bensonhurst,Brooklyn,BK1101,40.62027561452,-73.99864559732
restaurant,MAMA'S NOODLE HOUSE,Chinese,Bensonhurst,Brooklyn,BK1101,40.61718478909,-73.99313104827
restaurant,MANGO MANGO,"Juice, Smoothies, Fruit Salads",Bensonhurst,Brooklyn,BK1101,40.60427899109,-73.99773480219
restaurant,MCDONALD'S,Hamburgers,Bensonhurst,Brooklyn,BK1101,40.60503380899,-73.9978212079
restaurant,MCDONALD'S,Hamburgers,Bensonhurst,Brooklyn,BK1101,40.61281396488,-73.9825316065
restaurant,ME-DO DESSERTS,Coffee/Tea,Bensonhurst,Brooklyn,BK1101,40.60386452962,-73.99779963873
restaurant,MOCHICK TEA,Asian/Asian Fusion,Bensonhurst,Brooklyn,BK1101,40.6129580258,-74.00029534255
restaurant,MODI TO GEORGIA,Eastern European,Bensonhurst,Brooklyn,BK1101,40.60509144782,-73.99773477452
restaurant,MONDIAL BAKERY,Bakery Products/Desserts,Bensonhurst,Brooklyn,BK1101,40.60902731786,-73.99366131509
restaurant,MR. BUN,Chinese,Bensonhurst,Brooklyn,BK1101,40.60391117606,-73.99712620372
restaurant,MR. PHIL'S PIZZA,Pizza,Bensonhurst,Brooklyn,BK1101,40.61804136591,-73.9993192194
restaurant,Maui Poke,Other,Bensonhurst,Brooklyn,BK1101,40.61202907023,-73.98329537056
restaurant,NAI BROTHER,Chinese,Bensonhurst,Brooklyn,BK1101,40.60525615563,-73.99936256613
restaurant,NANA BAKING,Bakery Products/Desserts,Bensonhurst,Brooklyn,BK1101,40.60505029834,-74.00014765372
restaurant,NEW BAY COFFEE SHOP,Spanish,Bensonhurst,Brooklyn,BK1101,40.60521498341,-73.99929054014
restaurant,NEW DYKER RESTAURANT,American,Bensonhurst,Brooklyn,BK1101,40.60770448796,-74.00206363307
restaurant,NEW FARMHOUSE EATERY,Chinese,Bensonhurst,Brooklyn,BK1101,40.60492403203,-73.9988043673
restaurant,NEW IPOH KITCHEN ASIAN CUISINE,Asian/Asian Fusion,Bensonhurst,Brooklyn,BK1101,40.61696173421,-73.98537966353
restaurant,NEW JIN XIN RESTAURANT,Chinese,Bensonhurst,Brooklyn,BK1101,40.61559833894,-73.99375073575
restaurant,NEW RUAN'S RESTAURANT,Chinese,Bensonhurst,Brooklyn,BK1101,40.60514087309,-73.99913208307
restaurant,NEW SKY BAKERYLAND,Chinese,Bensonhurst,Brooklyn,BK1101,40.61291001196,-73.98239831704
restaurant,NEW YORK TWISTED WINGS,Chicken,Bensonhurst,Brooklyn,BK1101,40.60163288962,-73.99414457057
restaurant,NO. 1 CHINESE RESTAURANT,Chinese,Bensonhurst,Brooklyn,BK1101,40.60376016278,-73.99555967072
restaurant,NOM TEA,Asian/Asian Fusion,Bensonhurst,Brooklyn,BK1101,40.61251885803,-74.00075636007
restaurant,NUNU BAR & GRILL,Mediterranean,Bensonhurst,Brooklyn,BK1101,40.61023129441,-73.98370280191
restaurant,NY CHOI FOOK,Chinese,Bensonhurst,Brooklyn,BK1101,40.60388921686,-73.9970901922
restaurant,ORTOBELLO'S,Italian,Bensonhurst,Brooklyn,BK1101,40.61434529325,-73.98089237903
restaurant,OSAKA FUSION SUSHI & BBQ,Japanese,Bensonhurst,Brooklyn,BK1101,40.60523419713,-73.99932655314
restaurant,PANAJACHEL SOLOLA,Other,Bensonhurst,Brooklyn,BK1101,40.61554344637,-73.99380837096
restaurant,PANDA CHINESE RESTAURANT,Chinese,Bensonhurst,Brooklyn,BK1101,40.61182130974,-73.99072928382
restaurant,PANINO RUSTICO,Italian,Bensonhurst,Brooklyn,BK1101,40.61070452608,-74.00267600095
restaurant,PAPA MIKES BRICK OVEN PIZZA,Pizza,Bensonhurst,Brooklyn,BK1101,40.61128612234,-73.99131282538
restaurant,PARIS BAGUETTE,Bakery Products/Desserts,Bensonhurst,Brooklyn,BK1101,40.6044464282,-73.99801209485
restaurant,PARIS BAGUETTE,Bakery Products/Desserts,Bensonhurst,Brooklyn,BK1101,40.61903182341,-73.99028882627
restaurant,PEKING KITCHEN,Chinese,Bensonhurst,Brooklyn,BK1101,40.61028912949,-73.98513262051
restaurant,PHO 86,Southeast Asian,Bensonhurst,Brooklyn,BK1101,40.60527811411,-73.99939857915
restaurant,PHO TABLE,Southeast Asian,Bensonhurst,Brooklyn,BK1101,40.61724785172,-73.99208647023
restaurant,PHO TABLE,Asian/Asian Fusion,Bensonhurst,Brooklyn,BK1101,40.60624976554,-74.00100838503
restaurant,PIZZA DADDY,Italian,Bensonhurst,Brooklyn,BK1101,40.61426022409,-73.98100766137
restaurant,PIZZA DEN,Pizza,Bensonhurst,Brooklyn,BK1101,40.60764135642,-74.00214286302
restaurant,PIZZA HUT,Pizza,Bensonhurst,Brooklyn,BK1101,40.62071970793,-73.98857755429
restaurant,POKE BOWL STATION,Hawaiian,Bensonhurst,Brooklyn,BK1101,40.60399626701,-73.99723063639
restaurant,POPEYE'S LOUISIANA KITCHEN,Chicken,Bensonhurst,Brooklyn,BK1101,40.61427394084,-73.98096443573
restaurant,POPEYES,Chicken,Bensonhurst,Brooklyn,BK1101,40.60442446928,-73.99797608274
restaurant,POPEYES,Chicken,Bensonhurst,Brooklyn,BK1101,40.61896869854,-73.99035007058
restaurant,PRINCE TEA HOUSE,Coffee/Tea,Bensonhurst,Brooklyn,BK1101,40.60374094997,-73.9955776782
restaurant,PROTEIN DREAMS,"Juice, Smoothies, Fruit Salads",Bensonhurst,Brooklyn,BK1101,40.61262860534,-73.99673323946
restaurant,PUERTA DEL SOL,Latin American,Bensonhurst,Brooklyn,BK1101,40.62027286425,-73.9982421583
restaurant,Q & Q HOUSE,Chinese,Bensonhurst,Brooklyn,BK1101,40.6132500486,-73.98044607621
restaurant,RED SUN RESTAURANT,Chinese,Bensonhurst,Brooklyn,BK1101,40.61300695328,-73.98952613701
restaurant,RESTAURANTE GUATEMALTECO EL PETEN,Spanish,Bensonhurst,Brooklyn,BK1101,40.61349821915,-73.98898579448
restaurant,RICE PIE,Chinese,Bensonhurst,Brooklyn,BK1101,40.6161500093,-73.99319959148
restaurant,RICEPOT THAI COOKHOUSE,Thai,Bensonhurst,Brooklyn,BK1101,40.60488834919,-73.99874674712
restaurant,RIMINI PASTRY SHOPPE,Bakery Products/Desserts,Bensonhurst,Brooklyn,BK1101,40.61165858439,-73.98371325713
restaurant,RU YI CHINESE RESTAURANT,Chinese,Bensonhurst,Brooklyn,BK1101,40.6140147676,-74.00045022445
restaurant,SALUD ES VIDA CORP,Other,Bensonhurst,Brooklyn,BK1101,40.61861502792,-74.00002161227
restaurant,SEEHER BAKERY,Bakery Products/Desserts,Bensonhurst,Brooklyn,BK1101,40.60534124471,-73.99950661835
restaurant,SHIAWASE,Japanese,Bensonhurst,Brooklyn,BK1101,40.6129456925,-73.98238750238
restaurant,SHIHAODIAN BAKERY,Bakery Products/Desserts,Bensonhurst,Brooklyn,BK1101,40.61350279266,-73.98180386842
restaurant,SI N'SHPI,Eastern European,Bensonhurst,Brooklyn,BK1101,40.61234949602,-73.97896243833
restaurant,SOFRITO AL PUNTO RESTAURANT,Spanish,Bensonhurst,Brooklyn,BK1101,40.62093409357,-73.99203199895
restaurant,STARBUCKS,Coffee/Tea,Bensonhurst,Brooklyn,BK1101,40.60488011427,-73.99869632906
restaurant,STARBUCKS,Coffee/Tea,Bensonhurst,Brooklyn,BK1101,40.61953956144,-73.98974843788
restaurant,STEAM BOX,Chinese,Bensonhurst,Brooklyn,BK1101,40.61896046297,-73.99033566352
restaurant,STUFFED ICE CREAM,American,Bensonhurst,Brooklyn,BK1101,40.61179579894,-73.9835403431
restaurant,SUBWAY,American,Bensonhurst,Brooklyn,BK1101,40.61220471485,-73.98314765684
restaurant,SUBWAY,Sandwiches,Bensonhurst,Brooklyn,BK1101,40.6063046604,-74.00110202169
restaurant,SUBWAY #62918,Sandwiches/Salads/Mixed Buffet,Bensonhurst,Brooklyn,BK1101,40.61998691977,-73.98929450189
restaurant,SUKI STATION,Japanese,Bensonhurst,Brooklyn,BK1101,40.62032479381,-73.99266604816
restaurant,SUMMIT BAKERY,Bakery Products/Desserts,Bensonhurst,Brooklyn,BK1101,40.61945767147,-73.99889776032
restaurant,SUNDAY BAKERY,Other,Bensonhurst,Brooklyn,BK1101,40.62017629428,-73.98912877345
restaurant,SUPERIOR WONTON NOODLE,Chinese,Bensonhurst,Brooklyn,BK1101,40.60260458056,-73.9949079347
restaurant,TACO BELL,Tex-Mex,Bensonhurst,Brooklyn,BK1101,40.6048471762,-73.99864231022
restaurant,TAQUERIA TALAVERA,Tex-Mex,Bensonhurst,Brooklyn,BK1101,40.61608982508,-74.0004502385
restaurant,TASTE OF CHINA,Chinese,Bensonhurst,Brooklyn,BK1101,40.60893948967,-73.99375136148
restaurant,TATOS PIZZA,Pizza,Bensonhurst,Brooklyn,BK1101,40.60825894495,-74.00138296982
restaurant,TBAAR,"Juice, Smoothies, Fruit Salads",Bensonhurst,Brooklyn,BK1101,40.60503380899,-73.9978212079
restaurant,TEN SECONDS YUNNAN RICE NOODLES,Chinese,Bensonhurst,Brooklyn,BK1101,40.60365864364,-73.99667966152
restaurant,TENZAN SUSHI,Japanese,Bensonhurst,Brooklyn,BK1101,40.61552423248,-73.993801169
restaurant,TERI'S PIZZERIA,Pizza,Bensonhurst,Brooklyn,BK1101,40.61251885803,-74.00075636007
restaurant,THE CREPE AND CAKE,Other,Bensonhurst,Brooklyn,BK1101,40.61089284192,-73.98408801383
restaurant,THE LEGEND CAFE HOUSE,Chinese,Bensonhurst,Brooklyn,BK1101,40.61004030797,-74.00160630485
restaurant,TIGER SUGAR,Coffee/Tea,Bensonhurst,Brooklyn,BK1101,40.60275281238,-73.99521762533
restaurant,TING FAI CUISINE,Chinese,Bensonhurst,Brooklyn,BK1101,40.60497618383,-73.99889079771
restaurant,TINO'S DELI,Mexican,Bensonhurst,Brooklyn,BK1101,40.60999822156,-73.98543881969
restaurant,TOMMASO RESTAURANT,Italian,Bensonhurst,Brooklyn,BK1101,40.61667423054,-73.99267005273
restaurant,TORRES ITALIAN RESTAURANT,Pizza,Bensonhurst,Brooklyn,BK1101,40.61189185553,-73.98346468402
restaurant,TORTILLAS KING,Tex-Mex,Bensonhurst,Brooklyn,BK1101,40.61559010379,-73.993736329
restaurant,TOUS LES JOURS,Bakery Products/Desserts,Bensonhurst,Brooklyn,BK1101,40.60433388787,-73.99778881939
restaurant,TUNG TUNG RESTAURANT INC,Chinese,Bensonhurst,Brooklyn,BK1101,40.61898791082,-73.99033565953
restaurant,UPIN BAKERY,Bakery Products/Desserts,Bensonhurst,Brooklyn,BK1101,40.61319682041,-74.00069153626
restaurant,VILLA FIORITA,Italian,Bensonhurst,Brooklyn,BK1101,40.61204672668,-73.99734555518
restaurant,VILLABATE-ALBA PASTICCERIA,Bakery Products/Desserts,Bensonhurst,Brooklyn,BK1101,40.61616373065,-73.99315636713
restaurant,VIP COFFEE,Bakery Products/Desserts,Bensonhurst,Brooklyn,BK1101,40.61237212225,-73.9829819359
restaurant,VIVI BUBBLE TEA,Coffee/Tea,Bensonhurst,Brooklyn,BK1101,40.61896046297,-73.99033566352
restaurant,VIVI BUBBLE TEA,Coffee/Tea,Bensonhurst,Brooklyn,BK1101,40.60226968917,-73.99432457249
restaurant,WASHOKU KYO,Japanese,Bensonhurst,Brooklyn,BK1101,40.62069500488,-73.98857755854
restaurant,WEN XIN RESTAURANT,Chinese,Bensonhurst,Brooklyn,BK1101,40.61496981637,-73.99439192365
restaurant,WIN PARKWAY,Chinese,Bensonhurst,Brooklyn,BK1101,40.61182599106,-73.98353673395
restaurant,YCY FRUIT TEA,Coffee/Tea,Bensonhurst,Brooklyn,BK1101,40.60562392384,-73.99717294715
restaurant,YIN JI BROOKLYN,Chinese,Bensonhurst,Brooklyn,BK1101,40.6029669202,-73.99557772967
restaurant,YIXIN RESTAURANT 86,Chinese,Bensonhurst,Brooklyn,BK1101,40.60507497995,-73.99777799081
restaurant,YOMIE'S RICE x YOGURT,"Juice, Smoothies, Fruit Salads",Bensonhurst,Brooklyn,BK1101,40.60383157308,-73.99696415118
restaurant,YUANYANG,Chinese,Bensonhurst,Brooklyn,BK1101,40.60222851594,-73.99429576674
restaurant,YUE XIANG JU,Chinese,Bensonhurst,Brooklyn,BK1101,40.61473390194,-74.00023411925
restaurant,YUMMY BOBA & DESSERTS,Coffee/Tea,Bensonhurst,Brooklyn,BK1101,40.61326269536,-74.00067352817
restaurant,ZHEZHEPOT,Chinese,Bensonhurst,Brooklyn,BK1101,40.60539888548,-73.99957144185
restaurant,1982 COFFEE ROASTERS,Coffee/Tea,Borough Park,Brooklyn,BK1202,40.63216043008,-73.99508580979
restaurant,AMNON KOSHER PIZZA,Jewish/Kosher,Borough Park,Brooklyn,BK1202,40.63544024961,-73.99169518526
restaurant,ANGELA RESTAURANT,Jewish/Kosher,Borough Park,Brooklyn,BK1202,40.63993302361,-73.98702127348
restaurant,ASIA PALACE,Jewish/Kosher,Borough Park,Brooklyn,BK1202,40.63724649258,-73.99465306727
restaurant,BAGELS 'N MORE,Jewish/Kosher,Borough Park,Brooklyn,BK1202,40.63694389744,-73.98651382872
restaurant,BENNY'S FAMOUS PIZZA,Pizza,Borough Park,Brooklyn,BK1202,40.63712266076,-73.98994389388
restaurant,BREW AND BITE,Sandwiches/Salads/Mixed Buffet,Borough Park,Brooklyn,BK1202,40.64084093865,-73.98245938261
restaurant,CAFE PARIS,Jewish/Kosher,Borough Park,Brooklyn,BK1202,40.63365789434,-73.98279274101
restaurant,CAFE POBEDA,Eastern European,Borough Park,Brooklyn,BK1202,40.63061239851,-73.99573440929
restaurant,CHINA DRAGON,Chinese,Borough Park,Brooklyn,BK1202,40.63112057219,-73.97638055171
restaurant,CHINA GLATT,Jewish/Kosher,Borough Park,Brooklyn,BK1202,40.63767979644,-73.98933488944
restaurant,CHINA XING,Chinese,Borough Park,Brooklyn,BK1202,40.64041669968,-73.99432131545
restaurant,CITY CAFE,Jewish/Kosher,Borough Park,Brooklyn,BK1202,40.62813513253,-73.98115140273
restaurant,COFFEE TIME,Mexican,Borough Park,Brooklyn,BK1202,40.63154836895,-73.99571993825
restaurant,CRUNCH SUSHI ON PLATE,Jewish/Kosher,Borough Park,Brooklyn,BK1202,40.63568198313,-73.99501709304
restaurant,CRUST CO. PIZZA,Jewish/Kosher,Borough Park,Brooklyn,BK1202,40.63293995432,-73.99522626219
restaurant,DAGAN PIZZA & DAIRY RESTAURANT,Jewish/Kosher,Borough Park,Brooklyn,BK1202,40.63143220016,-73.98510987848
restaurant,EL MORRO TECLENO,Mexican,Borough Park,Brooklyn,BK1202,40.6404819106,-73.98642303016
restaurant,EL RANCHITO CAFE,Spanish,Borough Park,Brooklyn,BK1202,40.62752729111,-73.99659921387
restaurant,EMILY'S BAKERY,Mexican,Borough Park,Brooklyn,BK1202,40.63131288989,-73.97728476935
restaurant,FALLSBURG BAGELS,Jewish/Kosher,Borough Park,Brooklyn,BK1202,40.63262326755,-73.98386664437
restaurant,GIL'S GRILL AND DELI,American,Borough Park,Brooklyn,BK1202,40.64191946127,-73.98134207259
restaurant,GLATT 16TH,Other,Borough Park,Brooklyn,BK1202,40.6314706182,-73.98504141779
restaurant,GLATT ALA CARTE,Jewish/Kosher,Borough Park,Brooklyn,BK1202,40.62698250632,-73.98229732394
restaurant,GOLDEN DRAGON RESTAURANT,Chinese,Borough Park,Brooklyn,BK1202,40.64044414749,-73.9943213131
restaurant,GUATEMEX,Mexican,Borough Park,Brooklyn,BK1202,40.63048953224,-73.9776777437
restaurant,HAUNGQI FISH BALLS INC,Chinese,Borough Park,Brooklyn,BK1202,40.63678000441,-74.00001080909
restaurant,HEY RICH ROASTED,Chinese,Borough Park,Brooklyn,BK1202,40.63298108408,-74.00569246069
restaurant,HOUSE BAGEL & BURGER,American,Borough Park,Brooklyn,BK1202,40.64022732954,-73.99473570146
restaurant,HUNGARIAN KOSHER,Jewish/Kosher,Borough Park,Brooklyn,BK1202,40.63035089283,-73.98620533561
restaurant,ICE CREAM CENTER & CAFE,Frozen Desserts,Borough Park,Brooklyn,BK1202,40.63712814716,-73.98990786257
restaurant,ICE CREAM HOUSE ON 36,Jewish/Kosher,Borough Park,Brooklyn,BK1202,40.64122258034,-73.98324119149
restaurant,J 2 PIZZA CAFE,Other,Borough Park,Brooklyn,BK1202,40.62479797814,-73.98450256206
restaurant,KAFF KAFE,Jewish/Kosher,Borough Park,Brooklyn,BK1202,40.62865481851,-73.98799617417
restaurant,KORN'S BAKERY,Bakery Products/Desserts,Borough Park,Brooklyn,BK1202,40.63828084609,-73.98873307355
restaurant,L.S. FOREVER DELI,Spanish,Borough Park,Brooklyn,BK1202,40.63468634197,-73.97786728899
restaurant,LIBERMAN'S LUNCHEONETTE,Jewish/Kosher,Borough Park,Brooklyn,BK1202,40.63150355135,-73.98500898569
restaurant,LOS CHOCOMILES,Mexican,Borough Park,Brooklyn,BK1202,40.63000906844,-73.97703663114
restaurant,MAMILLA STREET FOOD,Jewish/Kosher,Borough Park,Brooklyn,BK1202,40.63603582076,-73.99107539678
restaurant,MENDELSOHN'S PIZZA/CUCINA MODERN KITCHEN,Jewish/Kosher,Borough Park,Brooklyn,BK1202,40.63049502812,-73.97771016605
restaurant,MESIVTA EITZ CHAIM,Jewish/Kosher,Borough Park,Brooklyn,BK1202,40.63200592242,-73.98559972676
restaurant,MI BARRIO,Mexican,Borough Park,Brooklyn,BK1202,40.64190573971,-73.98135648967
restaurant,MI PEQUENO RANCHITO RESTAURANT,Mexican,Borough Park,Brooklyn,BK1202,40.63893726937,-73.99446556767
restaurant,MILKCRATE,Coffee/Tea,Borough Park,Brooklyn,BK1202,40.63539915069,-73.99276887077
restaurant,MOTI'S,Jewish/Kosher,Borough Park,Brooklyn,BK1202,40.63035912631,-73.98619812854
restaurant,MUNCH HEIMISH,Other,Borough Park,Brooklyn,BK1202,40.63317869375,-73.99401929567
restaurant,NAIM KOSHER PIZZA,Jewish/Kosher,Borough Park,Brooklyn,BK1202,40.63786277891,-73.98199897321
restaurant,NEW RED LANTERN,Chinese,Borough Park,Brooklyn,BK1202,40.63445512058,-74.00349121311
restaurant,NORIBAR,Jewish/Kosher,Borough Park,Brooklyn,BK1202,40.63216591949,-73.9950822066
restaurant,ORCHIDEA,Jewish/Kosher,Borough Park,Brooklyn,BK1202,40.63676062717,-73.99387485229
restaurant,PANINO,Jewish/Kosher,Borough Park,Brooklyn,BK1202,40.63216591949,-73.9950822066
restaurant,PAVILLION CATERERS,Jewish/Kosher,Borough Park,Brooklyn,BK1202,40.63834319941,-73.9825393102
restaurant,PHO 60,Southeast Asian,Borough Park,Brooklyn,BK1202,40.63263528178,-74.00481334679
restaurant,PIZZA CENTRAL OF BROOKLYN,Pizza,Borough Park,Brooklyn,BK1202,40.63124700796,-73.97724876457
restaurant,PRIME TIME,Jewish/Kosher,Borough Park,Brooklyn,BK1202,40.63428203057,-73.99286987331
restaurant,PROGRESO HONDURAS,Latin American,Borough Park,Brooklyn,BK1202,40.63636279574,-74.00063773215
restaurant,QUETZALITO RESTAURANT,Mexican,Borough Park,Brooklyn,BK1202,40.630374139,-73.97710855868
restaurant,SAI'S CAFE,Bakery Products/Desserts,Borough Park,Brooklyn,BK1202,40.63298931897,-74.00568165293
restaurant,SANTOS RESTAURANT 2,Mexican,Borough Park,Brooklyn,BK1202,40.63806443407,-73.9945773364
restaurant,SAUTEED,Other,Borough Park,Brooklyn,BK1202,40.63995772378,-73.98699604625
restaurant,SCHICK'S MANOR,Jewish/Kosher,Borough Park,Brooklyn,BK1202,40.63626659259,-73.99438652399
restaurant,SESAME BAKERY,Jewish/Kosher,Borough Park,Brooklyn,BK1202,40.63428477692,-73.99289509327
restaurant,SEVILLE MANOR,Jewish/Kosher,Borough Park,Brooklyn,BK1202,40.63367290861,-74.00070255784
restaurant,SOL DE QUITO RESTAURANT II,Latin American,Borough Park,Brooklyn,BK1202,40.64042493402,-73.99432131474
restaurant,SPICE FIFTY TWO,Jewish/Kosher,Borough Park,Brooklyn,BK1202,40.63373859909,-73.9934644042
restaurant,SPOONS,Jewish/Kosher,Borough Park,Brooklyn,BK1202,40.63436985796,-73.99277979143
restaurant,SPRINKLES,Frozen Desserts,Borough Park,Brooklyn,BK1202,40.63321986455,-73.99400127779
restaurant,SPRINKLES,Frozen Desserts,Borough Park,Brooklyn,BK1202,40.6247732785,-73.98452778446
restaurant,STRAUSS BAKERY,Jewish/Kosher,Borough Park,Brooklyn,BK1202,40.63375232052,-73.99342116847
restaurant,SUSHI K BAR,Jewish/Kosher,Borough Park,Brooklyn,BK1202,40.63516178894,-73.98122507218
restaurant,SUSHI TA'EEM,Jewish/Kosher,Borough Park,Brooklyn,BK1202,40.63602758725,-73.99108620685
restaurant,TABLE 40 PIZZERIA AND CAFE,Jewish/Kosher,Borough Park,Brooklyn,BK1202,40.63997144318,-73.98695640834
restaurant,THE COOKIE CORNER,Jewish/Kosher,Borough Park,Brooklyn,BK1202,40.63715284829,-73.98988624053
restaurant,THE LOFT STEAKHOUSE,Jewish/Kosher,Borough Park,Brooklyn,BK1202,40.63979846424,-73.98645920168
restaurant,U & I RESTAURANT,American,Borough Park,Brooklyn,BK1202,40.63063494422,-73.9773642603
restaurant,UN MUNDO SALUDABLE (HERBALIFE),"Juice, Smoothies, Fruit Salads",Borough Park,Brooklyn,BK1202,40.63048678956,-73.97768855268
restaurant,URBANA CAFE,Mediterranean,Borough Park,Brooklyn,BK1202,40.63254739542,-73.99405177766
restaurant,WIN XIN RESTAURANT,Chinese,Borough Park,Brooklyn,BK1202,40.62744768599,-73.99639027159
restaurant,YEDID,Jewish/Kosher,Borough Park,Brooklyn,BK1202,40.63561514252,-73.98431268605
restaurant,YI MIN RESTAURANT,Chinese,Borough Park,Brooklyn,BK1202,40.6434933021,-73.98997896399
restaurant,718 BISTRO,Middle Eastern,Brighton Beach,Brooklyn,BK1303,40.58064410892,-73.96607370231
restaurant,ADOR RESTAURANT,Eastern European,Brighton Beach,Brooklyn,BK1303,40.57557901173,-73.96297333036
restaurant,ANVAR'S RESTAURANT,Eastern European,Brighton Beach,Brooklyn,BK1303,40.57668876323,-73.96572294115
restaurant,BERIKONI / GH RESTAURANT & BAR,Middle Eastern,Brighton Beach,Brooklyn,BK1303,40.57635436859,-73.96732860514
restaurant,BERIKONI BAKERY / GEORGIAN HOUSE,Eastern European,Brighton Beach,Brooklyn,BK1303,40.57635436859,-73.96732860514
restaurant,BEYTI KEBAB,Turkish,Brighton Beach,Brooklyn,BK1303,40.57724786781,-73.96304799756
restaurant,BLVCK GAMING LOUNGE,Bottled Beverages,Brighton Beach,Brooklyn,BK1303,40.57682365839,-73.96708718927
restaurant,BOARDWALK BEER GARDEN,Other,Brighton Beach,Brooklyn,BK1303,40.57572113204,-73.96113739253
restaurant,BORA BORA SMOOTHIE CAFE / SHEEL & MASHI,Middle Eastern,Brighton Beach,Brooklyn,BK1303,40.57744793375,-73.9621191338
restaurant,CAFE EUROASIA,Russian,Brighton Beach,Brooklyn,BK1303,40.57762606919,-73.96129467221
restaurant,CAFETERIA MAESTRO,Coffee/Tea,Brighton Beach,Brooklyn,BK1303,40.57823989295,-73.9584180275
restaurant,CHINA LONG,Chinese,Brighton Beach,Brooklyn,BK1303,40.58181438936,-73.96062622581
restaurant,DEGIRMEN,Turkish,Brighton Beach,Brooklyn,BK1303,40.57656539757,-73.96622697232
restaurant,DUNKIN,Donuts,Brighton Beach,Brooklyn,BK1303,40.58058931613,-73.96642292892
restaurant,DUNKIN,Donuts,Brighton Beach,Brooklyn,BK1303,40.57766172341,-73.96121185542
restaurant,DUNKIN,Donuts,Brighton Beach,Brooklyn,BK1303,40.58205294733,-73.95993847208
restaurant,GENATSVALE GEORGIAN BAKERY,Eastern European,Brighton Beach,Brooklyn,BK1303,40.57747610536,-73.96437260381
restaurant,GEO KHINKALI,Eastern European,Brighton Beach,Brooklyn,BK1303,40.57764598476,-73.96342935813
restaurant,GEO KHINKALI,Eastern European,Brighton Beach,Brooklyn,BK1303,40.57996686142,-73.95980652994
restaurant,GOSHT RESTAURANT,Steakhouse,Brighton Beach,Brooklyn,BK1303,40.57735648627,-73.95957771893
restaurant,GULLUOGLU,Eastern European,Brighton Beach,Brooklyn,BK1303,40.57665038781,-73.96589575004
restaurant,HAAGEN DAZS,Frozen Desserts,Brighton Beach,Brooklyn,BK1303,40.57790984608,-73.95660751348
restaurant,JALAPENO SHACK,Mexican,Brighton Beach,Brooklyn,BK1303,40.5787151935,-73.95968129011
restaurant,KASHKAR CAFE,Eastern European,Brighton Beach,Brooklyn,BK1303,40.57759104721,-73.95555657269
restaurant,LITTLE GEORGIA,Bakery Products/Desserts,Brighton Beach,Brooklyn,BK1303,40.57718418009,-73.96135972571
restaurant,LUIGI'S PIZZA,Pizza,Brighton Beach,Brooklyn,BK1303,40.57828639526,-73.95798241515
restaurant,MEET WISE MEAT,Turkish,Brighton Beach,Brooklyn,BK1303,40.57668325963,-73.96567614691
restaurant,MERCI BAKU CAFE BAKERY,Turkish,Brighton Beach,Brooklyn,BK1303,40.57815443383,-73.95741012158
restaurant,NASHEMAN GRILL & RESTAURANT,Indian,Brighton Beach,Brooklyn,BK1303,40.57907202617,-73.95970987311
restaurant,NEPTUNE PIZZA,Pizza,Brighton Beach,Brooklyn,BK1303,40.58188276541,-73.95992417433
restaurant,NEW CHINA,Chinese,Brighton Beach,Brooklyn,BK1303,40.58123340508,-73.96336978586
restaurant,NOTA BENE,Eastern European,Brighton Beach,Brooklyn,BK1303,40.57690801668,-73.96463929225
restaurant,NY GYRO EXPRESS,Middle Eastern,Brighton Beach,Brooklyn,BK1303,40.57883597561,-73.95971361594
restaurant,OCEAN VIEW CAFE,Eastern European,Brighton Beach,Brooklyn,BK1303,40.5769409051,-73.96448088406
restaurant,OKTOBERFEST,Other,Brighton Beach,Brooklyn,BK1303,40.57687188277,-73.96320659692
restaurant,OLEANDR,Russian,Brighton Beach,Brooklyn,BK1303,40.57724238637,-73.96307319924
restaurant,OMAR KHAYYAM CAFE,Russian,Brighton Beach,Brooklyn,BK1303,40.57887439632,-73.95969559321
restaurant,PALACE FRIED CHICKEN & PIZZA,American,Brighton Beach,Brooklyn,BK1303,40.57747262493,-73.96208312157
restaurant,PARIS BRIGHTON CAFE,Sandwiches,Brighton Beach,Brooklyn,BK1303,40.57766720566,-73.96119025325
restaurant,PAVLOVA BAKERY,Turkish,Brighton Beach,Brooklyn,BK1303,40.57634068976,-73.96748700114
restaurant,POPEYES,Chicken,Brighton Beach,Brooklyn,BK1303,40.5778343702,-73.96040899103
restaurant,SACHIKO,Japanese,Brighton Beach,Brooklyn,BK1303,40.57648566932,-73.9657914413
restaurant,SET LOUNGE & BAR,American,Brighton Beach,Brooklyn,BK1303,40.57777645801,-73.95963146129
restaurant,SHAMA RESTAURANT & SWEETS,Pakistani,Brighton Beach,Brooklyn,BK1303,40.58154854382,-73.96180359568
restaurant,SHAURMA FACTORY,Eastern European,Brighton Beach,Brooklyn,BK1303,40.5765485776,-73.96505705634
restaurant,SKOVORODKA,Eastern European,Brighton Beach,Brooklyn,BK1303,40.5776589835,-73.96122625633
restaurant,STARBUCKS,Coffee/Tea,Brighton Beach,Brooklyn,BK1303,40.57764802141,-73.9612766603
restaurant,TAQUERIA EL BUEN GUSTO,Mexican,Brighton Beach,Brooklyn,BK1303,40.58120051476,-73.96351740477
restaurant,TATIANA,Russian,Brighton Beach,Brooklyn,BK1303,40.57572113204,-73.96113739253
restaurant,TEXAS CHICKEN & BURGERS,Chicken,Brighton Beach,Brooklyn,BK1303,40.58178150752,-73.96078824756
restaurant,THE BAY CAFE,Jewish/Kosher,Brighton Beach,Brooklyn,BK1303,40.58304177681,-73.95448369601
restaurant,THE WEDDING EXPERIENCE,Jewish/Kosher,Brighton Beach,Brooklyn,BK1303,40.58038719779,-73.9535675183
restaurant,TONE AUTHENTIC GEORGIAN BAKERY & CUISINE,Eastern European,Brighton Beach,Brooklyn,BK1303,40.58126629405,-73.96321856678
restaurant,TOSHKENT HOT-DOG,Other,Brighton Beach,Brooklyn,BK1303,40.57541270237,-73.9666235251
restaurant,TWINS,Hotdogs,Brighton Beach,Brooklyn,BK1303,40.57752276452,-73.96436537918
restaurant,UMI SUSHI JAPANESE CUISINE,Japanese,Brighton Beach,Brooklyn,BK1303,40.57648593793,-73.96670218154
restaurant,VIENNA COFFEE HOUSE,Coffee/Tea,Brighton Beach,Brooklyn,BK1303,40.57688063422,-73.96485169416
restaurant,VOSTOCHNAYA KUHNYA,Russian,Brighton Beach,Brooklyn,BK1303,40.57743149001,-73.96219473929
restaurant,WOW CAFE,Eastern European,Brighton Beach,Brooklyn,BK1303,40.58191438154,-73.95631329691
restaurant,1 HOTEL BROOKLYN BRIDGE,American,Brooklyn Heights,Brooklyn,BK0201,40.70088145466,-73.9958921887
restaurant,1 HOTEL EMPLOYEE DINING KITCHEN #36,American,Brooklyn Heights,Brooklyn,BK0201,40.70159782593,-73.99551706363
restaurant,8-BIT BITES,American,Brooklyn Heights,Brooklyn,BK0201,40.69058560238,-73.9919226769
restaurant,ABOUT COFFEE,Coffee/Tea,Brooklyn Heights,Brooklyn,BK0201,40.69022327423,-73.99167030599
restaurant,AL BADAWI,Mediterranean,Brooklyn Heights,Brooklyn,BK0201,40.69044305367,-73.99509231556
restaurant,ARABICA COFFEE,Coffee/Tea,Brooklyn Heights,Brooklyn,BK0201,40.70277801594,-73.99415007883
restaurant,BANHMIGOS,Southeast Asian,Brooklyn Heights,Brooklyn,BK0201,40.69107964639,-73.99170986431
restaurant,BARBUTO BROOKLYN,Californian,Brooklyn Heights,Brooklyn,BK0201,40.70159782593,-73.99551706363
restaurant,BARRY'S BROOKLYN HEIGHTS,"Juice, Smoothies, Fruit Salads",Brooklyn Heights,Brooklyn,BK0201,40.69389574004,-73.99112892628
restaurant,BEVACCO / THE BINC,Italian,Brooklyn Heights,Brooklyn,BK0201,40.69915205677,-73.99219932881
restaurant,BLANK STREET,Coffee/Tea,Brooklyn Heights,Brooklyn,BK0201,40.69457385795,-73.99350169185
restaurant,BLANK STREET COFFEE,Coffee/Tea,Brooklyn Heights,Brooklyn,BK0201,40.69195500673,-73.98905932876
restaurant,BOHEMIEN,New American,Brooklyn Heights,Brooklyn,BK0201,40.69098384038,-73.99702146925
restaurant,BOUTROS,American,Brooklyn Heights,Brooklyn,BK0201,40.69000381061,-73.99349853304
restaurant,BRADO THIN CRUST PIZZA,Pizza,Brooklyn Heights,Brooklyn,BK0201,40.69041285632,-73.9949805337
restaurant,BRAIN FOOD THE SMART KITCHEN,American,Brooklyn Heights,Brooklyn,BK0201,40.69063500652,-73.99189742924
restaurant,BREADS BAKERY,Coffee/Tea,Brooklyn Heights,Brooklyn,BK0201,40.70256121866,-73.99498682868
restaurant,BROOKLYN CAT CAFE,American,Brooklyn Heights,Brooklyn,BK0201,40.69533703046,-73.99633970113
restaurant,BROOKLYN ROASTNG COMPANY,Coffee/Tea,Brooklyn Heights,Brooklyn,BK0201,40.69614647169,-73.99136663814
restaurant,CAFE BRUME,French,Brooklyn Heights,Brooklyn,BK0201,40.69530408909,-73.99621348581
restaurant,CAFFE BUON GUSTO,Italian,Brooklyn Heights,Brooklyn,BK0201,40.69067913758,-73.99594690896
restaurant,CHAMA MAMA,Eastern European,Brooklyn Heights,Brooklyn,BK0201,40.69490603721,-73.99470251809
restaurant,CHEZ MOI,French,Brooklyn Heights,Brooklyn,BK0201,40.69056933194,-73.99555026149
restaurant,CHIPOTLE MEXICAN GRILL,Tex-Mex,Brooklyn Heights,Brooklyn,BK0201,40.69411262934,-73.99183209448
restaurant,CHOP'T,Salads,Brooklyn Heights,Brooklyn,BK0201,40.69195500673,-73.98905932876
restaurant,CLARK'S,American,Brooklyn Heights,Brooklyn,BK0201,40.69751075041,-73.9932597808
restaurant,CLOUDY DONUT BK,Donuts,Brooklyn Heights,Brooklyn,BK0201,40.69329771334,-73.99852871322
restaurant,CLOUDY DONUT CO.,Bakery Products/Desserts,Brooklyn Heights,Brooklyn,BK0201,40.69329771334,-73.99852871322
restaurant,CLOVER HILL,New American,Brooklyn Heights,Brooklyn,BK0201,40.69318517834,-73.99858280705
restaurant,COLONIE,New American,Brooklyn Heights,Brooklyn,BK0201,40.69063247032,-73.99577743214
restaurant,CONFIDANT,New American,Brooklyn Heights,Brooklyn,BK0201,40.69063247032,-73.99577743214
restaurant,CURRY HEIGHTS,Indian,Brooklyn Heights,Brooklyn,BK0201,40.69346489103,-73.9922360578
restaurant,DAMASCUS BREAD & BAKERY,Mediterranean,Brooklyn Heights,Brooklyn,BK0201,40.68990772317,-73.99314876908
restaurant,DELLAROCCO'S OF BROOKLYN,Pizza,Brooklyn Heights,Brooklyn,BK0201,40.69501313471,-73.99596467541
restaurant,DIEM EATERY,Asian/Asian Fusion,Brooklyn Heights,Brooklyn,BK0201,40.69111560056,-73.99748302835
restaurant,DIN SOUP DUMPLING,Chinese,Brooklyn Heights,Brooklyn,BK0201,40.69437619524,-73.99284539123
restaurant,DINAH,Bagels/Pretzels,Brooklyn Heights,Brooklyn,BK0201,40.69039086609,-73.99429540729
restaurant,DON NEO FUSION,Japanese,Brooklyn Heights,Brooklyn,BK0201,40.69456562567,-73.9935377543
restaurant,DOS TOROS TAQUERIA,Tex-Mex,Brooklyn Heights,Brooklyn,BK0201,40.69195500673,-73.98905932876
restaurant,DUNKIN DONUTS,Coffee/Tea,Brooklyn Heights,Brooklyn,BK0201,40.69216379168,-73.99117243001
restaurant,EARTHBAR,"Juice, Smoothies, Fruit Salads",Brooklyn Heights,Brooklyn,BK0201,40.69262494737,-73.99162312603
restaurant,FASCATI'S PIZZERIA,Pizza,Brooklyn Heights,Brooklyn,BK0201,40.69844392868,-73.99254562394
restaurant,FELICE,Italian,Brooklyn Heights,Brooklyn,BK0201,40.69526840281,-73.99608727077
restaurant,FERRANE BAKERY,Bakery Products/Desserts,Brooklyn Heights,Brooklyn,BK0201,40.69769193957,-73.9938692328
restaurant,FINI PATIO BAR,Pizza,Brooklyn Heights,Brooklyn,BK0201,40.69403880887,-74.00076810682
restaurant,FINI PATIO BAR,Other,Brooklyn Heights,Brooklyn,BK0201,40.69403880887,-74.00076810682
restaurant,FORTUNE HOUSE,Chinese,Brooklyn Heights,Brooklyn,BK0201,40.69839452442,-73.99257087409
restaurant,FRENZIE,Italian,Brooklyn Heights,Brooklyn,BK0201,40.69061599954,-73.99571973799
restaurant,GOOSE BARNACLE,Coffee/Tea,Brooklyn Heights,Brooklyn,BK0201,40.69102776067,-73.99717652407
restaurant,GRAND CANYON,American,Brooklyn Heights,Brooklyn,BK0201,40.6946068015,-73.99361347978
restaurant,GREGORY'S COFFEE,Coffee/Tea,Brooklyn Heights,Brooklyn,BK0201,40.69343731897,-73.9905772538
restaurant,HAAGEN-DAZS ICE CREAM,Frozen Desserts,Brooklyn Heights,Brooklyn,BK0201,40.69488682363,-73.99469891344
restaurant,HALAL MUNCHIES,Middle Eastern,Brooklyn Heights,Brooklyn,BK0201,40.69145562703,-73.99100304236
restaurant,HANCO'S,Southeast Asian,Brooklyn Heights,Brooklyn,BK0201,40.69457385795,-73.99350169185
restaurant,HAPPY SANDWICH & DRINK,Sandwiches,Brooklyn Heights,Brooklyn,BK0201,40.70037630013,-73.99339653618
restaurant,HARRIET'S LOUNGE / HARRIET'S ROOFTOP,Asian/Asian Fusion,Brooklyn Heights,Brooklyn,BK0201,40.70159782593,-73.99551706363
restaurant,HEIGHTS FALAFEL,Middle Eastern,Brooklyn Heights,Brooklyn,BK0201,40.69849607793,-73.99252397982
restaurant,HENRY STREET ALE HOUSE,American,Brooklyn Heights,Brooklyn,BK0201,40.69910814189,-73.99222097244
restaurant,HENRY'S END,American,Brooklyn Heights,Brooklyn,BK0201,40.69864703542,-73.99244822873
restaurant,HONEYGROW,Salads,Brooklyn Heights,Brooklyn,BK0201,40.69262494737,-73.99162312603
restaurant,I'MILKY,Coffee/Tea,Brooklyn Heights,Brooklyn,BK0201,40.69078596393,-73.99182529165
restaurant,INGAS BAR,New American,Brooklyn Heights,Brooklyn,BK0201,40.69989050161,-73.99386542338
restaurant,IRON CHEF HOUSE,Japanese,Brooklyn Heights,Brooklyn,BK0201,40.69732131646,-73.99253853731
restaurant,JOE COFFEE COMPANY,Coffee/Tea,Brooklyn Heights,Brooklyn,BK0201,40.69862792679,-73.99425502953
restaurant,JUICE GENERATION,"Juice, Smoothies, Fruit Salads",Brooklyn Heights,Brooklyn,BK0201,40.69010528281,-73.99214990838
restaurant,JULES,Pizza,Brooklyn Heights,Brooklyn,BK0201,40.69948690776,-73.99203700008
restaurant,JUST SALAD,Salads,Brooklyn Heights,Brooklyn,BK0201,40.6921171322,-73.99119407239
restaurant,KAIGO COFFEE ROOM,Coffee/Tea,Brooklyn Heights,Brooklyn,BK0201,40.69339104392,-73.99948793378
restaurant,KHAOSAN THAI CUISINE,Thai,Brooklyn Heights,Brooklyn,BK0201,40.69470014575,-73.99402096815
restaurant,KIWAMI,Japanese,Brooklyn Heights,Brooklyn,BK0201,40.69354749276,-74.00099889209
restaurant,KOGANE RAMEN,Japanese,Brooklyn Heights,Brooklyn,BK0201,40.69854548218,-73.9924987296
restaurant,KUNG FU TEA,Russian,Brooklyn Heights,Brooklyn,BK0201,40.69147484608,-73.99107515967
restaurant,L&B SPUMONI GARDENS,Italian,Brooklyn Heights,Brooklyn,BK0201,40.70228664051,-73.99305011424
restaurant,L'APPARTEMENT 4F,Bakery Products/Desserts,Brooklyn Heights,Brooklyn,BK0201,40.69495270605,-73.99487200506
restaurant,LA BAGEL DELIGHT,Sandwiches,Brooklyn Heights,Brooklyn,BK0201,40.69113179499,-73.99168100999
restaurant,LA BAGEL DELIGHT COURT,Other,Brooklyn Heights,Brooklyn,BK0201,40.69113179499,-73.99168100999
restaurant,LANTERN,Thai,Brooklyn Heights,Brooklyn,BK0201,40.6950625143,-73.99527588996
restaurant,LASSEN & HENNIGS,Soups/Salads/Sandwiches,Brooklyn Heights,Brooklyn,BK0201,40.69493074755,-73.99486479438
restaurant,LICHEE NUT,Chinese,Brooklyn Heights,Brooklyn,BK0201,40.69437619524,-73.99284539123
restaurant,MCDONALD'S,Hamburgers,Brooklyn Heights,Brooklyn,BK0201,40.69134313516,-73.99158001583
restaurant,MEAT UP,Mediterranean,Brooklyn Heights,Brooklyn,BK0201,40.70270389778,-73.99396975506
restaurant,MIKADO,Japanese,Brooklyn Heights,Brooklyn,BK0201,40.69008067968,-73.99377618139
restaurant,MINT HEIGHTS,Indian,Brooklyn Heights,Brooklyn,BK0201,40.69958022699,-73.99199371166
restaurant,MOCHA HOOKAH CAFE,Middle Eastern,Brooklyn Heights,Brooklyn,BK0201,40.69002302789,-73.99356704359
restaurant,MONTAGUE DINER,American,Brooklyn Heights,Brooklyn,BK0201,40.69451071824,-73.99332860231
restaurant,MONTAGUE STREET BAGELS,Bagels/Pretzels,Brooklyn Heights,Brooklyn,BK0201,40.69497741583,-73.99502706916
restaurant,MONTY Q'S,Pizza,Brooklyn Heights,Brooklyn,BK0201,40.69441463075,-73.99298602717
restaurant,MY LITTLE PIZZERIA,Pizza,Brooklyn Heights,Brooklyn,BK0201,40.69017664618,-73.99213908217
restaurant,NAKO,Coffee/Tea,Brooklyn Heights,Brooklyn,BK0201,40.69322086016,-73.99856477583
restaurant,NEXT STOP VEGAN,Vegan,Brooklyn Heights,Brooklyn,BK0201,40.69139522513,-73.99079029702
restaurant,NOODLE PUDDING,Italian,Brooklyn Heights,Brooklyn,BK0201,40.69976961015,-73.99190713411
restaurant,O'KEEFE'S,American,Brooklyn Heights,Brooklyn,BK0201,40.69202106873,-73.99124096346
restaurant,ODDFELLOWS ICE CREAM CO.,Frozen Desserts,Brooklyn Heights,Brooklyn,BK0201,40.69399214749,-73.9991958324
restaurant,PANDA EXPRESS,Chinese,Brooklyn Heights,Brooklyn,BK0201,40.69129098632,-73.99160526434
restaurant,PARIS BAGUETTE,Bakery Products/Desserts,Brooklyn Heights,Brooklyn,BK0201,40.69112081485,-73.99166658745
restaurant,PILOT,Seafood,Brooklyn Heights,Brooklyn,BK0201,40.69399214749,-73.9991958324
restaurant,PIZ-ZETTA,Pizza,Brooklyn Heights,Brooklyn,BK0201,40.69137875126,-73.99072539147
restaurant,PLYMOUTH CAFE,American,Brooklyn Heights,Brooklyn,BK0201,40.6981914178,-73.99267187491
restaurant,POKE CITY,Japanese,Brooklyn Heights,Brooklyn,BK0201,40.69147484608,-73.99107515967
restaurant,POPEYES,Chicken,Brooklyn Heights,Brooklyn,BK0201,40.69139528373,-73.99155116128
restaurant,POPPY'S,American,Brooklyn Heights,Brooklyn,BK0201,40.69953356738,-73.99201535588
restaurant,QAHWAH TIME,Coffee/Tea,Brooklyn Heights,Brooklyn,BK0201,40.69192775029,-73.99129146006
restaurant,QDOBA,Tex-Mex,Brooklyn Heights,Brooklyn,BK0201,40.69216104524,-73.99115079417
restaurant,RED TABLE CAFE,American,Brooklyn Heights,Brooklyn,BK0201,40.69231188247,-73.98965426683
restaurant,SAKETUMI,Asian/Asian Fusion,Brooklyn Heights,Brooklyn,BK0201,40.69490055015,-73.99475661126
restaurant,SALTER HOUSE,Coffee/Tea,Brooklyn Heights,Brooklyn,BK0201,40.69082462753,-73.99645894651
restaurant,SANPANINO,Sandwiches/Salads/Mixed Buffet,Brooklyn Heights,Brooklyn,BK0201,40.69022327423,-73.99167030599
restaurant,SIPPY CAFE,Coffee/Tea,Brooklyn Heights,Brooklyn,BK0201,40.69345116374,-73.99218557396
restaurant,STARBUCKS,Coffee/Tea,Brooklyn Heights,Brooklyn,BK0201,40.69464249462,-73.99381542176
restaurant,STARBUCKS #7358,Coffee/Tea,Brooklyn Heights,Brooklyn,BK0201,40.6923065143,-73.99110029021
restaurant,SUSHI GALLERY,Japanese,Brooklyn Heights,Brooklyn,BK0201,40.69757663519,-73.99343648415
restaurant,SUSHI LIN,Japanese,Brooklyn Heights,Brooklyn,BK0201,40.69752722242,-73.99331748032
restaurant,SWEETGREEN,Salads,Brooklyn Heights,Brooklyn,BK0201,40.69003941047,-73.99218236943
restaurant,T&Y KITCHEN,Chinese,Brooklyn Heights,Brooklyn,BK0201,40.69047860128,-73.99258978918
restaurant,TABLE 87,Italian,Brooklyn Heights,Brooklyn,BK0201,40.69105521085,-73.99727749016
restaurant,TABOONETTE,Mediterranean,Brooklyn Heights,Brooklyn,BK0201,40.69460406013,-73.99367478487
restaurant,TACO BELL,Mexican,Brooklyn Heights,Brooklyn,BK0201,40.69225985484,-73.9911219327
restaurant,TAQUERIA AL PASTOR AND BAR,Mexican,Brooklyn Heights,Brooklyn,BK0201,40.69048404931,-73.99197317244
restaurant,TEPPANYAKI ONE JAPANESE GRILL,Japanese,Brooklyn Heights,Brooklyn,BK0201,40.69123883747,-73.99163051281
restaurant,THE BLACK BULL,American,Brooklyn Heights,Brooklyn,BK0201,40.69098384038,-73.99702146925
restaurant,THE BLACK BULL,American,Brooklyn Heights,Brooklyn,BK0201,40.69098384038,-73.99702146925
restaurant,THE BROOKLYN ICE CREAM FACTORY,American,Brooklyn Heights,Brooklyn,BK0201,40.70290703714,-73.99449269606
restaurant,THE BROOKLYN STRATEGIST,American,Brooklyn Heights,Brooklyn,BK0201,40.69474389649,-73.99141370071
restaurant,THE CUSTOM HOUSE,American,Brooklyn Heights,Brooklyn,BK0201,40.69463700037,-73.99372887425
restaurant,TUTT HEIGHTS,Middle Eastern,Brooklyn Heights,Brooklyn,BK0201,40.7002637676,-73.99345064447
restaurant,VAN LEEUWEN ICE CREAM,Frozen Desserts,Brooklyn Heights,Brooklyn,BK0201,40.69454365885,-73.9933862976
restaurant,VINEAPPLE,American,Brooklyn Heights,Brooklyn,BK0201,40.69821889431,-73.99313709261
restaurant,VIVI BUBBLE TEA,Coffee/Tea,Brooklyn Heights,Brooklyn,BK0201,40.69058560238,-73.9919226769
restaurant,XISAN DE CLASSIC,Thai,Brooklyn Heights,Brooklyn,BK0201,40.69454365885,-73.9933862976
restaurant,401 LUCKY STAR RESTAURANT,Chinese,Brownsville,Brooklyn,BK1602,40.66935280386,-73.90676194754
restaurant,AMERICAN WINGS AND PIZZA,American,Brownsville,Brooklyn,BK1602,40.65901698368,-73.9080235154
restaurant,BEST WINGS & PIZZA,Chicken,Brownsville,Brooklyn,BK1602,40.66939123658,-73.90676910321
restaurant,BIG APPLE KITCHEN,Chinese,Brownsville,Brooklyn,BK1602,40.66799970713,-73.91030008058
restaurant,BK MUNCHIES,Other,Brownsville,Brooklyn,BK1602,40.66324755357,-73.90910620834
restaurant,BK PIZZA,Pizza,Brownsville,Brooklyn,BK1602,40.66830060344,-73.90232598846
restaurant,BLENDZVILLE CAFE,"Juice, Smoothies, Fruit Salads",Brownsville,Brooklyn,BK1602,40.66526684646,-73.92290536558
restaurant,BROOKLYN CHCKN 'N' LBSTR,Soul Food,Brownsville,Brooklyn,BK1602,40.66815859441,-73.90647884945
restaurant,BROOKLYN FINEST SOUL FOOD AND CARIBBEAN RESTAURANT INC,Caribbean,Brownsville,Brooklyn,BK1602,40.66840981753,-73.9192104591
restaurant,BROWNSVILLE COMMUNITY CULINARY CENTER,American,Brownsville,Brooklyn,BK1602,40.66880197289,-73.90783694126
restaurant,BROWNSVILLE NITA FISH AND FRY,Caribbean,Brownsville,Brooklyn,BK1602,40.66968383881,-73.90882704225
restaurant,BURGER KING,Hamburgers,Brownsville,Brooklyn,BK1602,40.65725413218,-73.90060863238
restaurant,BURRITO LOCO DELI & GROCERY,Mexican,Brownsville,Brooklyn,BK1602,40.66525037537,-73.92290178012
restaurant,CAFE 98 / AL LEGACY ENTERPRISES,Other,Brownsville,Brooklyn,BK1602,40.65916064525,-73.91640678904
restaurant,CHARLEYS CHEESESTEAK & WINGS,Other,Brownsville,Brooklyn,BK1602,40.66992659966,-73.90693056928
restaurant,CHINA CITY,Chinese,Brownsville,Brooklyn,BK1602,40.66118829237,-73.91539141477
restaurant,CHIPOTLE MEXICAN GRILL #5068,Other,Brownsville,Brooklyn,BK1602,40.66961980992,-73.91117746745
restaurant,CREME OF THE ISLANDS,Other,Brownsville,Brooklyn,BK1602,40.66927081148,-73.91064802945
restaurant,CROWN FRIED CHICKEN,Chicken,Brownsville,Brooklyn,BK1602,40.66164366134,-73.91503400145
restaurant,DEMON CHICKEN,Chinese,Brownsville,Brooklyn,BK1602,40.66946810789,-73.90679062417
restaurant,DENNIS' PLACE,American,Brownsville,Brooklyn,BK1602,40.66974269051,-73.9103626142
restaurant,DOMINO'S,Pizza,Brownsville,Brooklyn,BK1602,40.67003473574,-73.90828223074
restaurant,DRAGON KING CHINESE FOOD RESTAURANT,Chinese,Brownsville,Brooklyn,BK1602,40.66815859441,-73.90647884945
restaurant,DUNKIN / BASKIN ROBBINS,Donuts,Brownsville,Brooklyn,BK1602,40.66800758466,-73.90642138641
restaurant,DUNKIN',Donuts,Brownsville,Brooklyn,BK1602,40.65470968326,-73.90710685187
restaurant,EL BURRITO LOCO,Mexican,Brownsville,Brooklyn,BK1602,40.66525037537,-73.92290178012
restaurant,FATHER AND SON SOULFOOD CATERING,Soul Food,Brownsville,Brooklyn,BK1602,40.66862563963,-73.91778271267
restaurant,FLAMES JERK BAR & GRILL,Caribbean,Brownsville,Brooklyn,BK1602,40.6563739969,-73.90831910495
restaurant,GAYLE'S THRILL & GRILL,Other,Brownsville,Brooklyn,BK1602,40.65781787383,-73.90847209234
restaurant,GOLDEN 8,Chinese,Brownsville,Brooklyn,BK1602,40.66526130353,-73.92282607137
restaurant,HALAL MUNCHIES,Middle Eastern,Brownsville,Brooklyn,BK1602,40.66303067332,-73.90905243819
restaurant,HAPPY HOUSE,Chinese,Brownsville,Brooklyn,BK1602,40.66524773477,-73.92305677987
restaurant,HARDEE,Chinese,Brownsville,Brooklyn,BK1602,40.66194872325,-73.91556345752
restaurant,HONG LI CHINESE FOOD,Chinese,Brownsville,Brooklyn,BK1602,40.67044157993,-73.90566093838
restaurant,ISLAND FLAMEZ CARIBBEAN CUISINE,Other,Brownsville,Brooklyn,BK1602,40.66432097532,-73.90937507934
restaurant,JAMROCK BISTRO,Caribbean,Brownsville,Brooklyn,BK1602,40.65697074881,-73.9133027875
restaurant,JIGGA'S JERK SPOT,Caribbean,Brownsville,Brooklyn,BK1602,40.66119724113,-73.91636457915
restaurant,JUICI PATTIES,Caribbean,Brownsville,Brooklyn,BK1602,40.66929203277,-73.91326147656
restaurant,JUICY KING CRAB EXPRESS,Seafood,Brownsville,Brooklyn,BK1602,40.66880590638,-73.91655326391
restaurant,KANSAS CHICKEN & BURGER,Chicken,Brownsville,Brooklyn,BK1602,40.66985463455,-73.90960905483
restaurant,KFC,Chicken,Brownsville,Brooklyn,BK1602,40.66952697197,-73.91180482794
restaurant,LEBRON RESTAURANT,Spanish,Brownsville,Brooklyn,BK1602,40.66895074363,-73.91568433116
restaurant,LOMA NO 5,Spanish,Brownsville,Brooklyn,BK1602,40.66895235282,-73.91056554787
restaurant,MANNYS,American,Brownsville,Brooklyn,BK1602,40.66789227758,-73.90638910634
restaurant,MCDONALD'S,Hamburgers,Brownsville,Brooklyn,BK1602,40.66941219166,-73.91245744919
restaurant,NAPOLI PIZZA,Pizza,Brownsville,Brooklyn,BK1602,40.6626020405,-73.90849073358
restaurant,NYC LATIN DINER,Spanish,Brownsville,Brooklyn,BK1602,40.66819977487,-73.90648960569
restaurant,PAPA JOHN'S PIZZA,Pizza,Brownsville,Brooklyn,BK1602,40.66528315969,-73.92267465379
restaurant,PITKIN CARIBBEAN BAKERY,Caribbean,Brownsville,Brooklyn,BK1602,40.6698709153,-73.90937111419
restaurant,PITKIN SEAFOOD,Seafood,Brownsville,Brooklyn,BK1602,40.669554203,-73.91152361675
restaurant,PIZZA HUT,Pizza,Brownsville,Brooklyn,BK1602,40.66859294491,-73.91812160017
restaurant,POPEYES,Chicken,Brownsville,Brooklyn,BK1602,40.66303067332,-73.90905243819
restaurant,RICKY'S HARDEE,Chinese,Brownsville,Brooklyn,BK1602,40.66847154589,-73.90653608496
restaurant,SAL & PAUL'S PIZZERIA,Pizza,Brownsville,Brooklyn,BK1602,40.66962245964,-73.9110549003
restaurant,SHUN FAT KITCHEN,Chinese,Brownsville,Brooklyn,BK1602,40.66978627625,-73.90994079135
restaurant,SHUN LI CHINESE RESTAURANT,Chinese,Brownsville,Brooklyn,BK1602,40.6683524662,-73.9196214695
restaurant,SISTER'S & FAMILY RESTAURANT,African,Brownsville,Brooklyn,BK1602,40.6698873868,-73.90937469655
restaurant,SUBWAY,Sandwiches,Brownsville,Brooklyn,BK1602,40.66859294491,-73.91812160017
restaurant,SUTTER CHICKEN GYRO,Chicken,Brownsville,Brooklyn,BK1602,40.66830060344,-73.90232598846
restaurant,TACO BELL,Tex-Mex,Brownsville,Brooklyn,BK1602,40.66951878202,-73.91186251571
restaurant,TEX'S CHICKEN AND BURGER,Hamburgers,Brownsville,Brooklyn,BK1602,40.6692866577,-73.91341288491
restaurant,TRACKER JUST FISH,American,Brownsville,Brooklyn,BK1602,40.65844336576,-73.91519307412
restaurant,TRINIDAD KILLA SMOKEHOUSE,Caribbean,Brownsville,Brooklyn,BK1602,40.65956446057,-73.91686402286
restaurant,TROPICAL COFFEE SHOP,Latin American,Brownsville,Brooklyn,BK1602,40.66580894848,-73.90975874266
restaurant,TROPICAL TASTE RESTAURANT AND BAKERY,Caribbean,Brownsville,Brooklyn,BK1602,40.66276163083,-73.90898432207
restaurant,VELVET ROOM,American,Brownsville,Brooklyn,BK1602,40.66567391731,-73.92012935333
restaurant,VILLA CASTILLO RESTAURANT,Latin American,Brownsville,Brooklyn,BK1602,40.66838797864,-73.91937990865
restaurant,WAH YUNG,Chinese,Brownsville,Brooklyn,BK1602,40.66418096321,-73.90933922513
restaurant,WING LUCK,Chinese,Brownsville,Brooklyn,BK1602,40.66259384933,-73.90854481133
restaurant,ZINGER HALAL EXPRESS,Chicken,Brownsville,Brooklyn,BK1602,40.6563739969,-73.90831910495
restaurant,ALEX LUNCHEONETTE,Latin American,Bushwick (East),Brooklyn,BK0402,40.69475100883,-73.91121237564
restaurant,ANDALUCIA BAR & LOUNGE,Italian,Bushwick (East),Brooklyn,BK0402,40.68587761183,-73.91180835866
restaurant,ANGELA'S BAKERY,Bakery Products/Desserts,Bushwick (East),Brooklyn,BK0402,40.69411334787,-73.91009171815
restaurant,ANTOJITOS DON VICTOR,Mexican,Bushwick (East),Brooklyn,BK0402,40.69936894486,-73.91281106166
restaurant,ARIS POLLOS A LA BRASA,Latin American,Bushwick (East),Brooklyn,BK0402,40.69456686016,-73.91089167305
restaurant,ARMANDO'S GROCERY & BAKERY,Bakery Products/Desserts,Bushwick (East),Brooklyn,BK0402,40.70011777442,-73.91216452092
restaurant,ARMANDO'S PIZZA,Pizza,Bushwick (East),Brooklyn,BK0402,40.68344267558,-73.91139334615
restaurant,BAR CORNELIA,American,Bushwick (East),Brooklyn,BK0402,40.69032696704,-73.91555262393
restaurant,BEIJING HOUSE,Chinese,Bushwick (East),Brooklyn,BK0402,40.69143941815,-73.90943183438
restaurant,BK PIZZA 1,Bangladeshi,Bushwick (East),Brooklyn,BK0402,40.68730139441,-73.91819228915
restaurant,BOMBAY KITCHEN,Indian,Bushwick (East),Brooklyn,BK0402,40.69389621053,-73.90970976236
restaurant,BOOTLEG BAR,American,Bushwick (East),Brooklyn,BK0402,40.69891926185,-73.91713212162
restaurant,BRICKLYN PIZZA,Pizza,Bushwick (East),Brooklyn,BK0402,40.69256586854,-73.91082584251
restaurant,BROOKLYN BARISTA COFFEE,Coffee/Tea,Bushwick (East),Brooklyn,BK0402,40.69730865755,-73.9071410333
restaurant,BUSHWICK BURGER CO.,Hamburgers,Bushwick (East),Brooklyn,BK0402,40.69594940999,-73.90984761449
restaurant,BUSHWICK TACO COMPANY,Tex-Mex,Bushwick (East),Brooklyn,BK0402,40.69190344601,-73.9062182366
restaurant,CAFE PRI,American,Bushwick (East),Brooklyn,BK0402,40.68968577361,-73.90634757429
restaurant,CARRIZAL RESTAURANT FOOD,Spanish,Bushwick (East),Brooklyn,BK0402,40.69915191025,-73.91255168473
restaurant,CASA DEL SABOR,Spanish,Bushwick (East),Brooklyn,BK0402,40.69325897499,-73.91267483857
restaurant,CHANG HONG,Chinese,Bushwick (East),Brooklyn,BK0402,40.69676230033,-73.91040548525
restaurant,CHANG YU,Chinese,Bushwick (East),Brooklyn,BK0402,40.69528191278,-73.92026323912
restaurant,COBBLER BUSHWICK ROASTER,Coffee/Tea,Bushwick (East),Brooklyn,BK0402,40.68613830234,-73.90823114991
restaurant,COMOE BUFFET SOUL FOOD,Soul Food,Bushwick (East),Brooklyn,BK0402,40.68491310657,-73.91398744676
restaurant,COVERT BK,American,Bushwick (East),Brooklyn,BK0402,40.68486363569,-73.91390097548
restaurant,CROWN FRIED CHICKEN,Chicken,Bushwick (East),Brooklyn,BK0402,40.69532038471,-73.92032810465
restaurant,CRUST BKLYN,Pizza,Bushwick (East),Brooklyn,BK0402,40.68676498849,-73.90933364128
restaurant,DOUBLE,American,Bushwick (East),Brooklyn,BK0402,40.6946977676,-73.90639099346
restaurant,DUNKIN,Donuts,Bushwick (East),Brooklyn,BK0402,40.69575367252,-73.90537615446
restaurant,DUNKIN,Donuts,Bushwick (East),Brooklyn,BK0402,40.69979065318,-73.91152300557
restaurant,DUNKIN' / BASKIN ROBBINS,Donuts,Bushwick (East),Brooklyn,BK0402,40.69093161128,-73.92456316949
restaurant,EL AGUILA MINI MARKET,Other,Bushwick (East),Brooklyn,BK0402,40.69195205906,-73.91962897045
restaurant,EL MONUMENTO,Caribbean,Bushwick (East),Brooklyn,BK0402,40.69251440041,-73.92734885141
restaurant,EL SALVADOR RESTAURANT,Spanish,Bushwick (East),Brooklyn,BK0402,40.69946971792,-73.91178670267
restaurant,EMPIRE TACO,Tex-Mex,Bushwick (East),Brooklyn,BK0402,40.68998263786,-73.90687361962
restaurant,ESQUINA DEL SABOR,Latin American,Bushwick (East),Brooklyn,BK0402,40.69325897499,-73.91267483857
restaurant,EVERYDAY CHINESE RESTAURANT,Chinese,Bushwick (East),Brooklyn,BK0402,40.69709699997,-73.90675906108
restaurant,FANSWAY TERIYAKI KITCHEN,Japanese,Bushwick (East),Brooklyn,BK0402,40.6991401615,-73.91518077604
restaurant,FAZIO'S,Pizza,Bushwick (East),Brooklyn,BK0402,40.69432498594,-73.91046286539
restaurant,FILTHY DIAMOND,American,Bushwick (East),Brooklyn,BK0402,40.69483346359,-73.91135651262
restaurant,FLAMIN' CHICKEN & PIZZA,Chicken,Bushwick (East),Brooklyn,BK0402,40.68550400994,-73.91502872131
restaurant,FLAMIN' CHICKEN & PIZZA,Pizza,Bushwick (East),Brooklyn,BK0402,40.68550400994,-73.91502872131
restaurant,GEMS BAR LOUNGE,American,Bushwick (East),Brooklyn,BK0402,40.68550400994,-73.91502872131
restaurant,GIGI,Thai,Bushwick (East),Brooklyn,BK0402,40.69922122049,-73.91717862828
restaurant,GOLDEN THAI,Thai,Bushwick (East),Brooklyn,BK0402,40.69548145361,-73.90815332837
restaurant,GOOD CHINESE RESTAURANT,Chinese,Bushwick (East),Brooklyn,BK0402,40.69505059821,-73.91174208538
restaurant,HEADREST COFFEE,Coffee/Tea,Bushwick (East),Brooklyn,BK0402,40.69982958256,-73.91583626969
restaurant,HOUSE PARTY CAFE & LOUNGE,American,Bushwick (East),Brooklyn,BK0402,40.68868097142,-73.91674103994
restaurant,ILEGAL TAQUERIA,Mexican,Bushwick (East),Brooklyn,BK0402,40.6896280833,-73.90628635537
restaurant,JIMMY'S PIZZA,Pizza,Bushwick (East),Brooklyn,BK0402,40.69126900261,-73.90912916385
restaurant,JUPIOCA,"Juice, Smoothies, Fruit Salads",Bushwick (East),Brooklyn,BK0402,40.70001882717,-73.91198793516
restaurant,KFC,Chicken,Bushwick (East),Brooklyn,BK0402,40.69951332555,-73.91138633053
restaurant,L'IMPRIMERIE,Bakery Products/Desserts,Bushwick (East),Brooklyn,BK0402,40.69937438502,-73.91274613883
restaurant,LA CALETA ECUATORIANA,Latin American,Bushwick (East),Brooklyn,BK0402,40.69902028219,-73.91271053998
restaurant,LA FOGATA,Mexican,Bushwick (East),Brooklyn,BK0402,40.69954963184,-73.91219773027
restaurant,LA HUEQUITA,Spanish,Bushwick (East),Brooklyn,BK0402,40.69895740647,-73.91674258239
restaurant,LA MESITA,Mexican,Bushwick (East),Brooklyn,BK0402,40.6991401615,-73.91518077604
restaurant,LA POTRANCA,Latin American,Bushwick (East),Brooklyn,BK0402,40.6990011392,-73.91649007912
restaurant,LA SAZON DEL MONO,Other,Bushwick (East),Brooklyn,BK0402,40.6993879715,-73.9125657996
restaurant,LADY MOO MOO,Frozen Desserts,Bushwick (East),Brooklyn,BK0402,40.69171380981,-73.90932327989
restaurant,LEE RESTAURANT,Asian/Asian Fusion,Bushwick (East),Brooklyn,BK0402,40.69946690097,-73.91169293918
restaurant,LEGACY COFFEE,Coffee/Tea,Bushwick (East),Brooklyn,BK0402,40.69191666675,-73.90560519417
restaurant,LOS FLORENCIOS,Bakery Products/Desserts,Bushwick (East),Brooklyn,BK0402,40.6989793332,-73.91669927804
restaurant,LUCKY CHARLIE,American,Bushwick (East),Brooklyn,BK0402,40.70000272243,-73.91613538651
restaurant,LUCY'S VIETANAMESE,Soups/Salads/Sandwiches,Bushwick (East),Brooklyn,BK0402,40.69982958256,-73.91583626969
restaurant,MAYA FUSION CAFE,Mexican,Bushwick (East),Brooklyn,BK0402,40.68588857705,-73.91179031562
restaurant,MAYAS SNACK BAR,Frozen Desserts,Bushwick (East),Brooklyn,BK0402,40.70109934682,-73.9107963514
restaurant,MERV'S,American,Bushwick (East),Brooklyn,BK0402,40.69974438339,-73.91568490689
restaurant,MI ESTRELLA NY BAKERY,Bakery Products/Desserts,Bushwick (East),Brooklyn,BK0402,40.70018374001,-73.91228344721
restaurant,MI PEQUENA CHOLULA DELI RESTAURANTE,Mexican,Bushwick (East),Brooklyn,BK0402,40.69898751771,-73.91663074607
restaurant,MONEY CAT VIETNAMESE AMERICAN,Asian/Asian Fusion,Bushwick (East),Brooklyn,BK0402,40.69099692064,-73.90868960749
restaurant,NACHO MACHO TACO,Tex-Mex,Bushwick (East),Brooklyn,BK0402,40.69633411924,-73.9139942933
restaurant,NEW APOLO,Chinese/Cuban,Bushwick (East),Brooklyn,BK0402,40.69897115127,-73.9167714164
restaurant,NEW CHOY HING,Chinese,Bushwick (East),Brooklyn,BK0402,40.6882412157,-73.91593028116
restaurant,NEW TEXAS FRIED CHICKEN,Chicken,Bushwick (East),Brooklyn,BK0402,40.68942739593,-73.90589720272
restaurant,NEW WORLD NUTRITION,"Juice, Smoothies, Fruit Salads",Bushwick (East),Brooklyn,BK0402,40.70039711088,-73.91134547997
restaurant,NO 1 RESTAURANT,Chinese,Bushwick (East),Brooklyn,BK0402,40.69217009486,-73.90671549306
restaurant,NY PIZZA CAFE & SPANISH FOOD RESTAURANT,Mexican,Bushwick (East),Brooklyn,BK0402,40.6990011392,-73.91649007912
restaurant,PEKING GARDEN,Chinese,Bushwick (East),Brooklyn,BK0402,40.6951416119,-73.91597563962
restaurant,PHIL'S,American,Bushwick (East),Brooklyn,BK0402,40.69451463659,-73.91079798288
restaurant,POPEYES LOUISIANA KITCHEN,Chicken,Bushwick (East),Brooklyn,BK0402,40.69893028263,-73.91718981031
restaurant,RENNY RESTAURANT,Other,Bushwick (East),Brooklyn,BK0402,40.6857431251,-73.91546109784
restaurant,ROSA'S STEAKHOUSE,Other,Bushwick (East),Brooklyn,BK0402,40.69113981803,-73.90890216386
restaurant,ROSARIO PIZZA,Pizza,Bushwick (East),Brooklyn,BK0402,40.69422661385,-73.91840734033
restaurant,SAKURA JAPAN,Japanese,Bushwick (East),Brooklyn,BK0402,40.69071103227,-73.90814910702
restaurant,SALUD BAR & GRILL,Latin American,Bushwick (East),Brooklyn,BK0402,40.68444834032,-73.90926108532
restaurant,SHAH'S HALAL FOOD,Middle Eastern,Bushwick (East),Brooklyn,BK0402,40.68527314089,-73.91461436561
restaurant,ST MICHEL CAFE & BAKERY,Coffee/Tea,Bushwick (East),Brooklyn,BK0402,40.69576734187,-73.90869386768
restaurant,SUBWAY,Sandwiches,Bushwick (East),Brooklyn,BK0402,40.69889744428,-73.91732689448
restaurant,SUBWAY,Sandwiches,Bushwick (East),Brooklyn,BK0402,40.68365156482,-73.91176444156
restaurant,SUNRISE SUNSET,Coffee/Tea,Bushwick (East),Brooklyn,BK0402,40.69363682142,-73.92285440462
restaurant,SUSHI KING,Japanese,Bushwick (East),Brooklyn,BK0402,40.6989328918,-73.91700227412
restaurant,TANDOORI MASALA,Indian,Bushwick (East),Brooklyn,BK0402,40.68384395933,-73.91210311087
restaurant,TAQUERIA ACATLAN,Mexican,Bushwick (East),Brooklyn,BK0402,40.69903255806,-73.91443078057
restaurant,THAI ROS THIP,Thai,Bushwick (East),Brooklyn,BK0402,40.69499016047,-73.9116736481
restaurant,THE BUREN,Coffee/Tea,Bushwick (East),Brooklyn,BK0402,40.69186315234,-73.92619563785
restaurant,THE EVERGREEN,American,Bushwick (East),Brooklyn,BK0402,40.68572930233,-73.90819565809
restaurant,THE STEEL MILL,American,Bushwick (East),Brooklyn,BK0402,40.68543232599,-73.91099046277
restaurant,THEY SAY THAT,Thai,Bushwick (East),Brooklyn,BK0402,40.690023868,-73.90694568021
restaurant,TIKAL CAFE,Coffee/Tea,Bushwick (East),Brooklyn,BK0402,40.69103259751,-73.90529994277
restaurant,TLACUALLI,Other,Bushwick (East),Brooklyn,BK0402,40.68493784199,-73.91403068244
restaurant,TRE JOLIE CAFE,American,Bushwick (East),Brooklyn,BK0402,40.68372270275,-73.90798570218
restaurant,TRESCIENTOS,Peruvian,Bushwick (East),Brooklyn,BK0402,40.69938936907,-73.91081668035
restaurant,WHITE CASTLE,Hamburgers,Bushwick (East),Brooklyn,BK0402,40.69931999542,-73.9134133987
restaurant,WITCHING HOUR,Bottled Beverages,Bushwick (East),Brooklyn,BK0402,40.69103259751,-73.90529994277
restaurant,XOCO-LATTE BUSHWICK,Coffee/Tea,Bushwick (East),Brooklyn,BK0402,40.69222550844,-73.91081548136
restaurant,101 WILSON BAR,American,Bushwick (West),Brooklyn,BK0401,40.70149789697,-73.92711902463
restaurant,A SHEN ZHOU,Chinese,Bushwick (West),Brooklyn,BK0401,40.70015967025,-73.92476186253
restaurant,A-UN,Japanese,Bushwick (West),Brooklyn,BK0401,40.70428165436,-73.92800321592
restaurant,ABE'S PAGODA,Asian/Asian Fusion,Bushwick (West),Brooklyn,BK0401,40.70400100561,-73.9187668187
restaurant,ABY'S BAR,Spanish,Bushwick (West),Brooklyn,BK0401,40.69927913361,-73.91382458404
restaurant,ACE’S PIZZA,Pizza,Bushwick (West),Brooklyn,BK0401,40.70714621129,-73.92229046907
restaurant,AKARU SUSHI,Japanese,Bushwick (West),Brooklyn,BK0401,40.70239892519,-73.91615760661
restaurant,ALPHAVILLE / LORI JAYNE,American,Bushwick (West),Brooklyn,BK0401,40.70061584581,-73.92559444578
restaurant,AMARANTO,Tex-Mex,Bushwick (West),Brooklyn,BK0401,40.70287502875,-73.92182300031
restaurant,ARTICHOKE BASILLE'S PIZZA,Pizza,Bushwick (West),Brooklyn,BK0401,40.70649327546,-73.92276372566
restaurant,AYAT BUSHWICK,Middle Eastern,Bushwick (West),Brooklyn,BK0401,40.70273460676,-73.92528190353
restaurant,BIRDY'S,American,Bushwick (West),Brooklyn,BK0401,40.69760030075,-73.93154105582
restaurant,BITES & SIPS,Coffee/Tea,Bushwick (West),Brooklyn,BK0401,40.70441904207,-73.92824110918
restaurant,BK TACO FACTORY,Mexican,Bushwick (West),Brooklyn,BK0401,40.6997402003,-73.92138670403
restaurant,BLUE COLLAR,American,Bushwick (West),Brooklyn,BK0401,40.70291808995,-73.92057866609
restaurant,BOOBIE TRAP,American,Bushwick (West),Brooklyn,BK0401,40.70043903001,-73.91598336319
restaurant,BOSSA NOVA CIVIC CLUB,American,Bushwick (West),Brooklyn,BK0401,40.69779303964,-73.92804631339
restaurant,BOTANAS,Mexican,Bushwick (West),Brooklyn,BK0401,40.70317960468,-73.9216855897
restaurant,BOYFRIEND CAFE & BAR,American,Bushwick (West),Brooklyn,BK0401,40.69703948393,-73.93473320876
restaurant,BROOKLYN KAVA,Coffee/Tea,Bushwick (West),Brooklyn,BK0401,40.70053340899,-73.92545027857
restaurant,BRUNO'S PIZZA,Pizza,Bushwick (West),Brooklyn,BK0401,40.69746844422,-73.93611040241
restaurant,BUNNA CAFE,Ethiopian,Bushwick (West),Brooklyn,BK0401,40.70505557059,-73.92782925358
restaurant,BUNTON'S WORLD FAMOUS,Bottled Beverages,Bushwick (West),Brooklyn,BK0401,40.69595453603,-73.9334071785
restaurant,BURGER KING,American,Bushwick (West),Brooklyn,BK0401,40.69875026289,-73.91877684757
restaurant,BUSHWICK BAKERY,Bakery Products/Desserts,Bushwick (West),Brooklyn,BK0401,40.69981878003,-73.92820280243
restaurant,BUSHWICK ROSTISERIA RESTAURANT,Latin American,Bushwick (West),Brooklyn,BK0401,40.7052842261,-73.92078502756
restaurant,C.M. COFFEE SHOP,American,Bushwick (West),Brooklyn,BK0401,40.70371185941,-73.91744352739
restaurant,CAFE ORNITHOLOGY,Mediterranean,Bushwick (West),Brooklyn,BK0401,40.69531984113,-73.93229349725
restaurant,CALABRIJE'S,Mexican,Bushwick (West),Brooklyn,BK0401,40.70551335878,-73.92271437076
restaurant,CALIBELLA BAKERY,Latin American,Bushwick (West),Brooklyn,BK0401,40.70238246184,-73.91616484058
restaurant,CARAOTAS NYC,Latin American,Bushwick (West),Brooklyn,BK0401,40.70230848557,-73.92019709704
restaurant,CARMELO'S,American,Bushwick (West),Brooklyn,BK0401,40.70291808995,-73.92057866609
restaurant,CARMENTA'S,Italian,Bushwick (West),Brooklyn,BK0401,40.70109985939,-73.92704733105
restaurant,CAROUSEL,Other,Bushwick (West),Brooklyn,BK0401,40.70600416931,-73.92197080151
restaurant,CATANIA BAKERY,Bakery Products/Desserts,Bushwick (West),Brooklyn,BK0401,40.7045850632,-73.91420361655
restaurant,CEVICHEROS,Seafood,Bushwick (West),Brooklyn,BK0401,40.69883214172,-73.91812398955
restaurant,CHERRY ON TOP,American,Bushwick (West),Brooklyn,BK0401,40.70481233465,-73.9210885551
restaurant,CHIANGMAI DINER & BAR,Thai,Bushwick (West),Brooklyn,BK0401,40.70276722051,-73.93368166254
restaurant,CHILANGOS TAQUERIA,Mexican,Bushwick (West),Brooklyn,BK0401,40.70048605538,-73.91279516909
restaurant,CHINA GARDEN,Chinese,Bushwick (West),Brooklyn,BK0401,40.69306671247,-73.92832188988
restaurant,CHINA GARDEN,Chinese,Bushwick (West),Brooklyn,BK0401,40.70317960468,-73.9216855897
restaurant,CHIPOTLE MEXICAN GRILL,Mexican,Bushwick (West),Brooklyn,BK0401,40.69945616751,-73.91948284471
restaurant,CHOLULA DELI AND GRILL,Spanish,Bushwick (West),Brooklyn,BK0401,40.70112099359,-73.91398088096
restaurant,CHRISTOPHER'S PALACE,Latin American,Bushwick (West),Brooklyn,BK0401,40.69789661777,-73.92690298949
restaurant,CILANTRO CLUB,Sandwiches,Bushwick (West),Brooklyn,BK0401,40.70036835761,-73.92920480977
restaurant,CIRCO PASTRY SHOP,Bakery Products/Desserts,Bushwick (West),Brooklyn,BK0401,40.70158046215,-73.92325271656
restaurant,CLARA'S,American,Bushwick (West),Brooklyn,BK0401,40.70248985083,-73.928856315
restaurant,CLOVERWISH,American,Bushwick (West),Brooklyn,BK0401,40.69609191887,-73.93365587185
restaurant,COCKTAIL MAGIQUE,American,Bushwick (West),Brooklyn,BK0401,40.70667460244,-73.92301959919
restaurant,CROWN FAST FOOD,Chicken,Bushwick (West),Brooklyn,BK0401,40.70417409449,-73.91900464833
restaurant,CURRY LEAF INDIAN CUISINE,Indian,Bushwick (West),Brooklyn,BK0401,40.70327137671,-73.91198001786
restaurant,D' MONTAZO RESTAURANT,Latin American,Bushwick (West),Brooklyn,BK0401,40.70131064194,-73.91432686238
restaurant,DAHLIA COMIDA MEXICANA,Mexican,Bushwick (West),Brooklyn,BK0401,40.70217402544,-73.92429433177
restaurant,DAYGLOW / NITEGLOW,Coffee/Tea,Bushwick (West),Brooklyn,BK0401,40.7035889747,-73.93084240443
restaurant,DESI GRILL,Indian,Bushwick (West),Brooklyn,BK0401,40.70580632949,-73.92165363772
restaurant,DIEGO'S GYROS,Other,Bushwick (West),Brooklyn,BK0401,40.70188251658,-73.91944023074
restaurant,DOCK ASIAN EATERY,Asian/Asian Fusion,Bushwick (West),Brooklyn,BK0401,40.70640259837,-73.922615952
restaurant,DUE FRATELLI,Pizza,Bushwick (West),Brooklyn,BK0401,40.70408341509,-73.91886049164
restaurant,DUNKIN',Donuts,Bushwick (West),Brooklyn,BK0401,40.69915114739,-73.91898552932
restaurant,DUNKIN' / 'BASKIN ROBBINS,Donuts,Bushwick (West),Brooklyn,BK0401,40.70406143141,-73.91882445169
restaurant,DUNKIN/JIMMY JOHNS,Donuts,Bushwick (West),Brooklyn,BK0401,40.70454037937,-73.92915347488
restaurant,E&A’S BAKE N BREW,Coffee/Tea,Bushwick (West),Brooklyn,BK0401,40.7005470066,-73.93421403365
restaurant,ECHO BRAVO,American,Bushwick (West),Brooklyn,BK0401,40.70780724155,-73.9216152081
restaurant,ECUAPOLLOS,Latin American,Bushwick (West),Brooklyn,BK0401,40.69791299434,-73.92675871759
restaurant,EL BURRO MEXICAN GRILL,Mexican,Bushwick (West),Brooklyn,BK0401,40.70329547539,-73.92255465315
restaurant,EL CHARRO BAKERY 1,Bakery Products/Desserts,Bushwick (West),Brooklyn,BK0401,40.69870947328,-73.91931785602
restaurant,EL ENCEBOLLADO DE ROSSY,Spanish,Bushwick (West),Brooklyn,BK0401,40.70082690422,-73.91345110555
restaurant,EL ENCEBOLLADO DE VICTOR,Latin American,Bushwick (West),Brooklyn,BK0401,40.7021190657,-73.92419701688
restaurant,EL JARDIN AZUAYO,Latin American,Bushwick (West),Brooklyn,BK0401,40.70228880802,-73.92354403131
restaurant,EL MEKKAH BAR & GRILL,American,Bushwick (West),Brooklyn,BK0401,40.70087635091,-73.91350513874
restaurant,EL NEUVO CARIBE,Latin American,Bushwick (West),Brooklyn,BK0401,40.69798871017,-73.92499873477
restaurant,EL PODER DE LA NUTRICION,"Juice, Smoothies, Fruit Salads",Bushwick (West),Brooklyn,BK0401,40.70409168512,-73.91891097509
restaurant,EMERALD BAKERY AND CAFE,Coffee/Tea,Bushwick (West),Brooklyn,BK0401,40.6974367839,-73.92895188593
restaurant,EMPANADA CITY,Latin American,Bushwick (West),Brooklyn,BK0401,40.70773510778,-73.92049716027
restaurant,EMPLOYEE'S CAFETERIA,American,Bushwick (West),Brooklyn,BK0401,40.70462879653,-73.91769846401
restaurant,FINE TIME,American,Bushwick (West),Brooklyn,BK0401,40.70081074623,-73.92998694958
restaurant,FISH SAUCE,Thai,Bushwick (West),Brooklyn,BK0401,40.70154821545,-73.92429143863
restaurant,FORMOSA,Asian/Asian Fusion,Bushwick (West),Brooklyn,BK0401,40.69932400405,-73.93151764046
restaurant,FRIDA'S,Mexican,Bushwick (West),Brooklyn,BK0401,40.69791572298,-73.92673347015
restaurant,FRUITTI YUMMI,Frozen Desserts,Bushwick (West),Brooklyn,BK0401,40.69917862821,-73.9190323792
restaurant,FUKUROU BROOKLYN,Japanese,Bushwick (West),Brooklyn,BK0401,40.70143194906,-73.92700368779
restaurant,GABY'S BAKERY,Bakery Products/Desserts,Bushwick (West),Brooklyn,BK0401,40.70288849218,-73.92555583329
restaurant,GOLD SOUNDS,American,Bushwick (West),Brooklyn,BK0401,40.70277014512,-73.92938618648
restaurant,GORDOS CANTINA,Mexican,Bushwick (West),Brooklyn,BK0401,40.70504583557,-73.91746711614
restaurant,GREEN STREETS SALADS,Salads,Bushwick (West),Brooklyn,BK0401,40.70446293202,-73.9239418722
restaurant,GRILL ZILLA,Chicken,Bushwick (West),Brooklyn,BK0401,40.7027071285,-73.92523504855
restaurant,GRILLED!,Vegan,Bushwick (West),Brooklyn,BK0401,40.70225314765,-73.92357653161
restaurant,GUACUCO,Latin American,Bushwick (West),Brooklyn,BK0401,40.7047459985,-73.92447894898
restaurant,GUALACENA DOS II,Other,Bushwick (West),Brooklyn,BK0401,40.7013820733,-73.91441693362
restaurant,HALA COFFEE AND KITCHEN,Coffee/Tea,Bushwick (West),Brooklyn,BK0401,40.70592448502,-73.92184465777
restaurant,HANK'S,American,Bushwick (West),Brooklyn,BK0401,40.69840059781,-73.93421976616
restaurant,HAPPY FUN HIDEAWAY,American,Bushwick (West),Brooklyn,BK0401,40.69738901362,-73.93164225053
restaurant,HAPPY GARDEN,Chinese,Bushwick (West),Brooklyn,BK0401,40.69937926959,-73.92342476236
restaurant,HART BAR,American,Bushwick (West),Brooklyn,BK0401,40.69653157336,-73.92986884733
restaurant,HEAVY WOODS,American,Bushwick (West),Brooklyn,BK0401,40.70572664485,-73.92152749473
restaurant,HIGH & DRY,Coffee/Tea,Bushwick (West),Brooklyn,BK0401,40.69788605905,-73.93684930142
restaurant,HIVE MIND BOOKS,American,Bushwick (West),Brooklyn,BK0401,40.70091237558,-73.9176994632
restaurant,HONORE CLUB,American,Bushwick (West),Brooklyn,BK0401,40.70215181235,-73.9198799065
restaurant,HOUSE OF NANCY,Other,Bushwick (West),Brooklyn,BK0401,40.69735942082,-73.92388148717
restaurant,HOUSE OF YES,American,Bushwick (West),Brooklyn,BK0401,40.70694664841,-73.92348817271
restaurant,HUANCHACO PE,Spanish,Bushwick (West),Brooklyn,BK0401,40.7005190365,-73.91285282961
restaurant,IC BROOKLYN CAFE,Coffee/Tea,Bushwick (West),Brooklyn,BK0401,40.70113792682,-73.92648467179
restaurant,IL BEL PAESE PIZZERIA,Pizza,Bushwick (West),Brooklyn,BK0401,40.70167661594,-73.92338244129
restaurant,INCA CHICKEN,Chicken,Bushwick (West),Brooklyn,BK0401,40.70359705755,-73.91811090146
restaurant,INDIKA HOUSE,Indian,Bushwick (West),Brooklyn,BK0401,40.69710850545,-73.93544358262
restaurant,JAY & SON LATIN FLAVOR,Latin American,Bushwick (West),Brooklyn,BK0401,40.69821850062,-73.93744042887
restaurant,JK & SONS COFFEE SHOP,American,Bushwick (West),Brooklyn,BK0401,40.69971309631,-73.9401366413
restaurant,JUKE BAR,American,Bushwick (West),Brooklyn,BK0401,40.70630137674,-73.92311380872
restaurant,KEYBAR BK,American,Bushwick (West),Brooklyn,BK0401,40.70002532136,-73.92930254991
restaurant,KITARO,Coffee/Tea,Bushwick (West),Brooklyn,BK0401,40.69854490135,-73.9370253876
restaurant,KLOM KLORM,Thai,Bushwick (West),Brooklyn,BK0401,40.70301996673,-73.91715225093
restaurant,KNICKERBOCKER BAGEL,Bagels/Pretzels,Bushwick (West),Brooklyn,BK0401,40.70052793706,-73.92136773912
restaurant,L.A. BURRITO,Mexican,Bushwick (West),Brooklyn,BK0401,40.70225628952,-73.92844541478
restaurant,LA CABRA,Coffee/Tea,Bushwick (West),Brooklyn,BK0401,40.70601727104,-73.92106187574
restaurant,LA CAFETERIA,Latin American,Bushwick (West),Brooklyn,BK0401,40.69312716504,-73.92843000725
restaurant,LA CANTINE,Coffee/Tea,Bushwick (West),Brooklyn,BK0401,40.70679635174,-73.92043336126
restaurant,LA GUALACENA,Latin American,Bushwick (West),Brooklyn,BK0401,40.70213514445,-73.91577203594
restaurant,LA HUECA ECUATORIANA,Latin American,Bushwick (West),Brooklyn,BK0401,40.69883214172,-73.91812398955
restaurant,LA ISLA RESTAURANT,Spanish,Bushwick (West),Brooklyn,BK0401,40.69882124499,-73.91823940767
restaurant,LA LONCHERIA,Mexican,Bushwick (West),Brooklyn,BK0401,40.70278386009,-73.92937174545
restaurant,LA LUPE,Mexican,Bushwick (West),Brooklyn,BK0401,40.69732503652,-73.93490242493
restaurant,LA MICHOACANA,Latin American,Bushwick (West),Brooklyn,BK0401,40.70458111954,-73.92418699305
restaurant,LA PAUSA,American,Bushwick (West),Brooklyn,BK0401,40.70064000619,-73.91311594504
restaurant,LA PERLA DEL ULUA,Latin American,Bushwick (West),Brooklyn,BK0401,40.70368330811,-73.92802550458
restaurant,LA SAZON DE NORMITA'S,Spanish,Bushwick (West),Brooklyn,BK0401,40.70102536262,-73.92227959872
restaurant,LALIN'S,Coffee/Tea,Bushwick (West),Brooklyn,BK0401,40.6935887837,-73.9292300667
restaurant,LAS CARNITAS,Mexican,Bushwick (West),Brooklyn,BK0401,40.70450349231,-73.91904031362
restaurant,LAZY SUZY CAFE & SHOP,Coffee/Tea,Bushwick (West),Brooklyn,BK0401,40.69933109853,-73.92529655196
restaurant,LEAF,Salads,Bushwick (West),Brooklyn,BK0401,40.69705586418,-73.93457812176
restaurant,LEE GARDEN CHINESE,Chinese,Bushwick (West),Brooklyn,BK0401,40.70424279265,-73.91911637196
restaurant,LEFT HAND PATH,American,Bushwick (West),Brooklyn,BK0401,40.70500669705,-73.92034173054
restaurant,LEOS RESTAURANT,Mexican,Bushwick (West),Brooklyn,BK0401,40.70341331354,-73.92643887314
restaurant,LESLIE'S KITCHEN,Tex-Mex,Bushwick (West),Brooklyn,BK0401,40.70126982587,-73.92671895018
restaurant,LEVANTINE SHAWARMA,Mediterranean,Bushwick (West),Brooklyn,BK0401,40.70350637703,-73.91796674724
restaurant,LITTLE BEAVER,American,Bushwick (West),Brooklyn,BK0401,40.70753276219,-73.92161192523
restaurant,LITTLE MO / MO CAFE,Southeast Asian,Bushwick (West),Brooklyn,BK0401,40.69713769766,-73.93369089022
restaurant,LONE WOLF,American,Bushwick (West),Brooklyn,BK0401,40.69436639186,-73.93059957674
restaurant,LOT 45,American,Bushwick (West),Brooklyn,BK0401,40.70694049519,-73.92249990637
restaurant,LOU'S ATHLETIC CLUB,American,Bushwick (West),Brooklyn,BK0401,40.70029712347,-73.92100015179
restaurant,LOVEJOYS,American,Bushwick (West),Brooklyn,BK0401,40.7069130475,-73.9224999384
restaurant,LOVELESS COFFEE,Coffee/Tea,Bushwick (West),Brooklyn,BK0401,40.7007695262,-73.92990765
restaurant,LP PIZZERIA,Pizza,Bushwick (West),Brooklyn,BK0401,40.69814777974,-73.93370070081
restaurant,LUCKY CHIX,Korean,Bushwick (West),Brooklyn,BK0401,40.69925460392,-73.91405542676
restaurant,MAITE,Spanish,Bushwick (West),Brooklyn,BK0401,40.69903564249,-73.92681518203
restaurant,MALLY'S,Mexican,Bushwick (West),Brooklyn,BK0401,40.70352048204,-73.92662990696
restaurant,MAMA MECHO,Spanish,Bushwick (West),Brooklyn,BK0401,40.70350951219,-73.92664434568
restaurant,MAMA TACO,Spanish,Bushwick (West),Brooklyn,BK0401,40.70199209298,-73.93658572397
restaurant,MARCO'S,American,Bushwick (West),Brooklyn,BK0401,40.69461917851,-73.93104287125
restaurant,MARKET HOTEL,American,Bushwick (West),Brooklyn,BK0401,40.69702575392,-73.93472240336
restaurant,MCDONALD'S,Hamburgers,Bushwick (West),Brooklyn,BK0401,40.69949741499,-73.9195909877
restaurant,MELANY RESTAURANT II,Latin American,Bushwick (West),Brooklyn,BK0401,40.70294345076,-73.92565315042
restaurant,MESA AZTECA,Mexican,Bushwick (West),Brooklyn,BK0401,40.70497372222,-73.92028766914
restaurant,MI BELLA DAMA,Spanish,Bushwick (West),Brooklyn,BK0401,40.70179755425,-73.92363476083
restaurant,MI CHOLULITA BELLA,Mexican,Bushwick (West),Brooklyn,BK0401,40.69944826562,-73.92399089238
restaurant,MIXTAPE,American,Bushwick (West),Brooklyn,BK0401,40.69925460392,-73.91405542676
restaurant,MOLASSES BOOKS,Coffee/Tea,Bushwick (West),Brooklyn,BK0401,40.70073824078,-73.92388843395
restaurant,MOOD RING,American,Bushwick (West),Brooklyn,BK0401,40.69789935795,-73.92689577378
restaurant,MR. BELLS CUISINE AND BAR,American,Bushwick (West),Brooklyn,BK0401,40.6941850378,-73.9302716071
restaurant,MR. CHIMI NYC,Latin American,Bushwick (West),Brooklyn,BK0401,40.69919181931,-73.91451712937
restaurant,NANA'S HOUSE,American,Bushwick (West),Brooklyn,BK0401,40.70517467656,-73.92523227041
restaurant,NATIVE,African,Bushwick (West),Brooklyn,BK0401,40.69767725723,-73.93648886658
restaurant,NATURAL BLEND,Caribbean,Bushwick (West),Brooklyn,BK0401,40.69881489235,-73.93393084416
restaurant,NENE'S DELI TAQUERIA,Mexican,Bushwick (West),Brooklyn,BK0401,40.70032905826,-73.92780553818
restaurant,NEW CITY ASIAN CUISINE,Chinese,Bushwick (West),Brooklyn,BK0401,40.70291597031,-73.92560268853
restaurant,NOOK,Sandwiches,Bushwick (West),Brooklyn,BK0401,40.70500153215,-73.92488982582
restaurant,NORTH PENGUIN TORNADO CREPES,Pancakes/Waffles,Bushwick (West),Brooklyn,BK0401,40.7016491369,-73.92333558785
restaurant,NOWHERE,Latin American,Bushwick (West),Brooklyn,BK0401,40.70168928071,-73.9218135765
restaurant,NOWON,Korean,Bushwick (West),Brooklyn,BK0401,40.70751179575,-73.92307633854
restaurant,OBSCURE COFFEE ROASTERS / BUSHWICK COMEDY CLUB,Coffee/Tea,Bushwick (West),Brooklyn,BK0401,40.70189757611,-73.92982350844
restaurant,OCELOT,Bottled Beverages,Bushwick (West),Brooklyn,BK0401,40.70242677211,-73.9130090162
restaurant,OLD STANLEY'S,American,Bushwick (West),Brooklyn,BK0401,40.70104678461,-73.91384753593
restaurant,OLLIE’S ICE CREAM + STUFF,Frozen Desserts,Bushwick (West),Brooklyn,BK0401,40.70237718509,-73.92031242535
restaurant,OOPS TEA,Asian/Asian Fusion,Bushwick (West),Brooklyn,BK0401,40.7009456664,-73.92213543152
restaurant,OPS,Pizza,Bushwick (West),Brooklyn,BK0401,40.70250692106,-73.91746666489
restaurant,ORNITHOLOGY JAZZ CLUB,American,Bushwick (West),Brooklyn,BK0401,40.69561615702,-73.93209124675
restaurant,PALMETTO,American,Bushwick (West),Brooklyn,BK0401,40.70162165784,-73.92328873444
restaurant,PAN RICO AMBATENO BAKERY,Latin American,Bushwick (West),Brooklyn,BK0401,40.70170091995,-73.91502603019
restaurant,PANADERIA Y PASTELERIA LA EQUISTA,Bakery Products/Desserts,Bushwick (West),Brooklyn,BK0401,40.70171786215,-73.92349419687
restaurant,PAPA JOHN'S,Pizza,Bushwick (West),Brooklyn,BK0401,40.69588584336,-73.93328102909
restaurant,PASTELITOS ELVYS,Spanish,Bushwick (West),Brooklyn,BK0401,40.69798048485,-73.9209271741
restaurant,PEARL'S SOCIAL & BILLY CLUB,American,Bushwick (West),Brooklyn,BK0401,40.70723876776,-73.92116862929
restaurant,PITA GRILL,Mediterranean,Bushwick (West),Brooklyn,BK0401,40.70153291482,-73.92193998963
restaurant,PITANGA,Brazilian,Bushwick (West),Brooklyn,BK0401,40.70501141727,-73.92323793115
restaurant,PLAZA ORTEGA,Mexican,Bushwick (West),Brooklyn,BK0401,40.69817944704,-73.92289240426
restaurant,POPEYES,Other,Bushwick (West),Brooklyn,BK0401,40.7044883089,-73.92928337177
restaurant,QDOBA MEXICAN EATS,Mexican,Bushwick (West),Brooklyn,BK0401,40.69878295948,-73.9184378065
restaurant,QUEEN,Middle Eastern,Bushwick (West),Brooklyn,BK0401,40.705721842,-73.92253739633
restaurant,RASH,American,Bushwick (West),Brooklyn,BK0401,40.69760822598,-73.93102534243
restaurant,RAZOR'S BAR & LOUNGE,Spanish,Bushwick (West),Brooklyn,BK0401,40.70065410007,-73.92966974311
restaurant,REBECCA'S,American,Bushwick (West),Brooklyn,BK0401,40.69837039705,-73.93420537058
restaurant,RICO TACO,Mexican,Bushwick (West),Brooklyn,BK0401,40.70421806428,-73.91908033518
restaurant,ROFAQAA,Coffee/Tea,Bushwick (West),Brooklyn,BK0401,40.70168165308,-73.9149539238
restaurant,ROSIE PIZZA BAR,Pizza,Bushwick (West),Brooklyn,BK0401,40.69991222627,-73.92840105645
restaurant,ROYAL THAI,Thai,Bushwick (West),Brooklyn,BK0401,40.70177269238,-73.93691413009
restaurant,SABOR TROPICAL,Spanish,Bushwick (West),Brooklyn,BK0401,40.70089072446,-73.9143706822
restaurant,SABORE DE MI TIERRA,Spanish,Bushwick (West),Brooklyn,BK0401,40.70217402544,-73.92429433177
restaurant,SABORES,Spanish,Bushwick (West),Brooklyn,BK0401,40.70220150409,-73.92434118598
restaurant,SABORES DE MI TIERRA,Spanish,Bushwick (West),Brooklyn,BK0401,40.70217402544,-73.92429433177
restaurant,SAINT JAMES LIBATIONS,Other,Bushwick (West),Brooklyn,BK0401,40.70142159756,-73.91972931288
restaurant,SAJOMA,Latin American,Bushwick (West),Brooklyn,BK0401,40.69713598361,-73.93549765047
restaurant,SAL'S PIZZERIA,Pizza,Bushwick (West),Brooklyn,BK0401,40.70437743881,-73.91933260986
restaurant,SAM BURGER GRILL CHICKEN & PIZZA,Chicken,Bushwick (West),Brooklyn,BK0401,40.70064822136,-73.91309068882
restaurant,SANTA ANA DELI & GROCERY,Mexican,Bushwick (West),Brooklyn,BK0401,40.7021930368,-73.91995559494
restaurant,SANTA ANA RESTAURANT,Mexican,Bushwick (West),Brooklyn,BK0401,40.70176706875,-73.91920233806
restaurant,SANTA PANZA,Italian,Bushwick (West),Brooklyn,BK0401,40.6945065234,-73.93084464932
restaurant,SANTA SALSA,Latin American,Bushwick (West),Brooklyn,BK0401,40.70551335878,-73.92271437076
restaurant,SAUCE AND SODA,Pizza,Bushwick (West),Brooklyn,BK0401,40.70592448502,-73.92184465777
restaurant,SAZON'S NUNEZ,Latin American,Bushwick (West),Brooklyn,BK0401,40.70436372257,-73.91934344661
restaurant,SEA WOLF,American,Bushwick (West),Brooklyn,BK0401,40.70664162887,-73.92296553509
restaurant,SELVA,Latin American,Bushwick (West),Brooklyn,BK0401,40.70601727104,-73.92106187574
restaurant,SICILY'S BEST PIZZERIA & RESTAURANT,Pizza,Bushwick (West),Brooklyn,BK0401,40.70531027862,-73.91500337788
restaurant,SINGAS PIZZA,Pizza,Bushwick (West),Brooklyn,BK0401,40.69975571605,-73.92000902284
restaurant,SIPS,American,Bushwick (West),Brooklyn,BK0401,40.70271209075,-73.93327777758
restaurant,SKYTOWN,American,Bushwick (West),Brooklyn,BK0401,40.69749592207,-73.93616447083
restaurant,SOFIA,Mexican,Bushwick (West),Brooklyn,BK0401,40.70001212951,-73.92580069044
restaurant,SOL DE QUITO,Latin American,Bushwick (West),Brooklyn,BK0401,40.70172309903,-73.91912665392
restaurant,SOPA DE CARACOL,Spanish,Bushwick (West),Brooklyn,BK0401,40.70378979607,-73.92714175599
restaurant,SOUND,Other,Bushwick (West),Brooklyn,BK0401,40.69927913361,-73.91382458404
restaurant,SQUARE MEALS,Sandwiches,Bushwick (West),Brooklyn,BK0401,40.70551335878,-73.92271437076
restaurant,STAR DELICIOUS,Latin American,Bushwick (West),Brooklyn,BK0401,40.70045307149,-73.91273390215
restaurant,STARBUCKS #80520,Coffee/Tea,Bushwick (West),Brooklyn,BK0401,40.69906870225,-73.91884137349
restaurant,STARR BAR,American,Bushwick (West),Brooklyn,BK0401,40.70513757516,-73.92308630226
restaurant,STAY FIT NUTRITION,"Juice, Smoothies, Fruit Salads",Bushwick (West),Brooklyn,BK0401,40.70072301574,-73.92578547018
restaurant,SUBWAY,Sandwiches,Bushwick (West),Brooklyn,BK0401,40.70364102536,-73.9181829804
restaurant,SUNDAY,Other,Bushwick (West),Brooklyn,BK0401,40.69934901927,-73.92333824304
restaurant,SURA,Korean,Bushwick (West),Brooklyn,BK0401,40.70633113204,-73.9224645495
restaurant,SUSHI & NOODLES,Other,Bushwick (West),Brooklyn,BK0401,40.70356935176,-73.92579671586
restaurant,SWEETGREEN,American,Bushwick (West),Brooklyn,BK0401,40.69312716504,-73.92843000725
restaurant,T.O.L.K. ART & COFFEE,Other,Bushwick (West),Brooklyn,BK0401,40.70226090071,-73.91888075132
restaurant,TABARE RESTAURANT,Latin American,Bushwick (West),Brooklyn,BK0401,40.70382784793,-73.93097199572
restaurant,TABBOULEH CAFE RESTAURANT,Mediterranean,Bushwick (West),Brooklyn,BK0401,40.69913731856,-73.92700260349
restaurant,TAKAHACHI S. A.,Bakery Products/Desserts,Bushwick (West),Brooklyn,BK0401,40.70636685305,-73.92252221669
restaurant,TALON BAR,American,Bushwick (West),Brooklyn,BK0401,40.70124467847,-73.91420793204
restaurant,TAQUERIA AL PASTOR,Mexican,Bushwick (West),Brooklyn,BK0401,40.70345966173,-73.91789106533
restaurant,TAQUERIA COCOYOC,Mexican,Bushwick (West),Brooklyn,BK0401,40.70223954365,-73.91590534707
restaurant,TAQUERIA EL FOGON,Mexican,Bushwick (West),Brooklyn,BK0401,40.70447186919,-73.92933027641
restaurant,TAQUERIA SANTA FE,Mexican,Bushwick (West),Brooklyn,BK0401,40.70054111152,-73.92057068926
restaurant,TEPPANYAKI ONE JAPANESE GRILL,Japanese,Bushwick (West),Brooklyn,BK0401,40.70009222298,-73.94080710201
restaurant,TERIYAKI & SUSHI,Asian/Asian Fusion,Bushwick (West),Brooklyn,BK0401,40.70354795974,-73.92667676309
restaurant,THE BAD BAGEL,Bagels/Pretzels,Bushwick (West),Brooklyn,BK0401,40.70592448502,-73.92184465777
restaurant,THE BUSH,American,Bushwick (West),Brooklyn,BK0401,40.7051219154,-73.92430179128
restaurant,THE BUSHWICK DINER,American,Bushwick (West),Brooklyn,BK0401,40.70042009032,-73.91267624175
restaurant,THE COBRA CLUB,American,Bushwick (West),Brooklyn,BK0401,40.70685597226,-73.92334039704
restaurant,THE CONCRETE JUNGLE,Coffee/Tea,Bushwick (West),Brooklyn,BK0401,40.69739910437,-73.93483022596
restaurant,THE JOHNSON'S,American,Bushwick (West),Brooklyn,BK0401,40.70579120152,-73.92364098854
restaurant,THE JUICE BOX,"Juice, Smoothies, Fruit Salads",Bushwick (West),Brooklyn,BK0401,40.69419647934,-73.926614964
restaurant,THE LITTLE WHISKEY,American,Bushwick (West),Brooklyn,BK0401,40.70290203823,-73.92962047639
restaurant,THE MONKEY KING,Fusion,Bushwick (West),Brooklyn,BK0401,40.70601727104,-73.92106187574
restaurant,THE ONYX ROOM,American,Bushwick (West),Brooklyn,BK0401,40.70680926293,-73.92326831436
restaurant,THE TEN BELLS,Tapas,Bushwick (West),Brooklyn,BK0401,40.70450415378,-73.92401756579
restaurant,THE THREE DIAMOND DOOR,American,Bushwick (West),Brooklyn,BK0401,40.70335835794,-73.92634516131
restaurant,THE TURK'S INN,Turkish,Bushwick (West),Brooklyn,BK0401,40.70551335878,-73.92271437076
restaurant,THE WHEELHOUSE BUSHWICK,American,Bushwick (West),Brooklyn,BK0401,40.69994807618,-73.92438703066
restaurant,THEATRE XIV,Other,Bushwick (West),Brooklyn,BK0401,40.7060517862,-73.92338821367
restaurant,TICO'S CAFETERIA,Latin American,Bushwick (West),Brooklyn,BK0401,40.70033004206,-73.92506100721
restaurant,TINA'S PLACE,American,Bushwick (West),Brooklyn,BK0401,40.70372370487,-73.93123539032
restaurant,TIPSY BEAN,Coffee/Tea,Bushwick (West),Brooklyn,BK0401,40.70303673111,-73.92147296729
restaurant,TONG,Thai,Bushwick (West),Brooklyn,BK0401,40.70773510778,-73.92049716027
restaurant,TONY'S PIZZA,Pizza,Bushwick (West),Brooklyn,BK0401,40.69918959711,-73.91901794016
restaurant,TONY’S BY JOE & JOHN’S,Pizza,Bushwick (West),Brooklyn,BK0401,40.70115451818,-73.922503052
restaurant,TORA NYC,Japanese,Bushwick (West),Brooklyn,BK0401,40.70015080678,-73.9197849459
restaurant,TURBO PIZZA,Pizza,Bushwick (West),Brooklyn,BK0401,40.70241065366,-73.92108058915
restaurant,UGLY DONUTS & CORN DOGS CAFE,Korean,Bushwick (West),Brooklyn,BK0401,40.7000058238,-73.92048838087
restaurant,UNION PIZZA WORKS,Pizza,Bushwick (West),Brooklyn,BK0401,40.70714621129,-73.92229046907
restaurant,VARIETY COFFEE ROASTERS,Coffee/Tea,Bushwick (West),Brooklyn,BK0401,40.70287160305,-73.91695046549
restaurant,VEX EL CAFE,Coffee/Tea,Bushwick (West),Brooklyn,BK0401,40.70409168512,-73.91891097509
restaurant,WERKSHOP,Coffee/Tea,Bushwick (West),Brooklyn,BK0401,40.70198142451,-73.91957716035
restaurant,WILLIAMSBURG PIZZA,Pizza,Bushwick (West),Brooklyn,BK0401,40.70128312954,-73.91424034114
restaurant,WINGSTOP,Chicken,Bushwick (West),Brooklyn,BK0401,40.69722665428,-73.93566345264
restaurant,WYCKOFF RESTAURANT,Mexican,Bushwick (West),Brooklyn,BK0401,40.70055479522,-73.91295376443
restaurant,WYCKOFF STARR COFFEE SHOP,Coffee/Tea,Bushwick (West),Brooklyn,BK0401,40.70622399328,-73.92232761626
restaurant,XANADU ROLLER ARTS,American,Bushwick (West),Brooklyn,BK0401,40.70641852382,-73.92181522184
restaurant,YELLOW SUN COFFEE ROASTERS,Other,Bushwick (West),Brooklyn,BK0401,40.7004275063,-73.9230268405
restaurant,YOUR WAY CAFE,Coffee/Tea,Bushwick (West),Brooklyn,BK0401,40.70329494138,-73.93027646831
restaurant,YOURS SINCERELY,American,Bushwick (West),Brooklyn,BK0401,40.70278386009,-73.92937174545
restaurant,YUMMY 88,Chinese,Bushwick (West),Brooklyn,BK0401,40.70075049612,-73.92583593049
restaurant,ZA-YA,Japanese,Bushwick (West),Brooklyn,BK0401,40.70773510778,-73.92049716027
restaurant,ZATAR,Middle Eastern,Bushwick (West),Brooklyn,BK0401,40.69783206676,-73.92470679792
restaurant,ALASKA KING CRAB,Seafood,Canarsie,Brooklyn,BK1803,40.63981062116,-73.9066340352
restaurant,ARMANDO'S PIZZA,Pizza,Canarsie,Brooklyn,BK1803,40.64551102921,-73.90272703585
restaurant,ATLANTIS DINER,American,Canarsie,Brooklyn,BK1803,40.64338486602,-73.9143474739
restaurant,BAMBOO GARDEN RESTAURANT,Fusion,Canarsie,Brooklyn,BK1803,40.63775724554,-73.89671762799
restaurant,BEAR BURGERS,American,Canarsie,Brooklyn,BK1803,40.63989011987,-73.90651141475
restaurant,BEBE FRITAY,Creole,Canarsie,Brooklyn,BK1803,40.64458792841,-73.90172662639
restaurant,BOGATY,Bagels/Pretzels,Canarsie,Brooklyn,BK1803,40.63781751692,-73.89659142627
restaurant,BROOKLYN LIFESTYLE ATHLETIC CLUB,American,Canarsie,Brooklyn,BK1803,40.62729678505,-73.90289418312
restaurant,BUFFALO WILD WINGS GO,Chicken,Canarsie,Brooklyn,BK1803,40.64686726522,-73.91337722736
restaurant,CANARSIE BLEND,"Juice, Smoothies, Fruit Salads",Canarsie,Brooklyn,BK1803,40.63482870454,-73.89687710374
restaurant,CHINA WOK,Chinese,Canarsie,Brooklyn,BK1803,40.64378871512,-73.90774910812
restaurant,CHLOE'S,Caribbean,Canarsie,Brooklyn,BK1803,40.63730498816,-73.89742092738
restaurant,CHOPSTICKS HOUSE,Other,Canarsie,Brooklyn,BK1803,40.64637828177,-73.91283372841
restaurant,CREME CUISINE,Caribbean,Canarsie,Brooklyn,BK1803,40.64384366003,-73.9078102899
restaurant,CROWN CHICKEN & PIZZA,Pizza,Canarsie,Brooklyn,BK1803,40.64825678695,-73.89754817066
restaurant,D' TONY'S YARD,Caribbean,Canarsie,Brooklyn,BK1803,40.64027867556,-73.91937436564
restaurant,DE ISLANDS,Caribbean,Canarsie,Brooklyn,BK1803,40.63654009844,-73.91168285401
restaurant,DELICIOUS CHINESE,Chinese,Canarsie,Brooklyn,BK1803,40.64223337207,-73.89910688543
restaurant,DELICIOUS MEI WEI,Chinese,Canarsie,Brooklyn,BK1803,40.6367133107,-73.91206094175
restaurant,DETENTE RESTAURANT,Caribbean,Canarsie,Brooklyn,BK1803,40.64578765331,-73.91217866248
restaurant,DOMINO'S,Pizza,Canarsie,Brooklyn,BK1803,40.63301511679,-73.8888384054
restaurant,DOUBLE DRAGON,Chinese,Canarsie,Brooklyn,BK1803,40.6339882497,-73.90251691498
restaurant,DOUGIES JAMAICAN CUISINE,Caribbean,Canarsie,Brooklyn,BK1803,40.63830540875,-73.8958412195
restaurant,DUNKIN,Donuts,Canarsie,Brooklyn,BK1803,40.64602690063,-73.91276932564
restaurant,DUNKIN BASKIN ROBBINS,Donuts,Canarsie,Brooklyn,BK1803,40.63927132334,-73.91935036531
restaurant,DUNKIN',Donuts,Canarsie,Brooklyn,BK1803,40.63206713463,-73.8877807742
restaurant,"DUNKIN',' BASKIN ROBBINS",Donuts,Canarsie,Brooklyn,BK1803,40.63699793296,-73.9109796524
restaurant,EASTERN RESTAURANT,Chinese,Canarsie,Brooklyn,BK1803,40.63644422514,-73.89263024765
restaurant,FLAVA II LOUNGE,Caribbean,Canarsie,Brooklyn,BK1803,40.64589790971,-73.91278751256
restaurant,FOOD KING RESTAURANT,Chinese,Canarsie,Brooklyn,BK1803,40.63637849263,-73.89881672186
restaurant,FRANKIE'S PIZZA & HALAL,Pizza,Canarsie,Brooklyn,BK1803,40.63566829464,-73.91303872922
restaurant,G&B TERMINAL DELI,Sandwiches,Canarsie,Brooklyn,BK1803,40.64340216711,-73.91546810583
restaurant,GENTLE JUICE BAR,"Juice, Smoothies, Fruit Salads",Canarsie,Brooklyn,BK1803,40.63730769441,-73.91046760311
restaurant,GOLDEN KRUST CARIBBEAN BAKERY & GRILL,Caribbean,Canarsie,Brooklyn,BK1803,40.63630409264,-73.89247194173
restaurant,GOLDEN KRUST CARIBBEAN BAKERY & GRILL,Caribbean,Canarsie,Brooklyn,BK1803,40.64527477601,-73.90248955114
restaurant,GOOD FRIENDS RESTAURANT,Chinese,Canarsie,Brooklyn,BK1803,40.63784218741,-73.896555357
restaurant,GRAND PANDA,Chinese,Canarsie,Brooklyn,BK1803,40.64856651408,-73.89706480137
restaurant,HENG CHENG,Chinese,Canarsie,Brooklyn,BK1803,40.63320196447,-73.88904705757
restaurant,HOT BAGELS,Sandwiches/Salads/Mixed Buffet,Canarsie,Brooklyn,BK1803,40.6420685233,-73.89892336643
restaurant,JAMAICAN FLAVORS,Caribbean,Canarsie,Brooklyn,BK1803,40.64573631195,-73.90297534881
restaurant,JUICY KING CRAB EXPRESS,Seafood,Canarsie,Brooklyn,BK1803,40.6478652721,-73.89263341923
restaurant,KASHMIR HALAL GYRO,Chicken,Canarsie,Brooklyn,BK1803,40.64008443848,-73.90582653149
restaurant,KFC/TACO BELL,Chicken,Canarsie,Brooklyn,BK1803,40.64911656969,-73.89228904627
restaurant,KREYOL FLAVOR,Caribbean,Canarsie,Brooklyn,BK1803,40.63660041135,-73.91158909533
restaurant,LA BAGUETTE SHOP,Bakery Products/Desserts,Canarsie,Brooklyn,BK1803,40.6374801089,-73.89381038137
restaurant,LA BAGUETTE SHOP,Bakery Products/Desserts,Canarsie,Brooklyn,BK1803,40.63513368306,-73.91386089927
restaurant,LA TRANQUILITE RESTAURANT,Caribbean,Canarsie,Brooklyn,BK1803,40.6359783036,-73.89944064793
restaurant,LITTLE CAESARS,Pizza,Canarsie,Brooklyn,BK1803,40.63559698502,-73.91311088184
restaurant,LONG WON,Chinese,Canarsie,Brooklyn,BK1803,40.63735094378,-73.89363764069
restaurant,LUCKY CHEN RESTAURANT,Chinese,Canarsie,Brooklyn,BK1803,40.6356600685,-73.91304954889
restaurant,MCDONALD'S,American,Canarsie,Brooklyn,BK1803,40.64454669487,-73.90165461831
restaurant,MCDONALD'S,Hamburgers,Canarsie,Brooklyn,BK1803,40.63366962535,-73.91609296805
restaurant,MCKENZIE'S KITCHEN,Caribbean,Canarsie,Brooklyn,BK1803,40.63918897484,-73.9193432589
restaurant,MELLOW SPICE,Other,Canarsie,Brooklyn,BK1803,40.63511997811,-73.91388613761
restaurant,McDonald's,American,Canarsie,Brooklyn,BK1803,40.63344101832,-73.88931326957
restaurant,Mikey's Restaurant & Lounge,American,Canarsie,Brooklyn,BK1803,40.6340284048,-73.88931589444
restaurant,NEW CENTURY CHINESE RESTAURANT,Chinese,Canarsie,Brooklyn,BK1803,40.64120045114,-73.90448093033
restaurant,NEW FOOD KING,Chinese,Canarsie,Brooklyn,BK1803,40.64463738388,-73.90178420859
restaurant,NICKY'S JAMAICAN CUISINE,Caribbean,Canarsie,Brooklyn,BK1803,40.63574554666,-73.91356466249
restaurant,PANKO EXPRESS,Chinese,Canarsie,Brooklyn,BK1803,40.63461275457,-73.91463620065
restaurant,PAPA JOHN'S,Pizza,Canarsie,Brooklyn,BK1803,40.63522521104,-73.9189229205
restaurant,PEPPA'S,Caribbean,Canarsie,Brooklyn,BK1803,40.63565458714,-73.91306036497
restaurant,PIZZA HUT,Pizza,Canarsie,Brooklyn,BK1803,40.64602690063,-73.91276932564
restaurant,POPEYE'S CHICKEN & BISCUITS,Chicken,Canarsie,Brooklyn,BK1803,40.64624457688,-73.90354396687
restaurant,POPEYES,Chicken,Canarsie,Brooklyn,BK1803,40.63660041135,-73.91158909533
restaurant,POPEYES,Chicken,Canarsie,Brooklyn,BK1803,40.63224573934,-73.88797862596
restaurant,POTWAH JERK PATTY,Caribbean,Canarsie,Brooklyn,BK1803,40.63685818076,-73.89808457545
restaurant,RICHARD'S CARIBBEAN CAFE,Caribbean,Canarsie,Brooklyn,BK1803,40.63831362999,-73.89582679416
restaurant,RICHARD'S HALL AND LOUNGE,Caribbean,Canarsie,Brooklyn,BK1803,40.63726658705,-73.8974498111
restaurant,ROTI-R-US,Caribbean,Canarsie,Brooklyn,BK1803,40.63507882806,-73.91391501443
restaurant,SPREAD LOVE & EAT,Vegan,Canarsie,Brooklyn,BK1803,40.64079745672,-73.90506883903
restaurant,SPREAD LOVE & JUICE,"Juice, Smoothies, Fruit Salads",Canarsie,Brooklyn,BK1803,40.64078648955,-73.90508326768
restaurant,STARBUCKS COFFEE COMPANY,Coffee/Tea,Canarsie,Brooklyn,BK1803,40.63999792661,-73.91827212541
restaurant,SYLK COVE LOUNGE,American,Canarsie,Brooklyn,BK1803,40.64632702335,-73.90366636788
restaurant,TERIYAKI BOWL,Japanese,Canarsie,Brooklyn,BK1803,40.63305907872,-73.88888516868
restaurant,TERIYAKI ONE,Japanese,Canarsie,Brooklyn,BK1803,40.6467244167,-73.91321885645
restaurant,THE ORIGINAL PIZZA OF AVENUE L,Pizza,Canarsie,Brooklyn,BK1803,40.63778736987,-73.89664191637
restaurant,TRINIJAM BK ROTI BAR & GRILL,Caribbean,Canarsie,Brooklyn,BK1803,40.64265876781,-73.90221953423
restaurant,TROPICAL SMOOTHIE CAFE,"Juice, Smoothies, Fruit Salads",Canarsie,Brooklyn,BK1803,40.64457251228,-73.91322526948
restaurant,TROPICAL TASTE BAKERY AND RESTAURANT,Caribbean,Canarsie,Brooklyn,BK1803,40.63406951731,-73.88925457695
restaurant,TWISTED ROOTZ,"Juice, Smoothies, Fruit Salads",Canarsie,Brooklyn,BK1803,40.63510078902,-73.91391858893
restaurant,VERDURE VEGAN JAMAICAN RESTAURANT,Vegan,Canarsie,Brooklyn,BK1803,40.63462098354,-73.91462898426
restaurant,WENDY'S,Sandwiches/Salads/Mixed Buffet,Canarsie,Brooklyn,BK1803,40.63465390749,-73.9146109274
restaurant,WIN HING CHINESE RESTAURANT I,Chinese,Canarsie,Brooklyn,BK1803,40.63409144419,-73.88922211444
restaurant,YUMMY TACO,Tex-Mex,Canarsie,Brooklyn,BK1803,40.63839314993,-73.89574019468
restaurant,YUMMY TACO,Tex-Mex,Canarsie,Brooklyn,BK1803,40.635618946,-73.9131144561
restaurant,A&R HOT BAGELS,Bagels/Pretzels,Carroll Gardens-Cobble Hill-Gowanus-Red Hook,Brooklyn,BK0601,40.6779922167,-74.0121569511
restaurant,ABILENE,American,Carroll Gardens-Cobble Hill-Gowanus-Red Hook,Brooklyn,BK0601,40.6789260592,-73.99756280711
restaurant,ACT ONE BAR & RESTAURANT,Thai,Carroll Gardens-Cobble Hill-Gowanus-Red Hook,Brooklyn,BK0601,40.68744036617,-74.0015252437
restaurant,ALMA,Mexican,Carroll Gardens-Cobble Hill-Gowanus-Red Hook,Brooklyn,BK0601,40.68562056599,-74.00239777606
restaurant,ALMA NEGRA,Mexican,Carroll Gardens-Cobble Hill-Gowanus-Red Hook,Brooklyn,BK0601,40.66863549595,-73.9901590146
restaurant,ANAIS,American,Carroll Gardens-Cobble Hill-Gowanus-Red Hook,Brooklyn,BK0601,40.68488411169,-73.98579739065
restaurant,ANTOJITOS BK,Other,Carroll Gardens-Cobble Hill-Gowanus-Red Hook,Brooklyn,BK0601,40.67731365993,-73.98312753553
restaurant,AROMI,Italian,Carroll Gardens-Cobble Hill-Gowanus-Red Hook,Brooklyn,BK0601,40.67501477823,-73.99944841929
restaurant,ATELIER ARIANA,Bakery Products/Desserts,Carroll Gardens-Cobble Hill-Gowanus-Red Hook,Brooklyn,BK0601,40.67464421416,-73.99782613521
restaurant,AVLEE GREEK KITCHEN,Greek,Carroll Gardens-Cobble Hill-Gowanus-Red Hook,Brooklyn,BK0601,40.6800019283,-73.99500655795
restaurant,AWASH ETHIOPIAN RESTAURANT,Ethiopian,Carroll Gardens-Cobble Hill-Gowanus-Red Hook,Brooklyn,BK0601,40.68566985598,-73.99431384113
restaurant,BABA'S PIEROGIES,Eastern European,Carroll Gardens-Cobble Hill-Gowanus-Red Hook,Brooklyn,BK0601,40.67686944994,-73.98647327708
restaurant,BABY LUC'S,Pizza,Carroll Gardens-Cobble Hill-Gowanus-Red Hook,Brooklyn,BK0601,40.68012825643,-73.99696066451
restaurant,BACK TO JOHN'S DELI,American,Carroll Gardens-Cobble Hill-Gowanus-Red Hook,Brooklyn,BK0601,40.67256600964,-73.99007912308
restaurant,BAGELS BY THE PARK,Bagels/Pretzels,Carroll Gardens-Cobble Hill-Gowanus-Red Hook,Brooklyn,BK0601,40.68108882487,-73.99427096806
restaurant,BAKED,Bakery Products/Desserts,Carroll Gardens-Cobble Hill-Gowanus-Red Hook,Brooklyn,BK0601,40.67695730431,-74.0133428752
restaurant,BAR BETE,French,Carroll Gardens-Cobble Hill-Gowanus-Red Hook,Brooklyn,BK0601,40.68299362689,-73.992980022
restaurant,BAR GREAT HARRY,American,Carroll Gardens-Cobble Hill-Gowanus-Red Hook,Brooklyn,BK0601,40.68236784474,-73.99342717034
restaurant,BAR LUMIERE,French,Carroll Gardens-Cobble Hill-Gowanus-Red Hook,Brooklyn,BK0601,40.68744036617,-74.0015252437
restaurant,BAR MARIO,Italian,Carroll Gardens-Cobble Hill-Gowanus-Red Hook,Brooklyn,BK0601,40.67670475014,-74.01363845042
restaurant,BAR SAN MIGUEL,American,Carroll Gardens-Cobble Hill-Gowanus-Red Hook,Brooklyn,BK0601,40.68148405864,-73.99400052494
restaurant,BARELY DISFIGURED,Tapas,Carroll Gardens-Cobble Hill-Gowanus-Red Hook,Brooklyn,BK0601,40.68312811529,-73.99288986921
restaurant,BASS & BOURBON,Jewish/Kosher,Carroll Gardens-Cobble Hill-Gowanus-Red Hook,Brooklyn,BK0601,40.68122609068,-74.0051593843
restaurant,BAYA BAR,"Juice, Smoothies, Fruit Salads",Carroll Gardens-Cobble Hill-Gowanus-Red Hook,Brooklyn,BK0601,40.67849238843,-73.99774669288
restaurant,BEANMONGER,Coffee/Tea,Carroll Gardens-Cobble Hill-Gowanus-Red Hook,Brooklyn,BK0601,40.67760467316,-73.98358893276
restaurant,BEE'S KNEES PROVISIONS,Sandwiches/Salads/Mixed Buffet,Carroll Gardens-Cobble Hill-Gowanus-Red Hook,Brooklyn,BK0601,40.68448397298,-73.99196668624
restaurant,BIG NORM,Korean,Carroll Gardens-Cobble Hill-Gowanus-Red Hook,Brooklyn,BK0601,40.68325985885,-73.99279971636
restaurant,BIG TINY,French,Carroll Gardens-Cobble Hill-Gowanus-Red Hook,Brooklyn,BK0601,40.68339709326,-73.99273119589
restaurant,BISON & BOURBON,Jewish/Kosher,Carroll Gardens-Cobble Hill-Gowanus-Red Hook,Brooklyn,BK0601,40.67302993295,-73.99074958287
restaurant,BLACK GOLD RECORDS,Coffee/Tea,Carroll Gardens-Cobble Hill-Gowanus-Red Hook,Brooklyn,BK0601,40.67735880555,-73.99829472627
restaurant,BLACK MOUNTAIN,American,Carroll Gardens-Cobble Hill-Gowanus-Red Hook,Brooklyn,BK0601,40.68066320508,-73.99139749361
restaurant,BLANK STREET,Coffee/Tea,Carroll Gardens-Cobble Hill-Gowanus-Red Hook,Brooklyn,BK0601,40.68774759585,-73.9933112526
restaurant,BOBBI'S ITALIAN BEEF,American,Carroll Gardens-Cobble Hill-Gowanus-Red Hook,Brooklyn,BK0601,40.68393230065,-73.99236697307
restaurant,BOLO BOLO,Coffee/Tea,Carroll Gardens-Cobble Hill-Gowanus-Red Hook,Brooklyn,BK0601,40.68720414567,-73.99357452812
restaurant,BOMBOLONA BAKEHOUSE,Pizza,Carroll Gardens-Cobble Hill-Gowanus-Red Hook,Brooklyn,BK0601,40.66956341491,-73.99261014586
restaurant,BONAFIDE CAFE & DELI,Sandwiches,Carroll Gardens-Cobble Hill-Gowanus-Red Hook,Brooklyn,BK0601,40.68709178858,-73.99942668446
restaurant,BOND ST COFFEE & GOODS,Coffee/Tea,Carroll Gardens-Cobble Hill-Gowanus-Red Hook,Brooklyn,BK0601,40.6778909305,-73.99073809024
restaurant,BORAN THAI CUISINE,Thai,Carroll Gardens-Cobble Hill-Gowanus-Red Hook,Brooklyn,BK0601,40.67819046632,-73.99791615104
restaurant,BORED COFFEE,Coffee/Tea,Carroll Gardens-Cobble Hill-Gowanus-Red Hook,Brooklyn,BK0601,40.68221425454,-74.00404175809
restaurant,BOTANICA AT WIDOW JANE,American,Carroll Gardens-Cobble Hill-Gowanus-Red Hook,Brooklyn,BK0601,40.67717389458,-74.0153185792
restaurant,BREAKFAST BY SALT CURE,American,Carroll Gardens-Cobble Hill-Gowanus-Red Hook,Brooklyn,BK0601,40.68162139354,-73.99626474218
restaurant,BROOKLYN BREAD,American,Carroll Gardens-Cobble Hill-Gowanus-Red Hook,Brooklyn,BK0601,40.68006238325,-73.99701474817
restaurant,BROOKLYN FARMACY & SODA FOUNTAIN,Frozen Desserts,Carroll Gardens-Cobble Hill-Gowanus-Red Hook,Brooklyn,BK0601,40.68403411008,-73.99944113321
restaurant,BROOKLYN FRENCH BAKERS,Bakery Products/Desserts,Carroll Gardens-Cobble Hill-Gowanus-Red Hook,Brooklyn,BK0601,40.68277968749,-74.00376777267
restaurant,BROOKLYN HABIT,Coffee/Tea,Carroll Gardens-Cobble Hill-Gowanus-Red Hook,Brooklyn,BK0601,40.67804494821,-73.99617120632
restaurant,BROOKLYN ICE HOUSE,American,Carroll Gardens-Cobble Hill-Gowanus-Red Hook,Brooklyn,BK0601,40.67903535486,-74.01093133289
restaurant,BROOKLYN SOCIAL,American,Carroll Gardens-Cobble Hill-Gowanus-Red Hook,Brooklyn,BK0601,40.68047950443,-73.99467843072
restaurant,BUDDY'S BURRITO & TACO BAR,Tex-Mex,Carroll Gardens-Cobble Hill-Gowanus-Red Hook,Brooklyn,BK0601,40.68514836093,-73.9945626758
restaurant,BUTTERMILK BAKESHOP,Bakery Products/Desserts,Carroll Gardens-Cobble Hill-Gowanus-Red Hook,Brooklyn,BK0601,40.66929993027,-73.99283006752
restaurant,BY CLIO BAKERY,Bakery Products/Desserts,Carroll Gardens-Cobble Hill-Gowanus-Red Hook,Brooklyn,BK0601,40.67373245364,-73.98913082519
restaurant,CAFE CHILI,Thai,Carroll Gardens-Cobble Hill-Gowanus-Red Hook,Brooklyn,BK0601,40.68800834194,-73.99318502307
restaurant,CAFE HERE,Coffee/Tea,Carroll Gardens-Cobble Hill-Gowanus-Red Hook,Brooklyn,BK0601,40.67427250324,-74.01649316058
restaurant,CAFE KESTREL,French,Carroll Gardens-Cobble Hill-Gowanus-Red Hook,Brooklyn,BK0601,40.67879104515,-74.01118726953
restaurant,CAFE LULUC,American,Carroll Gardens-Cobble Hill-Gowanus-Red Hook,Brooklyn,BK0601,40.68441810317,-73.99203520085
restaurant,CAFE MARS,Italian,Carroll Gardens-Cobble Hill-Gowanus-Red Hook,Brooklyn,BK0601,40.67780259258,-73.98580250983
restaurant,CAFE SPAGHETTI,Italian,Carroll Gardens-Cobble Hill-Gowanus-Red Hook,Brooklyn,BK0601,40.68420426217,-74.00240854174
restaurant,CAFECITO SOCIAL,Coffee/Tea,Carroll Gardens-Cobble Hill-Gowanus-Red Hook,Brooklyn,BK0601,40.68048460888,-73.98920182842
restaurant,CALEXICO,Mexican,Carroll Gardens-Cobble Hill-Gowanus-Red Hook,Brooklyn,BK0601,40.68423445252,-74.00250949972
restaurant,CANAL BAR,American,Carroll Gardens-Cobble Hill-Gowanus-Red Hook,Brooklyn,BK0601,40.67784650542,-73.9857736584
restaurant,CHIP CITY,Bakery Products/Desserts,Carroll Gardens-Cobble Hill-Gowanus-Red Hook,Brooklyn,BK0601,40.67958198958,-73.99528780686
restaurant,CHIPOTLE MEXICAN GRILL,Tex-Mex,Carroll Gardens-Cobble Hill-Gowanus-Red Hook,Brooklyn,BK0601,40.68923521911,-73.99259353377
restaurant,CLOVER CLUB,American,Carroll Gardens-Cobble Hill-Gowanus-Red Hook,Brooklyn,BK0601,40.68451691052,-73.99197028787
restaurant,COBBLE HILL CINEMAS,American,Carroll Gardens-Cobble Hill-Gowanus-Red Hook,Brooklyn,BK0601,40.68494250641,-73.99463841112
restaurant,COBBLE HILL COFFEE SHOP,American,Carroll Gardens-Cobble Hill-Gowanus-Red Hook,Brooklyn,BK0601,40.68342742364,-73.99539209529
restaurant,CONGRESS,American,Carroll Gardens-Cobble Hill-Gowanus-Red Hook,Brooklyn,BK0601,40.68685007939,-73.99374763813
restaurant,COTRA,Japanese,Carroll Gardens-Cobble Hill-Gowanus-Red Hook,Brooklyn,BK0601,40.67745692401,-73.98727712492
restaurant,COTTON BEAN,Coffee/Tea,Carroll Gardens-Cobble Hill-Gowanus-Red Hook,Brooklyn,BK0601,40.68206863865,-73.99299454169
restaurant,COURT PASTRY SHOP,Bakery Products/Desserts,Carroll Gardens-Cobble Hill-Gowanus-Red Hook,Brooklyn,BK0601,40.68398734663,-73.99512524282
restaurant,COURT STREET GROCERS,Sandwiches,Carroll Gardens-Cobble Hill-Gowanus-Red Hook,Brooklyn,BK0601,40.67626913612,-73.998817504
restaurant,COZY ON THE SLOPE,American,Carroll Gardens-Cobble Hill-Gowanus-Red Hook,Brooklyn,BK0601,40.67276073976,-73.98848569266
restaurant,CREMINI'S,Italian,Carroll Gardens-Cobble Hill-Gowanus-Red Hook,Brooklyn,BK0601,40.67499281997,-73.99943760417
restaurant,CUBANA CAFE,Latin American,Carroll Gardens-Cobble Hill-Gowanus-Red Hook,Brooklyn,BK0601,40.6825654608,-73.99329374683
restaurant,D'AMICO COFFEE,Coffee/Tea,Carroll Gardens-Cobble Hill-Gowanus-Red Hook,Brooklyn,BK0601,40.68352623275,-73.99532358271
restaurant,DAIGO SUSHI ROLL BAR,Japanese,Carroll Gardens-Cobble Hill-Gowanus-Red Hook,Brooklyn,BK0601,40.67639161118,-73.98451576302
restaurant,DARNA FALAFEL,Middle Eastern,Carroll Gardens-Cobble Hill-Gowanus-Red Hook,Brooklyn,BK0601,40.6870229954,-73.99366108375
restaurant,DEFONTE'S SANDWICH SHOP,American,Carroll Gardens-Cobble Hill-Gowanus-Red Hook,Brooklyn,BK0601,40.67900554755,-74.00558463952
restaurant,DINOSAUR BAR-B-QUE,Barbecue,Carroll Gardens-Cobble Hill-Gowanus-Red Hook,Brooklyn,BK0601,40.67776667303,-73.98399989148
restaurant,DOCKY'S,American,Carroll Gardens-Cobble Hill-Gowanus-Red Hook,Brooklyn,BK0601,40.67778084232,-74.01240567487
restaurant,DOLCE BROOKLYN,Frozen Desserts,Carroll Gardens-Cobble Hill-Gowanus-Red Hook,Brooklyn,BK0601,40.68425369331,-73.99984495902
restaurant,DRIP & BLEND,"Juice, Smoothies, Fruit Salads",Carroll Gardens-Cobble Hill-Gowanus-Red Hook,Brooklyn,BK0601,40.67062804935,-73.98849687685
restaurant,DUNKIN,Donuts,Carroll Gardens-Cobble Hill-Gowanus-Red Hook,Brooklyn,BK0601,40.68041645402,-73.99682004089
restaurant,DUNKIN',Donuts,Carroll Gardens-Cobble Hill-Gowanus-Red Hook,Brooklyn,BK0601,40.66835851816,-73.99361600276
restaurant,DUNKIN',Donuts,Carroll Gardens-Cobble Hill-Gowanus-Red Hook,Brooklyn,BK0601,40.67630756059,-74.00139520189
restaurant,EAST LIGHT COFFEE,Coffee/Tea,Carroll Gardens-Cobble Hill-Gowanus-Red Hook,Brooklyn,BK0601,40.66947006082,-73.9921343224
restaurant,EAST WIND SNACK SHOP,Chinese,Carroll Gardens-Cobble Hill-Gowanus-Red Hook,Brooklyn,BK0601,40.68321594427,-73.9928285655
restaurant,EDWARD LUNCH & RESTAURANT,Latin American,Carroll Gardens-Cobble Hill-Gowanus-Red Hook,Brooklyn,BK0601,40.67453694649,-74.00744808858
restaurant,EL MEXICANO,Mexican,Carroll Gardens-Cobble Hill-Gowanus-Red Hook,Brooklyn,BK0601,40.68323769546,-73.990055896
restaurant,ELLIE'S CAFE BY O' RITA'S ROASTERS,Coffee/Tea,Carroll Gardens-Cobble Hill-Gowanus-Red Hook,Brooklyn,BK0601,40.66580036467,-73.99325218366
restaurant,ELSA,American,Carroll Gardens-Cobble Hill-Gowanus-Red Hook,Brooklyn,BK0601,40.69046776287,-73.99524015734
restaurant,EMMA'S TORCH,American,Carroll Gardens-Cobble Hill-Gowanus-Red Hook,Brooklyn,BK0601,40.68013367371,-73.99492001891
restaurant,ENSO,Coffee/Tea,Carroll Gardens-Cobble Hill-Gowanus-Red Hook,Brooklyn,BK0601,40.6884859508,-73.99349868161
restaurant,ESPRESSO ME,Coffee/Tea,Carroll Gardens-Cobble Hill-Gowanus-Red Hook,Brooklyn,BK0601,40.69097560699,-73.99705752931
restaurant,ESTANCIA PIOLA,Latin American,Carroll Gardens-Cobble Hill-Gowanus-Red Hook,Brooklyn,BK0601,40.67726740759,-73.98618117283
restaurant,EVALYN'S TAP HOUSE,American,Carroll Gardens-Cobble Hill-Gowanus-Red Hook,Brooklyn,BK0601,40.68151347624,-73.98538348392
restaurant,El CEDRO LEBANESE TAQUERIA,Lebanese,Carroll Gardens-Cobble Hill-Gowanus-Red Hook,Brooklyn,BK0601,40.69040187818,-73.99500217016
restaurant,F & F PIZZERIA,Italian,Carroll Gardens-Cobble Hill-Gowanus-Red Hook,Brooklyn,BK0601,40.67742467968,-73.99826227748
restaurant,F&M CAFE,Sandwiches,Carroll Gardens-Cobble Hill-Gowanus-Red Hook,Brooklyn,BK0601,40.67617218726,-74.01426563989
restaurant,FAIRFIELD INN & SUITES,American,Carroll Gardens-Cobble Hill-Gowanus-Red Hook,Brooklyn,BK0601,40.6805279075,-73.98393072379
restaurant,FANCY GIRL CATERING,Fusion,Carroll Gardens-Cobble Hill-Gowanus-Red Hook,Brooklyn,BK0601,40.67695727679,-73.98642278628
restaurant,FEITENG CHINESE TAKE OUT KITCHEN,Chinese,Carroll Gardens-Cobble Hill-Gowanus-Red Hook,Brooklyn,BK0601,40.67447383117,-74.00722096188
restaurant,FIORELLA,Coffee/Tea,Carroll Gardens-Cobble Hill-Gowanus-Red Hook,Brooklyn,BK0601,40.66992845033,-73.99230729982
restaurant,FOB,Filipino,Carroll Gardens-Cobble Hill-Gowanus-Red Hook,Brooklyn,BK0601,40.68265603327,-73.99320720527
restaurant,FOURTH AVENUE PUB,American,Carroll Gardens-Cobble Hill-Gowanus-Red Hook,Brooklyn,BK0601,40.68224548037,-73.97978398887
restaurant,FRAGOLE,Italian,Carroll Gardens-Cobble Hill-Gowanus-Red Hook,Brooklyn,BK0601,40.68077052593,-73.99667580734
restaurant,FRANKIES 457,Italian,Carroll Gardens-Cobble Hill-Gowanus-Red Hook,Brooklyn,BK0601,40.67748780908,-73.99823343393
restaurant,FRANKS,American,Carroll Gardens-Cobble Hill-Gowanus-Red Hook,Brooklyn,BK0601,40.67722980198,-73.99835601837
restaurant,GERSI,Italian,Carroll Gardens-Cobble Hill-Gowanus-Red Hook,Brooklyn,BK0601,40.68337527393,-73.9954173378
restaurant,GG'S FISH AND CHIPS,Soul Food,Carroll Gardens-Cobble Hill-Gowanus-Red Hook,Brooklyn,BK0601,40.68312791102,-73.99013162884
restaurant,GIARDINI PIZZA,Italian,Carroll Gardens-Cobble Hill-Gowanus-Red Hook,Brooklyn,BK0601,40.67952160629,-73.99533107531
restaurant,GOOG,Thai,Carroll Gardens-Cobble Hill-Gowanus-Red Hook,Brooklyn,BK0601,40.67701494922,-74.01330322945
restaurant,GOWANUS GARDENS,American,Carroll Gardens-Cobble Hill-Gowanus-Red Hook,Brooklyn,BK0601,40.67638601532,-73.98374786159
restaurant,GUACAMOLE BROOKLYN,Mexican,Carroll Gardens-Cobble Hill-Gowanus-Red Hook,Brooklyn,BK0601,40.67653421886,-73.98364688015
restaurant,GUS'S CHOP HOUSE,American,Carroll Gardens-Cobble Hill-Gowanus-Red Hook,Brooklyn,BK0601,40.6833314464,-73.99920677811
restaurant,HADRAMOUT,Middle Eastern,Carroll Gardens-Cobble Hill-Gowanus-Red Hook,Brooklyn,BK0601,40.69002852246,-73.993657191
restaurant,HADRAMOUT,Middle Eastern,Carroll Gardens-Cobble Hill-Gowanus-Red Hook,Brooklyn,BK0601,40.69002852246,-73.993657191
restaurant,HALYARDS,American,Carroll Gardens-Cobble Hill-Gowanus-Red Hook,Brooklyn,BK0601,40.67317805196,-73.98959596128
restaurant,HENRY PUBLIC,American,Carroll Gardens-Cobble Hill-Gowanus-Red Hook,Brooklyn,BK0601,40.69036350403,-73.99640848799
restaurant,HENRY'S LOCAL,Coffee/Tea,Carroll Gardens-Cobble Hill-Gowanus-Red Hook,Brooklyn,BK0601,40.68161321834,-74.00063095564
restaurant,HIBINO,Japanese,Carroll Gardens-Cobble Hill-Gowanus-Red Hook,Brooklyn,BK0601,40.69024822523,-73.99646258317
restaurant,HIGH BEAM COFFEE,Coffee/Tea,Carroll Gardens-Cobble Hill-Gowanus-Red Hook,Brooklyn,BK0601,40.68065524692,-73.99672989424
restaurant,HIGH BEAM COFFEE ROASTERY,Coffee/Tea,Carroll Gardens-Cobble Hill-Gowanus-Red Hook,Brooklyn,BK0601,40.67661141484,-74.01374658694
restaurant,HOMETOWN BAR-B-QUE,Barbecue,Carroll Gardens-Cobble Hill-Gowanus-Red Hook,Brooklyn,BK0601,40.67484625252,-74.01584799126
restaurant,HOUSE OF PIZZA & CALZONES,Pizza,Carroll Gardens-Cobble Hill-Gowanus-Red Hook,Brooklyn,BK0601,40.68416309356,-74.00226071068
restaurant,HUNGRY GHOST COFFEE,Coffee/Tea,Carroll Gardens-Cobble Hill-Gowanus-Red Hook,Brooklyn,BK0601,40.68024346134,-73.9948442974
restaurant,HUNGRY THIRSTY,Thai,Carroll Gardens-Cobble Hill-Gowanus-Red Hook,Brooklyn,BK0601,40.67798730876,-73.99619644649
restaurant,IKEA,Scandinavian,Carroll Gardens-Cobble Hill-Gowanus-Red Hook,Brooklyn,BK0601,40.67228318744,-74.01112128454
restaurant,INDIAN TABLE,Indian,Carroll Gardens-Cobble Hill-Gowanus-Red Hook,Brooklyn,BK0601,40.68598000786,-73.99416237527
restaurant,INSA,Korean,Carroll Gardens-Cobble Hill-Gowanus-Red Hook,Brooklyn,BK0601,40.67962742754,-73.98260417168
restaurant,JALOPY TAVERN,American,Carroll Gardens-Cobble Hill-Gowanus-Red Hook,Brooklyn,BK0601,40.68146491769,-74.00440225778
restaurant,JAM'IT BISTRO,Caribbean,Carroll Gardens-Cobble Hill-Gowanus-Red Hook,Brooklyn,BK0601,40.67945295679,-74.00535754049
restaurant,JUNE,American,Carroll Gardens-Cobble Hill-Gowanus-Red Hook,Brooklyn,BK0601,40.68615566784,-73.99405418861
restaurant,KANAN,Indian,Carroll Gardens-Cobble Hill-Gowanus-Red Hook,Brooklyn,BK0601,40.67178929451,-73.99075696546
restaurant,KARAZISHI BOTAN,Japanese,Carroll Gardens-Cobble Hill-Gowanus-Red Hook,Brooklyn,BK0601,40.68317202967,-73.9928574146
restaurant,KATANA SUSHI,Seafood,Carroll Gardens-Cobble Hill-Gowanus-Red Hook,Brooklyn,BK0601,40.68464341483,-74.00289531707
restaurant,KEG & LANTERN,American,Carroll Gardens-Cobble Hill-Gowanus-Red Hook,Brooklyn,BK0601,40.67556811262,-74.01596352771
restaurant,KENNEDY FRIED CHICKEN,Chicken,Carroll Gardens-Cobble Hill-Gowanus-Red Hook,Brooklyn,BK0601,40.6761537516,-74.00502199413
restaurant,KICK AXE THROWING,American,Carroll Gardens-Cobble Hill-Gowanus-Red Hook,Brooklyn,BK0601,40.67914721418,-73.98342991731
restaurant,KIOSKO 787,Latin American,Carroll Gardens-Cobble Hill-Gowanus-Red Hook,Brooklyn,BK0601,40.67699566913,-73.98613436162
restaurant,KITCHEN,Eastern European,Carroll Gardens-Cobble Hill-Gowanus-Red Hook,Brooklyn,BK0601,40.6852965753,-73.99449055046
restaurant,KOTO SUSHI,Japanese,Carroll Gardens-Cobble Hill-Gowanus-Red Hook,Brooklyn,BK0601,40.68223079396,-74.00033170548
restaurant,LA BICYCLETTE BAKERY,French,Carroll Gardens-Cobble Hill-Gowanus-Red Hook,Brooklyn,BK0601,40.68363053212,-73.99527309738
restaurant,LA VARA,Spanish,Carroll Gardens-Cobble Hill-Gowanus-Red Hook,Brooklyn,BK0601,40.68770927934,-73.9955901168
restaurant,LANDMARK CEVICHERIA,Latin American,Carroll Gardens-Cobble Hill-Gowanus-Red Hook,Brooklyn,BK0601,40.68431654951,-73.99207848032
restaurant,LANO'S,Latin American,Carroll Gardens-Cobble Hill-Gowanus-Red Hook,Brooklyn,BK0601,40.68292934552,-73.98230044229
restaurant,LAS MELECIAS,Mexican,Carroll Gardens-Cobble Hill-Gowanus-Red Hook,Brooklyn,BK0601,40.67057321881,-73.98916378576
restaurant,LAUREL BAKERY,Bakery Products/Desserts,Carroll Gardens-Cobble Hill-Gowanus-Red Hook,Brooklyn,BK0601,40.68784110558,-74.00133053976
restaurant,LAYLA JONES,Pizza,Carroll Gardens-Cobble Hill-Gowanus-Red Hook,Brooklyn,BK0601,40.68665246093,-73.99384501156
restaurant,LE PETIT CAFE,American,Carroll Gardens-Cobble Hill-Gowanus-Red Hook,Brooklyn,BK0601,40.67669457438,-73.99863723673
restaurant,LEMONGRASS GRILL,Thai,Carroll Gardens-Cobble Hill-Gowanus-Red Hook,Brooklyn,BK0601,40.68864511083,-73.99287846113
restaurant,LEVANT ON SMITH,New French,Carroll Gardens-Cobble Hill-Gowanus-Red Hook,Brooklyn,BK0601,40.68426165676,-73.99211814851
restaurant,LIAR LIAR,American,Carroll Gardens-Cobble Hill-Gowanus-Red Hook,Brooklyn,BK0601,40.67963899103,-73.9870135162
restaurant,LIBERTADOR,Spanish,Carroll Gardens-Cobble Hill-Gowanus-Red Hook,Brooklyn,BK0601,40.68725645777,-73.9979302897
restaurant,LIBERTY WAREHOUSE,American,Carroll Gardens-Cobble Hill-Gowanus-Red Hook,Brooklyn,BK0601,40.67664403547,-74.01617288733
restaurant,LING LING YOUNG,Chinese,Carroll Gardens-Cobble Hill-Gowanus-Red Hook,Brooklyn,BK0601,40.68386393452,-73.99954569655
restaurant,LITTLEFIELD,American,Carroll Gardens-Cobble Hill-Gowanus-Red Hook,Brooklyn,BK0601,40.6783979014,-73.98350581522
restaurant,LIZ'S BOOK BAR,American,Carroll Gardens-Cobble Hill-Gowanus-Red Hook,Brooklyn,BK0601,40.68128644175,-73.99413394418
restaurant,LOAFERS COCKTAIL BAR,American,Carroll Gardens-Cobble Hill-Gowanus-Red Hook,Brooklyn,BK0601,40.67509437643,-73.99938713181
restaurant,LOBO BROOKLYN,Mexican,Carroll Gardens-Cobble Hill-Gowanus-Red Hook,Brooklyn,BK0601,40.68654816202,-73.99389189569
restaurant,LOS HERMANOS COFFEE HISPANIC FOOD,Other,Carroll Gardens-Cobble Hill-Gowanus-Red Hook,Brooklyn,BK0601,40.67541277192,-74.00020188696
restaurant,LOWLANDS BAR / LONG SHADOW COFFEE,American,Carroll Gardens-Cobble Hill-Gowanus-Red Hook,Brooklyn,BK0601,40.66859181177,-73.99339609034
restaurant,LUANA'S TAVERN,American,Carroll Gardens-Cobble Hill-Gowanus-Red Hook,Brooklyn,BK0601,40.67774581604,-73.99811084854
restaurant,LUCALI,Pizza,Carroll Gardens-Cobble Hill-Gowanus-Red Hook,Brooklyn,BK0601,40.68190691006,-74.0004651065
restaurant,LUCKY 13 SALOON,American,Carroll Gardens-Cobble Hill-Gowanus-Red Hook,Brooklyn,BK0601,40.6784226199,-73.98361396771
restaurant,LUNA LA MER,Coffee/Tea,Carroll Gardens-Cobble Hill-Gowanus-Red Hook,Brooklyn,BK0601,40.66953846013,-73.98940187169
restaurant,LUNDY'S OF BROOKLYN,Seafood,Carroll Gardens-Cobble Hill-Gowanus-Red Hook,Brooklyn,BK0601,40.67305435075,-74.01228582744
restaurant,LUO'S BURGERS,Hamburgers,Carroll Gardens-Cobble Hill-Gowanus-Red Hook,Brooklyn,BK0601,40.66622573643,-73.99217075272
restaurant,MALAI ICE CREAM,Frozen Desserts,Carroll Gardens-Cobble Hill-Gowanus-Red Hook,Brooklyn,BK0601,40.68266426867,-73.99322523202
restaurant,MAMA CAPRI,Italian,Carroll Gardens-Cobble Hill-Gowanus-Red Hook,Brooklyn,BK0601,40.68335043255,-73.9927384121
restaurant,MAMAN,Coffee/Tea,Carroll Gardens-Cobble Hill-Gowanus-Red Hook,Brooklyn,BK0601,40.68869451518,-73.99285321491
restaurant,MAPLE DOMO SUSHI,Japanese,Carroll Gardens-Cobble Hill-Gowanus-Red Hook,Brooklyn,BK0601,40.67627462589,-73.99883913492
restaurant,MARCO POLO RISTORANTE,Italian,Carroll Gardens-Cobble Hill-Gowanus-Red Hook,Brooklyn,BK0601,40.68228287263,-73.99592218276
restaurant,MARK'S RED HOOK PIZZA,Pizza,Carroll Gardens-Cobble Hill-Gowanus-Red Hook,Brooklyn,BK0601,40.67873614045,-74.0112809982
restaurant,MAZZAT,Middle Eastern,Carroll Gardens-Cobble Hill-Gowanus-Red Hook,Brooklyn,BK0601,40.68490417152,-74.00276913106
restaurant,MCDONALD'S,Hamburgers,Carroll Gardens-Cobble Hill-Gowanus-Red Hook,Brooklyn,BK0601,40.6736753285,-73.99976927808
restaurant,MERCADO CENTRAL,Tapas,Carroll Gardens-Cobble Hill-Gowanus-Red Hook,Brooklyn,BK0601,40.67824720877,-73.98550317673
restaurant,MESON,Seafood,Carroll Gardens-Cobble Hill-Gowanus-Red Hook,Brooklyn,BK0601,40.68407801112,-74.00195783784
restaurant,MEX CARROLL'S DINER,American,Carroll Gardens-Cobble Hill-Gowanus-Red Hook,Brooklyn,BK0601,40.68546960133,-74.0024951237
restaurant,MEZCAL'S,Mexican,Carroll Gardens-Cobble Hill-Gowanus-Red Hook,Brooklyn,BK0601,40.67599191524,-73.99897253063
restaurant,MIGHTY QUINN'S BARBEQUE,Barbecue,Carroll Gardens-Cobble Hill-Gowanus-Red Hook,Brooklyn,BK0601,40.67230527468,-73.99029906431
restaurant,MING MEN,Other,Carroll Gardens-Cobble Hill-Gowanus-Red Hook,Brooklyn,BK0601,40.68500545666,-73.99163850948
restaurant,MING MUN,Asian/Asian Fusion,Carroll Gardens-Cobble Hill-Gowanus-Red Hook,Brooklyn,BK0601,40.68500545666,-73.99163850948
restaurant,MINI BAR,American,Carroll Gardens-Cobble Hill-Gowanus-Red Hook,Brooklyn,BK0601,40.67743016955,-73.99828390873
restaurant,MIRROR TEA HOUSE,Coffee/Tea,Carroll Gardens-Cobble Hill-Gowanus-Red Hook,Brooklyn,BK0601,40.67866999833,-73.9862674083
restaurant,MISTER CHEEKS,American,Carroll Gardens-Cobble Hill-Gowanus-Red Hook,Brooklyn,BK0601,40.68222523338,-73.99595103025
restaurant,MONTELEONE BAKERY CAFE,Bakery Products/Desserts,Carroll Gardens-Cobble Hill-Gowanus-Red Hook,Brooklyn,BK0601,40.68198918663,-73.99606281455
restaurant,MOOBURGER,American,Carroll Gardens-Cobble Hill-Gowanus-Red Hook,Brooklyn,BK0601,40.68572475003,-73.99428499096
restaurant,MOZZLAB,Italian,Carroll Gardens-Cobble Hill-Gowanus-Red Hook,Brooklyn,BK0601,40.68403959972,-73.99945916113
restaurant,NABILA'S,Lebanese,Carroll Gardens-Cobble Hill-Gowanus-Red Hook,Brooklyn,BK0601,40.6854969391,-73.99439318071
restaurant,NATE'S DETROIT PIZZA,Pizza,Carroll Gardens-Cobble Hill-Gowanus-Red Hook,Brooklyn,BK0601,40.6776799419,-73.99813969239
restaurant,NERD BE COOL,Coffee/Tea,Carroll Gardens-Cobble Hill-Gowanus-Red Hook,Brooklyn,BK0601,40.68289492707,-73.99514335064
restaurant,NERD BE COOL ESPRESSO LAB,Coffee/Tea,Carroll Gardens-Cobble Hill-Gowanus-Red Hook,Brooklyn,BK0601,40.67610445056,-73.99891845146
restaurant,NILI CAFE,Middle Eastern,Carroll Gardens-Cobble Hill-Gowanus-Red Hook,Brooklyn,BK0601,40.67929381172,-73.99590073423
restaurant,NO FILTER COFFEE,Coffee/Tea,Carroll Gardens-Cobble Hill-Gowanus-Red Hook,Brooklyn,BK0601,40.66580036467,-73.99325218366
restaurant,OCTAVIA COFFEE,Coffee/Tea,Carroll Gardens-Cobble Hill-Gowanus-Red Hook,Brooklyn,BK0601,40.68706691059,-73.99363944502
restaurant,OSAKA JAPANESE CUISINE,Japanese,Carroll Gardens-Cobble Hill-Gowanus-Red Hook,Brooklyn,BK0601,40.68480801665,-73.99472856283
restaurant,PANZEROTTI BITES,Italian,Carroll Gardens-Cobble Hill-Gowanus-Red Hook,Brooklyn,BK0601,40.68379506646,-73.99243549484
restaurant,PAPA JOHN'S,Pizza,Carroll Gardens-Cobble Hill-Gowanus-Red Hook,Brooklyn,BK0601,40.68022555823,-73.9811474393
restaurant,PARKLIFE,Mexican,Carroll Gardens-Cobble Hill-Gowanus-Red Hook,Brooklyn,BK0601,40.67900992432,-73.98308023556
restaurant,PETIT CREVETTE,French,Carroll Gardens-Cobble Hill-Gowanus-Red Hook,Brooklyn,BK0601,40.68407801112,-74.00195783784
restaurant,PITT'S,American,Carroll Gardens-Cobble Hill-Gowanus-Red Hook,Brooklyn,BK0601,40.67723730917,-74.01301485611
restaurant,PKLYN,American,Carroll Gardens-Cobble Hill-Gowanus-Red Hook,Brooklyn,BK0601,40.67681790647,-73.99338445703
restaurant,PLANTED,Coffee/Tea,Carroll Gardens-Cobble Hill-Gowanus-Red Hook,Brooklyn,BK0601,40.68058654729,-73.99460631404
restaurant,POETICA COFFEE,Coffee/Tea,Carroll Gardens-Cobble Hill-Gowanus-Red Hook,Brooklyn,BK0601,40.68325985885,-73.99279971636
restaurant,POPEYES,Chicken,Carroll Gardens-Cobble Hill-Gowanus-Red Hook,Brooklyn,BK0601,40.66835851816,-73.99361600276
restaurant,POPINA,Italian,Carroll Gardens-Cobble Hill-Gowanus-Red Hook,Brooklyn,BK0601,40.68723176201,-74.00162259458
restaurant,POPPY'S - PASTRY KITCHEN,American,Carroll Gardens-Cobble Hill-Gowanus-Red Hook,Brooklyn,BK0601,40.6855162635,-74.00244825171
restaurant,POPPY'S CATERING + EVENTS,American,Carroll Gardens-Cobble Hill-Gowanus-Red Hook,Brooklyn,BK0601,40.68422346021,-73.99694605473
restaurant,POPPY'S COMMISSARY,American,Carroll Gardens-Cobble Hill-Gowanus-Red Hook,Brooklyn,BK0601,40.68556841475,-74.0024230139
restaurant,PORTAL LATINO,Latin American,Carroll Gardens-Cobble Hill-Gowanus-Red Hook,Brooklyn,BK0601,40.68442908001,-73.99200274901
restaurant,PRINCE STREET PIZZA,Pizza,Carroll Gardens-Cobble Hill-Gowanus-Red Hook,Brooklyn,BK0601,40.68265603327,-73.99320720527
restaurant,PRINCIPLES GI COFFEE HOUSE,Coffee/Tea,Carroll Gardens-Cobble Hill-Gowanus-Red Hook,Brooklyn,BK0601,40.67225878926,-73.99266392036
restaurant,PUBLIC RECORDS,Vegan,Carroll Gardens-Cobble Hill-Gowanus-Red Hook,Brooklyn,BK0601,40.68195551869,-73.98647224143
restaurant,PURE GREEN,"Juice, Smoothies, Fruit Salads",Carroll Gardens-Cobble Hill-Gowanus-Red Hook,Brooklyn,BK0601,40.66581953222,-73.99251323794
restaurant,PUREPECHA,Mexican,Carroll Gardens-Cobble Hill-Gowanus-Red Hook,Brooklyn,BK0601,40.68453886568,-73.99192701778
restaurant,PURSLANE,Other,Carroll Gardens-Cobble Hill-Gowanus-Red Hook,Brooklyn,BK0601,40.68195551869,-73.98647224143
restaurant,QUEUE BEER,American,Carroll Gardens-Cobble Hill-Gowanus-Red Hook,Brooklyn,BK0601,40.67401566579,-73.9981325849
restaurant,RAMBLIN' CHICK,Chicken,Carroll Gardens-Cobble Hill-Gowanus-Red Hook,Brooklyn,BK0601,40.67627462589,-73.99883913492
restaurant,RED HOOK KITCHENETTE,American,Carroll Gardens-Cobble Hill-Gowanus-Red Hook,Brooklyn,BK0601,40.67664132302,-74.01594215444
restaurant,RED HOOK LOBSTER POUND,Seafood,Carroll Gardens-Cobble Hill-Gowanus-Red Hook,Brooklyn,BK0601,40.67974632809,-74.01009861184
restaurant,RED HOOK TAVERN,American,Carroll Gardens-Cobble Hill-Gowanus-Red Hook,Brooklyn,BK0601,40.67792908188,-74.01220380794
restaurant,RICE & BEANS,Latin American,Carroll Gardens-Cobble Hill-Gowanus-Red Hook,Brooklyn,BK0601,40.67706390858,-73.98328622837
restaurant,ROOM 205,Coffee/Tea,Carroll Gardens-Cobble Hill-Gowanus-Red Hook,Brooklyn,BK0601,40.6712044747,-73.98872028061
restaurant,ROOT HILL CAFE,Coffee/Tea,Carroll Gardens-Cobble Hill-Gowanus-Red Hook,Brooklyn,BK0601,40.67623781118,-73.98384523741
restaurant,RUA THAI,Thai,Carroll Gardens-Cobble Hill-Gowanus-Red Hook,Brooklyn,BK0601,40.68466512123,-73.99186931241
restaurant,RUNNER & STONE,New American,Carroll Gardens-Cobble Hill-Gowanus-Red Hook,Brooklyn,BK0601,40.67725917109,-73.98616314842
restaurant,SAINT JULIVERT,Seafood,Carroll Gardens-Cobble Hill-Gowanus-Red Hook,Brooklyn,BK0601,40.68780534461,-73.99554323506
restaurant,SAL TANG'S,Chinese,Carroll Gardens-Cobble Hill-Gowanus-Red Hook,Brooklyn,BK0601,40.68553550199,-74.00049758297
restaurant,SAN PEDRO,Mexican,Carroll Gardens-Cobble Hill-Gowanus-Red Hook,Brooklyn,BK0601,40.67900241411,-74.01096738066
restaurant,SATURN ROAD LLC,Coffee/Tea,Carroll Gardens-Cobble Hill-Gowanus-Red Hook,Brooklyn,BK0601,40.68466803612,-73.99479347522
restaurant,SAVELLI,Italian,Carroll Gardens-Cobble Hill-Gowanus-Red Hook,Brooklyn,BK0601,40.68517562232,-73.99149786755
restaurant,SEABORNE,American,Carroll Gardens-Cobble Hill-Gowanus-Red Hook,Brooklyn,BK0601,40.68097610565,-74.00865302287
restaurant,SHAN,Chinese,Carroll Gardens-Cobble Hill-Gowanus-Red Hook,Brooklyn,BK0601,40.6852881527,-73.99142573994
restaurant,SHIPWRECKED MINIATURE GOLF,Pizza,Carroll Gardens-Cobble Hill-Gowanus-Red Hook,Brooklyn,BK0601,40.67096348119,-74.00137346037
restaurant,SIEMPRE,Mexican,Carroll Gardens-Cobble Hill-Gowanus-Red Hook,Brooklyn,BK0601,40.67814016844,-73.98555006863
restaurant,SMITH STREET BAGELS,American,Carroll Gardens-Cobble Hill-Gowanus-Red Hook,Brooklyn,BK0601,40.68471452486,-73.99183685571
restaurant,SMITH STREET PIZZA,Pizza,Carroll Gardens-Cobble Hill-Gowanus-Red Hook,Brooklyn,BK0601,40.68138525031,-73.99406903738
restaurant,SOBOKU,Japanese,Carroll Gardens-Cobble Hill-Gowanus-Red Hook,Brooklyn,BK0601,40.68246665268,-73.99335865593
restaurant,SOCIALE,Italian,Carroll Gardens-Cobble Hill-Gowanus-Red Hook,Brooklyn,BK0601,40.6832709745,-73.99546782271
restaurant,STARBUCKS COFFEE #48170,Coffee/Tea,Carroll Gardens-Cobble Hill-Gowanus-Red Hook,Brooklyn,BK0601,40.66947807969,-73.98945234856
restaurant,STILL LIFE CAFE,American,Carroll Gardens-Cobble Hill-Gowanus-Red Hook,Brooklyn,BK0601,40.67923809222,-73.98565798977
restaurant,SUNNY'S,American,Carroll Gardens-Cobble Hill-Gowanus-Red Hook,Brooklyn,BK0601,40.67573265414,-74.01697300692
restaurant,SUNSET COFFEE SHOP #2,Latin American,Carroll Gardens-Cobble Hill-Gowanus-Red Hook,Brooklyn,BK0601,40.67154502549,-73.99095887465
restaurant,SWOONY'S,American,Carroll Gardens-Cobble Hill-Gowanus-Red Hook,Brooklyn,BK0601,40.68474222842,-74.00282681439
restaurant,TABLE 87 / EIGHTY-SEVEN NEXT DOOR,Pizza,Carroll Gardens-Cobble Hill-Gowanus-Red Hook,Brooklyn,BK0601,40.67075732231,-73.99158622951
restaurant,TASTE OF CHINA,Chinese,Carroll Gardens-Cobble Hill-Gowanus-Red Hook,Brooklyn,BK0601,40.67104796457,-73.98814713007
restaurant,TERA MERA,Indian,Carroll Gardens-Cobble Hill-Gowanus-Red Hook,Brooklyn,BK0601,40.68476135648,-73.99475020033
restaurant,THAISM,Thai,Carroll Gardens-Cobble Hill-Gowanus-Red Hook,Brooklyn,BK0601,40.68241724861,-73.99339111041
restaurant,THE BAR IN GOWANUS,American,Carroll Gardens-Cobble Hill-Gowanus-Red Hook,Brooklyn,BK0601,40.67731680963,-73.9861487155
restaurant,THE BEARDED BAKER,Bakery Products/Desserts,Carroll Gardens-Cobble Hill-Gowanus-Red Hook,Brooklyn,BK0601,40.6825752122,-73.98193277431
restaurant,THE BELL HOUSE,Pizza,Carroll Gardens-Cobble Hill-Gowanus-Red Hook,Brooklyn,BK0601,40.67352407026,-73.99176613022
restaurant,THE BLACK FLAMINGO,Coffee/Tea,Carroll Gardens-Cobble Hill-Gowanus-Red Hook,Brooklyn,BK0601,40.67914241579,-74.01077632146
restaurant,THE CHOCOLATE ROOM,Bakery Products/Desserts,Carroll Gardens-Cobble Hill-Gowanus-Red Hook,Brooklyn,BK0601,40.68484918627,-73.99468529193
restaurant,THE COMMON,American,Carroll Gardens-Cobble Hill-Gowanus-Red Hook,Brooklyn,BK0601,40.66682406262,-73.99166963471
restaurant,THE GOOD FORK PUB,New American,Carroll Gardens-Cobble Hill-Gowanus-Red Hook,Brooklyn,BK0601,40.67602394769,-74.01443865562
restaurant,THE GRAPE LEAF,Middle Eastern,Carroll Gardens-Cobble Hill-Gowanus-Red Hook,Brooklyn,BK0601,40.68047958365,-73.99681282707
restaurant,THE HOP SHOP,American,Carroll Gardens-Cobble Hill-Gowanus-Red Hook,Brooklyn,BK0601,40.68735527764,-74.00156490524
restaurant,THE LONG ISLAND BAR,American,Carroll Gardens-Cobble Hill-Gowanus-Red Hook,Brooklyn,BK0601,40.69080815911,-73.99646615931
restaurant,THE NEW NATURE'S GRILL,Sandwiches/Salads/Mixed Buffet,Carroll Gardens-Cobble Hill-Gowanus-Red Hook,Brooklyn,BK0601,40.68235960917,-73.99340553815
restaurant,THE ROYAL PALMS SHUFFLEBOARD CLUB,American,Carroll Gardens-Cobble Hill-Gowanus-Red Hook,Brooklyn,BK0601,40.67887043336,-73.98683340084
restaurant,THE SCION,Coffee/Tea,Carroll Gardens-Cobble Hill-Gowanus-Red Hook,Brooklyn,BK0601,40.68202750565,-73.99365795495
restaurant,THE WING BAR,American,Carroll Gardens-Cobble Hill-Gowanus-Red Hook,Brooklyn,BK0601,40.68255722521,-73.99327211459
restaurant,THREES BREWING / NINTH STREET ESPRESSO,American,Carroll Gardens-Cobble Hill-Gowanus-Red Hook,Brooklyn,BK0601,40.67961094517,-73.98251404219
restaurant,TIME 4 BAGELS,American,Carroll Gardens-Cobble Hill-Gowanus-Red Hook,Brooklyn,BK0601,40.67940632893,-73.99541040091
restaurant,TING HUA,Chinese,Carroll Gardens-Cobble Hill-Gowanus-Red Hook,Brooklyn,BK0601,40.67993605557,-73.99504982734
restaurant,TORTELLI,Italian,Carroll Gardens-Cobble Hill-Gowanus-Red Hook,Brooklyn,BK0601,40.68212628526,-73.99309909478
restaurant,TOWNEPLACE SUITES BY MARRIOTT,American,Carroll Gardens-Cobble Hill-Gowanus-Red Hook,Brooklyn,BK0601,40.67717661317,-73.98448673829
restaurant,TRAVEL BAR,American,Carroll Gardens-Cobble Hill-Gowanus-Red Hook,Brooklyn,BK0601,40.67604955531,-73.99894729362
restaurant,TRIPOLI / SWALLOW CAFE,Mediterranean,Carroll Gardens-Cobble Hill-Gowanus-Red Hook,Brooklyn,BK0601,40.69030305021,-73.99464519028
restaurant,TRU BY HILTON HOTEL,American,Carroll Gardens-Cobble Hill-Gowanus-Red Hook,Brooklyn,BK0601,40.67749511454,-73.98530144756
restaurant,UNION CAFE,American,Carroll Gardens-Cobble Hill-Gowanus-Red Hook,Brooklyn,BK0601,40.67813459951,-73.98493356832
restaurant,UNION GROUNDS,American,Carroll Gardens-Cobble Hill-Gowanus-Red Hook,Brooklyn,BK0601,40.68261486463,-73.99325768669
restaurant,UNION ST. PIZZA,Pizza,Carroll Gardens-Cobble Hill-Gowanus-Red Hook,Brooklyn,BK0601,40.67726425874,-73.9831599951
restaurant,UNTABLE,Thai,Carroll Gardens-Cobble Hill-Gowanus-Red Hook,Brooklyn,BK0601,40.68361690515,-73.99964304862
restaurant,US FRIED CHICKEN & PIZZA,Chicken,Carroll Gardens-Cobble Hill-Gowanus-Red Hook,Brooklyn,BK0601,40.67505275393,-74.01018442091
restaurant,VERDE CAFE & LOUNGE,Italian,Carroll Gardens-Cobble Hill-Gowanus-Red Hook,Brooklyn,BK0601,40.68436869948,-73.99206765727
restaurant,VILLA MIA PIZZA,Pizza,Carroll Gardens-Cobble Hill-Gowanus-Red Hook,Brooklyn,BK0601,40.66940422636,-73.9927435411
restaurant,VINNY'S OF CARROLL GARDEN,Italian,Carroll Gardens-Cobble Hill-Gowanus-Red Hook,Brooklyn,BK0601,40.68192046201,-73.99370483637
restaurant,WEN XUAN HOUSE,Chinese,Carroll Gardens-Cobble Hill-Gowanus-Red Hook,Brooklyn,BK0601,40.67902986772,-74.01090609474
restaurant,WHITE MAIZE,Latin American,Carroll Gardens-Cobble Hill-Gowanus-Red Hook,Brooklyn,BK0601,40.68250782137,-73.99330817469
restaurant,WING HUA 508,Chinese,Carroll Gardens-Cobble Hill-Gowanus-Red Hook,Brooklyn,BK0601,40.67638716114,-73.9987850553
restaurant,WRAPTOR,American,Carroll Gardens-Cobble Hill-Gowanus-Red Hook,Brooklyn,BK0601,40.67966156339,-74.0052782395
restaurant,YEMEN CAFE,Middle Eastern,Carroll Gardens-Cobble Hill-Gowanus-Red Hook,Brooklyn,BK0601,40.68999832331,-73.99353819866
restaurant,ZABB PUTAWN BROOKLYN,Thai,Carroll Gardens-Cobble Hill-Gowanus-Red Hook,Brooklyn,BK0601,40.68621330679,-73.99402894348
restaurant,ZOMBIE HUT,American,Carroll Gardens-Cobble Hill-Gowanus-Red Hook,Brooklyn,BK0601,40.68260662925,-73.99323965995
restaurant,AITA / MAYFLOWER,Italian,Clinton Hill,Brooklyn,BK0204,40.68659563169,-73.96667583136
restaurant,ALIBI CLUB,American,Clinton Hill,Brooklyn,BK0204,40.6894674519,-73.96950140624
restaurant,ATHENA KEKE'S,Other,Clinton Hill,Brooklyn,BK0204,40.6871376384,-73.96198807023
restaurant,B'KLYN BURRO,Mexican,Clinton Hill,Brooklyn,BK0204,40.68288392414,-73.96411776703
restaurant,BAR LAIKA,Eastern European,Clinton Hill,Brooklyn,BK0204,40.68714585118,-73.96192316183
restaurant,BARCKLAYS PIZZA & PASTA,Pizza,Clinton Hill,Brooklyn,BK0204,40.6829306517,-73.96433046821
restaurant,BED STUY FISH FRY,American,Clinton Hill,Brooklyn,BK0204,40.68271348668,-73.96329219483
restaurant,BELLI OSTERIA,Italian,Clinton Hill,Brooklyn,BK0204,40.68343366962,-73.9667387121
restaurant,BERGEN BAGELS,Bagels/Pretzels,Clinton Hill,Brooklyn,BK0204,40.68311754814,-73.96514882605
restaurant,BERGEN BAGELS,Bagels/Pretzels,Clinton Hill,Brooklyn,BK0204,40.69370080835,-73.96326448567
restaurant,BROOKLYN HERO SHOP,Sandwiches/Salads/Mixed Buffet,Clinton Hill,Brooklyn,BK0204,40.68914070306,-73.96905082257
restaurant,BROOKLYN MUSIC KITCHEN,American,Clinton Hill,Brooklyn,BK0204,40.69256635622,-73.9697091345
restaurant,BURLY COFFEE,American,Clinton Hill,Brooklyn,BK0204,40.68137751767,-73.96566892347
restaurant,CALYER CAFE & KITCHEN,Sandwiches/Salads/Mixed Buffet,Clinton Hill,Brooklyn,BK0204,40.69364612019,-73.9639172226
restaurant,CAP'T LOUI,Seafood,Clinton Hill,Brooklyn,BK0204,40.69312617568,-73.96927975496
restaurant,CASANARA,American,Clinton Hill,Brooklyn,BK0204,40.68277394079,-73.96350849287
restaurant,CASTRO'S,Mexican,Clinton Hill,Brooklyn,BK0204,40.6935831538,-73.96444014288
restaurant,CHEF KATSU BROOKLYN,Japanese,Clinton Hill,Brooklyn,BK0204,40.68665316444,-73.96630801757
restaurant,CHICK-FIL-A,Chicken,Clinton Hill,Brooklyn,BK0204,40.68171009856,-73.96725155129
restaurant,CHOICE MARKET,American,Clinton Hill,Brooklyn,BK0204,40.688504909,-73.96313033754
restaurant,COFFEE LAND,Coffee/Tea,Clinton Hill,Brooklyn,BK0204,40.68310823565,-73.96176683233
restaurant,CROWN FRIED CHICKEN,Chicken,Clinton Hill,Brooklyn,BK0204,40.68296361477,-73.9644133778
restaurant,DANNEE THAI,Thai,Clinton Hill,Brooklyn,BK0204,40.69036212641,-73.96015801533
restaurant,DINNER PARTY,New American,Clinton Hill,Brooklyn,BK0204,40.69021008651,-73.9652857358
restaurant,DISTRICT TACO,Mexican,Clinton Hill,Brooklyn,BK0204,40.69370632905,-73.96336184779
restaurant,DOSA ROYALE,Indian,Clinton Hill,Brooklyn,BK0204,40.68944525922,-73.96863239787
restaurant,DUN HUANG MISS NOODLE,Thai,Clinton Hill,Brooklyn,BK0204,40.69370632905,-73.96336184779
restaurant,DUNKIN,Donuts,Clinton Hill,Brooklyn,BK0204,40.69359410713,-73.96435719645
restaurant,EL COFRE,Latin American,Clinton Hill,Brooklyn,BK0204,40.69327658853,-73.96729272751
restaurant,EMMY,American,Clinton Hill,Brooklyn,BK0204,40.68338142217,-73.96640702701
restaurant,ENERGY FUEL FULTON,"Juice, Smoothies, Fruit Salads",Clinton Hill,Brooklyn,BK0204,40.68285643116,-73.96397356074
restaurant,ENTRE NOUS,French,Clinton Hill,Brooklyn,BK0204,40.68778847545,-73.96298289756
restaurant,EVODIO'S PLACE,American,Clinton Hill,Brooklyn,BK0204,40.69122107605,-73.96844404814
restaurant,FASTLIFE PIZZA,Pizza,Clinton Hill,Brooklyn,BK0204,40.68268597061,-73.9630794844
restaurant,GOLDEN KRUST CARIBBEAN BAKERY & GRILL,Caribbean,Clinton Hill,Brooklyn,BK0204,40.68291416059,-73.96425836643
restaurant,GOLDEN RATIO,American,Clinton Hill,Brooklyn,BK0204,40.68705827096,-73.9626912382
restaurant,HALAL MUNCHIES,Middle Eastern,Clinton Hill,Brooklyn,BK0204,40.69338885606,-73.96636590446
restaurant,HANSON DRY,American,Clinton Hill,Brooklyn,BK0204,40.68334019333,-73.9662123479
restaurant,HOPS HILL,American,Clinton Hill,Brooklyn,BK0204,40.68320278419,-73.96563913577
restaurant,HUNGRY GHOST COFFEE / BAR FRANCIS,Coffee/Tea,Clinton Hill,Brooklyn,BK0204,40.68413423346,-73.96904594393
restaurant,IMPASTO,Pizza,Clinton Hill,Brooklyn,BK0204,40.68693595531,-73.96657830538
restaurant,INDO MIX / OH SWEET MASON,Indonesian,Clinton Hill,Brooklyn,BK0204,40.6820733869,-73.96156191522
restaurant,ISTANBUL CLINTON HILL,Turkish,Clinton Hill,Brooklyn,BK0204,40.68355459536,-73.96727948651
restaurant,IZZY ROSE,American,Clinton Hill,Brooklyn,BK0204,40.68704732234,-73.962784994
restaurant,JIMMY JOHN'S,Sandwiches,Clinton Hill,Brooklyn,BK0204,40.69351740382,-73.9648440621
restaurant,JOHN'S DONUT & COFFEE SHOP,American,Clinton Hill,Brooklyn,BK0204,40.69342170193,-73.96605576305
restaurant,KENNEDY FRIED CHICKEN,Chicken,Clinton Hill,Brooklyn,BK0204,40.69036212641,-73.96015801533
restaurant,KITCHEN GRILL,Indian,Clinton Hill,Brooklyn,BK0204,40.68294439687,-73.96439896596
restaurant,KUM KAU,Chinese,Clinton Hill,Brooklyn,BK0204,40.69335602716,-73.96673734923
restaurant,LIBERTY PIZZA,Pizza,Clinton Hill,Brooklyn,BK0204,40.69340523223,-73.96605216537
restaurant,LOCANDA VINI & OLII (LEWIS DRUG STORE),Italian,Clinton Hill,Brooklyn,BK0204,40.68479665323,-73.96292687464
restaurant,LUIGI'S PIZZERIA,Pizza,Clinton Hill,Brooklyn,BK0204,40.68973529736,-73.96547349084
restaurant,LULA MAE'S,Asian/Asian Fusion,Clinton Hill,Brooklyn,BK0204,40.69336966168,-73.96643082397
restaurant,MAISON MAY,New French,Clinton Hill,Brooklyn,BK0204,40.68946191907,-73.96933914386
restaurant,MARISCOS EL SUBMARINO,Seafood,Clinton Hill,Brooklyn,BK0204,40.69356399061,-73.96460242808
restaurant,MEKONG BK,Southeast Asian,Clinton Hill,Brooklyn,BK0204,40.68945083516,-73.96894971325
restaurant,MIKE'S COFFEE SHOP,American,Clinton Hill,Brooklyn,BK0204,40.68974350885,-73.96539776262
restaurant,MONKEY TIGER / TASTE KOREA 232,Korean,Clinton Hill,Brooklyn,BK0204,40.69167670753,-73.95968483981
restaurant,MOOT BAR,American,Clinton Hill,Brooklyn,BK0204,40.69402941829,-73.96095637744
restaurant,MYRTLE AVE BAGELS,Bagels/Pretzels,Clinton Hill,Brooklyn,BK0204,40.69311248172,-73.96939154993
restaurant,MYRTLE THAI RESTAURANT,Thai,Clinton Hill,Brooklyn,BK0204,40.69318897538,-73.96807168597
restaurant,NATHAN'S FAMOUS,Hotdogs,Clinton Hill,Brooklyn,BK0204,40.69395823957,-73.96150455123
restaurant,NENO'S GOURMET MEXICAN,Mexican,Clinton Hill,Brooklyn,BK0204,40.69350650515,-73.96510731366
restaurant,NEW COUNTRY HOUSE,American,Clinton Hill,Brooklyn,BK0204,40.68369198111,-73.96779862147
restaurant,NEW GRACE CHINESE RESTAURANT,Chinese,Clinton Hill,Brooklyn,BK0204,40.69380764112,-73.96260450606
restaurant,OSTERIA BROOKLYN,Italian,Clinton Hill,Brooklyn,BK0204,40.69330123369,-73.96709077403
restaurant,OTWAY,New American,Clinton Hill,Brooklyn,BK0204,40.68282619436,-73.96383296159
restaurant,OTWAY BAKERY,Coffee/Tea,Clinton Hill,Brooklyn,BK0204,40.68290041421,-73.96418626321
restaurant,OVERGREENS,Salads,Clinton Hill,Brooklyn,BK0204,40.69353387356,-73.96484765949
restaurant,PECK'S,American,Clinton Hill,Brooklyn,BK0204,40.69329853539,-73.96725304966
restaurant,PETEE'S CAFE,Coffee/Tea,Clinton Hill,Brooklyn,BK0204,40.6935530371,-73.96468537443
restaurant,PHO YOU,Sandwiches/Salads/Mixed Buffet,Clinton Hill,Brooklyn,BK0204,40.68290041421,-73.96418626321
restaurant,PIZZA SPOT,Pizza,Clinton Hill,Brooklyn,BK0204,40.6903566569,-73.96021571359
restaurant,PLACE DES FETES,New French,Clinton Hill,Brooklyn,BK0204,40.68703637481,-73.96288235554
restaurant,PRATT INSTITUTE - ILLY CAFE,Coffee/Tea,Clinton Hill,Brooklyn,BK0204,40.69204867494,-73.96395775672
restaurant,PRATT INSTITUTE - PI SHOP,American,Clinton Hill,Brooklyn,BK0204,40.69204867494,-73.96395775672
restaurant,PRATT INSTITUTE HIGGINS HALL(STUDIO GRIND),Coffee/Tea,Clinton Hill,Brooklyn,BK0204,40.68781096725,-73.96467400405
restaurant,PRATT INSTITUTE MAIN CAFE,American,Clinton Hill,Brooklyn,BK0204,40.69204867494,-73.96395775672
restaurant,PRIMA BROOKLYN,Other,Clinton Hill,Brooklyn,BK0204,40.68666959167,-73.96616738555
restaurant,PUTNAM'S PUB,Irish,Clinton Hill,Brooklyn,BK0204,40.69312336689,-73.96904175459
restaurant,ROSTICCERIA EVELINA,Italian,Clinton Hill,Brooklyn,BK0204,40.69329853539,-73.96725304966
restaurant,SAMYAN,Asian/Asian Fusion,Clinton Hill,Brooklyn,BK0204,40.68359031953,-73.96742729721
restaurant,SISTERS,New American,Clinton Hill,Brooklyn,BK0204,40.68310382646,-73.96515604433
restaurant,SMACK BURGER,Hamburgers,Clinton Hill,Brooklyn,BK0204,40.68339516505,-73.9664719201
restaurant,SPACE CLUB CAFE,American,Clinton Hill,Brooklyn,BK0204,40.69383396476,-73.96795597993
restaurant,SPEEDY ROMEO,Pizza,Clinton Hill,Brooklyn,BK0204,40.6875183963,-73.95974505614
restaurant,SPICE & GRILL,Indian,Clinton Hill,Brooklyn,BK0204,40.69321365621,-73.96799234011
restaurant,STARBUCKS #54446,Coffee/Tea,Clinton Hill,Brooklyn,BK0204,40.68858706991,-73.96256778095
restaurant,TACO BELL,Tex-Mex,Clinton Hill,Brooklyn,BK0204,40.69370080835,-73.96326448567
restaurant,TB COFFEE HOUSE,Coffee/Tea,Clinton Hill,Brooklyn,BK0204,40.69394724352,-73.96145407178
restaurant,THAI 101,Thai,Clinton Hill,Brooklyn,BK0204,40.69325468778,-73.9674946795
restaurant,THE EMERSON,American,Clinton Hill,Brooklyn,BK0204,40.69392538197,-73.96174257482
restaurant,THE GREAT GEORGIANA,American,Clinton Hill,Brooklyn,BK0204,40.68945915305,-73.96925981563
restaurant,WAZA SUSHI RAMEN,Japanese,Clinton Hill,Brooklyn,BK0204,40.69345999764,-73.96561579877
restaurant,WEI FORT GREENE,Chinese,Clinton Hill,Brooklyn,BK0204,40.68321927335,-73.96570763266
restaurant,YAMASHIRO,Japanese,Clinton Hill,Brooklyn,BK0204,40.69334776979,-73.96665801921
restaurant,22 STR CONCESSION STAND,American,Coney Island-Sea Gate,Brooklyn,BK1302,40.57315242202,-73.98737625983
restaurant,AL CAVALLINO,Pizza,Coney Island-Sea Gate,Brooklyn,BK1302,40.57274843373,-73.98342401748
restaurant,BARDUCK,Fusion,Coney Island-Sea Gate,Brooklyn,BK1302,40.57586067315,-73.96863914946
restaurant,BEERLAND,Bottled Beverages,Coney Island-Sea Gate,Brooklyn,BK1302,40.57932272303,-73.97199624086
restaurant,BROTHERS BAGEL,Bagels/Pretzels,Coney Island-Sea Gate,Brooklyn,BK1302,40.57986094891,-73.97302559912
restaurant,BUCK-IT SPORTS BAR AND LATIN GRILL,Latin American,Coney Island-Sea Gate,Brooklyn,BK1302,40.57550621139,-73.97894888949
restaurant,CHIPOTLE MEXICAN GRILL #2570,Tex-Mex,Coney Island-Sea Gate,Brooklyn,BK1302,40.58345900381,-73.98649226952
restaurant,CHOW TIME,Chinese,Coney Island-Sea Gate,Brooklyn,BK1302,40.5769340015,-73.98186786614
restaurant,CONEY CONES / LUNA PARK AT STILLWELL AVENUE,Frozen Desserts,Coney Island-Sea Gate,Brooklyn,BK1302,40.57315135243,-73.97989632503
restaurant,CONEY ISLAND BAKERY,Caribbean,Coney Island-Sea Gate,Brooklyn,BK1302,40.57681339411,-73.98292983466
restaurant,CONEY'S CONES,Other,Coney Island-Sea Gate,Brooklyn,BK1302,40.57330754816,-73.9784816381
restaurant,CONEY'S CONES,Frozen Desserts,Coney Island-Sea Gate,Brooklyn,BK1302,40.57330754816,-73.9784816381
restaurant,CRAB HOUSE,Seafood,Coney Island-Sea Gate,Brooklyn,BK1302,40.575547631,-73.98034196547
restaurant,CROWN FRIED CHICKEN,Chicken,Coney Island-Sea Gate,Brooklyn,BK1302,40.57555742054,-73.99447803897
restaurant,CYCLONE BAGELS,Bagels/Pretzels,Coney Island-Sea Gate,Brooklyn,BK1302,40.57470595279,-73.98719598169
restaurant,"DENO'S SNACK BAR, FAMIGLIA",American,Coney Island-Sea Gate,Brooklyn,BK1302,40.5733048054,-73.97849243776
restaurant,DENO'S SWEET SHOPPE,American,Coney Island-Sea Gate,Brooklyn,BK1302,40.5733048054,-73.97849243776
restaurant,DOMINOS,Pizza,Coney Island-Sea Gate,Brooklyn,BK1302,40.57937930722,-73.98005643961
restaurant,DONA ZITA MEXICAN FOOD,Mexican,Coney Island-Sea Gate,Brooklyn,BK1302,40.57479005742,-73.98027379552
restaurant,DONUT CONNECTION,American,Coney Island-Sea Gate,Brooklyn,BK1302,40.57670925012,-73.98402419335
restaurant,DUNKIN,Donuts,Coney Island-Sea Gate,Brooklyn,BK1302,40.58254770097,-73.98621524745
restaurant,DUNKIN,Donuts,Coney Island-Sea Gate,Brooklyn,BK1302,40.57555868838,-73.98080272559
restaurant,DUNKIN',Donuts,Coney Island-Sea Gate,Brooklyn,BK1302,40.57530773054,-73.9967062742
restaurant,FAMOUS ROTISSERIE AND GRILL,Chinese,Coney Island-Sea Gate,Brooklyn,BK1302,40.57682163812,-73.98299462863
restaurant,FLYWHEEL,American,Coney Island-Sea Gate,Brooklyn,BK1302,40.57542643513,-73.97800579153
restaurant,FOOTPRINTS CAFE,Caribbean,Coney Island-Sea Gate,Brooklyn,BK1302,40.57546022646,-73.98302017453
restaurant,FOXY,Other,Coney Island-Sea Gate,Brooklyn,BK1302,40.57554204549,-73.97979121102
restaurant,GARGIULO'S,Italian,Coney Island-Sea Gate,Brooklyn,BK1302,40.57655533187,-73.98258432315
restaurant,GEORGIAN CORNER,Eastern European,Coney Island-Sea Gate,Brooklyn,BK1302,40.57897214243,-73.97526149659
restaurant,GYRO CORNER CLAM BAR,Seafood,Coney Island-Sea Gate,Brooklyn,BK1302,40.57477900995,-73.97988143456
restaurant,HANGRY JOE'S,Chicken,Coney Island-Sea Gate,Brooklyn,BK1302,40.57844536685,-73.9763200543
restaurant,HOUSE LEFT CONCESSION,American,Coney Island-Sea Gate,Brooklyn,BK1302,40.57315242202,-73.98737625983
restaurant,IHOP,Pancakes/Waffles,Coney Island-Sea Gate,Brooklyn,BK1302,40.57547593167,-73.97848093683
restaurant,INDOOR CONCESSION,American,Coney Island-Sea Gate,Brooklyn,BK1302,40.57315242202,-73.98737625983
restaurant,K & E FAST FOOD,Spanish,Coney Island-Sea Gate,Brooklyn,BK1302,40.57479005742,-73.98027379552
restaurant,KENNEDY FRIED CHICKEN,Chicken,Coney Island-Sea Gate,Brooklyn,BK1302,40.57600181203,-73.9904606946
restaurant,KPOT KOREAN BBQ & HOT POT,Korean,Coney Island-Sea Gate,Brooklyn,BK1302,40.57554760493,-73.98019077752
restaurant,LEANLY CHINESE FOOD,Chinese,Coney Island-Sea Gate,Brooklyn,BK1302,40.57670651135,-73.98406739132
restaurant,LIMAN RESTAURANT,Eastern European,Coney Island-Sea Gate,Brooklyn,BK1302,40.57534114127,-73.97696190607
restaurant,LUNA PARK AT WEST 10TH STREET / FLYWHEEL,Other,Coney Island-Sea Gate,Brooklyn,BK1302,40.57542643513,-73.97800579153
restaurant,LUNA PARK AT WEST 10TH STREET / HALF MOON,American,Coney Island-Sea Gate,Brooklyn,BK1302,40.57542643513,-73.97800579153
restaurant,LUNATICS ICE CREAM (closed Oct-Mar),Frozen Desserts,Coney Island-Sea Gate,Brooklyn,BK1302,40.57553390891,-73.98035276866
restaurant,MAIMONIDES PARK CONCESSION STAND 130,American,Coney Island-Sea Gate,Brooklyn,BK1302,40.57515862841,-73.98540324782
restaurant,MAIMONIDES PARK STAND # 110,American,Coney Island-Sea Gate,Brooklyn,BK1302,40.57515862841,-73.98540324782
restaurant,"MAIMONIDES PARK STAND #120, PREMIO SAUSAGE/CHEESESTEAKS/Pat-lafreda",American,Coney Island-Sea Gate,Brooklyn,BK1302,40.57515862841,-73.98540324782
restaurant,MAIMONIDES PARK STAND #140,American,Coney Island-Sea Gate,Brooklyn,BK1302,40.57515862841,-73.98540324782
restaurant,MAIMONIDES PARK-FLASH BAR,Other,Coney Island-Sea Gate,Brooklyn,BK1302,40.57515862841,-73.98540324782
restaurant,MAMAS BROWN KITCHEN,Soul Food,Coney Island-Sea Gate,Brooklyn,BK1302,40.57919301927,-73.98222724156
restaurant,MARGARITA ISLAND,Bottled Beverages,Coney Island-Sea Gate,Brooklyn,BK1302,40.57473494083,-73.9790319259
restaurant,MCDONALD'S,Hamburgers,Coney Island-Sea Gate,Brooklyn,BK1302,40.5799190555,-73.975081147
restaurant,MCDONALD'S,Hamburgers,Coney Island-Sea Gate,Brooklyn,BK1302,40.57696417472,-73.98174546506
restaurant,MI CANDILEJAS RESTAURANT,Latin American,Coney Island-Sea Gate,Brooklyn,BK1302,40.57683534381,-73.9828722325
restaurant,NATHAN'S FAMOUS,Hotdogs,Coney Island-Sea Gate,Brooklyn,BK1302,40.57553686942,-73.98165226411
restaurant,NATHAN'S FAMOUS,Hotdogs,Coney Island-Sea Gate,Brooklyn,BK1302,40.57315135243,-73.97989632503
restaurant,NATHAN'S FAMOUS (Kiosk in theme park by Bumper Cars/Wonder Wheel),Hotdogs,Coney Island-Sea Gate,Brooklyn,BK1302,40.57385946738,-73.97966573527
restaurant,NEW ORIENTAL FOOD KITCHEN INC,Other,Coney Island-Sea Gate,Brooklyn,BK1302,40.57525558813,-73.99701945046
restaurant,OLD FASHION CONEY ISLAND FOOD,American,Coney Island-Sea Gate,Brooklyn,BK1302,40.57501501789,-73.97963298496
restaurant,PAL'S HERO SHOP,Spanish,Coney Island-Sea Gate,Brooklyn,BK1302,40.58007181718,-73.98553176838
restaurant,PANDA CHINESE RESTAURANT,Chinese,Coney Island-Sea Gate,Brooklyn,BK1302,40.57555193303,-73.99452123599
restaurant,PAPA JOHN'S PIZZA,Pizza,Coney Island-Sea Gate,Brooklyn,BK1302,40.5762239388,-73.98829361331
restaurant,PARK VIEW DINER,American,Coney Island-Sea Gate,Brooklyn,BK1302,40.58344802167,-73.98646707076
restaurant,PAUL'S DAUGHTER,American,Coney Island-Sea Gate,Brooklyn,BK1302,40.57332124903,-73.97835924751
restaurant,PEP BAKE HOUSE & COFFEE SHOP,Coffee/Tea,Coney Island-Sea Gate,Brooklyn,BK1302,40.57986094891,-73.97302559912
restaurant,PEP BAKEHOUSE & COFFEE SHOP,Coffee/Tea,Coney Island-Sea Gate,Brooklyn,BK1302,40.57586139465,-73.97139294294
restaurant,PETE'S CLAM STOP,American,Coney Island-Sea Gate,Brooklyn,BK1302,40.57552866663,-73.98185025055
restaurant,PIZZA ON THE RUN,Pizza,Coney Island-Sea Gate,Brooklyn,BK1302,40.57662103504,-73.98148997543
restaurant,PIZZA ON THE RUN,Pizza,Coney Island-Sea Gate,Brooklyn,BK1302,40.57670651135,-73.98406739132
restaurant,POPEYES,Chicken,Coney Island-Sea Gate,Brooklyn,BK1302,40.57553114802,-73.98025917695
restaurant,RARE STEAK & LOBSTER,Seafood,Coney Island-Sea Gate,Brooklyn,BK1302,40.57544841346,-73.9781101758
restaurant,RARE STEAK & LOBSTER,Mediterranean,Coney Island-Sea Gate,Brooklyn,BK1302,40.57544841346,-73.9781101758
restaurant,RITA'S OF CONEY ISLAND,Frozen Desserts,Coney Island-Sea Gate,Brooklyn,BK1302,40.57555868838,-73.98080272559
restaurant,ROYAL HALL/LIFE GARDEN,Asian/Asian Fusion,Coney Island-Sea Gate,Brooklyn,BK1302,40.57703792682,-73.97962876594
restaurant,RUBY'S,American,Coney Island-Sea Gate,Brooklyn,BK1302,40.57313491517,-73.98007630914
restaurant,S & M PIZZA,Pizza,Coney Island-Sea Gate,Brooklyn,BK1302,40.57563971926,-73.99361409975
restaurant,SAHARA TURKISH GRILL,Turkish,Coney Island-Sea Gate,Brooklyn,BK1302,40.57986094891,-73.97302559912
restaurant,SALT & SIZZLE,American,Coney Island-Sea Gate,Brooklyn,BK1302,40.57304721644,-73.98086464301
restaurant,SANDBAR TAVERN,Bottled Beverages,Coney Island-Sea Gate,Brooklyn,BK1302,40.57515862841,-73.98540324782
restaurant,SEASIDE CAFE,American,Coney Island-Sea Gate,Brooklyn,BK1302,40.57517621395,-73.97579926223
restaurant,SIDESHOWS BY THE SEASHORE,American,Coney Island-Sea Gate,Brooklyn,BK1302,40.57552835445,-73.97997840022
restaurant,STARBUCKS,Coffee/Tea,Coney Island-Sea Gate,Brooklyn,BK1302,40.58100232497,-73.98572596649
restaurant,STARBUCKS COFFEE #58310,Coffee/Tea,Coney Island-Sea Gate,Brooklyn,BK1302,40.57534114127,-73.97696190607
restaurant,SUBWAY,Sandwiches,Coney Island-Sea Gate,Brooklyn,BK1302,40.57662377633,-73.98146837604
restaurant,SURF CITY (closed Jan),Pizza,Coney Island-Sea Gate,Brooklyn,BK1302,40.57534664099,-73.9770123
restaurant,SURF PIZZA & WINGS,Pizza,Coney Island-Sea Gate,Brooklyn,BK1302,40.57452212868,-73.98790155001
restaurant,TACO BELL,Tex-Mex,Coney Island-Sea Gate,Brooklyn,BK1302,40.57550621668,-73.97897768718
restaurant,TAOXI ASIAN CUISINE,Asian/Asian Fusion,Coney Island-Sea Gate,Brooklyn,BK1302,40.57544565833,-73.97805618109
restaurant,TAQUERIA EMILIO 3,Mexican,Coney Island-Sea Gate,Brooklyn,BK1302,40.57455138438,-73.98100459715
restaurant,TERRACE EAST,American,Coney Island-Sea Gate,Brooklyn,BK1302,40.57315242202,-73.98737625983
restaurant,TERRACE WEST,American,Coney Island-Sea Gate,Brooklyn,BK1302,40.57315242202,-73.98737625983
restaurant,TEURA,Mediterranean,Coney Island-Sea Gate,Brooklyn,BK1302,40.57554485141,-73.98014038235
restaurant,TEXAS CHICKEN & BURGERS,Chicken,Coney Island-Sea Gate,Brooklyn,BK1302,40.57554204549,-73.97979121102
restaurant,THE RED DOORS BAR AND GRILL,American,Coney Island-Sea Gate,Brooklyn,BK1302,40.57554206325,-73.97989200298
restaurant,THE TASTY PLATE,Mediterranean,Coney Island-Sea Gate,Brooklyn,BK1302,40.57549524941,-73.97904248543
restaurant,TOM'S RESTAURANT,American,Coney Island-Sea Gate,Brooklyn,BK1302,40.57308284346,-73.98053707098
restaurant,TOTONNO'S PIZZERIA,Pizza,Coney Island-Sea Gate,Brooklyn,BK1302,40.57911085601,-73.98342963216
restaurant,TROPICAL SHACK,"Juice, Smoothies, Fruit Salads",Coney Island-Sea Gate,Brooklyn,BK1302,40.57455138438,-73.98100459715
restaurant,VICKY'S FOOD & TREATS,Other,Coney Island-Sea Gate,Brooklyn,BK1302,40.57467192372,-73.97965828765
restaurant,VIS-A-VIS,Russian,Coney Island-Sea Gate,Brooklyn,BK1302,40.57586067315,-73.96863914946
restaurant,WHITE CASTLE,Hamburgers,Coney Island-Sea Gate,Brooklyn,BK1302,40.57515800186,-73.98111961412
restaurant,ZA ZABOROM,Russian,Coney Island-Sea Gate,Brooklyn,BK1302,40.57476700421,-74.00339089015
restaurant,ZULA,Turkish,Coney Island-Sea Gate,Brooklyn,BK1302,40.57315242202,-73.98737625983
restaurant,$1.50  UTICA HOT PIZZA,Pizza,Crown Heights (North),Brooklyn,BK0802,40.66877413535,-73.93065514628
restaurant,95 SOUTH,American,Crown Heights (North),Brooklyn,BK0802,40.67191903573,-73.95752665768
restaurant,99 ROGERS,American,Crown Heights (North),Brooklyn,BK0802,40.67419812244,-73.95286385959
restaurant,ACOUSTIK GARDEN,Tapas,Crown Heights (North),Brooklyn,BK0802,40.67787774941,-73.93887284491
restaurant,AITA TRATTORIA,Italian,Crown Heights (North),Brooklyn,BK0802,40.67110943452,-73.95781917142
restaurant,ALMAH CAFE,Other,Crown Heights (North),Brooklyn,BK0802,40.67592963684,-73.9304349734
restaurant,ALTAR,Tapas,Crown Heights (North),Brooklyn,BK0802,40.67335172857,-73.95730944101
restaurant,ARDEN,New American,Crown Heights (North),Brooklyn,BK0802,40.67166380622,-73.9576205488
restaurant,ARVACI COFFEE,Coffee/Tea,Crown Heights (North),Brooklyn,BK0802,40.67175798383,-73.95278628237
restaurant,AURA COFFEE,Coffee/Tea,Crown Heights (North),Brooklyn,BK0802,40.67625190359,-73.9621204796
restaurant,AUTHENTICITY,Other,Crown Heights (North),Brooklyn,BK0802,40.67268475325,-73.93910113131
restaurant,BAGEL PUB,American,Crown Heights (North),Brooklyn,BK0802,40.67227305567,-73.95737502328
restaurant,BAKERIE,Jewish/Kosher,Crown Heights (North),Brooklyn,BK0802,40.67205623784,-73.93917380627
restaurant,BANHMIGOS,Southeast Asian,Crown Heights (North),Brooklyn,BK0802,40.67420796655,-73.956955595
restaurant,BARBONCINO PIZZA,Pizza,Crown Heights (North),Brooklyn,BK0802,40.6721303474,-73.95742918904
restaurant,BB'S BURGER FACTORY,Caribbean,Crown Heights (North),Brooklyn,BK0802,40.66998483979,-73.92248894038
restaurant,BEST BURGER PALACE,American,Crown Heights (North),Brooklyn,BK0802,40.68035493103,-73.96089230647
restaurant,BIARRITZ KOSHER PIZZA & WINE,Pizza,Crown Heights (North),Brooklyn,BK0802,40.67022425627,-73.94212785031
restaurant,BIEN CUIT,Bakery Products/Desserts,Crown Heights (North),Brooklyn,BK0802,40.673867556,-73.95680079879
restaurant,BK HALAL GRILL,American,Crown Heights (North),Brooklyn,BK0802,40.67585746572,-73.94992448588
restaurant,BKLYN CATERERS,Soul Food,Crown Heights (North),Brooklyn,BK0802,40.67671534365,-73.94151652298
restaurant,BLACK MILK COFFEE & CREPE,Coffee/Tea,Crown Heights (North),Brooklyn,BK0802,40.67557183607,-73.95620484361
restaurant,BLOSSOM KITCHEN,Other,Crown Heights (North),Brooklyn,BK0802,40.67303869564,-73.95018977513
restaurant,BOEUF & BUN,Jewish/Kosher,Crown Heights (North),Brooklyn,BK0802,40.67052066662,-73.94207712409
restaurant,BONG,Asian/Asian Fusion,Crown Heights (North),Brooklyn,BK0802,40.67285399894,-73.95489442028
restaurant,BROOKLYN PIZZA CREW,Pizza,Crown Heights (North),Brooklyn,BK0802,40.67276149518,-73.95024045268
restaurant,BROOKLYN SUYA,African,Crown Heights (North),Brooklyn,BK0802,40.67394988705,-73.95676829985
restaurant,CAFE CON LIBROS,Coffee/Tea,Crown Heights (North),Brooklyn,BK0802,40.67441746884,-73.95229410278
restaurant,CAFE IMAEL,Coffee/Tea,Crown Heights (North),Brooklyn,BK0802,40.6711960777,-73.94246586407
restaurant,CAFE RUE DIX,African,Crown Heights (North),Brooklyn,BK0802,40.67349044612,-73.95403599332
restaurant,CAKE BOI,Bakery Products/Desserts,Crown Heights (North),Brooklyn,BK0802,40.67406794428,-73.95009166707
restaurant,CAS' WEST INDIAN & AMERICAN RESTAURANT,Caribbean,Crown Heights (North),Brooklyn,BK0802,40.67524145991,-73.94163678924
restaurant,CENT'ANNI,Italian,Crown Heights (North),Brooklyn,BK0802,40.67309913109,-73.95710051336
restaurant,CHAVELA'S,Mexican,Crown Heights (North),Brooklyn,BK0802,40.67342297008,-73.95698133871
restaurant,CHEUNG LEE,Chinese,Crown Heights (North),Brooklyn,BK0802,40.676001737,-73.94158564915
restaurant,CHINA GARDEN CHINESE RESTAURANT,Chinese,Crown Heights (North),Brooklyn,BK0802,40.67448323426,-73.93059150612
restaurant,CHIPOTLE MEXICAN GRILL #3056,Tex-Mex,Crown Heights (North),Brooklyn,BK0802,40.67009458812,-73.93101064698
restaurant,CHIPOTLE MEXICAN GRILL #3056,American,Crown Heights (North),Brooklyn,BK0802,40.67750627939,-73.93234049389
restaurant,COFFEE LAND,Coffee/Tea,Crown Heights (North),Brooklyn,BK0802,40.67392245152,-73.9568007631
restaurant,COLINA CUERVO,Latin American,Crown Heights (North),Brooklyn,BK0802,40.67132602567,-73.95035327975
restaurant,CORNBREAD,Soul Food,Crown Heights (North),Brooklyn,BK0802,40.67009544039,-73.95474849471
restaurant,COTTON BEAN,Coffee/Tea,Crown Heights (North),Brooklyn,BK0802,40.67613499926,-73.95064170434
restaurant,COVENHOVEN,American,Crown Heights (North),Brooklyn,BK0802,40.67518619907,-73.95996883516
restaurant,CROWN FRIED CHICKEN,Chicken,Crown Heights (North),Brooklyn,BK0802,40.67102226814,-73.93091956153
restaurant,CROWN FRIED CHICKEN,Chicken,Crown Heights (North),Brooklyn,BK0802,40.67063986902,-73.95044030925
restaurant,CROWN HEIGHTS MOZZARELLA,Jewish/Kosher,Crown Heights (North),Brooklyn,BK0802,40.67021306417,-73.93654035339
restaurant,CROWN HEIGHTS PIZZA,Pizza,Crown Heights (North),Brooklyn,BK0802,40.67159530104,-73.95793061541
restaurant,DARK NECESSITY,Coffee/Tea,Crown Heights (North),Brooklyn,BK0802,40.67703868008,-73.95927912326
restaurant,DHANIA INDIAN FOOD,Indian,Crown Heights (North),Brooklyn,BK0802,40.6743481689,-73.95068629263
restaurant,DON UDON,Japanese,Crown Heights (North),Brooklyn,BK0802,40.67421621712,-73.95699885037
restaurant,DRINK,American,Crown Heights (North),Brooklyn,BK0802,40.67217426516,-73.95743276585
restaurant,DUNKIN',Donuts,Crown Heights (North),Brooklyn,BK0802,40.67759226374,-73.93387624009
restaurant,EAST COAST REMIX,Caribbean,Crown Heights (North),Brooklyn,BK0802,40.67054146913,-73.93015583088
restaurant,EL BARRIO BURRITOS,Mexican,Crown Heights (North),Brooklyn,BK0802,40.67118902242,-73.95779028173
restaurant,EMMA JUICE BAR LLC,"Juice, Smoothies, Fruit Salads",Crown Heights (North),Brooklyn,BK0802,40.67052500268,-73.93015945305
restaurant,EMPIRE KITCHEN .,Chinese,Crown Heights (North),Brooklyn,BK0802,40.67204501321,-73.92487661406
restaurant,ESSENCE BAR & GRILL,American,Crown Heights (North),Brooklyn,BK0802,40.6776782458,-73.93544443749
restaurant,FRANKLIN PARK / DUTCH BOY BURGER,American,Crown Heights (North),Brooklyn,BK0802,40.6724955413,-73.95780387155
restaurant,FREETOWN KITCHEN,African,Crown Heights (North),Brooklyn,BK0802,40.6727943772,-73.9387873973
restaurant,FRIENDS AND LOVERS,American,Crown Heights (North),Brooklyn,BK0802,40.67858927827,-73.95871935176
restaurant,GEE'S CARIBBEAN RESTAURANT,Caribbean,Crown Heights (North),Brooklyn,BK0802,40.6722454976,-73.95028770353
restaurant,GOLDEN CHOPSTICKS CHINESE RESTAURANT,Chinese,Crown Heights (North),Brooklyn,BK0802,40.67194372669,-73.95749419747
restaurant,GOLDEN KRUST CARIBBEAN BAKERY & GRILL,Caribbean,Crown Heights (North),Brooklyn,BK0802,40.67761169493,-73.93425477144
restaurant,GOOD TASTE,Chinese,Crown Heights (North),Brooklyn,BK0802,40.67186828973,-73.94195338151
restaurant,GREYZ BISTRO,Caribbean,Crown Heights (North),Brooklyn,BK0802,40.67105738711,-73.93964335626
restaurant,GUAC TIME MEXICAN GRILL,Mexican,Crown Heights (North),Brooklyn,BK0802,40.67799830213,-73.94972097734
restaurant,GUEROS BROOKLYN,Mexican,Crown Heights (North),Brooklyn,BK0802,40.67510539141,-73.95664497427
restaurant,HALIMA INDIAN RESTAURANT,Indian,Crown Heights (North),Brooklyn,BK0802,40.67268475325,-73.93910113131
restaurant,HAPPY WOK,Chinese,Crown Heights (North),Brooklyn,BK0802,40.67253927213,-73.95730275311
restaurant,HARDEE ON UTICA,Chinese,Crown Heights (North),Brooklyn,BK0802,40.67170566734,-73.93083593772
restaurant,HOLIC THAI BISTRO,Thai,Crown Heights (North),Brooklyn,BK0802,40.67819867072,-73.94972082569
restaurant,HOLY SCHNITZEL,Jewish/Kosher,Crown Heights (North),Brooklyn,BK0802,40.67059478469,-73.9420950838
restaurant,IMPERIAL BIKER BAR,American,Crown Heights (North),Brooklyn,BK0802,40.67610699277,-73.95600981205
restaurant,ISLAND POPS,Frozen Desserts,Crown Heights (North),Brooklyn,BK0802,40.67556928632,-73.94997517496
restaurant,ISLAND RIB HOUSE,Barbecue,Crown Heights (North),Brooklyn,BK0802,40.67626093197,-73.94988813006
restaurant,J'S WONG,Chinese,Crown Heights (North),Brooklyn,BK0802,40.67394988705,-73.95676829985
restaurant,JENNY COFFEE SHOP #2,Latin American,Crown Heights (North),Brooklyn,BK0802,40.67193690548,-73.94194611169
restaurant,JENNY ON THE GREEN,"Juice, Smoothies, Fruit Salads",Crown Heights (North),Brooklyn,BK0802,40.67370015589,-73.95688382337
restaurant,JUDITH'S CUISINE & PATISSERIE,Mexican,Crown Heights (North),Brooklyn,BK0802,40.67341747376,-73.95696331718
restaurant,JUICY MAMA,"Juice, Smoothies, Fruit Salads",Crown Heights (North),Brooklyn,BK0802,40.67001113113,-73.93377563998
restaurant,JUNGLE JUICE CAFE,"Juice, Smoothies, Fruit Salads",Crown Heights (North),Brooklyn,BK0802,40.67195873578,-73.96111354487
restaurant,KING TAI,American,Crown Heights (North),Brooklyn,BK0802,40.67606305926,-73.94932226917
restaurant,KING'S WOK,Chinese,Crown Heights (North),Brooklyn,BK0802,40.67032285123,-73.93653303883
restaurant,KING'S WOK,Chinese,Crown Heights (North),Brooklyn,BK0802,40.67261224455,-73.95435383849
restaurant,KING'S WOK,Chinese,Crown Heights (North),Brooklyn,BK0802,40.67032285123,-73.93653303883
restaurant,KISSA KISSA,American,Crown Heights (North),Brooklyn,BK0802,40.67564318232,-73.95615792979
restaurant,KRISPY KRUNCH JAMAICAN FLAMES,Caribbean,Crown Heights (North),Brooklyn,BK0802,40.67118605613,-73.9503858284
restaurant,LA MODE BK,Caribbean,Crown Heights (North),Brooklyn,BK0802,40.67513981633,-73.95344000906
restaurant,LA NAPA,Spanish,Crown Heights (North),Brooklyn,BK0802,40.67590687955,-73.94994247439
restaurant,LAKOU CAFE,Coffee/Tea,Crown Heights (North),Brooklyn,BK0802,40.67206796035,-73.93080672102
restaurant,LITTLE ZELDA,Coffee/Tea,Crown Heights (North),Brooklyn,BK0802,40.67364526715,-73.95690188414
restaurant,LONG KIN THAI KITCHEN & BAR,Thai,Crown Heights (North),Brooklyn,BK0802,40.67585604472,-73.96031452582
restaurant,LOVELANE,Caribbean,Crown Heights (North),Brooklyn,BK0802,40.6754732239,-73.94998606268
restaurant,LUANNE'S WILD GINGER,Vegetarian,Crown Heights (North),Brooklyn,BK0802,40.67535228429,-73.95628430101
restaurant,LUCKY KITCHEN,Chinese,Crown Heights (North),Brooklyn,BK0802,40.67268474175,-73.93907950145
restaurant,LULA BAGEL,Coffee/Tea,Crown Heights (North),Brooklyn,BK0802,40.67087591044,-73.95041850391
restaurant,LULA BIRD,Latin American,Crown Heights (North),Brooklyn,BK0802,40.67092805807,-73.95041125523
restaurant,MACHNE YEHUDA,Middle Eastern,Crown Heights (North),Brooklyn,BK0802,40.67098726948,-73.94205869289
restaurant,MANDEVILLE CAFE,Caribbean,Crown Heights (North),Brooklyn,BK0802,40.67299289532,-73.93071563288
restaurant,MAPLE CREAMERY,American,Crown Heights (North),Brooklyn,BK0802,40.67325548181,-73.95683003683
restaurant,MCDONALD'S,Hamburgers,Crown Heights (North),Brooklyn,BK0802,40.66876581587,-73.93051456914
restaurant,MCDONALD'S,Hamburgers,Crown Heights (North),Brooklyn,BK0802,40.67698967445,-73.92272952724
restaurant,MEAT,Jewish/Kosher,Crown Heights (North),Brooklyn,BK0802,40.67575196244,-73.94158586877
restaurant,MEMPHIS SEOUL,Soul Food,Crown Heights (North),Brooklyn,BK0802,40.67157330573,-73.95782969167
restaurant,MISC,Thai,Crown Heights (North),Brooklyn,BK0802,40.67262983765,-73.95727025015
restaurant,MUSHA SUSHI,Japanese,Crown Heights (North),Brooklyn,BK0802,40.67249773846,-73.94964943568
restaurant,NACHA FOCACCIA,Fusion,Crown Heights (North),Brooklyn,BK0802,40.67102984662,-73.95784806105
restaurant,NACHO MACHO TACOS,Mexican,Crown Heights (North),Brooklyn,BK0802,40.67625190359,-73.9621204796
restaurant,NATURAL RESTAURANT,Chinese,Crown Heights (North),Brooklyn,BK0802,40.67053611339,-73.93037573302
restaurant,NEPTUNE DINER II,American,Crown Heights (North),Brooklyn,BK0802,40.67634982824,-73.95952469742
restaurant,NEW BANHMI CAFE,Asian/Asian Fusion,Crown Heights (North),Brooklyn,BK0802,40.67370564799,-73.95012438452
restaurant,NEW HONG KONG,Other,Crown Heights (North),Brooklyn,BK0802,40.67015659802,-73.93376468047
restaurant,NEW JOHN GARDEN,Chinese,Crown Heights (North),Brooklyn,BK0802,40.67705140521,-73.94983706081
restaurant,NEW KIKU II,Fusion,Crown Heights (North),Brooklyn,BK0802,40.67234156164,-73.95028042173
restaurant,NEW KINGSTON PIZZA,Pizza,Crown Heights (North),Brooklyn,BK0802,40.67087472818,-73.94204797639
restaurant,NEW SUSHI TATSU,Japanese,Crown Heights (North),Brooklyn,BK0802,40.67768226825,-73.9554247188
restaurant,NO. 1 CHINESE RESTAURANT,Chinese,Crown Heights (North),Brooklyn,BK0802,40.67462785656,-73.9500407753
restaurant,NOSTRAND AVENUE PUB,American,Crown Heights (North),Brooklyn,BK0802,40.67585747517,-73.94994611677
restaurant,NOSTRAND STATION BAR & LOUNGE,American,Crown Heights (North),Brooklyn,BK0802,40.67050263487,-73.95045122619
restaurant,NYLA HOUSE,American,Crown Heights (North),Brooklyn,BK0802,40.67513771894,-73.93264934043
restaurant,OFF THE GRILL,Mediterranean,Crown Heights (North),Brooklyn,BK0802,40.67794890725,-73.94974625156
restaurant,PANDO'S,Coffee/Tea,Crown Heights (North),Brooklyn,BK0802,40.67229919948,-73.94191335052
restaurant,PASHA PIZZA PITA,Pizza,Crown Heights (North),Brooklyn,BK0802,40.67762049928,-73.9590732677
restaurant,PATIO ON THE PARKWAY,Spanish,Crown Heights (North),Brooklyn,BK0802,40.66892396779,-73.93337659374
restaurant,PATTY HAUS,"Juice, Smoothies, Fruit Salads",Crown Heights (North),Brooklyn,BK0802,40.67161125163,-73.94982314359
restaurant,PEARL INDIAN RESTAURANT,Indian,Crown Heights (North),Brooklyn,BK0802,40.67315676329,-73.95707884614
restaurant,PEPPA'S JERK CHICKEN,Caribbean,Crown Heights (North),Brooklyn,BK0802,40.67434263898,-73.950592565
restaurant,PICK N PAY,Caribbean,Crown Heights (North),Brooklyn,BK0802,40.66939469405,-73.93105102649
restaurant,PJ RESTAURANT & BAKERY,Caribbean,Crown Heights (North),Brooklyn,BK0802,40.6707662351,-73.93427956958
restaurant,POPEYES,American,Crown Heights (North),Brooklyn,BK0802,40.67693429794,-73.92201936562
restaurant,PROSPECT THAI,Thai,Crown Heights (North),Brooklyn,BK0802,40.67585604472,-73.96031452582
restaurant,PUFF'S,Caribbean,Crown Heights (North),Brooklyn,BK0802,40.67097746249,-73.95040761347
restaurant,PUNCH LINE JUICE BAR,"Juice, Smoothies, Fruit Salads",Crown Heights (North),Brooklyn,BK0802,40.6731841625,-73.95017524605
restaurant,RAS PLANT BASED,Ethiopian,Crown Heights (North),Brooklyn,BK0802,40.67349980621,-73.95693442368
restaurant,RIALTO GRANDE,American,Crown Heights (North),Brooklyn,BK0802,40.67631282325,-73.95593757229
restaurant,RICHIE'S CROWN HEIGHTS,Other,Crown Heights (North),Brooklyn,BK0802,40.67412988761,-73.95380843246
restaurant,ROSALIA'S CAFE,Coffee/Tea,Crown Heights (North),Brooklyn,BK0802,40.67595352971,-73.94991720316
restaurant,ROYAL BAKERY & ROTI,Caribbean,Crown Heights (North),Brooklyn,BK0802,40.67752622134,-73.94976820274
restaurant,SABOR AZTECA,Spanish,Crown Heights (North),Brooklyn,BK0802,40.67317868235,-73.95019688018
restaurant,SABOR CARIBE RESTAURANT,Latin American,Crown Heights (North),Brooklyn,BK0802,40.67355195622,-73.95016055013
restaurant,SAKURA TOKYO,Japanese,Crown Heights (North),Brooklyn,BK0802,40.67789950445,-73.94975349945
restaurant,SALON ON KINGSTON,American,Crown Heights (North),Brooklyn,BK0802,40.67624050856,-73.941538572
restaurant,SAVVY BISTRO AND BAR,Caribbean,Crown Heights (North),Brooklyn,BK0802,40.67443848431,-73.9500805735
restaurant,SILVER RICE,Japanese,Crown Heights (North),Brooklyn,BK0802,40.67419971597,-73.95691233964
restaurant,SIR G IRIE CARIBBEAN KITCHEN & BAKERY,Other,Crown Heights (North),Brooklyn,BK0802,40.67458752918,-73.93058058192
restaurant,SMASHGRILL,Mediterranean,Crown Heights (North),Brooklyn,BK0802,40.67265719682,-73.95024774075
restaurant,SOLDIERS CARIBBEAN BUFFET RESTAURANT,Caribbean,Crown Heights (North),Brooklyn,BK0802,40.67056091918,-73.93054513554
restaurant,STARBUCKS,Coffee/Tea,Crown Heights (North),Brooklyn,BK0802,40.67051634905,-73.95724277051
restaurant,STERLING CRUST WEST INDIAN RESTAURANT,Caribbean,Crown Heights (North),Brooklyn,BK0802,40.6718584904,-73.95030241282
restaurant,SUBWAY,American,Crown Heights (North),Brooklyn,BK0802,40.66922452876,-73.93106922702
restaurant,SUN HING RESTAURANT,Chinese,Crown Heights (North),Brooklyn,BK0802,40.6702917936,-73.92594202645
restaurant,SUNNY CHEN CHINESE RESTAURANT,Chinese,Crown Heights (North),Brooklyn,BK0802,40.6766953853,-73.93036206768
restaurant,SWEET BASIL,Thai,Crown Heights (North),Brooklyn,BK0802,40.67548401564,-73.95623734765
restaurant,TACOBEES,Mexican,Crown Heights (North),Brooklyn,BK0802,40.67294263318,-73.95020066212
restaurant,TACOLMOS,Mexican,Crown Heights (North),Brooklyn,BK0802,40.67191041396,-73.93359710503
restaurant,TAMALERIA LA MADRINA,Mexican,Crown Heights (North),Brooklyn,BK0802,40.67214668096,-73.95027696262
restaurant,TAQUERIA MILEAR,Mexican,Crown Heights (North),Brooklyn,BK0802,40.67291793959,-73.95022231057
restaurant,TASTY BITES,Caribbean,Crown Heights (North),Brooklyn,BK0802,40.67052502903,-73.93020271134
restaurant,THE BOROUGH BAR & GRILL,American,Crown Heights (North),Brooklyn,BK0802,40.67442723726,-73.93336025984
restaurant,THE BROTHERS CARIBBEAN RESTAURANT,Other,Crown Heights (North),Brooklyn,BK0802,40.67148499666,-73.93363718424
restaurant,THE CANARY,Irish,Crown Heights (North),Brooklyn,BK0802,40.67194372669,-73.95749419747
restaurant,THE COAL POT BAR GRILL,American,Crown Heights (North),Brooklyn,BK0802,40.67051391799,-73.92998643144
restaurant,THE CORNER STORE,American,Crown Heights (North),Brooklyn,BK0802,40.671496194,-73.95033512803
restaurant,THE CRABBY SHACK,Seafood,Crown Heights (North),Brooklyn,BK0802,40.6773995956,-73.95552585498
restaurant,THE CROWN INN,American,Crown Heights (North),Brooklyn,BK0802,40.67375504327,-73.95686215754
restaurant,THE LATIN SPOT,Spanish,Crown Heights (North),Brooklyn,BK0802,40.6721722553,-73.93079579755
restaurant,THE RUM BAR,Caribbean,Crown Heights (North),Brooklyn,BK0802,40.67362055874,-73.95688748005
restaurant,TONY'S PIZZA,Pizza,Crown Heights (North),Brooklyn,BK0802,40.67061382118,-73.9317959684
restaurant,TOTA'S,Caribbean,Crown Heights (North),Brooklyn,BK0802,40.67027024294,-73.93099244035
restaurant,TRINI GIRL WEST INDIAN CUISINE,Caribbean,Crown Heights (North),Brooklyn,BK0802,40.67698278898,-73.94984432304
restaurant,TRINIDAD GOLDEN PLACE,Caribbean,Crown Heights (North),Brooklyn,BK0802,40.67181184015,-73.95032768222
restaurant,TROPICAL HOUSE BAKING CO.,Bakery Products/Desserts,Crown Heights (North),Brooklyn,BK0802,40.66943475935,-73.93383028648
restaurant,TWO TIGERS,New French,Crown Heights (North),Brooklyn,BK0802,40.6752177999,-73.9563096253
restaurant,UNCLE ROGERS BAR/LACEY BURGER,Other,Crown Heights (North),Brooklyn,BK0802,40.67457297204,-73.95006605213
restaurant,UTICA HALAL,American,Crown Heights (North),Brooklyn,BK0802,40.6703882618,-73.93098150322
restaurant,VILLAGER,Coffee/Tea,Crown Heights (North),Brooklyn,BK0802,40.67200264731,-73.96109909941
restaurant,VIP ZONE,Caribbean,Crown Heights (North),Brooklyn,BK0802,40.67417057367,-73.93099559926
restaurant,WARUDE,Japanese,Crown Heights (North),Brooklyn,BK0802,40.67256137086,-73.95080658288
restaurant,WAYLON & CARIBBEAN FLAMES,Caribbean,Crown Heights (North),Brooklyn,BK0802,40.67070797794,-73.93321258568
restaurant,WINGS BLAST,Chicken,Crown Heights (North),Brooklyn,BK0802,40.67099274809,-73.9420370588
restaurant,WORD OF MOUTH,American,Crown Heights (North),Brooklyn,BK0802,40.67683709062,-73.9559768818
restaurant,XCELLENT SOUL FOOD,Soul Food,Crown Heights (North),Brooklyn,BK0802,40.67623155458,-73.92190121988
restaurant,YUMMY'S,Caribbean,Crown Heights (North),Brooklyn,BK0802,40.674526314,-73.95007329735
restaurant,ALI'S ROTI SHOP,Caribbean,Crown Heights (South),Brooklyn,BK0901,40.66649363193,-73.93133159426
restaurant,ANNIE 88 EXPRESS,Chinese,Crown Heights (South),Brooklyn,BK0901,40.66788147882,-73.95069830155
restaurant,Auntie Anne's,American,Crown Heights (South),Brooklyn,BK0901,40.66805258939,-73.93120381769
restaurant,BALBOA,Caribbean,Crown Heights (South),Brooklyn,BK0901,40.6661327345,-73.9566976889
restaurant,BED STUY FISH FRY,Soul Food,Crown Heights (South),Brooklyn,BK0901,40.66838923306,-73.95062943466
restaurant,BK HALAL GRILL,Chicken,Crown Heights (South),Brooklyn,BK0901,40.66446809657,-73.93151751861
restaurant,BOBAVISE,Coffee/Tea,Crown Heights (South),Brooklyn,BK0901,40.66609469088,-73.95084381209
restaurant,BOTTEGA,New American,Crown Heights (South),Brooklyn,BK0901,40.66897226738,-73.95335421161
restaurant,BOU'OTE,Jewish/Kosher,Crown Heights (South),Brooklyn,BK0901,40.6685306159,-73.93672219788
restaurant,BREWLYN COFFEE SHOP,Coffee/Tea,Crown Heights (South),Brooklyn,BK0901,40.66992658369,-73.95822366299
restaurant,BROOKLYN ARTISAN BAKEHOUSE,Other,Crown Heights (South),Brooklyn,BK0901,40.66393512497,-73.94047886118
restaurant,BROOKLYN WING HOUSE,American,Crown Heights (South),Brooklyn,BK0901,40.66897682392,-73.95111564276
restaurant,BURGER KING,Hamburgers,Crown Heights (South),Brooklyn,BK0901,40.66417866671,-73.95726847572
restaurant,BURGER KING,American,Crown Heights (South),Brooklyn,BK0901,40.66817060612,-73.93118927657
restaurant,Bunch O Bagels,Jewish/Kosher,Crown Heights (South),Brooklyn,BK0901,40.66604121665,-73.93693003175
restaurant,CHINA WOK,Chinese,Crown Heights (South),Brooklyn,BK0901,40.66693455865,-73.95076388813
restaurant,CHOCOLATTE ESPRESSO BAR,Coffee/Tea,Crown Heights (South),Brooklyn,BK0901,40.66936219737,-73.94173567833
restaurant,CROWN HEIGHTS HOUSE OF WINGS,Chicken,Crown Heights (South),Brooklyn,BK0901,40.66751643744,-73.95073101468
restaurant,DA PLACE CUISINE,Caribbean,Crown Heights (South),Brooklyn,BK0901,40.66698453889,-73.93065340932
restaurant,DI' TASTE,Caribbean,Crown Heights (South),Brooklyn,BK0901,40.66698453889,-73.93065340932
restaurant,DOMINO'S,Pizza,Crown Heights (South),Brooklyn,BK0901,40.665567723,-73.95091268916
restaurant,DUNKIN,Donuts,Crown Heights (South),Brooklyn,BK0901,40.66924551472,-73.95042332535
restaurant,DUNKIN',Donuts,Crown Heights (South),Brooklyn,BK0901,40.66817059313,-73.93116764818
restaurant,DUNKIN',Donuts,Crown Heights (South),Brooklyn,BK0901,40.66564423073,-73.9568746324
restaurant,FARMERS JERK CENTER,Caribbean,Crown Heights (South),Brooklyn,BK0901,40.66409208149,-73.93155034674
restaurant,FRANKLIN 820,American,Crown Heights (South),Brooklyn,BK0901,40.66987444869,-73.95826695366
restaurant,GLORIA'S NEXT GENERATION,Caribbean,Crown Heights (South),Brooklyn,BK0901,40.66437651891,-73.95098205515
restaurant,GOLDEN KRUST CARIBBEAN BAKERY & GRILL,Caribbean,Crown Heights (South),Brooklyn,BK0901,40.6702147484,-73.9581225462
restaurant,GONG CHA,Coffee/Tea,Crown Heights (South),Brooklyn,BK0901,40.66606450915,-73.95086906674
restaurant,GOODAS BAR & LOUNGE,Caribbean,Crown Heights (South),Brooklyn,BK0901,40.66375652169,-73.93039365016
restaurant,HAFIYA,African,Crown Heights (South),Brooklyn,BK0901,40.66646206277,-73.95657852119
restaurant,HALAL BRO'S GRILL,Mediterranean,Crown Heights (South),Brooklyn,BK0901,40.66829136979,-73.93117833728
restaurant,HAPPY GARDEN,Chinese,Crown Heights (South),Brooklyn,BK0901,40.66559340772,-73.93143705778
restaurant,HOLESOME BAGELS,Jewish/Kosher,Crown Heights (South),Brooklyn,BK0901,40.66775131795,-73.94233907736
restaurant,IRIE VIBES,American,Crown Heights (South),Brooklyn,BK0901,40.66437511949,-73.93209794321
restaurant,ITAL KITCHEN,Vegetarian,Crown Heights (South),Brooklyn,BK0901,40.669627178,-73.95761103341
restaurant,IZZY'S BBQ SMOKEHOUSE,Barbecue,Crown Heights (South),Brooklyn,BK0901,40.66483083141,-73.9370429217
restaurant,J & R JAMAICAN RESTAURANT,Caribbean,Crown Heights (South),Brooklyn,BK0901,40.66594472191,-73.93140785837
restaurant,JAMAICAN FLAVORS,Caribbean,Crown Heights (South),Brooklyn,BK0901,40.66803885252,-73.93118220356
restaurant,JOE & SAL'S PIZZERIA,Pizza,Crown Heights (South),Brooklyn,BK0901,40.66925969856,-73.95848723203
restaurant,JUI BITE JUICE BAR & CAFE,"Juice, Smoothies, Fruit Salads",Crown Heights (South),Brooklyn,BK0901,40.67004184985,-73.95818393734
restaurant,KAY KREYOL,Creole,Crown Heights (South),Brooklyn,BK0901,40.66621113578,-73.95363731076
restaurant,KINGSTON BAKE SHOP,Jewish/Kosher,Crown Heights (South),Brooklyn,BK0901,40.66568735248,-73.94255353969
restaurant,KINGSTON PIZZA,Jewish/Kosher,Crown Heights (South),Brooklyn,BK0901,40.66545130164,-73.94255374376
restaurant,LA ESTRELLA DEL CASTILLO,Latin American,Crown Heights (South),Brooklyn,BK0901,40.66569123334,-73.95090178412
restaurant,LEMON GRASS,Caribbean,Crown Heights (South),Brooklyn,BK0901,40.66953138831,-73.95836810369
restaurant,MENDYS RESTAURANT,Jewish/Kosher,Crown Heights (South),Brooklyn,BK0901,40.66936219737,-73.94173567833
restaurant,MERMELSTEIN CATERERS,Jewish/Kosher,Crown Heights (South),Brooklyn,BK0901,40.66706240978,-73.94240095462
restaurant,MI DAWTA DEM KITCHIN,Caribbean,Crown Heights (South),Brooklyn,BK0901,40.66829592307,-73.9506583419
restaurant,MOSS VEGAN BISTRO,Vegetarian,Crown Heights (South),Brooklyn,BK0901,40.66809070298,-73.95926658351
restaurant,NEW ERA RESTAURANT,Caribbean,Crown Heights (South),Brooklyn,BK0901,40.66567025716,-73.93142976928
restaurant,NEW HARDEE,Chinese,Crown Heights (South),Brooklyn,BK0901,40.66902916861,-73.95857389074
restaurant,NORIBAR SUSHI LOUNGE,Jewish/Kosher,Crown Heights (South),Brooklyn,BK0901,40.66777877479,-73.94235707709
restaurant,ORGANIC LOVE,Vegetarian,Crown Heights (South),Brooklyn,BK0901,40.66729780612,-73.93125506478
restaurant,ORIGINAL MIKE'S PIZZA,Pizza,Crown Heights (South),Brooklyn,BK0901,40.66709602827,-73.95637264051
restaurant,PATRICK STEAKHOUSE,Steakhouse,Crown Heights (South),Brooklyn,BK0901,40.6686621208,-73.95338687217
restaurant,PEARL LEE'S WASHTUB,American,Crown Heights (South),Brooklyn,BK0901,40.66576649789,-73.95367727162
restaurant,PEPPA'S JERK CHICKEN,Caribbean,Crown Heights (South),Brooklyn,BK0901,40.66914443359,-73.95853056146
restaurant,PITKINS FISH & CHICKEN,Chicken,Crown Heights (South),Brooklyn,BK0901,40.66823098904,-73.9311856093
restaurant,POLLY'S CAFE,Coffee/Tea,Crown Heights (South),Brooklyn,BK0901,40.66808299339,-73.95343774464
restaurant,POPEYES,Chicken,Crown Heights (South),Brooklyn,BK0901,40.66817060612,-73.93118927657
restaurant,PRIME AVENUE,Jewish/Kosher,Crown Heights (South),Brooklyn,BK0901,40.66608256965,-73.94249191948
restaurant,RODEO,American,Crown Heights (South),Brooklyn,BK0901,40.66817607557,-73.95285010807
restaurant,ROYAL CUISINE YARD FOOD,Caribbean,Crown Heights (South),Brooklyn,BK0901,40.66682848821,-73.93132043422
restaurant,SAL'S,American,Crown Heights (South),Brooklyn,BK0901,40.67016261213,-73.9581622323
restaurant,SONIC DRIVE IN,American,Crown Heights (South),Brooklyn,BK0901,40.66328791243,-73.96090595559
restaurant,SUBWAY,Sandwiches,Crown Heights (South),Brooklyn,BK0901,40.66721952539,-73.95632569858
restaurant,SUSHI SPOT II,Jewish/Kosher,Crown Heights (South),Brooklyn,BK0901,40.66416681625,-73.94269543033
restaurant,SWEET EXPRESSIONS,Jewish/Kosher,Crown Heights (South),Brooklyn,BK0901,40.66635136255,-73.93690450492
restaurant,SWEET EXPRESSIONS,Frozen Desserts,Crown Heights (South),Brooklyn,BK0901,40.6683990653,-73.94229886304
restaurant,TERIYAKI 99,Japanese,Crown Heights (South),Brooklyn,BK0901,40.66724016797,-73.9312587291
restaurant,THE C LIST,Caribbean,Crown Heights (South),Brooklyn,BK0901,40.66986895126,-73.95824532817
restaurant,THE JUICE GALLERY,"Juice, Smoothies, Fruit Salads",Crown Heights (South),Brooklyn,BK0901,40.66629739933,-73.95663990751
restaurant,THE MUNCHIES,Mediterranean,Crown Heights (South),Brooklyn,BK0901,40.66906168473,-73.95058567763
restaurant,THE VITAL SHOPPE,Vegan,Crown Heights (South),Brooklyn,BK0901,40.66963817842,-73.95766870337
restaurant,TONY'S PIZZA ON NOSTRAND,Pizza,Crown Heights (South),Brooklyn,BK0901,40.66882289848,-73.95060748382
restaurant,"TONY'S PIZZA, JERK CHICKEN AND FISH",Caribbean,Crown Heights (South),Brooklyn,BK0901,40.66735545508,-73.93126942389
restaurant,UNION STREET PUB,American,Crown Heights (South),Brooklyn,BK0901,40.67004184985,-73.95818393734
restaurant,VEE'S,Caribbean,Crown Heights (South),Brooklyn,BK0901,40.66746428822,-73.95073465804
restaurant,WHOOPSIE DAISY,American,Crown Heights (South),Brooklyn,BK0901,40.66871426863,-73.95337962607
restaurant,WING HING RESTAURANT,Chinese,Crown Heights (South),Brooklyn,BK0901,40.66581041287,-73.9536736364
restaurant,YOURS & MINE RESTAURANT,Caribbean,Crown Heights (South),Brooklyn,BK0901,40.66358853014,-73.93408842207
restaurant,YUMMY CHINESE RESTAURANT,Chinese,Crown Heights (South),Brooklyn,BK0901,40.6644149458,-73.9509820268
restaurant,AMOR LATINO,Latin American,Cypress Hills,Brooklyn,BK0501,40.6800041509,-73.8844225098
restaurant,ANGELA'S PIZZA,Pizza,Cypress Hills,Brooklyn,BK0501,40.68457949375,-73.8689283881
restaurant,ANTOJITOS ECUATORIANOS,Latin American,Cypress Hills,Brooklyn,BK0501,40.68420762046,-73.8701730558
restaurant,AZTEC SOUL,Mexican,Cypress Hills,Brooklyn,BK0501,40.68155544571,-73.87197375891
restaurant,BONAO BAR AND GRILL,Latin American,Cypress Hills,Brooklyn,BK0501,40.67891442847,-73.89582802385
restaurant,CARRO CAFE,Latin American,Cypress Hills,Brooklyn,BK0501,40.68498950537,-73.86744565769
restaurant,CATERINA PIZZA,Pizza,Cypress Hills,Brooklyn,BK0501,40.68056508599,-73.88270536011
restaurant,CHEF QUANG,Fusion,Cypress Hills,Brooklyn,BK0501,40.6814597487,-73.87230564533
restaurant,CHINA DRAGON EXPRESS,Chinese,Cypress Hills,Brooklyn,BK0501,40.68247138132,-73.86882077677
restaurant,CHINA GARDEN RESTAURANT,Chinese,Cypress Hills,Brooklyn,BK0501,40.68044847273,-73.8925447041
restaurant,CHINA SUN,Chinese,Cypress Hills,Brooklyn,BK0501,40.67673954836,-73.88070762334
restaurant,COCOS ICE,Frozen Desserts,Cypress Hills,Brooklyn,BK0501,40.6765569512,-73.88196616242
restaurant,CROWN FRIED CHICKEN,Chicken,Cypress Hills,Brooklyn,BK0501,40.6797004261,-73.8853640372
restaurant,"CROWN FRIED CHICKEN, PIZZA & COFFEE SHOP",Pizza,Cypress Hills,Brooklyn,BK0501,40.68180428363,-73.87868306799
restaurant,DANY'S PIZZERIA,Mexican,Cypress Hills,Brooklyn,BK0501,40.69078911887,-73.86975271773
restaurant,DELI-LICIOUS BROOKLYN,Caribbean,Cypress Hills,Brooklyn,BK0501,40.68292814236,-73.87473655942
restaurant,DUNKIN' / 'BASKIN ROBBINS,Donuts,Cypress Hills,Brooklyn,BK0501,40.67783776461,-73.89809020912
restaurant,DUNKIN' / BASKIN ROBBINS,Donuts,Cypress Hills,Brooklyn,BK0501,40.68342302575,-73.87299053384
restaurant,DUNKIN' / BASKIN ROBBINS,Donuts,Cypress Hills,Brooklyn,BK0501,40.67945686994,-73.8806991385
restaurant,EL AMBIENTE,Spanish,Cypress Hills,Brooklyn,BK0501,40.6789233257,-73.88780617833
restaurant,EL BOCHITO,Mexican,Cypress Hills,Brooklyn,BK0501,40.68100278341,-73.88128044206
restaurant,EL LEMPIRA,Other,Cypress Hills,Brooklyn,BK0501,40.68186438592,-73.87841615286
restaurant,EL NUEVO AZTECA MAYA,Latin American,Cypress Hills,Brooklyn,BK0501,40.68468578565,-73.87564186404
restaurant,EL PULGARCITO DE AMERICA,Latin American,Cypress Hills,Brooklyn,BK0501,40.68160754228,-73.87951989491
restaurant,EL SUPER TIPICO,Latin American,Cypress Hills,Brooklyn,BK0501,40.67933382811,-73.88657245876
restaurant,EMPANADA PREMIUM,Spanish,Cypress Hills,Brooklyn,BK0501,40.67922979044,-73.88683943114
restaurant,EQUIS PICA POLLO/EQUIS CAFE,Chicken,Cypress Hills,Brooklyn,BK0501,40.68415301876,-73.87043276591
restaurant,FARO SPORT BAR & LOUNGE,Spanish,Cypress Hills,Brooklyn,BK0501,40.6828023627,-73.87517667114
restaurant,FIESTA MEXICAN RESTAURANT,Mexican,Cypress Hills,Brooklyn,BK0501,40.6793146682,-73.88662657156
restaurant,FOO LEE RESTAURANT,Chinese,Cypress Hills,Brooklyn,BK0501,40.67888774947,-73.88791439789
restaurant,FU XING HOUSE,Chinese,Cypress Hills,Brooklyn,BK0501,40.68355700326,-73.87252515913
restaurant,GATE WAY BEER GARDEN,Caribbean,Cypress Hills,Brooklyn,BK0501,40.6818780524,-73.87836204567
restaurant,KING'S TERYAKI & SUSHI,Japanese,Cypress Hills,Brooklyn,BK0501,40.68450015077,-73.86915209319
restaurant,LA GRAN NAGUA BAKERY,Bakery Products/Desserts,Cypress Hills,Brooklyn,BK0501,40.67924895045,-73.88678531847
restaurant,LEE CHINESE FOOD,Other,Cypress Hills,Brooklyn,BK0501,40.68345576711,-73.87281379857
restaurant,LONG CHENG RESTAURANT,Chinese,Cypress Hills,Brooklyn,BK0501,40.67986192333,-73.88492029815
restaurant,LOVERAS LOUNGE,Bottled Beverages,Cypress Hills,Brooklyn,BK0501,40.67948705271,-73.8860854751
restaurant,LU PEKING HOUSE,Chinese,Cypress Hills,Brooklyn,BK0501,40.68428690405,-73.86989526889
restaurant,LUNA'S BAKERY,Bakery Products/Desserts,Cypress Hills,Brooklyn,BK0501,40.68402452711,-73.87088732158
restaurant,MARIE DREAM BAKESHOP,Bakery Products/Desserts,Cypress Hills,Brooklyn,BK0501,40.68427050089,-73.86995299076
restaurant,MCDONALDS,American,Cypress Hills,Brooklyn,BK0501,40.67954302154,-73.87909460222
restaurant,MR. FIRE BAR & GRILL,Latin American,Cypress Hills,Brooklyn,BK0501,40.68213241781,-73.87751789466
restaurant,NANCY RESTAURANT,Other,Cypress Hills,Brooklyn,BK0501,40.67971690195,-73.8853712195
restaurant,NEW APOLO RESTAURANT,Chinese,Cypress Hills,Brooklyn,BK0501,40.67897263276,-73.88770514609
restaurant,NEW WASAKAKA FRIED CHICKEN,Other,Cypress Hills,Brooklyn,BK0501,40.6790574555,-73.88743460333
restaurant,NYC FAMOUS CHICKEN,Chicken,Cypress Hills,Brooklyn,BK0501,40.68386321371,-73.87144650107
restaurant,NYC'S FRIED CHICKEN,Latin American,Cypress Hills,Brooklyn,BK0501,40.68947593582,-73.87360277894
restaurant,ORACLE LOUNGE,American,Cypress Hills,Brooklyn,BK0501,40.6776559337,-73.88573169526
restaurant,PAPA JOHN'S,Pizza,Cypress Hills,Brooklyn,BK0501,40.68259722141,-73.87583686637
restaurant,POPEYES #6091,Other,Cypress Hills,Brooklyn,BK0501,40.68050390487,-73.90234770534
restaurant,POPEYES LOUISIANA KITCHEN,Chicken,Cypress Hills,Brooklyn,BK0501,40.68359520935,-73.87232677935
restaurant,PUERTO PLATA,Latin American,Cypress Hills,Brooklyn,BK0501,40.68151206128,-73.88007891418
restaurant,PUNTO SABROSO BAKERY,Bakery Products/Desserts,Cypress Hills,Brooklyn,BK0501,40.68475719722,-73.86831147379
restaurant,RELL'S CAFE CORNER,American,Cypress Hills,Brooklyn,BK0501,40.68112232638,-73.87496350167
restaurant,RICO CHIMI BROOKLYN,Latin American,Cypress Hills,Brooklyn,BK0501,40.67749999802,-73.88625111812
restaurant,RICO POLLO II,Latin American,Cypress Hills,Brooklyn,BK0501,40.68372645149,-73.8718722241
restaurant,ROMPE CHIMI,Fusion,Cypress Hills,Brooklyn,BK0501,40.68344483603,-73.87285708627
restaurant,ROOM 1 HUNDRED,American,Cypress Hills,Brooklyn,BK0501,40.67863498439,-73.89640531031
restaurant,ROTI ON THE RUN,Caribbean,Cypress Hills,Brooklyn,BK0501,40.68129960752,-73.87902650713
restaurant,SABOR GUSTOSO,Latin American,Cypress Hills,Brooklyn,BK0501,40.68346131266,-73.87286426586
restaurant,SUPER POLLO TO GO,Spanish,Cypress Hills,Brooklyn,BK0501,40.68025398179,-73.89295963851
restaurant,SWEETS AND THINGS,Other,Cypress Hills,Brooklyn,BK0501,40.67761221882,-73.89453217713
restaurant,TACOS FULTON,Other,Cypress Hills,Brooklyn,BK0501,40.68420762046,-73.8701730558
restaurant,TAVARES RESTAURANT,Spanish,Cypress Hills,Brooklyn,BK0501,40.67938216577,-73.88549798408
restaurant,THE ORIGINAL MIKE'S PIZZA,Pizza,Cypress Hills,Brooklyn,BK0501,40.68343390492,-73.87290037395
restaurant,TONY'S FAMOUS PIZZA,Fusion,Cypress Hills,Brooklyn,BK0501,40.68177419793,-73.87878407617
restaurant,TORIBIO,Latin American,Cypress Hills,Brooklyn,BK0501,40.68195469542,-73.87816360377
restaurant,WAH MING HOUSE,Chinese,Cypress Hills,Brooklyn,BK0501,40.68448381791,-73.86927111085
restaurant,WENDY'S,Hamburgers,Cypress Hills,Brooklyn,BK0501,40.67987116379,-73.87793307595
restaurant,WHITE CASTLE,Hamburgers,Cypress Hills,Brooklyn,BK0501,40.67900429349,-73.88099919301
restaurant,WO HOP KITCHEN,Chinese,Cypress Hills,Brooklyn,BK0501,40.68179055213,-73.87867588212
restaurant,$1.50 HOT PIZZA,Pizza,Downtown Brooklyn-DUMBO-Boerum Hill,Brooklyn,BK0202,40.68873745799,-73.98343834244
restaurant,100% MR. LIN,Chinese,Downtown Brooklyn-DUMBO-Boerum Hill,Brooklyn,BK0202,40.69082623269,-73.98345224546
restaurant,228 ASIAN BISTRO,Asian/Asian Fusion,Downtown Brooklyn-DUMBO-Boerum Hill,Brooklyn,BK0202,40.69129846568,-73.98439329031
restaurant,375 CHICKEN,Chicken,Downtown Brooklyn-DUMBO-Boerum Hill,Brooklyn,BK0202,40.69171591588,-73.98630798311
restaurant,68 JAY STREET BAR,American,Downtown Brooklyn-DUMBO-Boerum Hill,Brooklyn,BK0202,40.7027554334,-73.98668079432
restaurant,7TH STREET BURGER,Hamburgers,Downtown Brooklyn-DUMBO-Boerum Hill,Brooklyn,BK0202,40.69210304463,-73.98731398575
restaurant,7TH STREET BURGER,Hamburgers,Downtown Brooklyn-DUMBO-Boerum Hill,Brooklyn,BK0202,40.7025940904,-73.99366320405
restaurant,99 CENT SUPREME PIZZA,Pizza,Downtown Brooklyn-DUMBO-Boerum Hill,Brooklyn,BK0202,40.68405407287,-73.97860440943
restaurant,99 CENTS SUPREME PIZZA,Pizza,Downtown Brooklyn-DUMBO-Boerum Hill,Brooklyn,BK0202,40.6922100642,-73.98707596693
restaurant,ABSOLUTE COFFEE,Coffee/Tea,Downtown Brooklyn-DUMBO-Boerum Hill,Brooklyn,BK0202,40.68810396716,-73.98784480404
restaurant,AC BENTO,Asian/Asian Fusion,Downtown Brooklyn-DUMBO-Boerum Hill,Brooklyn,BK0202,40.69216326095,-73.98587156084
restaurant,ALAMO DRAFTHOUSE CINEMA,American,Downtown Brooklyn-DUMBO-Boerum Hill,Brooklyn,BK0202,40.69082623269,-73.98345224546
restaurant,ALMAR,American,Downtown Brooklyn-DUMBO-Boerum Hill,Brooklyn,BK0202,40.70250315797,-73.9889746393
restaurant,ALMONDINE BAKERY,Bakery Products/Desserts,Downtown Brooklyn-DUMBO-Boerum Hill,Brooklyn,BK0202,40.70326365386,-73.99122505406
restaurant,ALOHA ALLEY,Hawaiian,Downtown Brooklyn-DUMBO-Boerum Hill,Brooklyn,BK0202,40.70272014799,-73.9907021679
restaurant,ALVO PIZZA,Pizza,Downtown Brooklyn-DUMBO-Boerum Hill,Brooklyn,BK0202,40.6865753853,-73.99057822721
restaurant,ANDREA'S CUCINA,American,Downtown Brooklyn-DUMBO-Boerum Hill,Brooklyn,BK0202,40.69211919416,-73.9846996101
restaurant,ANGELICA PIZZERIA,Pizza,Downtown Brooklyn-DUMBO-Boerum Hill,Brooklyn,BK0202,40.68785059531,-73.98147340289
restaurant,ANNIE'S FIRST WOK,Chinese,Downtown Brooklyn-DUMBO-Boerum Hill,Brooklyn,BK0202,40.7014321897,-73.98457484221
restaurant,AREA 53,Hotdogs/Pretzels,Downtown Brooklyn-DUMBO-Boerum Hill,Brooklyn,BK0202,40.70292261203,-73.98466105485
restaurant,ATOMIC WINGS,Chicken,Downtown Brooklyn-DUMBO-Boerum Hill,Brooklyn,BK0202,40.69217151823,-73.98605907285
restaurant,ATTI,Korean,Downtown Brooklyn-DUMBO-Boerum Hill,Brooklyn,BK0202,40.68851505244,-73.98290112841
restaurant,AUNTIE ANNE'S PRETZELS,Hotdogs/Pretzels,Downtown Brooklyn-DUMBO-Boerum Hill,Brooklyn,BK0202,40.69192201511,-73.98850400705
restaurant,AVABREW BY OREN'S COFFEE,Coffee/Tea,Downtown Brooklyn-DUMBO-Boerum Hill,Brooklyn,BK0202,40.69211919416,-73.9846996101
restaurant,BABY'S BUNS & BUCKETS,Thai,Downtown Brooklyn-DUMBO-Boerum Hill,Brooklyn,BK0202,40.69082623269,-73.98345224546
restaurant,BANG COOKIES,Bakery Products/Desserts,Downtown Brooklyn-DUMBO-Boerum Hill,Brooklyn,BK0202,40.69082623269,-73.98345224546
restaurant,BANHMI-PRO,Asian/Asian Fusion,Downtown Brooklyn-DUMBO-Boerum Hill,Brooklyn,BK0202,40.68495181983,-73.97973629189
restaurant,BAR56,New American,Downtown Brooklyn-DUMBO-Boerum Hill,Brooklyn,BK0202,40.70329390633,-73.9920473635
restaurant,BARBALU BK,Italian,Downtown Brooklyn-DUMBO-Boerum Hill,Brooklyn,BK0202,40.68688831633,-73.99090991155
restaurant,BARK BARBECUE,Barbecue,Downtown Brooklyn-DUMBO-Boerum Hill,Brooklyn,BK0202,40.70329390633,-73.9920473635
restaurant,BED STUY FISH FRY,Soul Food,Downtown Brooklyn-DUMBO-Boerum Hill,Brooklyn,BK0202,40.69075550159,-73.98865565915
restaurant,BEDOUIN TENT,Egyptian,Downtown Brooklyn-DUMBO-Boerum Hill,Brooklyn,BK0202,40.68675860863,-73.98438353974
restaurant,BEEPUBLIC,Vegan,Downtown Brooklyn-DUMBO-Boerum Hill,Brooklyn,BK0202,40.70239852578,-73.98594872827
restaurant,BELLA PIZZA & RESTAURANT,Pizza,Downtown Brooklyn-DUMBO-Boerum Hill,Brooklyn,BK0202,40.6896984643,-73.98595141492
restaurant,BETTY BAKERY,Bakery Products/Desserts,Downtown Brooklyn-DUMBO-Boerum Hill,Brooklyn,BK0202,40.68639617471,-73.98350022344
restaurant,BITES OF XI'AN,Chinese,Downtown Brooklyn-DUMBO-Boerum Hill,Brooklyn,BK0202,40.68815534624,-73.98198173794
restaurant,BK GANGNAM,Korean,Downtown Brooklyn-DUMBO-Boerum Hill,Brooklyn,BK0202,40.69082623269,-73.98345224546
restaurant,BK JANI,Pakistani,Downtown Brooklyn-DUMBO-Boerum Hill,Brooklyn,BK0202,40.69082623269,-73.98345224546
restaurant,BLACK FOREST BROOKLYN,German,Downtown Brooklyn-DUMBO-Boerum Hill,Brooklyn,BK0202,40.68568337965,-73.9911552628
restaurant,BLACK SEED BAGELS,American,Downtown Brooklyn-DUMBO-Boerum Hill,Brooklyn,BK0202,40.68785649052,-73.98418135684
restaurant,BLACK SEED BAGELS,Other,Downtown Brooklyn-DUMBO-Boerum Hill,Brooklyn,BK0202,40.69211919416,-73.9846996101
restaurant,BLANK STREET COFFEE,Coffee/Tea,Downtown Brooklyn-DUMBO-Boerum Hill,Brooklyn,BK0202,40.69371952527,-73.98569453001
restaurant,BLUE BOTTLE COFFEE,Coffee/Tea,Downtown Brooklyn-DUMBO-Boerum Hill,Brooklyn,BK0202,40.68719561975,-73.98960097724
restaurant,BLUE COLLAR,Hamburgers,Downtown Brooklyn-DUMBO-Boerum Hill,Brooklyn,BK0202,40.68774210525,-73.99329322419
restaurant,BLUESTONE LANE,Australian,Downtown Brooklyn-DUMBO-Boerum Hill,Brooklyn,BK0202,40.7006970481,-73.98846281659
restaurant,BOAT,American,Downtown Brooklyn-DUMBO-Boerum Hill,Brooklyn,BK0202,40.68583158963,-73.99105428375
restaurant,BONCHON,Korean,Downtown Brooklyn-DUMBO-Boerum Hill,Brooklyn,BK0202,40.69216876598,-73.98599777086
restaurant,BOTTE,Italian,Downtown Brooklyn-DUMBO-Boerum Hill,Brooklyn,BK0202,40.69452890521,-73.98327101485
restaurant,BRIDGE COFFEE SHOP,Spanish,Downtown Brooklyn-DUMBO-Boerum Hill,Brooklyn,BK0202,40.70220897686,-73.98470089205
restaurant,BRONZE TAVERN,American,Downtown Brooklyn-DUMBO-Boerum Hill,Brooklyn,BK0202,40.68575089461,-73.98179489451
restaurant,BROOKLYN BRIDGE DINER,American,Downtown Brooklyn-DUMBO-Boerum Hill,Brooklyn,BK0202,40.69617638463,-73.9882255893
restaurant,BROOKLYN EXCHANGE,American,Downtown Brooklyn-DUMBO-Boerum Hill,Brooklyn,BK0202,40.69365887204,-73.98368593718
restaurant,BROOKLYN WINE CELLAR,American,Downtown Brooklyn-DUMBO-Boerum Hill,Brooklyn,BK0202,40.69082623269,-73.98345224546
restaurant,BROOKLYN'S HOMESLICE,Pizza,Downtown Brooklyn-DUMBO-Boerum Hill,Brooklyn,BK0202,40.68341735785,-73.97899762042
restaurant,BURGER KING,Hamburgers,Downtown Brooklyn-DUMBO-Boerum Hill,Brooklyn,BK0202,40.69189730527,-73.98843549697
restaurant,BURGER KING,Hamburgers,Downtown Brooklyn-DUMBO-Boerum Hill,Brooklyn,BK0202,40.68923950794,-73.9818299971
restaurant,BUTLER,Coffee/Tea,Downtown Brooklyn-DUMBO-Boerum Hill,Brooklyn,BK0202,40.70328293863,-73.99221327013
restaurant,CAFE 370,American,Downtown Brooklyn-DUMBO-Boerum Hill,Brooklyn,BK0202,40.69298411196,-73.98727054452
restaurant,CAFE D'AVIGNON,Bakery Products/Desserts,Downtown Brooklyn-DUMBO-Boerum Hill,Brooklyn,BK0202,40.69082623269,-73.98345224546
restaurant,CAFE D'AVIGNON,Coffee/Tea,Downtown Brooklyn-DUMBO-Boerum Hill,Brooklyn,BK0202,40.69082623269,-73.98345224546
restaurant,CAFE GITANE,Coffee/Tea,Downtown Brooklyn-DUMBO-Boerum Hill,Brooklyn,BK0202,40.7027985724,-73.98114103113
restaurant,CAFE GOURMET,American,Downtown Brooklyn-DUMBO-Boerum Hill,Brooklyn,BK0202,40.68906391354,-73.98228438416
restaurant,CAFE VOLKAN,Coffee/Tea,Downtown Brooklyn-DUMBO-Boerum Hill,Brooklyn,BK0202,40.68651219841,-73.989907571
restaurant,CANTEEN,American,Downtown Brooklyn-DUMBO-Boerum Hill,Brooklyn,BK0202,40.68794970271,-73.98340248081
restaurant,CARNE,American,Downtown Brooklyn-DUMBO-Boerum Hill,Brooklyn,BK0202,40.6897920343,-73.98814378522
restaurant,CASELLA BAGEL COFFEE SHOP,American,Downtown Brooklyn-DUMBO-Boerum Hill,Brooklyn,BK0202,40.69217151823,-73.98605907285
restaurant,CAVA,Mediterranean,Downtown Brooklyn-DUMBO-Boerum Hill,Brooklyn,BK0202,40.69339325391,-73.98891484783
restaurant,CELESTINE,Mediterranean,Downtown Brooklyn-DUMBO-Boerum Hill,Brooklyn,BK0202,40.70445736728,-73.98829264835
restaurant,CHICK-FIL-A,Chicken,Downtown Brooklyn-DUMBO-Boerum Hill,Brooklyn,BK0202,40.6906867895,-73.98775418255
restaurant,CHIPOTLE MEXICAN GRILL,Tex-Mex,Downtown Brooklyn-DUMBO-Boerum Hill,Brooklyn,BK0202,40.69345620808,-73.9872271808
restaurant,CHIPOTLE MEXICAN GRILL #3309,Tex-Mex,Downtown Brooklyn-DUMBO-Boerum Hill,Brooklyn,BK0202,40.69010992767,-73.9840221596
restaurant,CHUN YANG,Coffee/Tea,Downtown Brooklyn-DUMBO-Boerum Hill,Brooklyn,BK0202,40.69204814957,-73.98731760226
restaurant,CIBAO,Latin American,Downtown Brooklyn-DUMBO-Boerum Hill,Brooklyn,BK0202,40.68579865627,-73.99110476782
restaurant,CLINTON ST. BAKING COMPANY,Pancakes/Waffles,Downtown Brooklyn-DUMBO-Boerum Hill,Brooklyn,BK0202,40.70329390633,-73.9920473635
restaurant,CLOVER SMOOTHIE & TEA,"Juice, Smoothies, Fruit Salads",Downtown Brooklyn-DUMBO-Boerum Hill,Brooklyn,BK0202,40.68706941657,-73.99024282174
restaurant,COMPILATION COFFEE,American,Downtown Brooklyn-DUMBO-Boerum Hill,Brooklyn,BK0202,40.69421874854,-73.98328912369
restaurant,COURT STREET BAGELS,Bagels/Pretzels,Downtown Brooklyn-DUMBO-Boerum Hill,Brooklyn,BK0202,40.68800285132,-73.9931669946
restaurant,CUBAN SHACK,Spanish,Downtown Brooklyn-DUMBO-Boerum Hill,Brooklyn,BK0202,40.68824656389,-73.98666206871
restaurant,DAIGO HAND ROLL BAR,Japanese,Downtown Brooklyn-DUMBO-Boerum Hill,Brooklyn,BK0202,40.69082623269,-73.98345224546
restaurant,DAILY PROVISIONS,American,Downtown Brooklyn-DUMBO-Boerum Hill,Brooklyn,BK0202,40.68913091958,-73.99262239235
restaurant,DALLAS BBQ,Barbecue,Downtown Brooklyn-DUMBO-Boerum Hill,Brooklyn,BK0202,40.69004441103,-73.98683839769
restaurant,DAN & JOHN'S WINGS,Chicken,Downtown Brooklyn-DUMBO-Boerum Hill,Brooklyn,BK0202,40.69082623269,-73.98345224546
restaurant,DASTAAN INDIAN KITCHEN,Indian,Downtown Brooklyn-DUMBO-Boerum Hill,Brooklyn,BK0202,40.68784065041,-73.98969823283
restaurant,DAVE'S HOT CHICKEN,Chicken,Downtown Brooklyn-DUMBO-Boerum Hill,Brooklyn,BK0202,40.69339325391,-73.98891484783
restaurant,DAWN’S TIL DUSK,Coffee/Tea,Downtown Brooklyn-DUMBO-Boerum Hill,Brooklyn,BK0202,40.7033322284,-73.99065880252
restaurant,DEBUTEA,Chinese/Japanese,Downtown Brooklyn-DUMBO-Boerum Hill,Brooklyn,BK0202,40.68938585499,-73.9886090166
restaurant,DEITY,American,Downtown Brooklyn-DUMBO-Boerum Hill,Brooklyn,BK0202,40.68741483277,-73.98611776358
restaurant,DEKALB PIZZERIA,Pizza,Downtown Brooklyn-DUMBO-Boerum Hill,Brooklyn,BK0202,40.69082623269,-73.98345224546
restaurant,DEVINE'R,Coffee/Tea,Downtown Brooklyn-DUMBO-Boerum Hill,Brooklyn,BK0202,40.70329370934,-73.98958763649
restaurant,DEVOCION,Coffee/Tea,Downtown Brooklyn-DUMBO-Boerum Hill,Brooklyn,BK0202,40.7015147698,-73.9864502245
restaurant,DEVOCION,Coffee/Tea,Downtown Brooklyn-DUMBO-Boerum Hill,Brooklyn,BK0202,40.68834755589,-73.98246847236
restaurant,DIG INN,American,Downtown Brooklyn-DUMBO-Boerum Hill,Brooklyn,BK0202,40.69206133437,-73.98313460728
restaurant,DOMINO'S,Pizza,Downtown Brooklyn-DUMBO-Boerum Hill,Brooklyn,BK0202,40.68682240121,-73.99041232797
restaurant,DRAGON TEA,Coffee/Tea,Downtown Brooklyn-DUMBO-Boerum Hill,Brooklyn,BK0202,40.68936963374,-73.99145406013
restaurant,DUMBO HOUSE,American,Downtown Brooklyn-DUMBO-Boerum Hill,Brooklyn,BK0202,40.70329390633,-73.9920473635
restaurant,DUNKIN,Donuts,Downtown Brooklyn-DUMBO-Boerum Hill,Brooklyn,BK0202,40.6919740391,-73.98730319232
restaurant,DUNKIN,Coffee/Tea,Downtown Brooklyn-DUMBO-Boerum Hill,Brooklyn,BK0202,40.68473213772,-73.97917748623
restaurant,DUNKIN',Coffee/Tea,Downtown Brooklyn-DUMBO-Boerum Hill,Brooklyn,BK0202,40.68887200852,-73.98383495293
restaurant,DUNKIN' / 'BASKIN-ROBBINS,Donuts,Downtown Brooklyn-DUMBO-Boerum Hill,Brooklyn,BK0202,40.68663027781,-73.99054216209
restaurant,EARTHBAR,"Juice, Smoothies, Fruit Salads",Downtown Brooklyn-DUMBO-Boerum Hill,Brooklyn,BK0202,40.70249764848,-73.98876906432
restaurant,EASTVILLE,American,Downtown Brooklyn-DUMBO-Boerum Hill,Brooklyn,BK0202,40.68567949997,-73.98160381296
restaurant,EIGHT TURN CREPE,Bakery Products/Desserts,Downtown Brooklyn-DUMBO-Boerum Hill,Brooklyn,BK0202,40.69082623269,-73.98345224546
restaurant,EL GALLO TAQUERIA,Mexican,Downtown Brooklyn-DUMBO-Boerum Hill,Brooklyn,BK0202,40.70062570383,-73.9886611861
restaurant,EL TIO PIO,Latin American,Downtown Brooklyn-DUMBO-Boerum Hill,Brooklyn,BK0202,40.69216050055,-73.98574535026
restaurant,EL ZASON,Mexican,Downtown Brooklyn-DUMBO-Boerum Hill,Brooklyn,BK0202,40.68564105805,-73.98151007594
restaurant,ELEPHANT DISTRICT,Thai,Downtown Brooklyn-DUMBO-Boerum Hill,Brooklyn,BK0202,40.70275605257,-73.99404909572
restaurant,EM VIETNAMESE BISTRO,Southeast Asian,Downtown Brooklyn-DUMBO-Boerum Hill,Brooklyn,BK0202,40.70255275762,-73.9912179348
restaurant,EMPANADA LOCA,Latin American,Downtown Brooklyn-DUMBO-Boerum Hill,Brooklyn,BK0202,40.6899779624,-73.98254016033
restaurant,EMPANADA LOCA BEER GARDEN,American,Downtown Brooklyn-DUMBO-Boerum Hill,Brooklyn,BK0202,40.6899779624,-73.98254016033
restaurant,ENERUGI RAMEN,Japanese,Downtown Brooklyn-DUMBO-Boerum Hill,Brooklyn,BK0202,40.68944375907,-73.99167761552
restaurant,ESS -A- BAGEL,Bagels/Pretzels,Downtown Brooklyn-DUMBO-Boerum Hill,Brooklyn,BK0202,40.70329390633,-73.9920473635
restaurant,ESSEX SQUEEZE,"Juice, Smoothies, Fruit Salads",Downtown Brooklyn-DUMBO-Boerum Hill,Brooklyn,BK0202,40.69082623269,-73.98345224546
restaurant,ETHOPIAN YOHEVET COFFEE,Jewish/Kosher,Downtown Brooklyn-DUMBO-Boerum Hill,Brooklyn,BK0202,40.6925751408,-73.9872706229
restaurant,ETSY,American,Downtown Brooklyn-DUMBO-Boerum Hill,Brooklyn,BK0202,40.70062570383,-73.9886611861
restaurant,EVEN KITCHEN & BAR,American,Downtown Brooklyn-DUMBO-Boerum Hill,Brooklyn,BK0202,40.68741971207,-73.98176198515
restaurant,EVIL TWIN BREWING,Coffee/Tea,Downtown Brooklyn-DUMBO-Boerum Hill,Brooklyn,BK0202,40.7028958107,-73.99066968376
restaurant,FAST & FRESH BURRITO DELI,Mexican,Downtown Brooklyn-DUMBO-Boerum Hill,Brooklyn,BK0202,40.68797485543,-73.98687126002
restaurant,FAT FOWL,Caribbean,Downtown Brooklyn-DUMBO-Boerum Hill,Brooklyn,BK0202,40.69082623269,-73.98345224546
restaurant,FATTY DADDY TACO,Spanish,Downtown Brooklyn-DUMBO-Boerum Hill,Brooklyn,BK0202,40.68651774829,-73.99061789838
restaurant,FELICE PASTA BAR,Italian,Downtown Brooklyn-DUMBO-Boerum Hill,Brooklyn,BK0202,40.70329390633,-73.9920473635
restaurant,FISHS EDDY,Coffee/Tea,Downtown Brooklyn-DUMBO-Boerum Hill,Brooklyn,BK0202,40.70253621181,-73.99026218885
restaurant,FIVE GUYS FAMOUS BURGERS AND FRIES,Hamburgers,Downtown Brooklyn-DUMBO-Boerum Hill,Brooklyn,BK0202,40.69371952527,-73.98569453001
restaurant,FOGO DE CHAO,Brazilian,Downtown Brooklyn-DUMBO-Boerum Hill,Brooklyn,BK0202,40.69082623269,-73.98345224546
restaurant,FONTAINHAS,Indian,Downtown Brooklyn-DUMBO-Boerum Hill,Brooklyn,BK0202,40.70412231964,-73.98659756646
restaurant,FORNINO,Pizza,Downtown Brooklyn-DUMBO-Boerum Hill,Brooklyn,BK0202,40.70329390633,-73.9920473635
restaurant,FRONT STREET PIZZA,Pizza,Downtown Brooklyn-DUMBO-Boerum Hill,Brooklyn,BK0202,40.70250045367,-73.98940382453
restaurant,FUJI CAFE,Coffee/Tea,Downtown Brooklyn-DUMBO-Boerum Hill,Brooklyn,BK0202,40.69129846568,-73.98439329031
restaurant,FULTON HOTDOG KING,Hotdogs,Downtown Brooklyn-DUMBO-Boerum Hill,Brooklyn,BK0202,40.68944850699,-73.98453074865
restaurant,GAGE & TOLLNER / SUNKEN HARBOR CLUB,Steakhouse,Downtown Brooklyn-DUMBO-Boerum Hill,Brooklyn,BK0202,40.69158981565,-73.98771435003
restaurant,GERMAN DONER KEBAB,Middle Eastern,Downtown Brooklyn-DUMBO-Boerum Hill,Brooklyn,BK0202,40.69232286091,-73.98964705304
restaurant,GOLFZON SOCIAL,American,Downtown Brooklyn-DUMBO-Boerum Hill,Brooklyn,BK0202,40.69020891401,-73.98532748151
restaurant,GONG CHA,"Juice, Smoothies, Fruit Salads",Downtown Brooklyn-DUMBO-Boerum Hill,Brooklyn,BK0202,40.69206133967,-73.98317066756
restaurant,GRAND ARMY,Seafood,Downtown Brooklyn-DUMBO-Boerum Hill,Brooklyn,BK0202,40.68826572831,-73.98624739534
restaurant,GRAND CANYON BISTRO,American,Downtown Brooklyn-DUMBO-Boerum Hill,Brooklyn,BK0202,40.68757627775,-73.98249031063
restaurant,GRIMALDI'S PIZZERIA,Pizza,Downtown Brooklyn-DUMBO-Boerum Hill,Brooklyn,BK0202,40.70247878379,-73.99320517766
restaurant,GUACTIME,Mexican,Downtown Brooklyn-DUMBO-Boerum Hill,Brooklyn,BK0202,40.69188346239,-73.98731042167
restaurant,HAAGEN-DAZS,Frozen Desserts,Downtown Brooklyn-DUMBO-Boerum Hill,Brooklyn,BK0202,40.68554066078,-73.99127787472
restaurant,HAINAN JONES,Asian/Asian Fusion,Downtown Brooklyn-DUMBO-Boerum Hill,Brooklyn,BK0202,40.69082623269,-73.98345224546
restaurant,HAMPTON INN BROOKLYN,American,Downtown Brooklyn-DUMBO-Boerum Hill,Brooklyn,BK0202,40.6953497207,-73.98417596594
restaurant,HAN DYNASTY,Chinese,Downtown Brooklyn-DUMBO-Boerum Hill,Brooklyn,BK0202,40.69061214193,-73.98346311665
restaurant,HANA HOUSE / BOKKI,Korean,Downtown Brooklyn-DUMBO-Boerum Hill,Brooklyn,BK0202,40.69283324638,-73.98817569698
restaurant,HANA NOODLE STATION,Chinese,Downtown Brooklyn-DUMBO-Boerum Hill,Brooklyn,BK0202,40.69082623269,-73.98345224546
restaurant,HANCO'S,Southeast Asian,Downtown Brooklyn-DUMBO-Boerum Hill,Brooklyn,BK0202,40.68711881974,-73.99021036264
restaurant,HAWA,"Juice, Smoothies, Fruit Salads",Downtown Brooklyn-DUMBO-Boerum Hill,Brooklyn,BK0202,40.6922100642,-73.98707596693
restaurant,HEYTEA,Coffee/Tea,Downtown Brooklyn-DUMBO-Boerum Hill,Brooklyn,BK0202,40.69219905222,-73.98678748623
restaurant,HILDUR,Scandinavian,Downtown Brooklyn-DUMBO-Boerum Hill,Brooklyn,BK0202,40.70250347852,-73.99306812453
restaurant,HOLLOW NICKEL,American,Downtown Brooklyn-DUMBO-Boerum Hill,Brooklyn,BK0202,40.68570422082,-73.98171558228
restaurant,HOPS HILL,Bottled Beverages,Downtown Brooklyn-DUMBO-Boerum Hill,Brooklyn,BK0202,40.68499301115,-73.9798480543
restaurant,HUDSON WILDER,Coffee/Tea,Downtown Brooklyn-DUMBO-Boerum Hill,Brooklyn,BK0202,40.70357073079,-73.98757508072
restaurant,HUGE THAI,Thai,Downtown Brooklyn-DUMBO-Boerum Hill,Brooklyn,BK0202,40.68888664232,-73.99274141272
restaurant,IGNAZIO'S,Pizza,Downtown Brooklyn-DUMBO-Boerum Hill,Brooklyn,BK0202,40.70318698349,-73.99408512342
restaurant,IHOP,Pancakes/Waffles,Downtown Brooklyn-DUMBO-Boerum Hill,Brooklyn,BK0202,40.68885278082,-73.9837339937
restaurant,INSOMNIA COOKIES,Bakery Products/Desserts,Downtown Brooklyn-DUMBO-Boerum Hill,Brooklyn,BK0202,40.68812334413,-73.9894998692
restaurant,IPPUDO V,Vegetarian,Downtown Brooklyn-DUMBO-Boerum Hill,Brooklyn,BK0202,40.70062570383,-73.9886611861
restaurant,IVY STARK,Mexican,Downtown Brooklyn-DUMBO-Boerum Hill,Brooklyn,BK0202,40.70329390633,-73.9920473635
restaurant,IXV COFFEE,Coffee/Tea,Downtown Brooklyn-DUMBO-Boerum Hill,Brooklyn,BK0202,40.68486704446,-73.98158961541
restaurant,JACOB'S PICKLES,American,Downtown Brooklyn-DUMBO-Boerum Hill,Brooklyn,BK0202,40.70329390633,-73.9920473635
restaurant,JASPER KANE CAFE,American,Downtown Brooklyn-DUMBO-Boerum Hill,Brooklyn,BK0202,40.69402437363,-73.98720543473
restaurant,JAY ST FRESH 99 CENTS PIZZA,Pizza,Downtown Brooklyn-DUMBO-Boerum Hill,Brooklyn,BK0202,40.69188620875,-73.98732484522
restaurant,JEFE TACOS,Mexican,Downtown Brooklyn-DUMBO-Boerum Hill,Brooklyn,BK0202,40.69082623269,-73.98345224546
restaurant,JERSEY MIKE'S SUB #34102,American,Downtown Brooklyn-DUMBO-Boerum Hill,Brooklyn,BK0202,40.69087355711,-73.98896575184
restaurant,JOE COFFEE COMPANY,Coffee/Tea,Downtown Brooklyn-DUMBO-Boerum Hill,Brooklyn,BK0202,40.7029835499,-73.9895840785
restaurant,JOYA THAI BROOKLYN,Thai,Downtown Brooklyn-DUMBO-Boerum Hill,Brooklyn,BK0202,40.68669911956,-73.99379813265
restaurant,JUICE HAUS,"Juice, Smoothies, Fruit Salads",Downtown Brooklyn-DUMBO-Boerum Hill,Brooklyn,BK0202,40.70299933838,-73.98373774191
restaurant,JUJU CAFE & DELI,Sandwiches/Salads/Mixed Buffet,Downtown Brooklyn-DUMBO-Boerum Hill,Brooklyn,BK0202,40.6869404174,-73.99030413843
restaurant,JULIANA'S PIZZA,Pizza,Downtown Brooklyn-DUMBO-Boerum Hill,Brooklyn,BK0202,40.7025748744,-73.99361632009
restaurant,JUNIOR'S,American,Downtown Brooklyn-DUMBO-Boerum Hill,Brooklyn,BK0202,40.69020014589,-73.98162419647
restaurant,JUNSUI,Japanese,Downtown Brooklyn-DUMBO-Boerum Hill,Brooklyn,BK0202,40.70272798318,-73.98665916018
restaurant,JUST SALAD,Salads,Downtown Brooklyn-DUMBO-Boerum Hill,Brooklyn,BK0202,40.69082623269,-73.98345224546
restaurant,KASHI INDIAN CUISINE,Hamburgers,Downtown Brooklyn-DUMBO-Boerum Hill,Brooklyn,BK0202,40.68863593293,-73.98365832412
restaurant,KATZ'S DELICATESSEN,American,Downtown Brooklyn-DUMBO-Boerum Hill,Brooklyn,BK0202,40.69082623269,-73.98345224546
restaurant,KEMO'S HOT KITCHEN BITE,Middle Eastern,Downtown Brooklyn-DUMBO-Boerum Hill,Brooklyn,BK0202,40.68460857277,-73.97890349758
restaurant,KI SUSHI,Japanese,Downtown Brooklyn-DUMBO-Boerum Hill,Brooklyn,BK0202,40.68756619163,-73.98990741086
restaurant,KIMOTO ROOFTOP,Asian/Asian Fusion,Downtown Brooklyn-DUMBO-Boerum Hill,Brooklyn,BK0202,40.69159215444,-73.98437879729
restaurant,KITH TREATS,Frozen Desserts,Downtown Brooklyn-DUMBO-Boerum Hill,Brooklyn,BK0202,40.70329390633,-73.9920473635
restaurant,KONDITORI,Coffee/Tea,Downtown Brooklyn-DUMBO-Boerum Hill,Brooklyn,BK0202,40.68725354896,-73.99352764837
restaurant,KOTTI BERLINER DONER KEBAB,German,Downtown Brooklyn-DUMBO-Boerum Hill,Brooklyn,BK0202,40.69082623269,-73.98345224546
restaurant,KPOT KOREAN BBQ & HOT POT,Korean,Downtown Brooklyn-DUMBO-Boerum Hill,Brooklyn,BK0202,40.69093053667,-73.98347024931
restaurant,KUUN,Korean,Downtown Brooklyn-DUMBO-Boerum Hill,Brooklyn,BK0202,40.68855624067,-73.98301289878
restaurant,LA BAGEL DELIGHT,Bagels/Pretzels,Downtown Brooklyn-DUMBO-Boerum Hill,Brooklyn,BK0202,40.70247842835,-73.9887005423
restaurant,LAZY SUNDAES,Coffee/Tea,Downtown Brooklyn-DUMBO-Boerum Hill,Brooklyn,BK0202,40.7023710437,-73.98567102683
restaurant,LE CAFE COFFEE,American,Downtown Brooklyn-DUMBO-Boerum Hill,Brooklyn,BK0202,40.68881965476,-73.98245392435
restaurant,LIFE TIME,American,Downtown Brooklyn-DUMBO-Boerum Hill,Brooklyn,BK0202,40.70205551928,-73.98670257412
restaurant,LIKKLE MORE JERK,Caribbean,Downtown Brooklyn-DUMBO-Boerum Hill,Brooklyn,BK0202,40.69082623269,-73.98345224546
restaurant,LITTLE PIZZA PARLOR,Pizza,Downtown Brooklyn-DUMBO-Boerum Hill,Brooklyn,BK0202,40.69259947926,-73.98432807557
restaurant,LOBBY BAR,Bottled Beverages,Downtown Brooklyn-DUMBO-Boerum Hill,Brooklyn,BK0202,40.70329390633,-73.9920473635
restaurant,LOS TACOS AL PASTOR,Tex-Mex,Downtown Brooklyn-DUMBO-Boerum Hill,Brooklyn,BK0202,40.70245359998,-73.98749233811
restaurant,LOVE & DOUGH,Italian,Downtown Brooklyn-DUMBO-Boerum Hill,Brooklyn,BK0202,40.70304922509,-73.98758239155
restaurant,LOVED ONES COFFEE,Coffee/Tea,Downtown Brooklyn-DUMBO-Boerum Hill,Brooklyn,BK0202,40.6839972378,-73.98347197458
restaurant,LUANNE'S WILD GINGER,Vegetarian,Downtown Brooklyn-DUMBO-Boerum Hill,Brooklyn,BK0202,40.68784065236,-73.98971986762
restaurant,LUCKY RABBIT NOODLES,Asian/Asian Fusion,Downtown Brooklyn-DUMBO-Boerum Hill,Brooklyn,BK0202,40.70244258745,-73.98718938649
restaurant,LUKE'S LOBSTER,Seafood,Downtown Brooklyn-DUMBO-Boerum Hill,Brooklyn,BK0202,40.70322815431,-73.99407069322
restaurant,MAISON SUN,Southeast Asian,Downtown Brooklyn-DUMBO-Boerum Hill,Brooklyn,BK0202,40.68881461284,-73.98567395127
restaurant,MALKA,Jewish/Kosher,Downtown Brooklyn-DUMBO-Boerum Hill,Brooklyn,BK0202,40.70256075501,-73.98853462478
restaurant,MAMAN,American,Downtown Brooklyn-DUMBO-Boerum Hill,Brooklyn,BK0202,40.70325818524,-73.99150276575
restaurant,MASALA GRILL,Indian,Downtown Brooklyn-DUMBO-Boerum Hill,Brooklyn,BK0202,40.68555044245,-73.98127573231
restaurant,METRO TECH COFFEE SHOP,American,Downtown Brooklyn-DUMBO-Boerum Hill,Brooklyn,BK0202,40.69485298449,-73.98467373706
restaurant,MIA'S BAKERY,Bakery Products/Desserts,Downtown Brooklyn-DUMBO-Boerum Hill,Brooklyn,BK0202,40.68706666965,-73.99021758184
restaurant,MILE END DELICATESSEN,American,Downtown Brooklyn-DUMBO-Boerum Hill,Brooklyn,BK0202,40.68750004303,-73.98716702785
restaurant,MIXUE,Other,Downtown Brooklyn-DUMBO-Boerum Hill,Brooklyn,BK0202,40.6903570343,-73.98458462609
restaurant,MOON PALACE DELI,American,Downtown Brooklyn-DUMBO-Boerum Hill,Brooklyn,BK0202,40.68567950864,-73.98165789818
restaurant,MOON WOK,Chinese,Downtown Brooklyn-DUMBO-Boerum Hill,Brooklyn,BK0202,40.69497081359,-73.98327090354
restaurant,MORI MORI,Salads,Downtown Brooklyn-DUMBO-Boerum Hill,Brooklyn,BK0202,40.70329390633,-73.9920473635
restaurant,MORITZ,German,Downtown Brooklyn-DUMBO-Boerum Hill,Brooklyn,BK0202,40.69082623269,-73.98345224546
restaurant,MR. FULTON,American,Downtown Brooklyn-DUMBO-Boerum Hill,Brooklyn,BK0202,40.69174061841,-73.98630437201
restaurant,NAN XIANG EXPRESS SOUP DUMPLINGS,Chinese,Downtown Brooklyn-DUMBO-Boerum Hill,Brooklyn,BK0202,40.69184217458,-73.98630074506
restaurant,NAYA,Mediterranean,Downtown Brooklyn-DUMBO-Boerum Hill,Brooklyn,BK0202,40.70183319449,-73.98671704487
restaurant,NAYA,Middle Eastern,Downtown Brooklyn-DUMBO-Boerum Hill,Brooklyn,BK0202,40.69370019487,-73.9847857927
restaurant,NEW NO PORK HALAL KITCHEN,Chinese,Downtown Brooklyn-DUMBO-Boerum Hill,Brooklyn,BK0202,40.68321975845,-73.97913108817
restaurant,NEW YUMMY TACO,Asian/Asian Fusion,Downtown Brooklyn-DUMBO-Boerum Hill,Brooklyn,BK0202,40.69219905222,-73.98678748623
restaurant,NORM'S PIZZA,Pizza,Downtown Brooklyn-DUMBO-Boerum Hill,Brooklyn,BK0202,40.69339325391,-73.98891484783
restaurant,NU HOTEL,American,Downtown Brooklyn-DUMBO-Boerum Hill,Brooklyn,BK0202,40.68880949229,-73.98901657665
restaurant,OAKBERRY ACAI & SMOOTHIES,"Juice, Smoothies, Fruit Salads",Downtown Brooklyn-DUMBO-Boerum Hill,Brooklyn,BK0202,40.68932230735,-73.98498151295
restaurant,ODDFELLOWS ICE CREAM CO.,Frozen Desserts,Downtown Brooklyn-DUMBO-Boerum Hill,Brooklyn,BK0202,40.70326368669,-73.99166506368
restaurant,OH! DUMPLINGS,Chinese,Downtown Brooklyn-DUMBO-Boerum Hill,Brooklyn,BK0202,40.68768993488,-73.99296510251
restaurant,OKEY,Spanish,Downtown Brooklyn-DUMBO-Boerum Hill,Brooklyn,BK0202,40.69082623269,-73.98345224546
restaurant,OKIBORU,Japanese,Downtown Brooklyn-DUMBO-Boerum Hill,Brooklyn,BK0202,40.70329390633,-73.9920473635
restaurant,OLYMPIA,French,Downtown Brooklyn-DUMBO-Boerum Hill,Brooklyn,BK0202,40.70325772272,-73.98664823385
restaurant,OSTERIA BROOKLYN @ DEKALB,Italian,Downtown Brooklyn-DUMBO-Boerum Hill,Brooklyn,BK0202,40.69082623269,-73.98345224546
restaurant,PANDA DELIGHT,Chinese,Downtown Brooklyn-DUMBO-Boerum Hill,Brooklyn,BK0202,40.68769244133,-73.98979561216
restaurant,PANDA EXPRESS #2614,Chinese,Downtown Brooklyn-DUMBO-Boerum Hill,Brooklyn,BK0202,40.69175728489,-73.9880749202
restaurant,PANERA BREAD,Soups/Salads/Sandwiches,Downtown Brooklyn-DUMBO-Boerum Hill,Brooklyn,BK0202,40.69339325391,-73.98891484783
restaurant,PAPA JOHN'S PIZZA,Pizza,Downtown Brooklyn-DUMBO-Boerum Hill,Brooklyn,BK0202,40.69186687711,-73.98629713394
restaurant,PASTRAMI FACTORY,Sandwiches,Downtown Brooklyn-DUMBO-Boerum Hill,Brooklyn,BK0202,40.70329390633,-73.9920473635
restaurant,PATOK BY RACH,Filipino,Downtown Brooklyn-DUMBO-Boerum Hill,Brooklyn,BK0202,40.69082623269,-73.98345224546
restaurant,PATTY PLUS BAKERY & RESTAURANT,Caribbean,Downtown Brooklyn-DUMBO-Boerum Hill,Brooklyn,BK0202,40.68809219026,-73.98181588769
restaurant,PEARL STREET,Seafood,Downtown Brooklyn-DUMBO-Boerum Hill,Brooklyn,BK0202,40.70244809062,-73.98731200955
restaurant,PEARL STREET RESTAURANT,American,Downtown Brooklyn-DUMBO-Boerum Hill,Brooklyn,BK0202,40.70244809062,-73.98731200955
restaurant,PEDRO'S,Mexican,Downtown Brooklyn-DUMBO-Boerum Hill,Brooklyn,BK0202,40.70251663748,-73.98667362902
restaurant,PHO RAINBOW,Asian/Asian Fusion,Downtown Brooklyn-DUMBO-Boerum Hill,Brooklyn,BK0202,40.68687729155,-73.99035102235
restaurant,PICCOLO CUCINA CASA,Italian,Downtown Brooklyn-DUMBO-Boerum Hill,Brooklyn,BK0202,40.68431019555,-73.98384687986
restaurant,PIEROGI BOYS,Polish,Downtown Brooklyn-DUMBO-Boerum Hill,Brooklyn,BK0202,40.69082623269,-73.98345224546
restaurant,PIKI POKE & RAMEN,Hawaiian,Downtown Brooklyn-DUMBO-Boerum Hill,Brooklyn,BK0202,40.68681416508,-73.9903906947
restaurant,PIO BAGEL,Bagels/Pretzels,Downtown Brooklyn-DUMBO-Boerum Hill,Brooklyn,BK0202,40.68876999441,-73.98086375792
restaurant,PIO BAGEL,Bagels/Pretzels,Downtown Brooklyn-DUMBO-Boerum Hill,Brooklyn,BK0202,40.69201783877,-73.98628989075
restaurant,PLAYA BOWLS,"Juice, Smoothies, Fruit Salads",Downtown Brooklyn-DUMBO-Boerum Hill,Brooklyn,BK0202,40.69211919416,-73.9846996101
restaurant,PLAYA BOWLS,"Juice, Smoothies, Fruit Salads",Downtown Brooklyn-DUMBO-Boerum Hill,Brooklyn,BK0202,40.70249769784,-73.98928480735
restaurant,POKE FAN,Japanese,Downtown Brooklyn-DUMBO-Boerum Hill,Brooklyn,BK0202,40.68972317475,-73.98601271001
restaurant,POKEBOWL STATION,Japanese,Downtown Brooklyn-DUMBO-Boerum Hill,Brooklyn,BK0202,40.68573278503,-73.99114804485
restaurant,POLLO D' ORO,Spanish,Downtown Brooklyn-DUMBO-Boerum Hill,Brooklyn,BK0202,40.69497081359,-73.98327090354
restaurant,PRET A MANGER,American,Downtown Brooklyn-DUMBO-Boerum Hill,Brooklyn,BK0202,40.69371952527,-73.98569453001
restaurant,PRONTO PIZZA,Pizza,Downtown Brooklyn-DUMBO-Boerum Hill,Brooklyn,BK0202,40.6895371329,-73.99242041734
restaurant,PURA VIDA MIAMI,Californian,Downtown Brooklyn-DUMBO-Boerum Hill,Brooklyn,BK0202,40.70253621761,-73.99033071419
restaurant,PURE GREEN,"Juice, Smoothies, Fruit Salads",Downtown Brooklyn-DUMBO-Boerum Hill,Brooklyn,BK0202,40.68870261812,-73.99098899187
restaurant,QUALITY GREENS KITCHEN,Salads,Downtown Brooklyn-DUMBO-Boerum Hill,Brooklyn,BK0202,40.69221001712,-73.98666487883
restaurant,RAISING CANE'S,Chicken,Downtown Brooklyn-DUMBO-Boerum Hill,Brooklyn,BK0202,40.69140311586,-73.98720954565
restaurant,RAMEN THUKPA,Japanese,Downtown Brooklyn-DUMBO-Boerum Hill,Brooklyn,BK0202,40.68497104343,-73.97979397631
restaurant,RANDOLPH BEER,American,Downtown Brooklyn-DUMBO-Boerum Hill,Brooklyn,BK0202,40.70008486626,-73.98752884887
restaurant,RED COFFEE STAND,Coffee/Tea,Downtown Brooklyn-DUMBO-Boerum Hill,Brooklyn,BK0202,40.70244809062,-73.98731200955
restaurant,RICE & MISO,Japanese,Downtown Brooklyn-DUMBO-Boerum Hill,Brooklyn,BK0202,40.68452152686,-73.98373144867
restaurant,ROOFTOP BAR: FIFTH FLOOR,American,Downtown Brooklyn-DUMBO-Boerum Hill,Brooklyn,BK0202,40.70329390633,-73.9920473635
restaurant,RUCOLA,Italian,Downtown Brooklyn-DUMBO-Boerum Hill,Brooklyn,BK0202,40.68577344604,-73.98602075307
restaurant,RUHANI CAFE,Coffee/Tea,Downtown Brooklyn-DUMBO-Boerum Hill,Brooklyn,BK0202,40.68514678693,-73.98024102378
restaurant,SALTED,American,Downtown Brooklyn-DUMBO-Boerum Hill,Brooklyn,BK0202,40.69211919416,-73.9846996101
restaurant,SAM'S PEARL ST DELI,Sandwiches,Downtown Brooklyn-DUMBO-Boerum Hill,Brooklyn,BK0202,40.69224858418,-73.98793059047
restaurant,SANDY BEACHES,Caribbean,Downtown Brooklyn-DUMBO-Boerum Hill,Brooklyn,BK0202,40.69178178742,-73.98628272745
restaurant,SHAKE SHACK,Hamburgers,Downtown Brooklyn-DUMBO-Boerum Hill,Brooklyn,BK0202,40.70285487715,-73.99430154984
restaurant,SHAKE SHACK,Hamburgers,Downtown Brooklyn-DUMBO-Boerum Hill,Brooklyn,BK0202,40.69199614264,-73.98869150749
restaurant,SHOW KITCHEN,American,Downtown Brooklyn-DUMBO-Boerum Hill,Brooklyn,BK0202,40.69211919416,-73.9846996101
restaurant,SILKY KTCHEN,Chinese,Downtown Brooklyn-DUMBO-Boerum Hill,Brooklyn,BK0202,40.69219354596,-73.98664324592
restaurant,SMASHED,American,Downtown Brooklyn-DUMBO-Boerum Hill,Brooklyn,BK0202,40.70329390633,-73.9920473635
restaurant,SMITH DELI,American,Downtown Brooklyn-DUMBO-Boerum Hill,Brooklyn,BK0202,40.69084872107,-73.98766039768
restaurant,SOFT SWERVE,Frozen Desserts,Downtown Brooklyn-DUMBO-Boerum Hill,Brooklyn,BK0202,40.69082623269,-73.98345224546
restaurant,SOMEDAY,American,Downtown Brooklyn-DUMBO-Boerum Hill,Brooklyn,BK0202,40.68745876263,-73.98622953352
restaurant,SOMETHING ELSE,American,Downtown Brooklyn-DUMBO-Boerum Hill,Brooklyn,BK0202,40.69082623269,-73.98345224546
restaurant,SOPHIE'S CUBAN CUISINE,Latin American,Downtown Brooklyn-DUMBO-Boerum Hill,Brooklyn,BK0202,40.69076912807,-73.98771089587
restaurant,SOTTO CASA,Pizza,Downtown Brooklyn-DUMBO-Boerum Hill,Brooklyn,BK0202,40.68840872235,-73.98867769493
restaurant,SOUND & FURY BREWERY,American,Downtown Brooklyn-DUMBO-Boerum Hill,Brooklyn,BK0202,40.6917323815,-73.98628273765
restaurant,SPRINGBONE KITCHEN,Soups,Downtown Brooklyn-DUMBO-Boerum Hill,Brooklyn,BK0202,40.7006970481,-73.98846281659
restaurant,SQUARREL CAFE,Coffee/Tea,Downtown Brooklyn-DUMBO-Boerum Hill,Brooklyn,BK0202,40.68462779613,-73.97895757584
restaurant,SSAM,Korean,Downtown Brooklyn-DUMBO-Boerum Hill,Brooklyn,BK0202,40.68586178271,-73.99106149107
restaurant,ST. FRANCIS COLLEGE,American,Downtown Brooklyn-DUMBO-Boerum Hill,Brooklyn,BK0202,40.68998400307,-73.98664008432
restaurant,STACK'D BURGERS,Hamburgers,Downtown Brooklyn-DUMBO-Boerum Hill,Brooklyn,BK0202,40.6882595214,-73.98119564057
restaurant,STARBUCKS,Coffee/Tea,Downtown Brooklyn-DUMBO-Boerum Hill,Brooklyn,BK0202,40.69402437363,-73.98720543473
restaurant,STARBUCKS,Coffee/Tea,Downtown Brooklyn-DUMBO-Boerum Hill,Brooklyn,BK0202,40.68618015944,-73.99084510571
restaurant,STARBUCKS,Coffee/Tea,Downtown Brooklyn-DUMBO-Boerum Hill,Brooklyn,BK0202,40.69365887204,-73.98368593718
restaurant,STARBUCKS,Coffee/Tea,Downtown Brooklyn-DUMBO-Boerum Hill,Brooklyn,BK0202,40.70254724789,-73.99095826052
restaurant,STARBUCKS,Coffee/Tea,Downtown Brooklyn-DUMBO-Boerum Hill,Brooklyn,BK0202,40.70174262038,-73.98674591541
restaurant,STARBUCKS #82525,Coffee/Tea,Downtown Brooklyn-DUMBO-Boerum Hill,Brooklyn,BK0202,40.68963491037,-73.98283593399
restaurant,STUMPTOWN COFFEE ROASTERS,Coffee/Tea,Downtown Brooklyn-DUMBO-Boerum Hill,Brooklyn,BK0202,40.68892776874,-73.9920599011
restaurant,SUBWAY,Sandwiches,Downtown Brooklyn-DUMBO-Boerum Hill,Brooklyn,BK0202,40.69200148923,-73.98732482322
restaurant,SUPERFINE,New American,Downtown Brooklyn-DUMBO-Boerum Hill,Brooklyn,BK0202,40.70243713135,-73.98749234121
restaurant,SUPREME PIZZA,Pizza,Downtown Brooklyn-DUMBO-Boerum Hill,Brooklyn,BK0202,40.69015385907,-73.98413032676
restaurant,SUPREME PIZZA,Other,Downtown Brooklyn-DUMBO-Boerum Hill,Brooklyn,BK0202,40.69015385907,-73.98413032676
restaurant,SWEETGREEN,Salads,Downtown Brooklyn-DUMBO-Boerum Hill,Brooklyn,BK0202,40.69211919416,-73.9846996101
restaurant,SWEETGREEN DUMBO,Salads,Downtown Brooklyn-DUMBO-Boerum Hill,Brooklyn,BK0202,40.70282710089,-73.98961656255
restaurant,TAIM MEDITERRANEAN KITCHEN,Mediterranean,Downtown Brooklyn-DUMBO-Boerum Hill,Brooklyn,BK0202,40.69020891401,-73.98532748151
restaurant,TALEA BEER CO.,American,Downtown Brooklyn-DUMBO-Boerum Hill,Brooklyn,BK0202,40.68695969095,-73.99104331457
restaurant,TEAMAKERS,Coffee/Tea,Downtown Brooklyn-DUMBO-Boerum Hill,Brooklyn,BK0202,40.69082623269,-73.98345224546
restaurant,TEN ICHI MART,Japanese,Downtown Brooklyn-DUMBO-Boerum Hill,Brooklyn,BK0202,40.68773086817,-73.98979560626
restaurant,TEPPAN TERRITORY,Japanese,Downtown Brooklyn-DUMBO-Boerum Hill,Brooklyn,BK0202,40.69061214193,-73.98346311665
restaurant,TEPPAN TERRITORY,Japanese,Downtown Brooklyn-DUMBO-Boerum Hill,Brooklyn,BK0202,40.69082623269,-73.98345224546
restaurant,TERIYAKI ONE,Japanese,Downtown Brooklyn-DUMBO-Boerum Hill,Brooklyn,BK0202,40.69223482725,-73.98762047375
restaurant,TERIYAKI ONE,Other,Downtown Brooklyn-DUMBO-Boerum Hill,Brooklyn,BK0202,40.68960745236,-73.98276742909
restaurant,THANK YOU COME AGAIN,Thai,Downtown Brooklyn-DUMBO-Boerum Hill,Brooklyn,BK0202,40.69061214193,-73.98346311665
restaurant,THE BROOKLYN INN,American,Downtown Brooklyn-DUMBO-Boerum Hill,Brooklyn,BK0202,40.68576547248,-73.98835363371
restaurant,THE DUMBO STATION,American,Downtown Brooklyn-DUMBO-Boerum Hill,Brooklyn,BK0202,40.70256075285,-73.98851298519
restaurant,THE GREAT ROOM,American,Downtown Brooklyn-DUMBO-Boerum Hill,Brooklyn,BK0202,40.69359087651,-73.98890399652
restaurant,THE LITTLE PIG,American,Downtown Brooklyn-DUMBO-Boerum Hill,Brooklyn,BK0202,40.68558613979,-73.98136946984
restaurant,THE LITTLE SWEET CAFE,Coffee/Tea,Downtown Brooklyn-DUMBO-Boerum Hill,Brooklyn,BK0202,40.68818892783,-73.98669813846
restaurant,THE MAIZ PROJECT,Spanish,Downtown Brooklyn-DUMBO-Boerum Hill,Brooklyn,BK0202,40.70329390633,-73.9920473635
restaurant,THE RIVER CAFE,American,Downtown Brooklyn-DUMBO-Boerum Hill,Brooklyn,BK0202,40.70295918024,-73.99433760709
restaurant,THE ROGUE PANDA,American,Downtown Brooklyn-DUMBO-Boerum Hill,Brooklyn,BK0202,40.70329390633,-73.9920473635
restaurant,THE SHOWROOM BAKEHOUSE,Bakery Products/Desserts,Downtown Brooklyn-DUMBO-Boerum Hill,Brooklyn,BK0202,40.69082623269,-73.98345224546
restaurant,THE SOUL SPOT,Soul Food,Downtown Brooklyn-DUMBO-Boerum Hill,Brooklyn,BK0202,40.68836479487,-73.98856592177
restaurant,TOMMY'S BAR & BURGER,American,Downtown Brooklyn-DUMBO-Boerum Hill,Brooklyn,BK0202,40.70304922509,-73.98758239155
restaurant,TOUS LES JOURS,Bakery Products/Desserts,Downtown Brooklyn-DUMBO-Boerum Hill,Brooklyn,BK0202,40.70151201819,-73.9863925204
restaurant,TROPIC DELI & GRILL,Sandwiches,Downtown Brooklyn-DUMBO-Boerum Hill,Brooklyn,BK0202,40.68706142004,-73.99362141676
restaurant,TWENTYONEGRAINS,Other,Downtown Brooklyn-DUMBO-Boerum Hill,Brooklyn,BK0202,40.69082623269,-73.98345224546
restaurant,TWO8TWO BAR & BURGER,American,Downtown Brooklyn-DUMBO-Boerum Hill,Brooklyn,BK0202,40.68875739868,-73.98962957952
restaurant,UPWELL/ GAIR,American,Downtown Brooklyn-DUMBO-Boerum Hill,Brooklyn,BK0202,40.70309059564,-73.98958045509
restaurant,USAGINY,Japanese,Downtown Brooklyn-DUMBO-Boerum Hill,Brooklyn,BK0202,40.7037682693,-73.98681403773
restaurant,VAN LEEUWEN ICE CREAM,Frozen Desserts,Downtown Brooklyn-DUMBO-Boerum Hill,Brooklyn,BK0202,40.68655612489,-73.99002294766
restaurant,VAN LEEUWEN ICE CREAM,Frozen Desserts,Downtown Brooklyn-DUMBO-Boerum Hill,Brooklyn,BK0202,40.69082623269,-73.98345224546
restaurant,VIDAL CAFE,American,Downtown Brooklyn-DUMBO-Boerum Hill,Brooklyn,BK0202,40.689368716,-73.98316413803
restaurant,VINEGAR HILL HOUSE,New American,Downtown Brooklyn-DUMBO-Boerum Hill,Brooklyn,BK0202,40.7027409328,-73.98114465411
restaurant,WALK UP BAR -TIME OUT BAR,Other,Downtown Brooklyn-DUMBO-Boerum Hill,Brooklyn,BK0202,40.70329390633,-73.9920473635
restaurant,WANISA KITCHEN,Thai,Downtown Brooklyn-DUMBO-Boerum Hill,Brooklyn,BK0202,40.68692120733,-73.99034380447
restaurant,WATER STREET TAVERN,American,Downtown Brooklyn-DUMBO-Boerum Hill,Brooklyn,BK0202,40.70256878771,-73.98667001195
restaurant,WAYLA,Thai,Downtown Brooklyn-DUMBO-Boerum Hill,Brooklyn,BK0202,40.70329390633,-73.9920473635
restaurant,WESTVILLE,Californian,Downtown Brooklyn-DUMBO-Boerum Hill,Brooklyn,BK0202,40.70196524537,-73.98964554983
restaurant,WHITE NOISE COFFEE,Coffee/Tea,Downtown Brooklyn-DUMBO-Boerum Hill,Brooklyn,BK0202,40.68938585499,-73.9886090166
restaurant,WIKI WIKI,Hawaiian,Downtown Brooklyn-DUMBO-Boerum Hill,Brooklyn,BK0202,40.69082623269,-73.98345224546
restaurant,WONDER,Fusion,Downtown Brooklyn-DUMBO-Boerum Hill,Brooklyn,BK0202,40.68748017295,-73.98224514298
restaurant,WOVEN,"Juice, Smoothies, Fruit Salads",Downtown Brooklyn-DUMBO-Boerum Hill,Brooklyn,BK0202,40.68803532933,-73.98767173775
restaurant,WXYZ BAR & LOUNGE,American,Downtown Brooklyn-DUMBO-Boerum Hill,Brooklyn,BK0202,40.69159215444,-73.98437879729
restaurant,XI'AN FAMOUS FOODS,Asian/Asian Fusion,Downtown Brooklyn-DUMBO-Boerum Hill,Brooklyn,BK0202,40.69219629911,-73.98671536607
restaurant,XOCHITL TAQUERIA,Mexican,Downtown Brooklyn-DUMBO-Boerum Hill,Brooklyn,BK0202,40.68566965856,-73.99119132144
restaurant,YAFA CAFE,Coffee/Tea,Downtown Brooklyn-DUMBO-Boerum Hill,Brooklyn,BK0202,40.68541827123,-73.97884915541
restaurant,YUMMY PICKS,Sandwiches,Downtown Brooklyn-DUMBO-Boerum Hill,Brooklyn,BK0202,40.68831821043,-73.98936281706
restaurant,ZIGGY'S ROMAN CAFE,Italian,Downtown Brooklyn-DUMBO-Boerum Hill,Brooklyn,BK0202,40.70359572612,-73.99065515881
restaurant,66 & 11 CORNER KITCHEN,Other,Dyker Heights,Brooklyn,BK1002,40.62845491444,-74.00612798508
restaurant,66 CLUB,Chinese,Dyker Heights,Brooklyn,BK1002,40.6316795036,-74.01261683994
restaurant,98K,Chicken,Dyker Heights,Brooklyn,BK1002,40.63419664674,-74.01088793088
restaurant,98K CHICKEN & BURGERS,Chinese,Dyker Heights,Brooklyn,BK1002,40.62812771322,-74.01298362705
restaurant,A LO MEXA GUATELINDA,Latin American,Dyker Heights,Brooklyn,BK1002,40.62449435456,-73.99949206677
restaurant,ABE SUSHI,Japanese,Dyker Heights,Brooklyn,BK1002,40.61789820791,-74.00993793455
restaurant,ACE BURGER & CRISPY CHICKEN,Chinese,Dyker Heights,Brooklyn,BK1002,40.62953326176,-74.01087635924
restaurant,ANNABELLE'S PASTARIA,Italian,Dyker Heights,Brooklyn,BK1002,40.61860753141,-74.02143936857
restaurant,AROMA COFFEE DELI,Sandwiches/Salads/Mixed Buffet,Dyker Heights,Brooklyn,BK1002,40.62015185549,-74.00759328599
restaurant,BAMBOO GARDEN,Chinese,Dyker Heights,Brooklyn,BK1002,40.63309861946,-74.01202984804
restaurant,BIG 5 SEAFOOD RESTAURANT,Chinese,Dyker Heights,Brooklyn,BK1002,40.62245486454,-74.00516923283
restaurant,BK SEAFOOD MARKET,Chinese,Dyker Heights,Brooklyn,BK1002,40.63262388288,-74.01092370134
restaurant,BLEND SALAD & JUICE BAR,"Juice, Smoothies, Fruit Salads",Dyker Heights,Brooklyn,BK1002,40.61827434149,-74.00873491395
restaurant,BURGER KING,Hamburgers,Dyker Heights,Brooklyn,BK1002,40.62510369174,-73.99883282358
restaurant,BURGERFI,American,Dyker Heights,Brooklyn,BK1002,40.61857460477,-74.02138172527
restaurant,CAFFE SETTE BELLO,Coffee/Tea,Dyker Heights,Brooklyn,BK1002,40.62128277887,-74.00641189704
restaurant,CAVATAPPI,Italian,Dyker Heights,Brooklyn,BK1002,40.61728331903,-74.01057539182
restaurant,CHICK N' BAOS,Chicken,Dyker Heights,Brooklyn,BK1002,40.62132395284,-74.0063722769
restaurant,CHINA ROYAL,Chinese,Dyker Heights,Brooklyn,BK1002,40.62506252593,-73.99998919282
restaurant,CHONGQING WHARF,Chinese,Dyker Heights,Brooklyn,BK1002,40.63147406204,-74.0079764698
restaurant,COOKIES N' CREAM,Bakery Products/Desserts,Dyker Heights,Brooklyn,BK1002,40.62243016035,-74.00519444667
restaurant,COZY NEST CAFE,Coffee/Tea,Dyker Heights,Brooklyn,BK1002,40.62524640346,-74.0022947314
restaurant,CUCI,Chinese,Dyker Heights,Brooklyn,BK1002,40.62901442486,-74.01161841167
restaurant,D & S BAKERY,Bakery Products/Desserts,Dyker Heights,Brooklyn,BK1002,40.62515856133,-73.99729099571
restaurant,DOMINO'S,Pizza,Dyker Heights,Brooklyn,BK1002,40.61896876508,-74.00882505677
restaurant,DOUBLE DRAGON RESTAURANT,Chinese,Dyker Heights,Brooklyn,BK1002,40.61900170499,-74.00879264255
restaurant,DUNKIN',Donuts,Dyker Heights,Brooklyn,BK1002,40.63366653396,-74.01425651854
restaurant,DUNKIN' / BASKIN ROBBINS,Donuts,Dyker Heights,Brooklyn,BK1002,40.62455473952,-73.99943082608
restaurant,"DUNKIN', 'BASKIN ROBBINS",Donuts,Dyker Heights,Brooklyn,BK1002,40.6196056045,-74.00815875307
restaurant,DYKER PARK BAGELS,Sandwiches,Dyker Heights,Brooklyn,BK1002,40.61867338596,-74.02154745125
restaurant,EAST HARBOR SEAFOOD PALACE,Seafood,Dyker Heights,Brooklyn,BK1002,40.63361713414,-74.01420606794
restaurant,FONDA GARIBALDI,Mexican,Dyker Heights,Brooklyn,BK1002,40.62455470124,-74.00301518085
restaurant,FU LAI,Chinese,Dyker Heights,Brooklyn,BK1002,40.62804535989,-74.0130700723
restaurant,FUJIYAMA,Japanese,Dyker Heights,Brooklyn,BK1002,40.62134591391,-74.0063218483
restaurant,GENNARO'S CATERING HALL,Italian,Dyker Heights,Brooklyn,BK1002,40.62528483129,-74.00225150386
restaurant,GOLDEN CAPITAL RESTAURANT,Chinese,Dyker Heights,Brooklyn,BK1002,40.62851530312,-74.00606314419
restaurant,HOT POT 828,Chinese,Dyker Heights,Brooklyn,BK1002,40.63275561128,-74.01114349446
restaurant,INDIGO MURPHY'S,American,Dyker Heights,Brooklyn,BK1002,40.62765003827,-74.01369323303
restaurant,J&A SUSHI,Japanese,Dyker Heights,Brooklyn,BK1002,40.63198189932,-74.00718392153
restaurant,JADE BAKERY,Chinese,Dyker Heights,Brooklyn,BK1002,40.6341719413,-74.01091314705
restaurant,JEHOVA JIREH DELI GROCERY,Latin American,Dyker Heights,Brooklyn,BK1002,40.62191960399,-74.00574914926
restaurant,JIA WEI,Chinese,Dyker Heights,Brooklyn,BK1002,40.62901991187,-74.01164363089
restaurant,JIMMY'S PLACE,American,Dyker Heights,Brooklyn,BK1002,40.6224246693,-74.0052268665
restaurant,JOHN HUGHES KNIGHTS OF COLUMBUS CLUB,American,Dyker Heights,Brooklyn,BK1002,40.61381634735,-74.01350669338
restaurant,JOHN'S DELI,Italian,Dyker Heights,Brooklyn,BK1002,40.61567196264,-74.01225721605
restaurant,KITCHEN 11,Chinese,Dyker Heights,Brooklyn,BK1002,40.62845491444,-74.00612798508
restaurant,KOMOREBI FULL HOUSE RESTAURANT,Japanese,Dyker Heights,Brooklyn,BK1002,40.6302693025,-74.00421513123
restaurant,KRISPY PIZZA,Pizza,Dyker Heights,Brooklyn,BK1002,40.62244937351,-74.00520165268
restaurant,LA CHOLITA MEXICANA,Mexican,Dyker Heights,Brooklyn,BK1002,40.62432964239,-73.99754679664
restaurant,LAS CHELITAS,Mexican,Dyker Heights,Brooklyn,BK1002,40.6213321878,-74.00636147111
restaurant,LUCKY 11 BAKERY,Bakery Products/Desserts,Dyker Heights,Brooklyn,BK1002,40.62962974049,-74.00490679787
restaurant,MAGUEY RESTAURANT,Mexican,Dyker Heights,Brooklyn,BK1002,40.62395637804,-74.00005043268
restaurant,MAMA RAO'S RESTAURANT & BAR,Italian,Dyker Heights,Brooklyn,BK1002,40.6291191869,-74.00543634443
restaurant,MARCELA COCINA MEXICANA,Mexican,Dyker Heights,Brooklyn,BK1002,40.62757591961,-74.01377247344
restaurant,MARIA'S PIZZA,Pizza,Dyker Heights,Brooklyn,BK1002,40.62764455128,-74.0136716167
restaurant,MARIO'S PIZZA,Pizza,Dyker Heights,Brooklyn,BK1002,40.62502409894,-73.99992795216
restaurant,MEZE,Greek,Dyker Heights,Brooklyn,BK1002,40.62528483178,-74.00222628701
restaurant,MI BELLO QUETZAL,Latin American,Dyker Heights,Brooklyn,BK1002,40.6239261854,-74.00008285365
restaurant,MIRNA'S PUPUSERIA,Latin American,Dyker Heights,Brooklyn,BK1002,40.61579780633,-74.01567183311
restaurant,MONTE HOREB DELI & GROCERY,Latin American,Dyker Heights,Brooklyn,BK1002,40.62076947443,-74.00692335448
restaurant,MOON FLOWER,Chicken,Dyker Heights,Brooklyn,BK1002,40.61953972658,-74.00820197013
restaurant,MR. WISH,Coffee/Tea,Dyker Heights,Brooklyn,BK1002,40.62962150583,-74.00491400254
restaurant,MY THREE SONS DINER,American,Dyker Heights,Brooklyn,BK1002,40.6284713841,-74.00610997371
restaurant,NEW CHINA,Chinese,Dyker Heights,Brooklyn,BK1002,40.63020616913,-74.00430519405
restaurant,NEW GARDEN,Chinese,Dyker Heights,Brooklyn,BK1002,40.62241643446,-74.00523767261
restaurant,NEW ONE LUCKY CHINESE RESTAURANT,Chinese,Dyker Heights,Brooklyn,BK1002,40.62963797515,-74.00489959319
restaurant,NEW PARKWAY RESTAURANT,American,Dyker Heights,Brooklyn,BK1002,40.62019577513,-74.00754646331
restaurant,NEW PHOENIX,Chinese,Dyker Heights,Brooklyn,BK1002,40.63106767809,-74.00996872495
restaurant,NEW YEE LI RESTAURANT,Chinese,Dyker Heights,Brooklyn,BK1002,40.62996974523,-74.01019192524
restaurant,ONE BAKERY,Bakery Products/Desserts,Dyker Heights,Brooklyn,BK1002,40.62970934272,-74.00482394289
restaurant,OTANI SUSHI,Asian/Asian Fusion,Dyker Heights,Brooklyn,BK1002,40.62760337221,-74.01373285127
restaurant,PARC OASIS,Seafood,Dyker Heights,Brooklyn,BK1002,40.62913565765,-74.0053931144
restaurant,PARK ASIA RESTAURANT,Chinese,Dyker Heights,Brooklyn,BK1002,40.63181397353,-74.01283663382
restaurant,PHO TABLE,Other,Dyker Heights,Brooklyn,BK1002,40.6290089342,-74.01162921854
restaurant,POPEYES LOUISIANA CHICKEN,Chicken,Dyker Heights,Brooklyn,BK1002,40.62756768396,-74.01378327932
restaurant,Q&I Bakery,Chinese,Dyker Heights,Brooklyn,BK1002,40.62848236381,-74.00609916698
restaurant,RAINBOW 1 BAKERY,Chinese,Dyker Heights,Brooklyn,BK1002,40.631954449,-74.00722354901
restaurant,RAKUZEN,Japanese,Dyker Heights,Brooklyn,BK1002,40.6310430844,-74.00862130465
restaurant,RINCONCITO CHAPIN 2,Latin American,Dyker Heights,Brooklyn,BK1002,40.62130473996,-74.00636146849
restaurant,RUNNING KIDS,American,Dyker Heights,Brooklyn,BK1002,40.63248940928,-74.01070390865
restaurant,S CAKE,Chinese,Dyker Heights,Brooklyn,BK1002,40.63153171045,-74.00786118889
restaurant,SABOR ANDINO,Latin American,Dyker Heights,Brooklyn,BK1002,40.62567459965,-73.9982708349
restaurant,SHADAI DELI,Spanish,Dyker Heights,Brooklyn,BK1002,40.6184883884,-74.00932207426
restaurant,SOMETHINGREEK,Mediterranean,Dyker Heights,Brooklyn,BK1002,40.61896053017,-74.00883225981
restaurant,SPORTING CLUB GJOA,American,Dyker Heights,Brooklyn,BK1002,40.63366976082,-74.00963404911
restaurant,SUBWAY,Sandwiches/Salads/Mixed Buffet,Dyker Heights,Brooklyn,BK1002,40.62011617257,-74.00760408829
restaurant,SUNRISE BAKERY,Bakery Products/Desserts,Dyker Heights,Brooklyn,BK1002,40.63024734236,-74.00426556729
restaurant,SZECHUAN DELIGHT NY,Chinese,Dyker Heights,Brooklyn,BK1002,40.61873649494,-74.02165913529
restaurant,TAQUITOS MEXICO RESTAURANT,Mexican,Dyker Heights,Brooklyn,BK1002,40.62330037233,-74.00073486893
restaurant,TASTE GOOD,Chinese,Dyker Heights,Brooklyn,BK1002,40.6302244792,-74.01501594461
restaurant,TASTE OF CHINA,Chinese,Dyker Heights,Brooklyn,BK1002,40.61848839045,-74.00929685999
restaurant,TASTY NOODLE HOUSE,Chinese,Dyker Heights,Brooklyn,BK1002,40.63366410485,-74.01144268414
restaurant,TEA FLOWER BAKERY,Bakery Products/Desserts,Dyker Heights,Brooklyn,BK1002,40.62995601971,-74.01020993643
restaurant,THE BROTHERS BAGELS,Bagels/Pretzels,Dyker Heights,Brooklyn,BK1002,40.62763082522,-74.01368962654
restaurant,THUMBS UP KONGFU KITCHEN,Chinese,Dyker Heights,Brooklyn,BK1002,40.62812771322,-74.01298362705
restaurant,TONY'S PIZZERIA,Pizza,Dyker Heights,Brooklyn,BK1002,40.61951776675,-74.00822357998
restaurant,TWIST COFFEE,Coffee/Tea,Dyker Heights,Brooklyn,BK1002,40.61840054792,-74.00941211277
restaurant,UNCLE LOUIE G'S,Frozen Desserts,Dyker Heights,Brooklyn,BK1002,40.62073645463,-74.00817330047
restaurant,WANG WANG NOODLE 2,Chinese,Dyker Heights,Brooklyn,BK1002,40.63000268711,-74.01014149303
restaurant,WEI XIAN INC,Chinese,Dyker Heights,Brooklyn,BK1002,40.62951130041,-74.01090877937
restaurant,WU GU YU FEN,Chinese,Dyker Heights,Brooklyn,BK1002,40.63422135218,-74.0108627147
restaurant,Y & Y BAKERY,Bakery Products/Desserts,Dyker Heights,Brooklyn,BK1002,40.62570479172,-73.99823480983
restaurant,YI POH KITCHEN ASIAN CUISINES,Chinese,Dyker Heights,Brooklyn,BK1002,40.62908350421,-74.00544714935
restaurant,ZHENG LU WEI,Chinese,Dyker Heights,Brooklyn,BK1002,40.63334293169,-74.01177409041
restaurant,ZHENGXIN CHICKEN STEAK,Chicken,Dyker Heights,Brooklyn,BK1002,40.63344998927,-74.01166602391
restaurant,1.50 HOT PIZZA,Pizza,East Flatbush-Erasmus,Brooklyn,BK1701,40.65018903306,-73.95865050158
restaurant,98K SANDWICH FRIED CHICKEN,Chicken,East Flatbush-Erasmus,Brooklyn,BK1701,40.65082207148,-73.94931268557
restaurant,ABE'S CORNER,Jewish/Kosher,East Flatbush-Erasmus,Brooklyn,BK1701,40.65489687066,-73.95293521366
restaurant,AHMANI'S JUS JUICE & HEALTH KITCHEN,"Juice, Smoothies, Fruit Salads",East Flatbush-Erasmus,Brooklyn,BK1701,40.65221385098,-73.94971165326
restaurant,AKWAABA RESTAURANT,African,East Flatbush-Erasmus,Brooklyn,BK1701,40.65602528322,-73.95369126984
restaurant,AUNTS ET UNCLES,Vegan,East Flatbush-Erasmus,Brooklyn,BK1701,40.65211778054,-73.94970451824
restaurant,BACK HOME BAKERY,Bakery Products/Desserts,East Flatbush-Erasmus,Brooklyn,BK1701,40.65106410641,-73.94445817677
restaurant,"BAGELS, SALADS, URWAY",Salads,East Flatbush-Erasmus,Brooklyn,BK1701,40.65583380309,-73.94296931649
restaurant,BAI LI CHINESE RESTAURANT,Chinese,East Flatbush-Erasmus,Brooklyn,BK1701,40.65066955788,-73.95208771455
restaurant,BAKE AND THINGS RESTAURANT,Caribbean,East Flatbush-Erasmus,Brooklyn,BK1701,40.65063331195,-73.94473963169
restaurant,BEBE FRITAY,Creole,East Flatbush-Erasmus,Brooklyn,BK1701,40.65042268083,-73.95245547699
restaurant,BK ASIAN EXPRESS 88 INC,Other,East Flatbush-Erasmus,Brooklyn,BK1701,40.65576302846,-73.9501162262
restaurant,BLAKE'S INTERNATIONAL RESTAURANT,Caribbean,East Flatbush-Erasmus,Brooklyn,BK1701,40.64493709176,-73.94893160193
restaurant,BLUE MOUNTAIN REST & BAKERY,Caribbean,East Flatbush-Erasmus,Brooklyn,BK1701,40.64814400715,-73.95819771452
restaurant,BLUELINE FRY PLANTAIN,Caribbean,East Flatbush-Erasmus,Brooklyn,BK1701,40.64661424396,-73.94913571638
restaurant,BROOKLYN HUNGRY KITCHEN,Soul Food,East Flatbush-Erasmus,Brooklyn,BK1701,40.65037876286,-73.95245190464
restaurant,BROOKLYN PIZZA & WINGS,Pizza,East Flatbush-Erasmus,Brooklyn,BK1701,40.64044092287,-73.94844862043
restaurant,BROOKLYN TAQUERIA,Mexican,East Flatbush-Erasmus,Brooklyn,BK1701,40.65585557956,-73.94260528733
restaurant,BROOKLYN WAFFLE HOUSE,Caribbean,East Flatbush-Erasmus,Brooklyn,BK1701,40.64837097672,-73.94930014023
restaurant,BURGER KING,Hamburgers,East Flatbush-Erasmus,Brooklyn,BK1701,40.647877749,-73.95815824204
restaurant,BURGER KING,Hamburgers,East Flatbush-Erasmus,Brooklyn,BK1701,40.65072939623,-73.95079751606
restaurant,Brooklyn Suya,African,East Flatbush-Erasmus,Brooklyn,BK1701,40.65427652392,-73.95287078137
restaurant,CAFE 101,Coffee/Tea,East Flatbush-Erasmus,Brooklyn,BK1701,40.65437520507,-73.94633308505
restaurant,CARIBBEAN VIBES JAMAICAN RESTAURANT AND BAKERY,Caribbean,East Flatbush-Erasmus,Brooklyn,BK1701,40.65128882705,-73.94963667306
restaurant,CHEZ MACOULE RESTAURANT,Creole,East Flatbush-Erasmus,Brooklyn,BK1701,40.64256126322,-73.95158548779
restaurant,CHINA KITCHEN,Chinese,East Flatbush-Erasmus,Brooklyn,BK1701,40.650947028,-73.94644757103
restaurant,CHURCH AVE HOT PIZZA,Pizza,East Flatbush-Erasmus,Brooklyn,BK1701,40.65081662652,-73.94941359586
restaurant,CIAO BELLA COFFEE,Coffee/Tea,East Flatbush-Erasmus,Brooklyn,BK1701,40.6553680485,-73.95073641713
restaurant,CLAUDE FRITAILLE RESTAURANT,Caribbean,East Flatbush-Erasmus,Brooklyn,BK1701,40.65086559231,-73.94842611921
restaurant,COCOA BEAN JUICE AND SALAD BAR,Caribbean,East Flatbush-Erasmus,Brooklyn,BK1701,40.64931249199,-73.94942555183
restaurant,COOKLYN EATS,Soul Food,East Flatbush-Erasmus,Brooklyn,BK1701,40.65075403259,-73.95064253496
restaurant,CRAVE N MUNCH,Other,East Flatbush-Erasmus,Brooklyn,BK1701,40.65590973109,-73.95302459801
restaurant,D AND P RESTAURANT,Caribbean,East Flatbush-Erasmus,Brooklyn,BK1701,40.65101796418,-73.94553935584
restaurant,DA KICH'N,Caribbean,East Flatbush-Erasmus,Brooklyn,BK1701,40.64660346711,-73.95627438128
restaurant,DEIA,Latin American,East Flatbush-Erasmus,Brooklyn,BK1701,40.65582464737,-73.95303547034
restaurant,DOMINO'S,Pizza,East Flatbush-Erasmus,Brooklyn,BK1701,40.64829137491,-73.94929299364
restaurant,DUNKIN,Donuts,East Flatbush-Erasmus,Brooklyn,BK1701,40.65585286546,-73.94266655876
restaurant,DUNKIN',Donuts,East Flatbush-Erasmus,Brooklyn,BK1701,40.65039397655,-73.94951842682
restaurant,EAST COAST,Caribbean,East Flatbush-Erasmus,Brooklyn,BK1701,40.65549251434,-73.95299966461
restaurant,EVERFRESH RESTAURANT,Caribbean,East Flatbush-Erasmus,Brooklyn,BK1701,40.64161026599,-73.94859544849
restaurant,EXQUISITE EXPRESS,Caribbean,East Flatbush-Erasmus,Brooklyn,BK1701,40.65075674319,-73.95056324963
restaurant,FLAMING GRILL BUFFET,Chinese/Japanese,East Flatbush-Erasmus,Brooklyn,BK1701,40.64657080796,-73.95700952907
restaurant,FRIED CHICKEN WITH THE SAUCE,Caribbean,East Flatbush-Erasmus,Brooklyn,BK1701,40.65042373302,-73.94853817895
restaurant,FRUTANGO JUICE BAR,Other,East Flatbush-Erasmus,Brooklyn,BK1701,40.6504083676,-73.9579692529
restaurant,FRY FACTORY,Chicken,East Flatbush-Erasmus,Brooklyn,BK1701,40.65033618968,-73.95580703987
restaurant,GC BAKERY,Caribbean,East Flatbush-Erasmus,Brooklyn,BK1701,40.64631778367,-73.94908189005
restaurant,GOLDEN BIRD CHINESE RESTAURANT,Chinese,East Flatbush-Erasmus,Brooklyn,BK1701,40.64549979905,-73.94899242912
restaurant,GOLDEN KRUST CARIBBEAN BAKERY & GRILL,Caribbean,East Flatbush-Erasmus,Brooklyn,BK1701,40.64033388126,-73.94845951311
restaurant,GOOD FRIENDS 1,Chinese,East Flatbush-Erasmus,Brooklyn,BK1701,40.65315811038,-73.94983707587
restaurant,H.Q. LOUNGE,American,East Flatbush-Erasmus,Brooklyn,BK1701,40.64661423436,-73.94911409501
restaurant,HALAL MUNCHIES,Other,East Flatbush-Erasmus,Brooklyn,BK1701,40.65100150064,-73.94555018074
restaurant,HALSEY GRILL TAKEOUT,American,East Flatbush-Erasmus,Brooklyn,BK1701,40.64508009814,-73.94955849752
restaurant,HARVEST HOUSE,Coffee/Tea,East Flatbush-Erasmus,Brooklyn,BK1701,40.65067786292,-73.95225708637
restaurant,IHOP,Pancakes/Waffles,East Flatbush-Erasmus,Brooklyn,BK1701,40.65041654897,-73.95782509697
restaurant,IMMACULEE BAKERY,Bakery Products/Desserts,East Flatbush-Erasmus,Brooklyn,BK1701,40.65202445329,-73.9496937773
restaurant,Juici Patties,Bakery Products/Desserts,East Flatbush-Erasmus,Brooklyn,BK1701,40.65081662016,-73.9493991807
restaurant,K&T'S ITAL VITAL JUICE BAR CO.,Vegetarian,East Flatbush-Erasmus,Brooklyn,BK1701,40.65521279219,-73.95360173528
restaurant,KAY NOU YORK RESTO RESTAURENT,Caribbean,East Flatbush-Erasmus,Brooklyn,BK1701,40.65134788848,-73.94671032685
restaurant,KENNEDY FRIED CHICKEN,Chicken,East Flatbush-Erasmus,Brooklyn,BK1701,40.64538726786,-73.94900332597
restaurant,KENNEDY FRIED CHICKEN,Chicken,East Flatbush-Erasmus,Brooklyn,BK1701,40.65139037914,-73.94962578464
restaurant,KENNEDY FRIED CHICKEN,Chicken,East Flatbush-Erasmus,Brooklyn,BK1701,40.63842565154,-73.95345491543
restaurant,KENNY'S ROASTERS,Chinese,East Flatbush-Erasmus,Brooklyn,BK1701,40.63870065845,-73.94828782902
restaurant,KREYOL FLAVOR,Caribbean,East Flatbush-Erasmus,Brooklyn,BK1701,40.65071850514,-73.95100293988
restaurant,LA BAGUETTE SHOP,Bakery Products/Desserts,East Flatbush-Erasmus,Brooklyn,BK1701,40.65068058667,-73.95220663144
restaurant,LA BAGUETTE SHOP,Bakery Products/Desserts,East Flatbush-Erasmus,Brooklyn,BK1701,40.64047935304,-73.94845579708
restaurant,LEGOUTER KITCHEN,Caribbean,East Flatbush-Erasmus,Brooklyn,BK1701,40.64413008769,-73.94884573969
restaurant,LIPS CAFE,Coffee/Tea,East Flatbush-Erasmus,Brooklyn,BK1701,40.65205465694,-73.94971898144
restaurant,LITTLE ROY COFFEE CO.,Coffee/Tea,East Flatbush-Erasmus,Brooklyn,BK1701,40.65197778888,-73.94968660491
restaurant,MCDONALD'S,Hamburgers,East Flatbush-Erasmus,Brooklyn,BK1701,40.64872319254,-73.9582982532
restaurant,MICHELLE'S COCKTAIL LOUNGE,Caribbean,East Flatbush-Erasmus,Brooklyn,BK1701,40.64767646862,-73.95573313233
restaurant,MR. P'S HOMEMADE ICE CREAM,Frozen Desserts,East Flatbush-Erasmus,Brooklyn,BK1701,40.65235384264,-73.94972956671
restaurant,NEW SOLDIERS RESTAURANT,Caribbean,East Flatbush-Erasmus,Brooklyn,BK1701,40.65583439585,-73.95012338076
restaurant,NOSTRAND COFFEE SHOP,American,East Flatbush-Erasmus,Brooklyn,BK1701,40.65097589681,-73.9495792494
restaurant,NYC MUNCHIES,Middle Eastern,East Flatbush-Erasmus,Brooklyn,BK1701,40.65236208647,-73.94975118372
restaurant,PAPA CARL BAKERY & RESTAURANT,Creole,East Flatbush-Erasmus,Brooklyn,BK1701,40.65101523139,-73.94556458469
restaurant,PEPPA'S JERK CHICKEN,Caribbean,East Flatbush-Erasmus,Brooklyn,BK1701,40.6405177816,-73.94845937052
restaurant,PIZZA HUT,Pizza,East Flatbush-Erasmus,Brooklyn,BK1701,40.65102257075,-73.94960804441
restaurant,PLENTY'S PARADISE,American,East Flatbush-Erasmus,Brooklyn,BK1701,40.64594574159,-73.95197220336
restaurant,PRIME GRIND COFFEE & ESPRESSO,Coffee/Tea,East Flatbush-Erasmus,Brooklyn,BK1701,40.64484777948,-73.95185408232
restaurant,REALCARIBBEANPOT RESTAURANT & BAKERY,Caribbean,East Flatbush-Erasmus,Brooklyn,BK1701,40.65080559643,-73.94929828297
restaurant,RETRO FITNESS - CHURCH AVE,"Juice, Smoothies, Fruit Salads",East Flatbush-Erasmus,Brooklyn,BK1701,40.65041654897,-73.95782509697
restaurant,SAMUELS TOP RANKING FISH SHOP,Caribbean,East Flatbush-Erasmus,Brooklyn,BK1701,40.65096348994,-73.94643314257
restaurant,SIP AND SAVOR,American,East Flatbush-Erasmus,Brooklyn,BK1701,40.65302909944,-73.94982275761
restaurant,SIP N CHAT COCKTAIL,Caribbean,East Flatbush-Erasmus,Brooklyn,BK1701,40.6408831994,-73.94926981891
restaurant,SNATCH & GO INTERNET CAFE & JUICE BAR,"Juice, Smoothies, Fruit Salads",East Flatbush-Erasmus,Brooklyn,BK1701,40.65100421971,-73.94549612149
restaurant,STEP ON TOP TAKE OUT RESTAURANT,Caribbean,East Flatbush-Erasmus,Brooklyn,BK1701,40.64082597161,-73.95021031058
restaurant,SUGAR'D,Caribbean,East Flatbush-Erasmus,Brooklyn,BK1701,40.63974805054,-73.9520343324
restaurant,SUSHI GINZA,Japanese,East Flatbush-Erasmus,Brooklyn,BK1701,40.64067698539,-73.94847366004
restaurant,SVG CARIBBEAN BAKERY AND RESTAURANT,Caribbean,East Flatbush-Erasmus,Brooklyn,BK1701,40.64639189595,-73.94908904037
restaurant,SWEET SUNDAYS CAFE,Coffee/Tea,East Flatbush-Erasmus,Brooklyn,BK1701,40.64509100893,-73.94940353958
restaurant,TASTE & FLAVORS BAKERY,Other,East Flatbush-Erasmus,Brooklyn,BK1701,40.64441821228,-73.94867255265
restaurant,TASTE THE TROPICS ICE CREAM,Frozen Desserts,East Flatbush-Erasmus,Brooklyn,BK1701,40.64079501746,-73.94848798153
restaurant,TASTEE PATTEE BAKERY AND GRILL,Caribbean,East Flatbush-Erasmus,Brooklyn,BK1701,40.64717507077,-73.95811904488
restaurant,TEX'S CHICKEN & BURGERS,Chicken,East Flatbush-Erasmus,Brooklyn,BK1701,40.64058366932,-73.94848814532
restaurant,TEXAS CHICKEN AND BURGERS,Chicken,East Flatbush-Erasmus,Brooklyn,BK1701,40.65584197637,-73.94284677132
restaurant,THANKS GIVING CHINESE FOOD,Chinese,East Flatbush-Erasmus,Brooklyn,BK1701,40.6436030737,-73.94881011129
restaurant,THE CAKE AMBIANCE,Bakery Products/Desserts,East Flatbush-Erasmus,Brooklyn,BK1701,40.65093871287,-73.952487542
restaurant,THE ROGER'S GARDEN,Caribbean,East Flatbush-Erasmus,Brooklyn,BK1701,40.65423809553,-73.95286720465
restaurant,THE SWISS SLICE,Pizza,East Flatbush-Erasmus,Brooklyn,BK1701,40.65561480256,-73.95009831721
restaurant,THE SWISS SLICE OF BROOKLYN NY,Pizza,East Flatbush-Erasmus,Brooklyn,BK1701,40.65067786292,-73.95225708637
restaurant,TIA ELI'S REATURANT,Mexican,East Flatbush-Erasmus,Brooklyn,BK1701,40.65049510053,-73.94854533123
restaurant,TONY SAZON PICAPOLLO,Chicken,East Flatbush-Erasmus,Brooklyn,BK1701,40.6498105665,-73.95238744389
restaurant,TRINI BREAKFAST SHED II,Caribbean,East Flatbush-Erasmus,Brooklyn,BK1701,40.65091181143,-73.94745305846
restaurant,TROPICAL TASTE RESTAURANT & BAKERY,Caribbean,East Flatbush-Erasmus,Brooklyn,BK1701,40.65151116528,-73.94966173137
restaurant,TROPICALFETE,Caribbean,East Flatbush-Erasmus,Brooklyn,BK1701,40.65309640997,-73.94691795184
restaurant,TULUN'S CARIBBEAN CUISINE,Caribbean,East Flatbush-Erasmus,Brooklyn,BK1701,40.65067788394,-73.95230753931
restaurant,ZANMI FRITAY,Creole,East Flatbush-Erasmus,Brooklyn,BK1701,40.64146478613,-73.94858114786
restaurant,A B CARIBBEAN RESTAURANT AND BAKERY,Other,East Flatbush-Farragut,Brooklyn,BK1702,40.64165381051,-73.93687029588
restaurant,BAMBOO WALK,Caribbean,East Flatbush-Farragut,Brooklyn,BK1702,40.6393326352,-73.92904641826
restaurant,C & T CUISINE,Caribbean,East Flatbush-Farragut,Brooklyn,BK1702,40.64213508306,-73.92908666662
restaurant,CHINA EXPRESS,Chinese,East Flatbush-Farragut,Brooklyn,BK1702,40.64159943713,-73.93782521971
restaurant,D-GARDEN CARIBBEAN BAR & GRILL,Caribbean,East Flatbush-Farragut,Brooklyn,BK1702,40.64190960919,-73.93297848012
restaurant,DRIFT BK RESTAURANT & LOUNGE,Caribbean,East Flatbush-Farragut,Brooklyn,BK1702,40.63707449441,-73.93504790042
restaurant,GOLDEN KRUST CARIBBEAN BAKERY & GRILL,Caribbean,East Flatbush-Farragut,Brooklyn,BK1702,40.63691930256,-73.93731075969
restaurant,GUYANA EX POLICE ASSOCIATION OF AMERICA,Caribbean,East Flatbush-Farragut,Brooklyn,BK1702,40.64426349416,-73.92664126623
restaurant,GYRO HUB AND FRIED CHICKEN,Chicken,East Flatbush-Farragut,Brooklyn,BK1702,40.63691656567,-73.93732517442
restaurant,ISLAND SEA LOUNGE,Caribbean,East Flatbush-Farragut,Brooklyn,BK1702,40.63736725354,-73.92885755378
restaurant,J LOFT,American,East Flatbush-Farragut,Brooklyn,BK1702,40.6354706426,-73.93348218026
restaurant,JAM.DOWN CARIBBEAN RESTAURANT,Caribbean,East Flatbush-Farragut,Brooklyn,BK1702,40.64227383207,-73.92711910143
restaurant,JJ'S COFFEE SHOP AND RESTAURANT FRITAILLE,Caribbean,East Flatbush-Farragut,Brooklyn,BK1702,40.63460854565,-73.93795425717
restaurant,JOLLIBEE,Filipino,East Flatbush-Farragut,Brooklyn,BK1702,40.63640789262,-73.92658868408
restaurant,KENNEDY FRIED CHICKEN,Chicken,East Flatbush-Farragut,Brooklyn,BK1702,40.64159670799,-73.9378540486
restaurant,LELLO'S PIZZA,Pizza,East Flatbush-Farragut,Brooklyn,BK1702,40.63459208477,-73.93796868418
restaurant,LILLI RESTAURANT,Caribbean,East Flatbush-Farragut,Brooklyn,BK1702,40.63943695695,-73.92907873548
restaurant,LITTLE JAMAICAN PRIDE,Caribbean,East Flatbush-Farragut,Brooklyn,BK1702,40.64165107367,-73.93688471166
restaurant,PANDA ABC,Chinese,East Flatbush-Farragut,Brooklyn,BK1702,40.6419123371,-73.9329496509
restaurant,PAPA JOHN'S,Pizza,East Flatbush-Farragut,Brooklyn,BK1702,40.6390959151,-73.9483055373
restaurant,POPEYES LOUISIANA KITCHEN,Chicken,East Flatbush-Farragut,Brooklyn,BK1702,40.64408142135,-73.92955303549
restaurant,ROUND 2 CAFE,Caribbean,East Flatbush-Farragut,Brooklyn,BK1702,40.64397162127,-73.92953873819
restaurant,ROWE'S RESTAURANT,Caribbean,East Flatbush-Farragut,Brooklyn,BK1702,40.64160486601,-73.9377135126
restaurant,SMASHBURGER,American,East Flatbush-Farragut,Brooklyn,BK1702,40.63638594591,-73.92660672336
restaurant,SUB01 FOOD CORP.,Sandwiches/Salads/Mixed Buffet,East Flatbush-Farragut,Brooklyn,BK1702,40.63981233876,-73.94838425042
restaurant,TROPICAL REFLECTIONS BALLROOM LLC,American,East Flatbush-Farragut,Brooklyn,BK1702,40.63489412741,-73.93329180194
restaurant,Vege Fusion,Vegetarian,East Flatbush-Farragut,Brooklyn,BK1702,40.63473149993,-73.94784055176
restaurant,YUMMY TACO BROOKLYN,Tex-Mex,East Flatbush-Farragut,Brooklyn,BK1702,40.64360023565,-73.94281045329
restaurant,BK PIZZA AND FRIED CHICKEN,Other,East Flatbush-Remsen Village,Brooklyn,BK1704,40.66263283505,-73.92032043914
restaurant,BKLYN WING HOUSE RALPH AVE,Other,East Flatbush-Remsen Village,Brooklyn,BK1704,40.64545303825,-73.92001311563
restaurant,BROOKLYN CAFE,American,East Flatbush-Remsen Village,Brooklyn,BK1704,40.65415603492,-73.91158376035
restaurant,BURGER KING,Hamburgers,East Flatbush-Remsen Village,Brooklyn,BK1704,40.65287203785,-73.9198059718
restaurant,CARIBBEAN BITES & WEST INDIAN CUISINE,Caribbean,East Flatbush-Remsen Village,Brooklyn,BK1704,40.65690535506,-73.91394080241
restaurant,CHINA MOON,Other,East Flatbush-Remsen Village,Brooklyn,BK1704,40.66392566144,-73.92442441718
restaurant,CHINA NO. 1 CHINESE RESTAURANT,Chinese,East Flatbush-Remsen Village,Brooklyn,BK1704,40.65577004012,-73.91531541964
restaurant,DOMINO'S,Pizza,East Flatbush-Remsen Village,Brooklyn,BK1704,40.66160102893,-73.920653279
restaurant,DUNKIN DONUTS,Donuts,East Flatbush-Remsen Village,Brooklyn,BK1704,40.66160102893,-73.920653279
restaurant,EL SHADDAI EATERY,Caribbean,East Flatbush-Remsen Village,Brooklyn,BK1704,40.65832629166,-73.9243947432
restaurant,FIX-U-PLATE,Caribbean,East Flatbush-Remsen Village,Brooklyn,BK1704,40.66080775083,-73.92060016122
restaurant,G S COFFEE SHOP,Other,East Flatbush-Remsen Village,Brooklyn,BK1704,40.64959492442,-73.91618818195
restaurant,GOLDEN KRUST CARIBBEAN BAKERY & GRILL,Caribbean,East Flatbush-Remsen Village,Brooklyn,BK1704,40.66467101362,-73.92258525258
restaurant,ISLAND FLAVOR JERK CUISINE,Caribbean,East Flatbush-Remsen Village,Brooklyn,BK1704,40.65533140346,-73.91603318187
restaurant,JOJO'S PIZZA,Pizza,East Flatbush-Remsen Village,Brooklyn,BK1704,40.65521348619,-73.91618109609
restaurant,KAM LONG KITCHEN KINGS,Chinese,East Flatbush-Remsen Village,Brooklyn,BK1704,40.66319630798,-73.92558227928
restaurant,KANSAS CHICKEN & BURGER,Chicken,East Flatbush-Remsen Village,Brooklyn,BK1704,40.66428759977,-73.92386170009
restaurant,KINGSTON 8,Caribbean,East Flatbush-Remsen Village,Brooklyn,BK1704,40.64921092244,-73.92041220797
restaurant,LITTLE CAESARS,Pizza,East Flatbush-Remsen Village,Brooklyn,BK1704,40.66467101362,-73.92258525258
restaurant,LUCKY CHANCE,Chinese,East Flatbush-Remsen Village,Brooklyn,BK1704,40.65601187935,-73.92354681498
restaurant,MORE THAN FRIES,American,East Flatbush-Remsen Village,Brooklyn,BK1704,40.66410116764,-73.92418271527
restaurant,NEW GOLDEN BILLION,Chinese,East Flatbush-Remsen Village,Brooklyn,BK1704,40.66214059458,-73.92718021322
restaurant,PITANT SPORT TEAM,American,East Flatbush-Remsen Village,Brooklyn,BK1704,40.65550211353,-73.91676458748
restaurant,POPEYES,Chicken,East Flatbush-Remsen Village,Brooklyn,BK1704,40.65384262257,-73.91829474316
restaurant,POPEYES LOUISIANA KITCHEN,Chicken,East Flatbush-Remsen Village,Brooklyn,BK1704,40.66463037012,-73.9233710898
restaurant,ROYAL FRIED CHICKEN,Chicken,East Flatbush-Remsen Village,Brooklyn,BK1704,40.65639552903,-73.91488213126
restaurant,RUTLAND HALAL GRILL,Other,East Flatbush-Remsen Village,Brooklyn,BK1704,40.66228866802,-73.9269529729
restaurant,RUTLAND ROAD JERK CHICKEN,Caribbean,East Flatbush-Remsen Village,Brooklyn,BK1704,40.66211317428,-73.92722349612
restaurant,SIX2 RESTAURANT & BAKERY,Caribbean,East Flatbush-Remsen Village,Brooklyn,BK1704,40.66014147216,-73.92162097345
restaurant,SOLDIER RESTAURANT,Caribbean,East Flatbush-Remsen Village,Brooklyn,BK1704,40.66465228493,-73.92330618277
restaurant,SUBWAY,Sandwiches,East Flatbush-Remsen Village,Brooklyn,BK1704,40.66160102893,-73.920653279
restaurant,SUN HING,Chinese,East Flatbush-Remsen Village,Brooklyn,BK1704,40.65831199939,-73.91571224632
restaurant,TASTY DELICIOUS BAKERY,Caribbean,East Flatbush-Remsen Village,Brooklyn,BK1704,40.66451792819,-73.92351179631
restaurant,TASTY DELICIOUS WEST INDIAN BAKERY & RESTAURANT,Caribbean,East Flatbush-Remsen Village,Brooklyn,BK1704,40.65122940024,-73.91802766975
restaurant,TERIYAKI & SUSHI,Japanese,East Flatbush-Remsen Village,Brooklyn,BK1704,40.655792001,-73.91531899572
restaurant,THA KITCHEN,Caribbean,East Flatbush-Remsen Village,Brooklyn,BK1704,40.66377761671,-73.92468771365
restaurant,THE ROCK BISTRO,Caribbean,East Flatbush-Remsen Village,Brooklyn,BK1704,40.66276032183,-73.92625319323
restaurant,TJ'S TASTY CORNER 2,Caribbean,East Flatbush-Remsen Village,Brooklyn,BK1704,40.66410116764,-73.92418271527
restaurant,TONY'S PIZZA II,Pizza,East Flatbush-Remsen Village,Brooklyn,BK1704,40.66473182553,-73.92321958185
restaurant,WB CARIBBEAN RESTAURANT,Caribbean,East Flatbush-Remsen Village,Brooklyn,BK1704,40.65476112805,-73.91690967577
restaurant,WENDY'S,Other,East Flatbush-Remsen Village,Brooklyn,BK1704,40.6481774609,-73.91462238223
restaurant,WOODZZY,Caribbean,East Flatbush-Remsen Village,Brooklyn,BK1704,40.66070904364,-73.92075166094
restaurant,A & P ROTI & PASTRY SHOP,Caribbean,East Flatbush-Rugby,Brooklyn,BK1703,40.65168273661,-73.93122436678
restaurant,ALL NATIONS,Caribbean,East Flatbush-Rugby,Brooklyn,BK1703,40.64617857269,-73.92977783573
restaurant,ALL NATIONS RESTAURANT & LOUNGE,American,East Flatbush-Rugby,Brooklyn,BK1703,40.64617857269,-73.92977783573
restaurant,AMERICAN BEST WINGS & PIZZA,Chicken,East Flatbush-Rugby,Brooklyn,BK1703,40.65129244675,-73.93034543932
restaurant,BEST BITES RESTAURANT & BAKERY,Bakery Products/Desserts,East Flatbush-Rugby,Brooklyn,BK1703,40.65156916064,-73.93412556904
restaurant,BOJANGLES,American,East Flatbush-Rugby,Brooklyn,BK1703,40.65250798469,-73.92125156829
restaurant,BON PÂTÉS,Creole,East Flatbush-Rugby,Brooklyn,BK1703,40.64501472187,-73.92967456451
restaurant,C & J CAFE NO 1,Caribbean,East Flatbush-Rugby,Brooklyn,BK1703,40.65307940293,-73.9305165543
restaurant,CARIBBEAN JERKEE'S DELIGHT,Caribbean,East Flatbush-Rugby,Brooklyn,BK1703,40.65045797906,-73.93025621958
restaurant,CHINA RESTAURANT,Chinese,East Flatbush-Rugby,Brooklyn,BK1703,40.65034542116,-73.93022030004
restaurant,CLARENDON CUISINE,Caribbean,East Flatbush-Rugby,Brooklyn,BK1703,40.6520778122,-73.92652452494
restaurant,COCONUT THYME CUISINE,Caribbean,East Flatbush-Rugby,Brooklyn,BK1703,40.66020805525,-73.93127681641
restaurant,DANNY'S TASTY DELIGHT,Caribbean,East Flatbush-Rugby,Brooklyn,BK1703,40.65530299375,-73.9310440225
restaurant,DOMINO'S,Pizza,East Flatbush-Rugby,Brooklyn,BK1703,40.65663666441,-73.93055968833
restaurant,DUNKIN,Donuts,East Flatbush-Rugby,Brooklyn,BK1703,40.64483903161,-73.92963511226
restaurant,DUNKIN,Donuts,East Flatbush-Rugby,Brooklyn,BK1703,40.65176717066,-73.93014312658
restaurant,DUNKIN',Donuts,East Flatbush-Rugby,Brooklyn,BK1703,40.65884382491,-73.93115207932
restaurant,FISH BONE,Caribbean,East Flatbush-Rugby,Brooklyn,BK1703,40.65153117865,-73.93490403393
restaurant,FLAVOR LAKAY,Caribbean,East Flatbush-Rugby,Brooklyn,BK1703,40.64481600227,-73.92367500388
restaurant,FOOTPRINTS CAFE,Caribbean,East Flatbush-Rugby,Brooklyn,BK1703,40.64494876831,-73.92112359229
restaurant,FOOTPRINTS CAFE,Caribbean,East Flatbush-Rugby,Brooklyn,BK1703,40.64501472187,-73.92967456451
restaurant,FORTUNE HOUSE OF CHEN,Chinese,East Flatbush-Rugby,Brooklyn,BK1703,40.65678621285,-73.92826371082
restaurant,FRIED CHICKEN WITH THE SAUCE EXPRESS,Caribbean,East Flatbush-Rugby,Brooklyn,BK1703,40.65157188884,-73.93409673568
restaurant,GOLDEN KRUST CARIBBEAN BAKERY & GRILL,Caribbean,East Flatbush-Rugby,Brooklyn,BK1703,40.65211044566,-73.93043467853
restaurant,GOLDEN STAR,Chinese,East Flatbush-Rugby,Brooklyn,BK1703,40.65112630351,-73.94256612579
restaurant,GT PARADISE CARIBBEAN CUISINE,Caribbean,East Flatbush-Rugby,Brooklyn,BK1703,40.65137089126,-73.93788455097
restaurant,GT STYLE FISH SHOP,Seafood,East Flatbush-Rugby,Brooklyn,BK1703,40.65159603643,-73.93313809206
restaurant,ISLAND JAVA,Coffee/Tea,East Flatbush-Rugby,Brooklyn,BK1703,40.65143079432,-73.93700155803
restaurant,ISLAND ROOTS JUICE BAR & CAFE,"Juice, Smoothies, Fruit Salads",East Flatbush-Rugby,Brooklyn,BK1703,40.651730423,-73.92841692546
restaurant,ITAL FUSION,Vegetarian,East Flatbush-Rugby,Brooklyn,BK1703,40.65161524147,-73.9331236574
restaurant,JAMAICAN FLAVORS,Caribbean,East Flatbush-Rugby,Brooklyn,BK1703,40.65170188945,-73.93112343947
restaurant,JUMBO HOUSE,Chinese,East Flatbush-Rugby,Brooklyn,BK1703,40.64977448291,-73.9301812584
restaurant,KENNEDY FRIED CHICKEN,Chicken,East Flatbush-Rugby,Brooklyn,BK1703,40.65034543433,-73.93024192262
restaurant,LINDA'S RESTAURANT BAKERY & LOUNGE,Caribbean,East Flatbush-Rugby,Brooklyn,BK1703,40.65232528396,-73.92721619499
restaurant,LUCKY WING,Chicken,East Flatbush-Rugby,Brooklyn,BK1703,40.65165584532,-73.93215778831
restaurant,MANDY'S LASAGNA WITH A TWIST,Italian,East Flatbush-Rugby,Brooklyn,BK1703,40.64501472187,-73.92967456451
restaurant,MCDONALD'S,Hamburgers,East Flatbush-Rugby,Brooklyn,BK1703,40.6561812034,-73.93084488673
restaurant,MCDONALD'S,Hamburgers,East Flatbush-Rugby,Brooklyn,BK1703,40.65252598418,-73.92351118235
restaurant,MCDONALD'S,Hamburgers,East Flatbush-Rugby,Brooklyn,BK1703,40.64491615006,-73.92158847883
restaurant,MONTEGO ISLAND CUISINE,Caribbean,East Flatbush-Rugby,Brooklyn,BK1703,40.65604073447,-73.9397038477
restaurant,MOTHER'S SEAFOOD & MORE,Seafood,East Flatbush-Rugby,Brooklyn,BK1703,40.65116976112,-73.94165792811
restaurant,MR C'S  BAKERY,Bakery Products/Desserts,East Flatbush-Rugby,Brooklyn,BK1703,40.65197523212,-73.92925996364
restaurant,NEW HONG KONG KITCHEN,Chinese,East Flatbush-Rugby,Brooklyn,BK1703,40.6522105924,-73.92814972212
restaurant,NEW SIU'S KITCHEN,Chinese,East Flatbush-Rugby,Brooklyn,BK1703,40.65141972194,-73.93683218881
restaurant,NORTH COAST SHARK AND BAKE,Caribbean,East Flatbush-Rugby,Brooklyn,BK1703,40.65193649615,-73.93332154598
restaurant,O'S GRILL SPOT,Caribbean,East Flatbush-Rugby,Brooklyn,BK1703,40.66065746387,-73.93006169415
restaurant,ORBITAL KITCHEN,Other,East Flatbush-Rugby,Brooklyn,BK1703,40.64501472187,-73.92967456451
restaurant,P&S BAKERY RESTAURANT,Caribbean,East Flatbush-Rugby,Brooklyn,BK1703,40.65071324572,-73.9302595555
restaurant,PAM'S BAKERY,Bakery Products/Desserts,East Flatbush-Rugby,Brooklyn,BK1703,40.6515608454,-73.93398502786
restaurant,PEPPA'S,Caribbean,East Flatbush-Rugby,Brooklyn,BK1703,40.65641452478,-73.9308698726
restaurant,POPEYES,Chicken,East Flatbush-Rugby,Brooklyn,BK1703,40.65587736395,-73.94225927825
restaurant,POPEYES,Chicken,East Flatbush-Rugby,Brooklyn,BK1703,40.65376044332,-73.93107085069
restaurant,PURITY CUISINE,Caribbean,East Flatbush-Rugby,Brooklyn,BK1703,40.65164478503,-73.93202085383
restaurant,QUALITY CHOICE RESTAURANT AND JUICE BAR,Other,East Flatbush-Rugby,Brooklyn,BK1703,40.65169646916,-73.93123876793
restaurant,R & R WEST INDIAN CUIZINE,Caribbean,East Flatbush-Rugby,Brooklyn,BK1703,40.65179732366,-73.93007822569
restaurant,REEL DEEL JAMAICAN CUISINE,Caribbean,East Flatbush-Rugby,Brooklyn,BK1703,40.65258257827,-73.93048463875
restaurant,RICHARDS RESTAURANT AND GRILL,Caribbean,East Flatbush-Rugby,Brooklyn,BK1703,40.65245860282,-73.92538888162
restaurant,ROYAL RESTAURANT & LOUNGE,Caribbean,East Flatbush-Rugby,Brooklyn,BK1703,40.65240977766,-73.926286302
restaurant,ROYAL RESTAURANT 1,Caribbean,East Flatbush-Rugby,Brooklyn,BK1703,40.64948350334,-73.93012750829
restaurant,RYRY'S,Other,East Flatbush-Rugby,Brooklyn,BK1703,40.64501472187,-73.92967456451
restaurant,SHASHEMENE INT'L RESTAURANT,Caribbean,East Flatbush-Rugby,Brooklyn,BK1703,40.65198322279,-73.92457494415
restaurant,SILVER CRUST,Caribbean,East Flatbush-Rugby,Brooklyn,BK1703,40.65231712968,-73.92734233946
restaurant,SIMONE'S JAMAICAN CUISINE,Caribbean,East Flatbush-Rugby,Brooklyn,BK1703,40.65664470389,-73.93023891438
restaurant,SOULJAH,Caribbean,East Flatbush-Rugby,Brooklyn,BK1703,40.66064402938,-73.93053747908
restaurant,STEVE'S ORIGINAL JERK CHICKEN,Caribbean,East Flatbush-Rugby,Brooklyn,BK1703,40.65168273661,-73.93122436678
restaurant,TASTY CARIBBEAN,Caribbean,East Flatbush-Rugby,Brooklyn,BK1703,40.65240140973,-73.93046320499
restaurant,THE HILLS RESTAURANT,Caribbean,East Flatbush-Rugby,Brooklyn,BK1703,40.65159876438,-73.93310925864
restaurant,THE OVAL SPORTS BAR & LOUNGE,Caribbean,East Flatbush-Rugby,Brooklyn,BK1703,40.65138464446,-73.93793859544
restaurant,TOPAZE RESTAURANT,Caribbean,East Flatbush-Rugby,Brooklyn,BK1703,40.65124146254,-73.93229155244
restaurant,TROPICAL TASTE,Caribbean,East Flatbush-Rugby,Brooklyn,BK1703,40.65240161052,-73.9263908235
restaurant,UPPER DEM XPRESS,Caribbean,East Flatbush-Rugby,Brooklyn,BK1703,40.65074893224,-73.93026672562
restaurant,VITALL FUSION,Caribbean,East Flatbush-Rugby,Brooklyn,BK1703,40.65161524147,-73.9331236574
restaurant,WATERFALL LOUNGE,Caribbean,East Flatbush-Rugby,Brooklyn,BK1703,40.6516125051,-73.93313807549
restaurant,WENDY'S,Hamburgers,East Flatbush-Rugby,Brooklyn,BK1703,40.66110290895,-73.93136960403
restaurant,WEST CUISINE ENCHANTMENT BY MARIA,Caribbean,East Flatbush-Rugby,Brooklyn,BK1703,40.65682136157,-73.9274167054
restaurant,WINGSTOP,Other,East Flatbush-Rugby,Brooklyn,BK1703,40.65620043207,-73.93087009531
restaurant,YAAD MAN THING,Caribbean,East Flatbush-Rugby,Brooklyn,BK1703,40.65123794994,-73.94081817965
restaurant,YOLIE'S BAR & RESTAURANT,Creole,East Flatbush-Rugby,Brooklyn,BK1703,40.64485642671,-73.92256148575
restaurant,BKLYN EATS,American,East New York (North),Brooklyn,BK0502,40.67562040297,-73.89856227839
restaurant,BURGER URWAY,Hamburgers,East New York (North),Brooklyn,BK0502,40.67656928155,-73.9007672055
restaurant,CACHAPA'S BROOKLYN,Latin American,East New York (North),Brooklyn,BK0502,40.67319426784,-73.88708764153
restaurant,CARRANZA PIZZA,Pizza,East New York (North),Brooklyn,BK0502,40.66916569491,-73.89662194258
restaurant,CHINA TASTES,Chinese,East New York (North),Brooklyn,BK0502,40.66930482259,-73.89567726972
restaurant,CROWN FRIED CHICKEN,Chicken,East New York (North),Brooklyn,BK0502,40.67242513654,-73.89217194937
restaurant,DOMINO'S,Pizza,East New York (North),Brooklyn,BK0502,40.67251513928,-73.8915625634
restaurant,EL SABOR DE LA ESQUINA,Spanish,East New York (North),Brooklyn,BK0502,40.67439078148,-73.87881917777
restaurant,FESTAC GRILL & LOUNGE,African,East New York (North),Brooklyn,BK0502,40.67552475891,-73.89009036188
restaurant,GOLDEN CHINA,Chinese,East New York (North),Brooklyn,BK0502,40.67141817271,-73.88143095013
restaurant,GOLDEN KRUST CARIBBEAN BAKERY & GRILL,Caribbean,East New York (North),Brooklyn,BK0502,40.67656927843,-73.90076360032
restaurant,GOLDEN PANDA CHINESE RESTAURANT,Chinese,East New York (North),Brooklyn,BK0502,40.67821214787,-73.89035270643
restaurant,HAPPY COFFEE SHOP,Latin American,East New York (North),Brooklyn,BK0502,40.67607698371,-73.89355401002
restaurant,HAPPY GARDEN CHINESE RESTAURANT,Chinese,East New York (North),Brooklyn,BK0502,40.6724905999,-73.89173564194
restaurant,JAMAICAN HOUSE CUISINE,Caribbean,East New York (North),Brooklyn,BK0502,40.67420221023,-73.89645187792
restaurant,KENNEDY CHICKEN,Chicken,East New York (North),Brooklyn,BK0502,40.67799669147,-73.89180598476
restaurant,LA BONA PIZZA & PASTA,Pizza,East New York (North),Brooklyn,BK0502,40.67380212676,-73.88287592173
restaurant,LA CUESTA,Latin American,East New York (North),Brooklyn,BK0502,40.67558898555,-73.88838502595
restaurant,LA FLOR DEL CANARIO RESTAURANT,Latin American,East New York (North),Brooklyn,BK0502,40.67273615132,-73.89018149462
restaurant,LOS PRIMOS DELICATESSEN,Spanish,East New York (North),Brooklyn,BK0502,40.67207453322,-73.89592887189
restaurant,MAX'S DELI & COFFEE SHOP,Sandwiches,East New York (North),Brooklyn,BK0502,40.67569358825,-73.89752388576
restaurant,MCDONALDS,American,East New York (North),Brooklyn,BK0502,40.67648346685,-73.89090715285
restaurant,MCDONALDS,Hamburgers,East New York (North),Brooklyn,BK0502,40.67765956563,-73.89832842889
restaurant,MR. SABOR & PUNTO,Spanish,East New York (North),Brooklyn,BK0502,40.66919024493,-73.89645247929
restaurant,NEW HOP SHING KITCHEN,Chinese,East New York (North),Brooklyn,BK0502,40.66718627887,-73.89922039215
restaurant,NEW WAH ON,Chinese,East New York (North),Brooklyn,BK0502,40.67126269013,-73.88237210713
restaurant,TAMARA'S JAMAICAN RESTAURANT,Caribbean,East New York (North),Brooklyn,BK0502,40.67483490253,-73.87575764078
restaurant,THIS IS SOFIVE,American,East New York (North),Brooklyn,BK0502,40.67157140951,-73.89806016673
restaurant,UNITED KITCHEN,Chinese,East New York (North),Brooklyn,BK0502,40.67660045103,-73.88156230363
restaurant,WONDERFUL II ASIAN RESTAURANT,Chinese,East New York (North),Brooklyn,BK0502,40.67442347076,-73.87858478833
restaurant,YUMMY LOTUS,Chinese,East New York (North),Brooklyn,BK0502,40.66906474755,-73.89729979873
restaurant,AMAR BARI,Bangladeshi,East New York-City Line,Brooklyn,BK0505,40.67834680765,-73.86954637338
restaurant,ASIAN KABAB & CURRY,Indian,East New York-City Line,Brooklyn,BK0505,40.67596778152,-73.87016031662
restaurant,BOITHAK KHANA KITCHEN & SWEETS,Bangladeshi,East New York-City Line,Brooklyn,BK0505,40.67846377868,-73.86862318844
restaurant,BROOKLYN HALAL GRILL,Middle Eastern,East New York-City Line,Brooklyn,BK0505,40.67872247679,-73.86684165468
restaurant,BURGER KING,Hamburgers,East New York-City Line,Brooklyn,BK0505,40.67589788786,-73.866659848
restaurant,CHECKERS,Hamburgers,East New York-City Line,Brooklyn,BK0505,40.6787143011,-73.86689214538
restaurant,CHINA DOLL,Chinese,East New York-City Line,Brooklyn,BK0505,40.6673471846,-73.87082961123
restaurant,CHINA KING 1 RESTAURANT,Chinese,East New York-City Line,Brooklyn,BK0505,40.67524091083,-73.87305304249
restaurant,CITY LINE PIZZA & PASTA,Pizza,East New York-City Line,Brooklyn,BK0505,40.67901545235,-73.86389551767
restaurant,CITYLINE BAKERY,Bakery Products/Desserts,East New York-City Line,Brooklyn,BK0505,40.67821610124,-73.87046597654
restaurant,COCO'S PIZZERIA,Latin American,East New York-City Line,Brooklyn,BK0505,40.67349116586,-73.86704681081
restaurant,CROWN CHICKEN & DELI,Chicken,East New York-City Line,Brooklyn,BK0505,40.6754069173,-73.87177290492
restaurant,CROWN FRIED CHICKEN,Chicken,East New York-City Line,Brooklyn,BK0505,40.67243164943,-73.87431654345
restaurant,DOUBLE DRINKS / DOUBLE TASTE,Southeast Asian,East New York-City Line,Brooklyn,BK0505,40.67936726622,-73.86430220067
restaurant,DUNKIN,Donuts,East New York-City Line,Brooklyn,BK0505,40.66682654837,-73.87160562576
restaurant,DUNKIN,Donuts,East New York-City Line,Brooklyn,BK0505,40.67791161065,-73.87062520186
restaurant,DUNKIN',Donuts,East New York-City Line,Brooklyn,BK0505,40.67567487189,-73.8660690522
restaurant,DUNKIN' / BASKIN ROBBINS,Donuts,East New York-City Line,Brooklyn,BK0505,40.67898634786,-73.86481493455
restaurant,ECOWAS KITCHEN (AMALA JUNCTION),African,East New York-City Line,Brooklyn,BK0505,40.67425029496,-73.87081979499
restaurant,EL NUEVO BARZOLA,Latin American,East New York-City Line,Brooklyn,BK0505,40.68171947816,-73.87138935657
restaurant,EL REY II,Latin American,East New York-City Line,Brooklyn,BK0505,40.67827587379,-73.86992506745
restaurant,FULKOLE,Bangladeshi,East New York-City Line,Brooklyn,BK0505,40.67898090933,-73.86485820948
restaurant,FYAH INTERNATIONAL CUISINE,Caribbean,East New York-City Line,Brooklyn,BK0505,40.67525725963,-73.87294485767
restaurant,GUAC & GRILL MEXICAN EATS,Indian,East New York-City Line,Brooklyn,BK0505,40.6787143011,-73.86689214538
restaurant,ISLAND FLAVORS,Caribbean,East New York-City Line,Brooklyn,BK0505,40.67833863487,-73.86960046873
restaurant,JAMAICAN JERK HOUSE #1,Caribbean,East New York-City Line,Brooklyn,BK0505,40.67319308511,-73.87040366968
restaurant,JOE'S PIZZERIA,Pizza,East New York-City Line,Brooklyn,BK0505,40.67857283635,-73.8679848347
restaurant,LEE GOOD TASTE 88,Chinese,East New York-City Line,Brooklyn,BK0505,40.67523261261,-73.87299537646
restaurant,LIBERTY GRANT CAFE,Coffee/Tea,East New York-City Line,Brooklyn,BK0505,40.67884498304,-73.86597613359
restaurant,LILY RESTAURANT,Chinese,East New York-City Line,Brooklyn,BK0505,40.67288103853,-73.87116493143
restaurant,LINDEN FRIED CHICKEN,Chicken,East New York-City Line,Brooklyn,BK0505,40.66862910297,-73.86850925826
restaurant,LINDENWOOD DINER,American,East New York-City Line,Brooklyn,BK0505,40.67011539854,-73.85814960787
restaurant,MARIA ON THE GRILL,Latin American,East New York-City Line,Brooklyn,BK0505,40.67520265561,-73.87320813561
restaurant,MCDONALD'S,Hamburgers,East New York-City Line,Brooklyn,BK0505,40.66974538885,-73.86082517533
restaurant,MOMO'S MEDITERRANEAN GRILL,Mediterranean,East New York-City Line,Brooklyn,BK0505,40.67924857378,-73.86374001058
restaurant,MOTIN SPICE AND SWEETS,Bangladeshi,East New York-City Line,Brooklyn,BK0505,40.67898904159,-73.8647716652
restaurant,ORIGINAL BELLA NAPOLI PIZZA & RESTAURANT,Pizza,East New York-City Line,Brooklyn,BK0505,40.67340068575,-73.86952003505
restaurant,ORIGINAL BROTHER'S PIZZA,Pizza,East New York-City Line,Brooklyn,BK0505,40.67567487189,-73.8660690522
restaurant,OZONE PARK POST CARRIER ANNEX CAFE,American,East New York-City Line,Brooklyn,BK0505,40.66398368297,-73.86048760587
restaurant,PANDA HOUSE,Chinese,East New York-City Line,Brooklyn,BK0505,40.67694700232,-73.86957435857
restaurant,POPEYES,Chicken,East New York-City Line,Brooklyn,BK0505,40.67589788786,-73.866659848
restaurant,RADHUNI SWEETS & RESTAURANT,Bangladeshi,East New York-City Line,Brooklyn,BK0505,40.67896189984,-73.86503130357
restaurant,RAFA SPICY COTTAGE,Bangladeshi,East New York-City Line,Brooklyn,BK0505,40.67901003556,-73.86395681927
restaurant,RANNA GHAR DELI & SWEETS,Bangladeshi,East New York-City Line,Brooklyn,BK0505,40.67567383329,-73.86993376713
restaurant,SUBWAY,Sandwiches,East New York-City Line,Brooklyn,BK0505,40.67694700232,-73.86957435857
restaurant,THE PIT STOP,Hamburgers,East New York-City Line,Brooklyn,BK0505,40.67519447711,-73.87325862285
restaurant,VOJON BILASH,Bangladeshi,East New York-City Line,Brooklyn,BK0505,40.67877435917,-73.86661081079
restaurant,104-01 FOSTER AVENUE COFFEE SHOP(UPS),Coffee/Tea,East New York-New Lots,Brooklyn,BK0503,40.65151219452,-73.90077578798
restaurant,BEBE BAR,Creole,East New York-New Lots,Brooklyn,BK0503,40.65507961482,-73.88800140494
restaurant,BKLYN BLEND,Coffee/Tea,East New York-New Lots,Brooklyn,BK0503,40.6646242358,-73.8948699919
restaurant,BLOSSOM CARIBBEAN RESTURANT,Caribbean,East New York-New Lots,Brooklyn,BK0503,40.66428517142,-73.88755334596
restaurant,BUFFALO WINGS PIZZA & CHICKEN,Other,East New York-New Lots,Brooklyn,BK0503,40.66127140069,-73.87945223955
restaurant,CAOBA,Latin American,East New York-New Lots,Brooklyn,BK0503,40.65604674689,-73.89784971586
restaurant,CATERINA PIZZERIA,Pizza,East New York-New Lots,Brooklyn,BK0503,40.66635056751,-73.88338289179
restaurant,CECI'S,Latin American,East New York-New Lots,Brooklyn,BK0503,40.65821584513,-73.89560457301
restaurant,CHARLEY'S,Sandwiches,East New York-New Lots,Brooklyn,BK0503,40.65517849724,-73.88807331889
restaurant,CHARLEYS CHEESESTEAKS,Sandwiches,East New York-New Lots,Brooklyn,BK0503,40.65517849724,-73.88807331889
restaurant,CHECKERS,Hamburgers,East New York-New Lots,Brooklyn,BK0503,40.65801865414,-73.89019500356
restaurant,CHINA PANDA,Chinese,East New York-New Lots,Brooklyn,BK0503,40.6614723625,-73.89393063334
restaurant,CHIPOTLE,Mexican,East New York-New Lots,Brooklyn,BK0503,40.6586364704,-73.89044627789
restaurant,COOKLYN EATS,Spanish,East New York-New Lots,Brooklyn,BK0503,40.66242004645,-73.89178088504
restaurant,CROWN FRIED CHICKEN,Chicken,East New York-New Lots,Brooklyn,BK0503,40.66095875502,-73.88504674766
restaurant,DOMINO'S,Pizza,East New York-New Lots,Brooklyn,BK0503,40.65341506122,-73.88676445683
restaurant,DOWNS RIVER,Caribbean,East New York-New Lots,Brooklyn,BK0503,40.65707623808,-73.8892018202
restaurant,EAST COAST STREET TACOS,Tex-Mex,East New York-New Lots,Brooklyn,BK0503,40.6571282668,-73.88907558872
restaurant,EQUIS PICA POLLO RESTAURANT,Spanish,East New York-New Lots,Brooklyn,BK0503,40.66401966141,-73.88830353317
restaurant,FLAVA II,Caribbean,East New York-New Lots,Brooklyn,BK0503,40.66124223737,-73.89440317158
restaurant,HALAL GRILL & FRIED CHICKEN,Other,East New York-New Lots,Brooklyn,BK0503,40.66224749591,-73.89217404704
restaurant,HONG CHEUNG RESTAURANT,Chinese,East New York-New Lots,Brooklyn,BK0503,40.66208042344,-73.89255638494
restaurant,IMMANUEL RESTAURANT,Latin American,East New York-New Lots,Brooklyn,BK0503,40.66124675458,-73.87950634965
restaurant,INTERNATIONAL COFFEE SHOP,Latin American,East New York-New Lots,Brooklyn,BK0503,40.66186880467,-73.87347146767
restaurant,JUICY KING CRAB EXPRESS,Other,East New York-New Lots,Brooklyn,BK0503,40.65341506122,-73.88676445683
restaurant,JUS CHILL BAR & GRILL,Caribbean,East New York-New Lots,Brooklyn,BK0503,40.66445770963,-73.88716376443
restaurant,KAIRIBBEAN ISLAND MIX,Caribbean,East New York-New Lots,Brooklyn,BK0503,40.66192703652,-73.89289905051
restaurant,KENNEDY FRIED CHICKEN,Chicken,East New York-New Lots,Brooklyn,BK0503,40.65516751109,-73.88806612933
restaurant,KENNEDY FRIED CHICKEN,American,East New York-New Lots,Brooklyn,BK0503,40.66642685865,-73.88283124798
restaurant,KENTE CONES,Frozen Desserts,East New York-New Lots,Brooklyn,BK0503,40.65722138315,-73.88886278901
restaurant,LEE CHINESE RESTAURANT,Chinese,East New York-New Lots,Brooklyn,BK0503,40.66093410988,-73.88510445977
restaurant,LITTLE CAESARS,Pizza,East New York-New Lots,Brooklyn,BK0503,40.65343980695,-73.88680766189
restaurant,MANDEVILLE'S CUISINE,Caribbean,East New York-New Lots,Brooklyn,BK0503,40.64889982112,-73.90478698954
restaurant,MARTHITA'S KITCHEN,Spanish,East New York-New Lots,Brooklyn,BK0503,40.66635265017,-73.88273405367
restaurant,MCDONALD'S,Hamburgers,East New York-New Lots,Brooklyn,BK0503,40.65766981504,-73.88993247595
restaurant,METRO COFFEE SHOP,Latin American,East New York-New Lots,Brooklyn,BK0503,40.65054454558,-73.90224036635
restaurant,MODERN ORGANIZATION HUMAN DEVELOPMENT CENTER,Caribbean,East New York-New Lots,Brooklyn,BK0503,40.64966091526,-73.89929021144
restaurant,NELLY'S CAKES,Latin American,East New York-New Lots,Brooklyn,BK0503,40.66453164808,-73.8869906211
restaurant,NEW CHANG XING RESTAURANT,Chinese,East New York-New Lots,Brooklyn,BK0503,40.65738415031,-73.88971670015
restaurant,NEW CROWN CHICKEN & BISCUIT,Chicken,East New York-New Lots,Brooklyn,BK0503,40.66501603182,-73.89410160013
restaurant,NEW JOY GARDEN,Chinese,East New York-New Lots,Brooklyn,BK0503,40.66254116496,-73.89814971304
restaurant,NEW YORK CHAN CHINESE RESTAURANT,Chinese,East New York-New Lots,Brooklyn,BK0503,40.66625132197,-73.88295771959
restaurant,NU DELI GRILLZ,Caribbean,East New York-New Lots,Brooklyn,BK0503,40.661294325,-73.89433460595
restaurant,OCHI JAMAICAN AND SEAFOOD GRILL,Caribbean,East New York-New Lots,Brooklyn,BK0503,40.66658274322,-73.87203505012
restaurant,OLAS KITCHEN,African,East New York-New Lots,Brooklyn,BK0503,40.65977032837,-73.88511007623
restaurant,PANDA KITCHEN,Chinese,East New York-New Lots,Brooklyn,BK0503,40.65515377664,-73.88805534038
restaurant,PAPA JOHN'S PIZZA,Pizza,East New York-New Lots,Brooklyn,BK0503,40.65514279049,-73.88804815083
restaurant,PETERS COFFEE,Other,East New York-New Lots,Brooklyn,BK0503,40.64988669182,-73.90329362663
restaurant,POPEYES,Chicken,East New York-New Lots,Brooklyn,BK0503,40.66641289498,-73.88259697106
restaurant,POPEYES,Chicken,East New York-New Lots,Brooklyn,BK0503,40.65718640489,-73.88959088347
restaurant,ROYAL JERK,Caribbean,East New York-New Lots,Brooklyn,BK0503,40.66001754601,-73.885297072
restaurant,SAJHOMA RESTAURANT,Caribbean,East New York-New Lots,Brooklyn,BK0503,40.66208038288,-73.89251313216
restaurant,SANTO DOMINGO RESTAURANT,Latin American,East New York-New Lots,Brooklyn,BK0503,40.66793528587,-73.8790328158
restaurant,SEAFOOD URWAY,Seafood,East New York-New Lots,Brooklyn,BK0503,40.6570378983,-73.88929198738
restaurant,SHUN FENG,Chinese,East New York-New Lots,Brooklyn,BK0503,40.66372645067,-73.88879784161
restaurant,SONIC,American,East New York-New Lots,Brooklyn,BK0503,40.65789230111,-73.89009789957
restaurant,SOUL OF THE SEA,American,East New York-New Lots,Brooklyn,BK0503,40.66008072275,-73.88534381879
restaurant,STANLEY COFFEE SHOP,Spanish,East New York-New Lots,Brooklyn,BK0503,40.65937383071,-73.88387089722
restaurant,SUN HING RESTAURANT,Chinese,East New York-New Lots,Brooklyn,BK0503,40.66473065504,-73.89418856408
restaurant,TASTY DELICIOUS WEST INDIAN BAKERY& RESTAURANT,Caribbean,East New York-New Lots,Brooklyn,BK0503,40.6647197325,-73.89424985877
restaurant,TEE'S TERIYAKI HOUSE,Chinese,East New York-New Lots,Brooklyn,BK0503,40.66701528168,-73.88117566593
restaurant,THREE BROTHERS PIZZERIA & RESTAURANT,Pizza,East New York-New Lots,Brooklyn,BK0503,40.65989393723,-73.88520357394
restaurant,WENDY'S,Hamburgers,East New York-New Lots,Brooklyn,BK0503,40.65825304594,-73.89133354226
restaurant,WHITE CASTLE,Hamburgers,East New York-New Lots,Brooklyn,BK0503,40.65585422522,-73.88859837447
restaurant,YUMMY YUMMY BROOKLYN,Chinese,East New York-New Lots,Brooklyn,BK0503,40.6468490027,-73.90422776936
restaurant,ZIGGYZ  RESTAURANT,Other,East New York-New Lots,Brooklyn,BK0503,40.66602134112,-73.88352765433
restaurant,19 CAFE,Coffee/Tea,East Williamsburg,Brooklyn,BK0104,40.7052323276,-73.94459320812
restaurant,3 DOLLAR BILL / DEL SUR,American,East Williamsburg,Brooklyn,BK0104,40.70855291879,-73.93809075979
restaurant,55 THOMAS CAFE,American,East Williamsburg,Brooklyn,BK0104,40.72571907218,-73.93383551903
restaurant,787 COFFEE,Coffee/Tea,East Williamsburg,Brooklyn,BK0104,40.71410271552,-73.94897940688
restaurant,9 BOB NOTE,American,East Williamsburg,Brooklyn,BK0104,40.70859386563,-73.93767592505
restaurant,99 SCOTT,American,East Williamsburg,Brooklyn,BK0104,40.71057219596,-73.92304754392
restaurant,A&C SUPER,Sandwiches,East Williamsburg,Brooklyn,BK0104,40.71409939059,-73.94769162996
restaurant,A-POU'S TASTE,Asian/Asian Fusion,East Williamsburg,Brooklyn,BK0104,40.71307791197,-73.93602684652
restaurant,ABEJA COFFEE,Coffee/Tea,East Williamsburg,Brooklyn,BK0104,40.70978859682,-73.93411830997
restaurant,ABURI SUSHI BAR,Japanese,East Williamsburg,Brooklyn,BK0104,40.71177484584,-73.94253170218
restaurant,ADOBO MEXICAN GRILL,Tex-Mex,East Williamsburg,Brooklyn,BK0104,40.70346370186,-73.94257496096
restaurant,ALITA,Coffee/Tea,East Williamsburg,Brooklyn,BK0104,40.71188681368,-73.94140979549
restaurant,ALLIGATOR LOUNGE,Pizza,East Williamsburg,Brooklyn,BK0104,40.71409443784,-73.94888201816
restaurant,ALYTORI,Chicken,East Williamsburg,Brooklyn,BK0104,40.7055636167,-73.94290496714
restaurant,AMERICAN COFFEE SHOP,Latin American,East Williamsburg,Brooklyn,BK0104,40.70386652916,-73.94128342484
restaurant,AMITUOFO,Vegan,East Williamsburg,Brooklyn,BK0104,40.70392507504,-73.93292671155
restaurant,AMMAZZA CAFFE,Italian,East Williamsburg,Brooklyn,BK0104,40.7115563111,-73.94466007288
restaurant,AMMAZZA DELI,Sandwiches,East Williamsburg,Brooklyn,BK0104,40.71847935859,-73.94065001784
restaurant,AMMAZZACAFFE,Italian,East Williamsburg,Brooklyn,BK0104,40.7115563111,-73.94466007288
restaurant,ANDO PATISSERIE,Coffee/Tea,East Williamsburg,Brooklyn,BK0104,40.71527234353,-73.9438669793
restaurant,ANTOJITOS MEXICANOS,Mexican,East Williamsburg,Brooklyn,BK0104,40.70540167169,-73.94289789287
restaurant,ARCOS DE PUEBLA,Mexican,East Williamsburg,Brooklyn,BK0104,40.70725827709,-73.93976194022
restaurant,AREA 53,American,East Williamsburg,Brooklyn,BK0104,40.71231837919,-73.92381023164
restaurant,AS YOU LIKE,Coffee/Tea,East Williamsburg,Brooklyn,BK0104,40.71655097831,-73.94300013219
restaurant,AURA COCINA,Fusion,East Williamsburg,Brooklyn,BK0104,40.70883410912,-73.93533479567
restaurant,AVANT GARDNER,American,East Williamsburg,Brooklyn,BK0104,40.71089459137,-73.92494447968
restaurant,BABY BLUES,American,East Williamsburg,Brooklyn,BK0104,40.70708287143,-73.94578192269
restaurant,BAGELSMITH,Bagels/Pretzels,East Williamsburg,Brooklyn,BK0104,40.71385309514,-73.94932589105
restaurant,BAHIA,Latin American,East Williamsburg,Brooklyn,BK0104,40.71152899365,-73.94493062709
restaurant,BAKE SHOP,American,East Williamsburg,Brooklyn,BK0104,40.70312354306,-73.93282653547
restaurant,BALERA,Pizza,East Williamsburg,Brooklyn,BK0104,40.71829213507,-73.94499355907
restaurant,BEER KARMA,Bottled Beverages,East Williamsburg,Brooklyn,BK0104,40.7144607056,-73.95168095832
restaurant,BEER STREET NORTH,American,East Williamsburg,Brooklyn,BK0104,40.71724356113,-73.94484291715
restaurant,BEFORE COFFEE,Coffee/Tea,East Williamsburg,Brooklyn,BK0104,40.70744706567,-73.94992591216
restaurant,BEST PIZZA,Pizza,East Williamsburg,Brooklyn,BK0104,40.7118758088,-73.94135930573
restaurant,BIRDIES HOT CHICKEN / SYDNEY BURGER,American,East Williamsburg,Brooklyn,BK0104,40.71190313079,-73.94111399837
restaurant,BK BELLY,Thai,East Williamsburg,Brooklyn,BK0104,40.70893086112,-73.94173342176
restaurant,BK COFFEE DELI,Coffee/Tea,East Williamsburg,Brooklyn,BK0104,40.7030874653,-73.94217134402
restaurant,BK JANI,Pakistani,East Williamsburg,Brooklyn,BK0104,40.71152361474,-73.94516148503
restaurant,BK PITA & TACO PALACE,Middle Eastern,East Williamsburg,Brooklyn,BK0104,40.7075382682,-73.93980857553
restaurant,BOARDROOM C,American,East Williamsburg,Brooklyn,BK0104,40.71693221227,-73.94817639436
restaurant,BOGART HOUSE,American,East Williamsburg,Brooklyn,BK0104,40.71182587455,-73.93527416842
restaurant,BONNIE'S,Chinese,East Williamsburg,Brooklyn,BK0104,40.71779335786,-73.94662452894
restaurant,BROOKLYN BALL FACTORY,Japanese,East Williamsburg,Brooklyn,BK0104,40.70707741598,-73.94585406403
restaurant,BROOKLYN ROASTING COMPANY,Coffee/Tea,East Williamsburg,Brooklyn,BK0104,40.71406776286,-73.95064597108
restaurant,BROOKLYN STEEL,American,East Williamsburg,Brooklyn,BK0104,40.71915627986,-73.93867971749
restaurant,BUSHNIWA,Japanese,East Williamsburg,Brooklyn,BK0104,40.70414779396,-73.93360093675
restaurant,BUSHWICK ICE HOUSE,American,East Williamsburg,Brooklyn,BK0104,40.70701532968,-73.93231764088
restaurant,BUSHWICK TRIANGLE,American,East Williamsburg,Brooklyn,BK0104,40.70906205266,-73.92227740614
restaurant,CAFE CALIENTE,Spanish,East Williamsburg,Brooklyn,BK0104,40.72160175308,-73.93846460839
restaurant,CAFE MIGUEL,Mexican,East Williamsburg,Brooklyn,BK0104,40.71136239456,-73.94669101875
restaurant,CARIDAD CHINA,Chinese/Cuban,East Williamsburg,Brooklyn,BK0104,40.70488285622,-73.94279013724
restaurant,CARMINE'S PIZZA,Pizza,East Williamsburg,Brooklyn,BK0104,40.71497344661,-73.94444800295
restaurant,CASA ORA,Latin American,East Williamsburg,Brooklyn,BK0104,40.70800964663,-73.943793767
restaurant,CHIARA PIZZERIA,Pizza,East Williamsburg,Brooklyn,BK0104,40.707734905,-73.94325657446
restaurant,CHINA EXPRESS,Chinese,East Williamsburg,Brooklyn,BK0104,40.70615993808,-73.95031641651
restaurant,CHINGOO,Korean,East Williamsburg,Brooklyn,BK0104,40.71576126657,-73.94459524374
restaurant,CHYELLE,Coffee/Tea,East Williamsburg,Brooklyn,BK0104,40.70310026901,-73.93531152597
restaurant,CLAUDIA'S,Latin American,East Williamsburg,Brooklyn,BK0104,40.71358038001,-73.94149487381
restaurant,CLEO'S CRAFT CAFE,Coffee/Tea,East Williamsburg,Brooklyn,BK0104,40.70397265757,-73.93452081418
restaurant,COMMON MOLLIES,American,East Williamsburg,Brooklyn,BK0104,40.7133279275,-73.94162495486
restaurant,COZY ROYALE,New American,East Williamsburg,Brooklyn,BK0104,40.7169050838,-73.94306115361
restaurant,CRAFTED HALAL,Mediterranean,East Williamsburg,Brooklyn,BK0104,40.71228178078,-73.94086477081
restaurant,CROSSROADS CAFE,American,East Williamsburg,Brooklyn,BK0104,40.7048089616,-73.92850037177
restaurant,CROWN FRIED CHICKEN,Chicken,East Williamsburg,Brooklyn,BK0104,40.7118812725,-73.94130880143
restaurant,CRYSTAL LAKE,American,East Williamsburg,Brooklyn,BK0104,40.71140617298,-73.94639520311
restaurant,CURRY IN HANDI,Indian,East Williamsburg,Brooklyn,BK0104,40.70223392082,-73.93710844733
restaurant,DANNY'S PIZZERIA & CAFE,Pizza,East Williamsburg,Brooklyn,BK0104,40.70776061346,-73.9398444428
restaurant,DAYTIME,American,East Williamsburg,Brooklyn,BK0104,40.71745492557,-73.94487881563
restaurant,DESTEFANO'S STEAKHOUSE,Steakhouse,East Williamsburg,Brooklyn,BK0104,40.71464365526,-73.9494767924
restaurant,DESY'S CLAM BAR,Italian,East Williamsburg,Brooklyn,BK0104,40.71149076362,-73.94534186635
restaurant,DIANE'S,American,East Williamsburg,Brooklyn,BK0104,40.71773216789,-73.94492187454
restaurant,DOMINO'S,Pizza,East Williamsburg,Brooklyn,BK0104,40.70835528529,-73.9433822863
restaurant,DR. TEA,Coffee/Tea,East Williamsburg,Brooklyn,BK0104,40.7080102481,-73.94503453829
restaurant,DUN-WELL DOUGHNUTS,Donuts,East Williamsburg,Brooklyn,BK0104,40.70759343318,-73.94032430826
restaurant,DUNKIN,Donuts,East Williamsburg,Brooklyn,BK0104,40.71373517808,-73.93342902491
restaurant,DUNKIN,Donuts,East Williamsburg,Brooklyn,BK0104,40.71191960125,-73.94111759087
restaurant,DUNKIN,Donuts,East Williamsburg,Brooklyn,BK0104,40.71482796167,-73.94442287382
restaurant,DUNKIN,Donuts,East Williamsburg,Brooklyn,BK0104,40.71406790983,-73.95098865722
restaurant,DUNKIN',Donuts,East Williamsburg,Brooklyn,BK0104,40.7015559306,-73.94226644781
restaurant,EAST MET WEST,Chinese,East Williamsburg,Brooklyn,BK0104,40.71456419867,-73.94387839973
restaurant,EASY LOVER,American,East Williamsburg,Brooklyn,BK0104,40.71467613642,-73.94266987405
restaurant,ECKHART BEER CO.,Czech,East Williamsburg,Brooklyn,BK0104,40.70888564215,-73.92528580304
restaurant,EIM DEE THAI,Thai,East Williamsburg,Brooklyn,BK0104,40.70653633821,-73.93963996341
restaurant,EL SANTO TAQIERIA,Mexican,East Williamsburg,Brooklyn,BK0104,40.7041567377,-73.93017457627
restaurant,ELSEWHERE,American,East Williamsburg,Brooklyn,BK0104,40.70921913869,-73.92321863912
restaurant,EMACK & BOLIO'S,American,East Williamsburg,Brooklyn,BK0104,40.71137058355,-73.94659362109
restaurant,EMBLEM,American,East Williamsburg,Brooklyn,BK0104,40.70848155359,-73.94340021324
restaurant,ENLIGHTENMENT WINES MEADERY,American,East Williamsburg,Brooklyn,BK0104,40.71057219596,-73.92304754392
restaurant,ERIS,American,East Williamsburg,Brooklyn,BK0104,40.70769648537,-73.9432710348
restaurant,EVERYTHING GRILLED,Other,East Williamsburg,Brooklyn,BK0104,40.70128722858,-73.94283651309
restaurant,EYVAL,Iranian,East Williamsburg,Brooklyn,BK0104,40.70422704824,-73.93300936041
restaurant,FAITH CHINESE FOOD,Chinese,East Williamsburg,Brooklyn,BK0104,40.70751256081,-73.94322069578
restaurant,FALANSAI,Southeast Asian,East Williamsburg,Brooklyn,BK0104,40.70677191491,-73.92921241015
restaurant,FANSWAY TERIYAKI & SUSHI,Chinese/Japanese,East Williamsburg,Brooklyn,BK0104,40.7021241326,-73.94233447876
restaurant,FOREVER THAI,Thai,East Williamsburg,Brooklyn,BK0104,40.70382513355,-73.93102249189
restaurant,FORTUNATO BROTHERS PASTICCERIA,Bakery Products/Desserts,East Williamsburg,Brooklyn,BK0104,40.71373903161,-73.94597849105
restaurant,GARCIA'S TACO BAR,Mexican,East Williamsburg,Brooklyn,BK0104,40.71374761327,-73.935986522
restaurant,GEMINI'S II,Latin American,East Williamsburg,Brooklyn,BK0104,40.70546480678,-73.94290865885
restaurant,GEORGE'S,Latin American,East Williamsburg,Brooklyn,BK0104,40.70150103518,-73.94226649553
restaurant,GLASSHAUS CAFE,Coffee/Tea,East Williamsburg,Brooklyn,BK0104,40.71935950122,-73.94427117248
restaurant,GOOD THANKS,American,East Williamsburg,Brooklyn,BK0104,40.71557734271,-73.94454489494
restaurant,GOOP KITCHEN,American,East Williamsburg,Brooklyn,BK0104,40.71374761327,-73.935986522
restaurant,GRACE CHINESE FOOD,Chinese,East Williamsburg,Brooklyn,BK0104,40.70611261554,-73.94299466491
restaurant,GRAND COOK NYC,Fusion,East Williamsburg,Brooklyn,BK0104,40.71442215966,-73.93480269586
restaurant,GRAND MORELOS,Mexican,East Williamsburg,Brooklyn,BK0104,40.71167107827,-73.94360670589
restaurant,GRAND ST COFFEE SHOP,Other,East Williamsburg,Brooklyn,BK0104,40.71257402067,-73.93811586772
restaurant,GRASS ROOTS JUICERY,"Juice, Smoothies, Fruit Salads",East Williamsburg,Brooklyn,BK0104,40.71422406719,-73.94432959126
restaurant,GREEN FITNESS STUDIO,"Juice, Smoothies, Fruit Salads",East Williamsburg,Brooklyn,BK0104,40.70403559939,-73.93419254431
restaurant,GUEST HOUSE,Soul Food,East Williamsburg,Brooklyn,BK0104,40.71119909663,-73.9438487803
restaurant,H & H RESERVE,Hotdogs,East Williamsburg,Brooklyn,BK0104,40.71406798216,-73.95115819668
restaurant,HAAB,Mexican,East Williamsburg,Brooklyn,BK0104,40.71105246433,-73.94718543478
restaurant,HAAM,Caribbean,East Williamsburg,Brooklyn,BK0104,40.70750222563,-73.9505354311
restaurant,HABIBI  BAR AND RESTAURANT,American,East Williamsburg,Brooklyn,BK0104,40.71217560809,-73.92374546727
restaurant,HAPPY GARDEN,Chinese,East Williamsburg,Brooklyn,BK0104,40.70527814806,-73.94287996535
restaurant,HAREFIELD ROAD,American,East Williamsburg,Brooklyn,BK0104,40.71460524456,-73.94362225007
restaurant,HAWA,Asian/Asian Fusion,East Williamsburg,Brooklyn,BK0104,40.71172569554,-73.94304395244
restaurant,HERE BK,Coffee/Tea,East Williamsburg,Brooklyn,BK0104,40.713898865,-73.94167495392
restaurant,HI HELLO CREPES,Coffee/Tea,East Williamsburg,Brooklyn,BK0104,40.70842115441,-73.94337140938
restaurant,HUDA,Lebanese,East Williamsburg,Brooklyn,BK0104,40.71501346577,-73.94783880811
restaurant,HUDSON TABLE,American,East Williamsburg,Brooklyn,BK0104,40.71698458996,-73.94868138698
restaurant,HUNGRY GHOST,Coffee/Tea,East Williamsburg,Brooklyn,BK0104,40.71447144428,-73.94505083299
restaurant,HYDERABAD PERI PERI,Indian,East Williamsburg,Brooklyn,BK0104,40.71188673803,-73.94126190423
restaurant,IHOP,Pancakes/Waffles,East Williamsburg,Brooklyn,BK0104,40.70090759814,-73.94115260013
restaurant,IKURA SUSHI,Japanese,East Williamsburg,Brooklyn,BK0104,40.7113869815,-73.94644211062
restaurant,INDIAN KITCHEN,Indian,East Williamsburg,Brooklyn,BK0104,40.71170111954,-73.94330007728
restaurant,JAMROCK JERK,Caribbean,East Williamsburg,Brooklyn,BK0104,40.71374761327,-73.935986522
restaurant,JESSI'S COFFEE SHOP,Coffee/Tea,East Williamsburg,Brooklyn,BK0104,40.70818608675,-73.93990898164
restaurant,JOHNNY'S,Peruvian,East Williamsburg,Brooklyn,BK0104,40.71606279075,-73.94968133045
restaurant,JR & SON,Italian,East Williamsburg,Brooklyn,BK0104,40.71420995166,-73.94940858502
restaurant,JUPITER DISCO,American,East Williamsburg,Brooklyn,BK0104,40.70800063973,-73.92348695827
restaurant,KAEW JAO JORM,Thai,East Williamsburg,Brooklyn,BK0104,40.7118758088,-73.94135930573
restaurant,KATABARU,Japanese,East Williamsburg,Brooklyn,BK0104,40.7079413857,-73.94452963055
restaurant,KAZE SUSHI,Japanese,East Williamsburg,Brooklyn,BK0104,40.70796331068,-73.94446108128
restaurant,KEISER BREAKFAST,American,East Williamsburg,Brooklyn,BK0104,40.70387198359,-73.94121489329
restaurant,KIJITORA,Coffee/Tea,East Williamsburg,Brooklyn,BK0104,40.71337038465,-73.94420766269
restaurant,KINGS COUNTY IMPERIAL,Chinese,East Williamsburg,Brooklyn,BK0104,40.71534409405,-73.95067748799
restaurant,KOHARU,Japanese,East Williamsburg,Brooklyn,BK0104,40.71414360609,-73.94835171782
restaurant,KRAVE IT PIZZA & SANDWICH JOINT,Pizza,East Williamsburg,Brooklyn,BK0104,40.70363133609,-73.93284405511
restaurant,L' ANGE NOIR CAFE,French,East Williamsburg,Brooklyn,BK0104,40.70404112203,-73.93425024571
restaurant,LA CHACRA,Peruvian,East Williamsburg,Brooklyn,BK0104,40.71128325474,-73.94768663429
restaurant,LA COCINA II,Latin American,East Williamsburg,Brooklyn,BK0104,40.70384196259,-73.94155034003
restaurant,LA COCINITA MIA,Latin American,East Williamsburg,Brooklyn,BK0104,40.71009797566,-73.94870835137
restaurant,LA FOURNAISE,Coffee/Tea,East Williamsburg,Brooklyn,BK0104,40.70301117615,-73.93311517902
restaurant,LA ISLA CUCHIFRITOS,Spanish,East Williamsburg,Brooklyn,BK0104,40.70101517805,-73.94220200064
restaurant,LA LOCANDA,Italian,East Williamsburg,Brooklyn,BK0104,40.71784470162,-73.94491817375
restaurant,LA NORTENA TAQUERIA BAR NO.2,Mexican,East Williamsburg,Brooklyn,BK0104,40.71104263244,-73.9438236632
restaurant,LADY JAY'S,American,East Williamsburg,Brooklyn,BK0104,40.71137339877,-73.94674511607
restaurant,LAND TO SEA,Coffee/Tea,East Williamsburg,Brooklyn,BK0104,40.7168125892,-73.94475309085
restaurant,LARRY'S CA PHE,Coffee/Tea,East Williamsburg,Brooklyn,BK0104,40.71749986064,-73.94139762737
restaurant,LELLA ALIMENTARI,Coffee/Tea,East Williamsburg,Brooklyn,BK0104,40.7151636782,-73.94621541262
restaurant,LEVANTINE,Mediterranean,East Williamsburg,Brooklyn,BK0104,40.71538795023,-73.94453783853
restaurant,LILY THAI,Thai,East Williamsburg,Brooklyn,BK0104,40.71128872123,-73.94763613096
restaurant,LITTLE GRAND,Other,East Williamsburg,Brooklyn,BK0104,40.71177756529,-73.94248120043
restaurant,LO-HI,American,East Williamsburg,Brooklyn,BK0104,40.70949312322,-73.93581388165
restaurant,LOCO BURRITO,Mexican,East Williamsburg,Brooklyn,BK0104,40.71482522914,-73.94444812696
restaurant,LOS PRIMOS,Caribbean,East Williamsburg,Brooklyn,BK0104,40.71155903323,-73.94461317848
restaurant,LOWLIFE COFFEE,Coffee/Tea,East Williamsburg,Brooklyn,BK0104,40.70659309553,-73.92855255303
restaurant,LUCKYBIRD CAKE STUDIO,Bakery Products/Desserts,East Williamsburg,Brooklyn,BK0104,40.70739422866,-73.94260402367
restaurant,LUCY'S VIETNAMESE,Other,East Williamsburg,Brooklyn,BK0104,40.7114116389,-73.94634469958
restaurant,LULLA'S,Bakery Products/Desserts,East Williamsburg,Brooklyn,BK0104,40.70775962042,-73.9432818015
restaurant,M SHANGHAI,Chinese,East Williamsburg,Brooklyn,BK0104,40.71406770846,-73.95051971829
restaurant,MACRI PARK,American,East Williamsburg,Brooklyn,BK0104,40.71424110741,-73.95164143856
restaurant,MALOYA,French,East Williamsburg,Brooklyn,BK0104,40.70298650687,-73.93317290982
restaurant,MAMA PHO / SOJUICE,Southeast Asian,East Williamsburg,Brooklyn,BK0104,40.71119029996,-73.94849829769
restaurant,MANNY'S GRILL,American,East Williamsburg,Brooklyn,BK0104,40.71396246891,-73.93253059964
restaurant,MARCELA'S,Spanish,East Williamsburg,Brooklyn,BK0104,40.70742699206,-73.94225773649
restaurant,MARIO'S PIZZA,Pizza,East Williamsburg,Brooklyn,BK0104,40.71190859439,-73.94106349403
restaurant,MARTINO SISTERS,Italian,East Williamsburg,Brooklyn,BK0104,40.70387198359,-73.94121489329
restaurant,MCDONALD'S,Hamburgers,East Williamsburg,Brooklyn,BK0104,40.71170658409,-73.94324957328
restaurant,MCDONALD'S,Hamburgers,East Williamsburg,Brooklyn,BK0104,40.72222317386,-73.94055647931
restaurant,MEDUSA,Other,East Williamsburg,Brooklyn,BK0104,40.71127771908,-73.94758564063
restaurant,MEET & MEAT,Mediterranean,East Williamsburg,Brooklyn,BK0104,40.71538795023,-73.94453783853
restaurant,MESA COYOACAN,Mexican,East Williamsburg,Brooklyn,BK0104,40.71551420781,-73.94453412576
restaurant,MO'S GENERAL,Pizza,East Williamsburg,Brooklyn,BK0104,40.71556320972,-73.94960595566
restaurant,MOMMY'S BAR,American,East Williamsburg,Brooklyn,BK0104,40.71397153625,-73.94430455246
restaurant,MOMO SUSHI SHACK,Japanese,East Williamsburg,Brooklyn,BK0104,40.7050259046,-73.93322856524
restaurant,MONTEMUG COFFEE,Coffee/Tea,East Williamsburg,Brooklyn,BK0104,40.71766984332,-73.94662462824
restaurant,MOONDOG HIFI,Mediterranean,East Williamsburg,Brooklyn,BK0104,40.70751576297,-73.92923686528
restaurant,MOTHER'S,American,East Williamsburg,Brooklyn,BK0104,40.71487463846,-73.94445530015
restaurant,MOTHERS SEAFOOD & MORE,Soul Food,East Williamsburg,Brooklyn,BK0104,40.70352409222,-73.94258572869
restaurant,MUZ MUZ,Coffee/Tea,East Williamsburg,Brooklyn,BK0104,40.71254962155,-73.94404963813
restaurant,NEALTICAN'S CORNER,Mexican,East Williamsburg,Brooklyn,BK0104,40.70777848164,-73.92373969605
restaurant,NEW FUN SING,Chinese,East Williamsburg,Brooklyn,BK0104,40.70175148411,-73.94362234243
restaurant,NEW MEXICO PLACE,Mexican,East Williamsburg,Brooklyn,BK0104,40.70854194385,-73.94341098253
restaurant,NEW YUMMY HOUSE,Chinese,East Williamsburg,Brooklyn,BK0104,40.70236295469,-73.93716242396
restaurant,NEWTOWN,Middle Eastern,East Williamsburg,Brooklyn,BK0104,40.7091589591,-73.93707303278
restaurant,NINO'S PIZZERIA,Pizza,East Williamsburg,Brooklyn,BK0104,40.70500638167,-73.94281167121
restaurant,NORTHERN BELL,American,East Williamsburg,Brooklyn,BK0104,40.71412175653,-73.948593419
restaurant,NORWIND'S,Caribbean,East Williamsburg,Brooklyn,BK0104,40.70397586309,-73.93063642099
restaurant,OKONOMI / YUJI RAMEN,Japanese,East Williamsburg,Brooklyn,BK0104,40.71264235865,-73.94866670729
restaurant,OKOZUSHI,Japanese,East Williamsburg,Brooklyn,BK0104,40.7156404776,-73.94455566414
restaurant,ORBITAL KITCHENS EAST WILLIAMSBURG,American,East Williamsburg,Brooklyn,BK0104,40.71374761327,-73.935986522
restaurant,ORE BAR,American,East Williamsburg,Brooklyn,BK0104,40.71196769363,-73.94397437917
restaurant,OTIS,American,East Williamsburg,Brooklyn,BK0104,40.70620039837,-73.93276932108
restaurant,PACIFIC PALACE CAFE,"Juice, Smoothies, Fruit Salads",East Williamsburg,Brooklyn,BK0104,40.70739827171,-73.9397834544
restaurant,PALENQUE COLOMBIAN FOOD,Spanish,East Williamsburg,Brooklyn,BK0104,40.71262099081,-73.94406039942
restaurant,PAPA JOHN'S,Pizza,East Williamsburg,Brooklyn,BK0104,40.71124493633,-73.94792473112
restaurant,PECORARO LATTERIA,Italian,East Williamsburg,Brooklyn,BK0104,40.71417364532,-73.94801261488
restaurant,PINE & GINGER,Caribbean,East Williamsburg,Brooklyn,BK0104,40.70181192045,-73.94372688131
restaurant,PINE BOX ROCK SHOP,American,East Williamsburg,Brooklyn,BK0104,40.70546480857,-73.93278449283
restaurant,PINK METAL,American,East Williamsburg,Brooklyn,BK0104,40.70730494197,-73.9397691116
restaurant,PITA PALACE,Middle Eastern,East Williamsburg,Brooklyn,BK0104,40.71724356113,-73.94484291715
restaurant,PIZZETTE,Pizza,East Williamsburg,Brooklyn,BK0104,40.70860507889,-73.94342174951
restaurant,PLEASE TELL ME,Brazilian,East Williamsburg,Brooklyn,BK0104,40.7145724894,-73.94399382476
restaurant,PLUS DE VIN,New French,East Williamsburg,Brooklyn,BK0104,40.7185227232,-73.94505108748
restaurant,POLYGON,Latin American,East Williamsburg,Brooklyn,BK0104,40.71547016759,-73.933939522
restaurant,POMP & CIRCUMSTANCE,Mediterranean,East Williamsburg,Brooklyn,BK0104,40.7142566159,-73.94941576393
restaurant,POST NO BILLS,American,East Williamsburg,Brooklyn,BK0104,40.70730494197,-73.9397691116
restaurant,PRINCESA BAKERY & RESTAURANT,Latin American,East Williamsburg,Brooklyn,BK0104,40.70430091633,-73.94269325786
restaurant,PUMPS EXOTIC BAR,American,East Williamsburg,Brooklyn,BK0104,40.71391044122,-73.93273987101
restaurant,QATRAH CAFE,Coffee/Tea,East Williamsburg,Brooklyn,BK0104,40.71184524703,-73.94064151919
restaurant,QUICK GRILL JAPAN,Japanese,East Williamsburg,Brooklyn,BK0104,40.70093498842,-73.94104077403
restaurant,RAMONITA'S,Latin American,East Williamsburg,Brooklyn,BK0104,40.70387198359,-73.94121489329
restaurant,RECLAMATION BAR,American,East Williamsburg,Brooklyn,BK0104,40.71472512082,-73.94183294753
restaurant,REN,Chinese,East Williamsburg,Brooklyn,BK0104,40.7113515576,-73.94699762892
restaurant,RINGOLEVIO,Italian,East Williamsburg,Brooklyn,BK0104,40.71907367659,-73.94351744577
restaurant,ROBERTA'S,Pizza,East Williamsburg,Brooklyn,BK0104,40.7050259046,-73.93322856524
restaurant,ROKSTAR CHICKEN,Chicken,East Williamsburg,Brooklyn,BK0104,40.70293203529,-73.94423446543
restaurant,ROME TO BROOKLYN PIZZERIA,Pizza,East Williamsburg,Brooklyn,BK0104,40.71173934224,-73.94288883554
restaurant,ROSE WOLF COFFEE,Coffee/Tea,East Williamsburg,Brooklyn,BK0104,40.71466402873,-73.94045502914
restaurant,ROSE'S R&R,Polynesian,East Williamsburg,Brooklyn,BK0104,40.71916787626,-73.9453283311
restaurant,SAL'S PIZZERIA,Pizza,East Williamsburg,Brooklyn,BK0104,40.71316136083,-73.94920738221
restaurant,SALTED,Other,East Williamsburg,Brooklyn,BK0104,40.71374761327,-73.935986522
restaurant,SECRET COFFEE,Coffee/Tea,East Williamsburg,Brooklyn,BK0104,40.70178170318,-73.94367641513
restaurant,SEITAN HELPER,Vegan,East Williamsburg,Brooklyn,BK0104,40.70383894626,-73.93117035095
restaurant,SEMKEH,Mediterranean,East Williamsburg,Brooklyn,BK0104,40.70575239148,-73.93173823772
restaurant,SEY COFFEE,Coffee/Tea,East Williamsburg,Brooklyn,BK0104,40.7055030998,-73.9325536215
restaurant,SHAKING CRAB,Seafood,East Williamsburg,Brooklyn,BK0104,40.70400052891,-73.93057508171
restaurant,SILO,American,East Williamsburg,Brooklyn,BK0104,40.71042666511,-73.92296114393
restaurant,SIMPLY NOVA,Sandwiches/Salads/Mixed Buffet,East Williamsburg,Brooklyn,BK0104,40.71456966171,-73.94382428634
restaurant,SLEEPWALK,American,East Williamsburg,Brooklyn,BK0104,40.70735160684,-73.939776283
restaurant,SLICE CATERING,American,East Williamsburg,Brooklyn,BK0104,40.71057219596,-73.92304754392
restaurant,SMOR BAKERY,Coffee/Tea,East Williamsburg,Brooklyn,BK0104,40.71232754406,-73.94456203761
restaurant,SOBRE MASA,Mexican,East Williamsburg,Brooklyn,BK0104,40.70641916383,-73.93139129867
restaurant,SOL ET SOLEIL,Mexican,East Williamsburg,Brooklyn,BK0104,40.71431891892,-73.94188019747
restaurant,SUBWAY,Sandwiches,East Williamsburg,Brooklyn,BK0104,40.7062532665,-73.95033077388
restaurant,SUBWAY,Sandwiches,East Williamsburg,Brooklyn,BK0104,40.71184524703,-73.94064151919
restaurant,SUPER ACTION BURGER,Hamburgers,East Williamsburg,Brooklyn,BK0104,40.71226414273,-73.94400298604
restaurant,SWEET SCIENCE / FEATHERWEIGHT,Creole,East Williamsburg,Brooklyn,BK0104,40.70642006559,-73.94306653714
restaurant,SYNDICATED,American,East Williamsburg,Brooklyn,BK0104,40.70503138154,-73.93320691933
restaurant,TACO BELL,Mexican,East Williamsburg,Brooklyn,BK0104,40.70090759814,-73.94115260013
restaurant,TACO BELL,Mexican,East Williamsburg,Brooklyn,BK0104,40.71191960125,-73.94111759087
restaurant,TAJ KABAB KING,Indian,East Williamsburg,Brooklyn,BK0104,40.71095715121,-73.94884836283
restaurant,TAQUERIA EL TORITO,Mexican,East Williamsburg,Brooklyn,BK0104,40.70293720016,-73.94357084315
restaurant,TASTE OF HEAVEN,Soul Food,East Williamsburg,Brooklyn,BK0104,40.71706845467,-73.9404709097
restaurant,TESTO,Italian,East Williamsburg,Brooklyn,BK0104,40.70835140963,-73.9467511466
restaurant,THE ANCHORED INN,American,East Williamsburg,Brooklyn,BK0104,40.70921385844,-73.93708019468
restaurant,THE BLEND FACTORY,"Juice, Smoothies, Fruit Salads",East Williamsburg,Brooklyn,BK0104,40.71185130626,-73.94175250165
restaurant,THE BROOKLYN MONARCH,American,East Williamsburg,Brooklyn,BK0104,40.71071209415,-73.93633933143
restaurant,THE BROOKLYN TREE,American,East Williamsburg,Brooklyn,BK0104,40.70743235965,-73.94201607197
restaurant,THE GARDEN BAR & GRILL,Latin American,East Williamsburg,Brooklyn,BK0104,40.70623614094,-73.94301619966
restaurant,THE GRAHAM PIZZA & CHICKEN,Chicken,East Williamsburg,Brooklyn,BK0104,40.7030874653,-73.94217134402
restaurant,THE LAST CALL,Japanese,East Williamsburg,Brooklyn,BK0104,40.71120942733,-73.94830710823
restaurant,THE LITTLE BOOKSHOP,Coffee/Tea,East Williamsburg,Brooklyn,BK0104,40.70780727832,-73.93985161429
restaurant,THE MEADOWS,Not Listed/Not Applicable,East Williamsburg,Brooklyn,BK0104,40.71066279628,-73.9365341588
restaurant,THE MORGAN,American,East Williamsburg,Brooklyn,BK0104,40.70767937179,-73.93199234511
restaurant,THE NARROWS,American,East Williamsburg,Brooklyn,BK0104,40.70390187196,-73.93083125856
restaurant,THE ORIGIONAL SQUARE OF SOHO,Pizza,East Williamsburg,Brooklyn,BK0104,40.70767937179,-73.93199234511
restaurant,THE PIZZA INN,Pizza,East Williamsburg,Brooklyn,BK0104,40.70629993228,-73.95034155938
restaurant,THE RED PAVILION,Asian/Asian Fusion,East Williamsburg,Brooklyn,BK0104,40.70807743547,-73.92340030421
restaurant,THE RICHARDSON,Tapas,East Williamsburg,Brooklyn,BK0104,40.718915275,-73.94515537972
restaurant,THE ROSEMONT,American,East Williamsburg,Brooklyn,BK0104,40.70692444397,-73.94743398281
restaurant,THE SANDWICH SHOP,Sandwiches,East Williamsburg,Brooklyn,BK0104,40.71141428728,-73.9461390939
restaurant,THE SWALLOW CAFE & ESPRESSO BAR,Coffee/Tea,East Williamsburg,Brooklyn,BK0104,40.70532238801,-73.93331122235
restaurant,THIP OSHA,Thai,East Williamsburg,Brooklyn,BK0104,40.71188134993,-73.94146029978
restaurant,THOMPSON BROOKE,American,East Williamsburg,Brooklyn,BK0104,40.71136793267,-73.94679561954
restaurant,THREE LEGGED CAT,Coffee/Tea,East Williamsburg,Brooklyn,BK0104,40.7122144813,-73.93816309542
restaurant,TOFU BOX,Vegetarian,East Williamsburg,Brooklyn,BK0104,40.71135420716,-73.94679202346
restaurant,TOM & JOAN'S,American,East Williamsburg,Brooklyn,BK0104,40.71823724491,-73.9450044269
restaurant,TONY'S PIZZA,Italian,East Williamsburg,Brooklyn,BK0104,40.71506953096,-73.94448399534
restaurant,TRADESMAN,American,East Williamsburg,Brooklyn,BK0104,40.7081504142,-73.93992704843
restaurant,TUFFET,American,East Williamsburg,Brooklyn,BK0104,40.71209120822,-73.94397427495
restaurant,The STARLIGHT,American,East Williamsburg,Brooklyn,BK0104,40.71122580961,-73.9481159208
restaurant,UNION POOL,American,East Williamsburg,Brooklyn,BK0104,40.71494381519,-73.95175275217
restaurant,VARIETY COFFEE ROASTERS,Coffee/Tea,East Williamsburg,Brooklyn,BK0104,40.71539068453,-73.94451619247
restaurant,VESELKA,Eastern European,East Williamsburg,Brooklyn,BK0104,40.71623023425,-73.94971006228
restaurant,VIVA TORO,Spanish,East Williamsburg,Brooklyn,BK0104,40.7132175758,-73.93545677785
restaurant,WANDERING BARMAN,American,East Williamsburg,Brooklyn,BK0104,40.70883410912,-73.93533479567
restaurant,WARIQUE,Peruvian,East Williamsburg,Brooklyn,BK0104,40.70829489502,-73.94337151706
restaurant,WENDY'S,American,East Williamsburg,Brooklyn,BK0104,40.70154806797,-73.94300940267
restaurant,WIN SON,Asian/Asian Fusion,East Williamsburg,Brooklyn,BK0104,40.70743845739,-73.94323157973
restaurant,WIN SON BAKERY,Asian/Asian Fusion,East Williamsburg,Brooklyn,BK0104,40.70715296741,-73.94316329367
restaurant,WINGSTOP,Chicken,East Williamsburg,Brooklyn,BK0104,40.71374761327,-73.935986522
restaurant,YIA YIA'S TAVERNA,Greek,East Williamsburg,Brooklyn,BK0104,40.70387720817,-73.93089620432
restaurant,YOYO CHICKEN,Other,East Williamsburg,Brooklyn,BK0104,40.71183219347,-73.94195090905
restaurant,ZOLI,American,East Williamsburg,Brooklyn,BK0104,40.71215602818,-73.93667340923
restaurant,ZUCKER'S BAGELS & SMOKED FISH,Bagels/Pretzels,East Williamsburg,Brooklyn,BK0104,40.71374761327,-73.935986522
restaurant,11 PARISHES RESTAURANT,Caribbean,Flatbush,Brooklyn,BK1401,40.64425180686,-73.95792269791
restaurant,98K CHICKEN & BURGERS,Chicken,Flatbush,Brooklyn,BK1401,40.63376804861,-73.94776925036
restaurant,ADOBO MEXICAN GRILL,Mexican,Flatbush,Brooklyn,BK1401,40.65042212188,-73.95805213089
restaurant,ALI ROTI,Caribbean,Flatbush,Brooklyn,BK1401,40.65242073793,-73.95920411019
restaurant,AMBYANS MARIE  LOURDES RESTAURANT,Caribbean,Flatbush,Brooklyn,BK1401,40.63557260962,-73.95056012983
restaurant,ANGELOS PIZZERIA,Pizza,Flatbush,Brooklyn,BK1401,40.64369733199,-73.95784377402
restaurant,ANNA'S CAFE,American,Flatbush,Brooklyn,BK1401,40.62909378907,-73.94800348984
restaurant,APPLEBEES NEIGHBORHOOD GRILL AND BAR,American,Flatbush,Brooklyn,BK1401,40.63111920688,-73.94749392176
restaurant,ASHOKA GRILL,Indian,Flatbush,Brooklyn,BK1401,40.63562204988,-73.95063935834
restaurant,ATELIER DECEMBER,French,Flatbush,Brooklyn,BK1401,40.64168182787,-73.96340133346
restaurant,AUNTIE ANNE'S/CINNABON,Donuts,Flatbush,Brooklyn,BK1401,40.63261234369,-73.94743870041
restaurant,AYAT,Middle Eastern,Flatbush,Brooklyn,BK1401,40.64170375731,-73.96331123897
restaurant,BABE & AL,Coffee/Tea,Flatbush,Brooklyn,BK1401,40.65484879378,-73.95629058029
restaurant,BAKE & THINGS RESTAURANT,Caribbean,Flatbush,Brooklyn,BK1401,40.63418583959,-73.9490659622
restaurant,BAKERY ST MARC,Bakery Products/Desserts,Flatbush,Brooklyn,BK1401,40.64311538797,-73.95770721493
restaurant,BANANA BOAT RESTAURANT,Caribbean,Flatbush,Brooklyn,BK1401,40.64263227456,-73.95762104201
restaurant,BEBE FRITAY RESTAURANT,Creole,Flatbush,Brooklyn,BK1401,40.64913927893,-73.96302964956
restaurant,BEL NEGES,Creole,Flatbush,Brooklyn,BK1401,40.65087419152,-73.95587155041
restaurant,BK CAMPUS EATS,Coffee/Tea,Flatbush,Brooklyn,BK1401,40.63175276168,-73.95266698078
restaurant,BO BO KITCHEN CHINESE RESTAURANT,Chinese,Flatbush,Brooklyn,BK1401,40.64167085681,-73.96342656256
restaurant,BONA PIZZA,Pizza,Flatbush,Brooklyn,BK1401,40.6410013199,-73.95614834916
restaurant,BROOKLYN PERK COFFEE,Coffee/Tea,Flatbush,Brooklyn,BK1401,40.65523199612,-73.96093592281
restaurant,BROOKLYN'S BEST,Middle Eastern,Flatbush,Brooklyn,BK1401,40.6324809421,-73.94820259721
restaurant,BUNNAN,Caribbean,Flatbush,Brooklyn,BK1401,40.63987278317,-73.95503570571
restaurant,CAFE MADELINE,Coffee/Tea,Flatbush,Brooklyn,BK1401,40.64167634177,-73.96341214636
restaurant,CC'S JAMAICAN RESTAURANT,Caribbean,Flatbush,Brooklyn,BK1401,40.6346691777,-73.94964566124
restaurant,CHINA CHEF CHEN,Chinese,Flatbush,Brooklyn,BK1401,40.64445493122,-73.95795139689
restaurant,CHINA DRAGON,Chinese,Flatbush,Brooklyn,BK1401,40.6427143965,-73.95702643669
restaurant,CHINA THAI NY,Chinese,Flatbush,Brooklyn,BK1401,40.65096862319,-73.95885182927
restaurant,CHIPOTLE MEXICAN GRILL,Tex-Mex,Flatbush,Brooklyn,BK1401,40.64687314888,-73.95813004586
restaurant,CHIPOTLE MEXICAN GRILL,Tex-Mex,Flatbush,Brooklyn,BK1401,40.63215953879,-73.94762280016
restaurant,CHOSEN EATERY,Caribbean,Flatbush,Brooklyn,BK1401,40.63454011268,-73.94950884849
restaurant,CJ'S CAFE,Caribbean,Flatbush,Brooklyn,BK1401,40.65073803967,-73.95879070767
restaurant,COLD STONE CREAMERY,Other,Flatbush,Brooklyn,BK1401,40.65269523897,-73.95926881175
restaurant,DEBE KITCHEN,Caribbean,Flatbush,Brooklyn,BK1401,40.63348807262,-73.94775145608
restaurant,DOMINOS,Pizza,Flatbush,Brooklyn,BK1401,40.65393047529,-73.95950951997
restaurant,DUBAI PIZZA & GYRO,Pizza,Flatbush,Brooklyn,BK1401,40.63953504446,-73.95470444171
restaurant,DUNKIN,Donuts,Flatbush,Brooklyn,BK1401,40.63238440577,-73.94717587684
restaurant,DUNKIN,Donuts,Flatbush,Brooklyn,BK1401,40.64665905337,-73.9581229736
restaurant,DUNKIN,Donuts,Flatbush,Brooklyn,BK1401,40.65079568523,-73.95880508708
restaurant,DUNKIN,Donuts,Flatbush,Brooklyn,BK1401,40.63821206294,-73.9482341625
restaurant,DUNKIN',Donuts,Flatbush,Brooklyn,BK1401,40.64909838646,-73.96390537073
restaurant,EL RANCHITO POBLANO RESTAURANT,Mexican,Flatbush,Brooklyn,BK1401,40.63824448717,-73.95343342363
restaurant,EXQUISITE RESTAURANT,Caribbean,Flatbush,Brooklyn,BK1401,40.63394408953,-73.94859777354
restaurant,F1 RESTAURANT & LOUNGE,American,Flatbush,Brooklyn,BK1401,40.63977667759,-73.95493848454
restaurant,FIVE GUYS,Hamburgers,Flatbush,Brooklyn,BK1401,40.63340022644,-73.94772270235
restaurant,FLATBUSH LATIN GRILL,Latin American,Flatbush,Brooklyn,BK1401,40.64982238835,-73.96198778972
restaurant,FOOTPRINTS CAFE EXPRESS,Caribbean,Flatbush,Brooklyn,BK1401,40.63718727022,-73.95227758463
restaurant,FOREVER INK BAR,American,Flatbush,Brooklyn,BK1401,40.64525917839,-73.95802295788
restaurant,FOUR SEASONS BAKERY,Vegetarian,Flatbush,Brooklyn,BK1401,40.65045209654,-73.95746109357
restaurant,FRESH GRILL,Caribbean,Flatbush,Brooklyn,BK1401,40.63700055137,-73.95210116964
restaurant,Forefathers Chicken Madness,Chicken,Flatbush,Brooklyn,BK1401,40.63953504446,-73.95470444171
restaurant,GINO'S PIZZA,Pizza,Flatbush,Brooklyn,BK1401,40.65225603704,-73.95916456874
restaurant,GOLDEN BLUE BAR & RESTAURANT,Caribbean,Flatbush,Brooklyn,BK1401,40.64269528275,-73.95729309697
restaurant,GONG CHA,"Juice, Smoothies, Fruit Salads",Flatbush,Brooklyn,BK1401,40.63269472515,-73.94752149987
restaurant,GRACE CARIBBEAN CUISINE,Caribbean,Flatbush,Brooklyn,BK1401,40.6358130079,-73.94798021929
restaurant,GREEN LAKE,Chinese,Flatbush,Brooklyn,BK1401,40.65328266399,-73.95938738123
restaurant,GUAC TIME,Mexican,Flatbush,Brooklyn,BK1401,40.6449901912,-73.95802673124
restaurant,GYRO KING,Middle Eastern,Flatbush,Brooklyn,BK1401,40.650847849,-73.95884109267
restaurant,HALAL BROS GRILL,Middle Eastern,Flatbush,Brooklyn,BK1401,40.65041666264,-73.95813502102
restaurant,HALAL N OUT,Middle Eastern,Flatbush,Brooklyn,BK1401,40.63476527831,-73.94972124978
restaurant,HAMZA & MADINA HALAL FOOD,Middle Eastern,Flatbush,Brooklyn,BK1401,40.6552868437,-73.96079533329
restaurant,HEALTHY BLENDZ,"Juice, Smoothies, Fruit Salads",Flatbush,Brooklyn,BK1401,40.6339330829,-73.94853653317
restaurant,ISLAND EXPRESS,Caribbean,Flatbush,Brooklyn,BK1401,40.64700215487,-73.95813356817
restaurant,J AND C RESTAURANT,Caribbean,Flatbush,Brooklyn,BK1401,40.64274179286,-73.95688949158
restaurant,JEN'S ROTI SHOP AND BAKERY,Caribbean,Flatbush,Brooklyn,BK1401,40.65190193862,-73.95910352087
restaurant,JUICY KING CRAB EXPRESS,Seafood,Flatbush,Brooklyn,BK1401,40.6500909785,-73.96080560575
restaurant,JUNCTION JUICE,"Juice, Smoothies, Fruit Salads",Flatbush,Brooklyn,BK1401,40.63189877128,-73.94759418349
restaurant,JUPIOCA,"Juice, Smoothies, Fruit Salads",Flatbush,Brooklyn,BK1401,40.63253855155,-73.94813409913
restaurant,JUS FISHY & BEYOND,Caribbean,Flatbush,Brooklyn,BK1401,40.64493254157,-73.95800154334
restaurant,KINGS THEATER,American,Flatbush,Brooklyn,BK1401,40.64599754019,-73.95806573392
restaurant,KUCHELA KUIZINE,Caribbean,Flatbush,Brooklyn,BK1401,40.64113310798,-73.95624915365
restaurant,LELY'S BAKERY & COFFEE,Caribbean,Flatbush,Brooklyn,BK1401,40.65231093777,-73.95917895049
restaurant,LOS TRES CHIFLADOS HOMEMADE MEXICAN RESTAURANT,Mexican,Flatbush,Brooklyn,BK1401,40.64561876048,-73.95806597289
restaurant,LOTUS VEGETARIAN,Vegetarian,Flatbush,Brooklyn,BK1401,40.65043574783,-73.95778544332
restaurant,MALVA PIZZERIA,Pizza,Flatbush,Brooklyn,BK1401,40.64949331362,-73.96289971875
restaurant,MANGO SEED,American,Flatbush,Brooklyn,BK1401,40.65435045579,-73.95959215567
restaurant,MANGOSEEDS,Other,Flatbush,Brooklyn,BK1401,40.65435045579,-73.95959215567
restaurant,MANGROVE (TASTING ROOM),Other,Flatbush,Brooklyn,BK1401,40.65279147185,-73.95973725946
restaurant,MCDONALD'S,Hamburgers,Flatbush,Brooklyn,BK1401,40.6549275884,-73.96171456863
restaurant,MCDONALD'S,Hamburgers,Flatbush,Brooklyn,BK1401,40.63242030793,-73.94765501985
restaurant,MEI JUNG MEI RESTAURANT,Chinese,Flatbush,Brooklyn,BK1401,40.63637995003,-73.95143506033
restaurant,MELANY BAR & RESTAURANT,Spanish,Flatbush,Brooklyn,BK1401,40.65347206654,-73.95942330483
restaurant,MIKE'S PIZZA & RESTAURANT,Pizza,Flatbush,Brooklyn,BK1401,40.65122657413,-73.958689498
restaurant,MINT PORCH CAFE,Vegan,Flatbush,Brooklyn,BK1401,40.65279147185,-73.95973725946
restaurant,MOKAFE TO GO,Middle Eastern,Flatbush,Brooklyn,BK1401,40.65293118327,-73.95896954302
restaurant,MOLITO POBLANO,Mexican,Flatbush,Brooklyn,BK1401,40.64004576088,-73.95517971697
restaurant,MR. KING,Chinese,Flatbush,Brooklyn,BK1401,40.6531316909,-73.95935864216
restaurant,MR. PIZZA,Pizza,Flatbush,Brooklyn,BK1401,40.65027169808,-73.95955139038
restaurant,Mirna's Pupuseria,Spanish,Flatbush,Brooklyn,BK1401,40.63747286812,-73.95261606791
restaurant,NAPOLI PIZZA,Pizza,Flatbush,Brooklyn,BK1401,40.62943933877,-73.9473619511
restaurant,NATURAL BLEND,Vegetarian,Flatbush,Brooklyn,BK1401,40.65043574119,-73.95776742448
restaurant,NEW CHINA RESTAURANT,Chinese,Flatbush,Brooklyn,BK1401,40.64390067609,-73.95847424277
restaurant,NINJA JAPAN TERIYAKI & SUSHI,Japanese,Flatbush,Brooklyn,BK1401,40.64985802017,-73.96183641233
restaurant,NOSTRAND EXPRESS,Sandwiches,Flatbush,Brooklyn,BK1401,40.63176975827,-73.9475762714
restaurant,NOSTRAND FAMOUS PIZZA,Pizza,Flatbush,Brooklyn,BK1401,40.63318612685,-73.94770845937
restaurant,OVI'S PLACE,American,Flatbush,Brooklyn,BK1401,40.63153662756,-73.94796194901
restaurant,PANDA EXPRESS,Chinese,Flatbush,Brooklyn,BK1401,40.63215953879,-73.94762280016
restaurant,PARKSIDE COFFEE SHOP,American,Flatbush,Brooklyn,BK1401,40.65507019349,-73.96134687633
restaurant,PASTURE BURGERS,Hamburgers,Flatbush,Brooklyn,BK1401,40.64170102867,-73.96336168663
restaurant,PATTY SHOP,Caribbean,Flatbush,Brooklyn,BK1401,40.65439163002,-73.95959933861
restaurant,PELICAN REEF CATERERS,Caribbean,Flatbush,Brooklyn,BK1401,40.63949111085,-73.95466123353
restaurant,PEPPA'S,Caribbean,Flatbush,Brooklyn,BK1401,40.65495161192,-73.95973234672
restaurant,PICH RESTAURANT AND LOUNGE,Caribbean,Flatbush,Brooklyn,BK1401,40.65404302652,-73.95955269898
restaurant,PIZZA HUT,Pizza,Flatbush,Brooklyn,BK1401,40.63216546905,-73.948595546
restaurant,PONTENTIAL VEGETAL (PV HERBS & VITAMINS),"Juice, Smoothies, Fruit Salads",Flatbush,Brooklyn,BK1401,40.63726417059,-73.95238922415
restaurant,POPEYES,Chicken,Flatbush,Brooklyn,BK1401,40.63233521474,-73.94764427848
restaurant,POPEYES,Chicken,Flatbush,Brooklyn,BK1401,40.64768835917,-73.95815836127
restaurant,POTIWA PIZZA INTERNATIONAL,Pizza,Flatbush,Brooklyn,BK1401,40.6353062582,-73.95031172439
restaurant,PRONTO CAFE,Mexican,Flatbush,Brooklyn,BK1401,40.63172251964,-73.94632975518
restaurant,QUEZADA RESTAURANT,Latin American,Flatbush,Brooklyn,BK1401,40.64085304507,-73.95600071371
restaurant,R-1 HOT PIZZA,Pizza,Flatbush,Brooklyn,BK1401,40.64765816658,-73.95815838028
restaurant,SAN JOSE TERUEL,Mexican,Flatbush,Brooklyn,BK1401,40.64948782756,-73.96291053297
restaurant,SHAH'S HALAL FOOD,Middle Eastern,Flatbush,Brooklyn,BK1401,40.63354571469,-73.94775501363
restaurant,STAR SPICE,Caribbean,Flatbush,Brooklyn,BK1401,40.63377391628,-73.94860511086
restaurant,STARBUCKS,Coffee/Tea,Flatbush,Brooklyn,BK1401,40.63223130661,-73.94851263107
restaurant,STARBUCKS COFFEE # 84386,Coffee/Tea,Flatbush,Brooklyn,BK1401,40.65023884444,-73.95978925848
restaurant,SUBWAY,Sandwiches,Flatbush,Brooklyn,BK1401,40.63252720248,-73.94732347815
restaurant,SUBWAY,Sandwiches,Flatbush,Brooklyn,BK1401,40.65011018333,-73.96078036816
restaurant,TACO BELL,Tex-Mex,Flatbush,Brooklyn,BK1401,40.64590422425,-73.95808381041
restaurant,TACOS EL DORADO,Spanish,Flatbush,Brooklyn,BK1401,40.6401967928,-73.95535617266
restaurant,TERIYAKI ONE,Japanese,Flatbush,Brooklyn,BK1401,40.63232949683,-73.94714709817
restaurant,TEX'S CHICKEN & BURGERS,Chicken,Flatbush,Brooklyn,BK1401,40.64986046867,-73.96095709871
restaurant,TEXAS CHICKEN & BURGER,Chicken,Flatbush,Brooklyn,BK1401,40.64230007855,-73.95741226074
restaurant,THE GENTELEMAN'S KITCHEN,Other,Flatbush,Brooklyn,BK1401,40.65167135009,-73.95902798219
restaurant,THE WRIGHT KITCHEN,Other,Flatbush,Brooklyn,BK1401,40.64004576088,-73.95517971697
restaurant,UPTOWN WINGZ,Chicken,Flatbush,Brooklyn,BK1401,40.64026269281,-73.95542098633
restaurant,WENDYS,Hamburgers,Flatbush,Brooklyn,BK1401,40.64914593189,-73.95841691005
restaurant,WING HING CHINESE RESTAURANT,Chinese,Flatbush,Brooklyn,BK1401,40.64211610437,-73.95721419608
restaurant,WING STOP,Other,Flatbush,Brooklyn,BK1401,40.63276898402,-73.94784929717
restaurant,WINGSTOP,Chicken,Flatbush,Brooklyn,BK1401,40.64836086319,-73.95824802933
restaurant,WONDER,Mediterranean,Flatbush,Brooklyn,BK1401,40.65023884444,-73.95978925848
restaurant,WOOD BINE CATERERS,American,Flatbush,Brooklyn,BK1401,40.65045209654,-73.95746109357
restaurant,YAWDIE Q,Hamburgers,Flatbush,Brooklyn,BK1401,40.65279147185,-73.95973725946
restaurant,YO YO FRITAILLE,Caribbean,Flatbush,Brooklyn,BK1401,40.63413138339,-73.95006400339
restaurant,YUMMY CHINESE RESTAURANT,Chinese,Flatbush,Brooklyn,BK1401,40.64116605774,-73.95628156137
restaurant,ZEN VEGETARIAN HOUSE,Vegetarian,Flatbush,Brooklyn,BK1401,40.6539716508,-73.95952030676
restaurant,773 LOUNGE,American,Flatbush (West)-Ditmas Park-Parkville,Brooklyn,BK1402,40.63835392834,-73.96851958859
restaurant,ADOBO MEXICAN GRILL,Mexican,Flatbush (West)-Ditmas Park-Parkville,Brooklyn,BK1402,40.63076124818,-73.96636876741
restaurant,AM THAI BISTRO,Thai,Flatbush (West)-Ditmas Park-Parkville,Brooklyn,BK1402,40.64666282165,-73.97016248243
restaurant,ANARKALI,Indian,Flatbush (West)-Ditmas Park-Parkville,Brooklyn,BK1402,40.64710168624,-73.9690307585
restaurant,APPLE TREE GOURMET,American,Flatbush (West)-Ditmas Park-Parkville,Brooklyn,BK1402,40.63481966223,-73.96274937937
restaurant,BAD THERAPY,Mediterranean,Flatbush (West)-Ditmas Park-Parkville,Brooklyn,BK1402,40.63932285902,-73.96860200256
restaurant,BLUE STAR PARLOR,Coffee/Tea,Flatbush (West)-Ditmas Park-Parkville,Brooklyn,BK1402,40.63972883726,-73.96770461669
restaurant,BORA BORA SMOOTHIE CAFE / SHEEL & MASHI,Fusion,Flatbush (West)-Ditmas Park-Parkville,Brooklyn,BK1402,40.63233136177,-73.96670303242
restaurant,BURGER BHAI,Hamburgers,Flatbush (West)-Ditmas Park-Parkville,Brooklyn,BK1402,40.63936127509,-73.96856234956
restaurant,CAFE TIBET,Indonesian,Flatbush (West)-Ditmas Park-Parkville,Brooklyn,BK1402,40.64130878364,-73.96417984623
restaurant,CARVEL / CINNABON,Frozen Desserts,Flatbush (West)-Ditmas Park-Parkville,Brooklyn,BK1402,40.63214198328,-73.96674275783
restaurant,CATSKILL BAGEL CO.,Bagels/Pretzels,Flatbush (West)-Ditmas Park-Parkville,Brooklyn,BK1402,40.64091380887,-73.96506645944
restaurant,CEDAR STAR CATERING,Middle Eastern,Flatbush (West)-Ditmas Park-Parkville,Brooklyn,BK1402,40.63480932814,-73.96478863936
restaurant,CHECKERS,Hamburgers,Flatbush (West)-Ditmas Park-Parkville,Brooklyn,BK1402,40.64949332878,-73.96294656709
restaurant,CHINA DRAGON,Chinese,Flatbush (West)-Ditmas Park-Parkville,Brooklyn,BK1402,40.6488131697,-73.96467671352
restaurant,CHOCOLATE CONNECTS,Bakery Products/Desserts,Flatbush (West)-Ditmas Park-Parkville,Brooklyn,BK1402,40.63334155522,-73.96709523633
restaurant,CINCO DE MAYO MEXICAN GRILL,Mexican,Flatbush (West)-Ditmas Park-Parkville,Brooklyn,BK1402,40.64739791646,-73.96827746704
restaurant,COFFEE MOB BAR & ROASTERY,American,Flatbush (West)-Ditmas Park-Parkville,Brooklyn,BK1402,40.63598880154,-73.9623271748
restaurant,CONNECTICUT MUFFIN,Coffee/Tea,Flatbush (West)-Ditmas Park-Parkville,Brooklyn,BK1402,40.63971237974,-73.96774425976
restaurant,CORTHAIYOU,Thai,Flatbush (West)-Ditmas Park-Parkville,Brooklyn,BK1402,40.64050510975,-73.96597468852
restaurant,DOMINO'S,Pizza,Flatbush (West)-Ditmas Park-Parkville,Brooklyn,BK1402,40.64012931995,-73.96681082581
restaurant,DON BURRITO RESTAURANT,Tex-Mex,Flatbush (West)-Ditmas Park-Parkville,Brooklyn,BK1402,40.63538510374,-73.96279950388
restaurant,DON PATRON,Mexican,Flatbush (West)-Ditmas Park-Parkville,Brooklyn,BK1402,40.64742808807,-73.9682017769
restaurant,DRIP CAFE,American,Flatbush (West)-Ditmas Park-Parkville,Brooklyn,BK1402,40.64109892308,-73.9693038
restaurant,DUNKIN,Donuts,Flatbush (West)-Ditmas Park-Parkville,Brooklyn,BK1402,40.63518747124,-73.96277439387
restaurant,DUNKIN,Donuts,Flatbush (West)-Ditmas Park-Parkville,Brooklyn,BK1402,40.63554305103,-73.96772826799
restaurant,DUNKIN',Donuts,Flatbush (West)-Ditmas Park-Parkville,Brooklyn,BK1402,40.64127312624,-73.96425913746
restaurant,EL CENTENARIO PIZZA,Pizza,Flatbush (West)-Ditmas Park-Parkville,Brooklyn,BK1402,40.64987491829,-73.96314816375
restaurant,EL DIABLO TAQUERIA,Mexican,Flatbush (West)-Ditmas Park-Parkville,Brooklyn,BK1402,40.63481966223,-73.96274937937
restaurant,EXPRESS MANTI,Eastern European,Flatbush (West)-Ditmas Park-Parkville,Brooklyn,BK1402,40.6294603587,-73.96684137037
restaurant,FAMILY KITCHEN,Chinese,Flatbush (West)-Ditmas Park-Parkville,Brooklyn,BK1402,40.63500302389,-73.96112795671
restaurant,FATIMA'S GRILL,Middle Eastern,Flatbush (West)-Ditmas Park-Parkville,Brooklyn,BK1402,40.63401682742,-73.96728945759
restaurant,GARLIC & OLIVE,Italian,Flatbush (West)-Ditmas Park-Parkville,Brooklyn,BK1402,40.64051608139,-73.96594946028
restaurant,GEORGE'S,American,Flatbush (West)-Ditmas Park-Parkville,Brooklyn,BK1402,40.63871901298,-73.96862390659
restaurant,GLATT FAMILY EXPRESS,Jewish/Kosher,Flatbush (West)-Ditmas Park-Parkville,Brooklyn,BK1402,40.63116720518,-73.97624363159
restaurant,GOLDEN KRUST CARIBBEAN BAKERY & GRILL,Caribbean,Flatbush (West)-Ditmas Park-Parkville,Brooklyn,BK1402,40.64881865592,-73.96466589956
restaurant,GONGCHA,Coffee/Tea,Flatbush (West)-Ditmas Park-Parkville,Brooklyn,BK1402,40.63210642376,-73.96716790319
restaurant,GOOD TASTE RESTAURANT,Chinese,Flatbush (West)-Ditmas Park-Parkville,Brooklyn,BK1402,40.62946309931,-73.96682695847
restaurant,GOURMET SWEETS,Pakistani,Flatbush (West)-Ditmas Park-Parkville,Brooklyn,BK1402,40.63062948908,-73.9663364098
restaurant,GREEN PAVILION,American,Flatbush (West)-Ditmas Park-Parkville,Brooklyn,BK1402,40.63115897382,-73.97625804543
restaurant,GYRO HUT,Middle Eastern,Flatbush (West)-Ditmas Park-Parkville,Brooklyn,BK1402,40.63223256216,-73.9667463153
restaurant,GYRO KING XPRESS,Middle Eastern,Flatbush (West)-Ditmas Park-Parkville,Brooklyn,BK1402,40.63211191126,-73.96716069493
restaurant,HIGHBURY PUB,Irish,Flatbush (West)-Ditmas Park-Parkville,Brooklyn,BK1402,40.63930640119,-73.96864164517
restaurant,ITS JUICE,"Juice, Smoothies, Fruit Salads",Flatbush (West)-Ditmas Park-Parkville,Brooklyn,BK1402,40.63132671355,-73.96650538524
restaurant,JIKU,Korean,Flatbush (West)-Ditmas Park-Parkville,Brooklyn,BK1402,40.64743357363,-73.96818735985
restaurant,KENSINGTON CATERING (ATERES CHYNKA),Jewish/Kosher,Flatbush (West)-Ditmas Park-Parkville,Brooklyn,BK1402,40.62708011893,-73.97574794649
restaurant,KUMO JAPANESE CUISINE,Japanese,Flatbush (West)-Ditmas Park-Parkville,Brooklyn,BK1402,40.64088637972,-73.96512772914
restaurant,LA PUERTA ROJA,Latin American,Flatbush (West)-Ditmas Park-Parkville,Brooklyn,BK1402,40.6397507823,-73.96765776455
restaurant,LARK CAFE,Coffee/Tea,Flatbush (West)-Ditmas Park-Parkville,Brooklyn,BK1402,40.64667379326,-73.97013364897
restaurant,LODUCA PIZZA,Pizza,Flatbush (West)-Ditmas Park-Parkville,Brooklyn,BK1402,40.63500356264,-73.96274927632
restaurant,LOS MARIACHIS,Mexican,Flatbush (West)-Ditmas Park-Parkville,Brooklyn,BK1402,40.63776924315,-73.96835052058
restaurant,MALLENCHE MEXICAN GRILL,Mexican,Flatbush (West)-Ditmas Park-Parkville,Brooklyn,BK1402,40.64882688137,-73.96463706572
restaurant,MANCHEGO-KOKO,Asian/Asian Fusion,Flatbush (West)-Ditmas Park-Parkville,Brooklyn,BK1402,40.6412511826,-73.96430599179
restaurant,MASALLAH SWEETS AND RESTAURANT,Middle Eastern,Flatbush (West)-Ditmas Park-Parkville,Brooklyn,BK1402,40.64106598281,-73.96929300542
restaurant,MCDONALD AVENUE DINER,American,Flatbush (West)-Ditmas Park-Parkville,Brooklyn,BK1402,40.626251306,-73.9762814127
restaurant,MCDONALD'S #13068,Hamburgers,Flatbush (West)-Ditmas Park-Parkville,Brooklyn,BK1402,40.63598774221,-73.96785775962
restaurant,MILK & HONEY CAFE,Coffee/Tea,Flatbush (West)-Ditmas Park-Parkville,Brooklyn,BK1402,40.63402208577,-73.96648961566
restaurant,MIMI'S,Mediterranean,Flatbush (West)-Ditmas Park-Parkville,Brooklyn,BK1402,40.63941065045,-73.96845062787
restaurant,MUMUNEST CAKE SHOP,Bakery Products/Desserts,Flatbush (West)-Ditmas Park-Parkville,Brooklyn,BK1402,40.63589828637,-73.96251818413
restaurant,NAMASTAE BROOKLYN,Asian/Asian Fusion,Flatbush (West)-Ditmas Park-Parkville,Brooklyn,BK1402,40.64009091803,-73.966897322
restaurant,NEW HONG KONG HOUSE 2,Chinese,Flatbush (West)-Ditmas Park-Parkville,Brooklyn,BK1402,40.64014577714,-73.96677118226
restaurant,NEW PUNJAB RESTAURANT & GRILL,Pakistani,Flatbush (West)-Ditmas Park-Parkville,Brooklyn,BK1402,40.64058286255,-73.96914909919
restaurant,NICE CHINATOWN,Chinese,Flatbush (West)-Ditmas Park-Parkville,Brooklyn,BK1402,40.63373305323,-73.96376239311
restaurant,PAD KRA PROW,Thai,Flatbush (West)-Ditmas Park-Parkville,Brooklyn,BK1402,40.64012383351,-73.96682163818
restaurant,PAK LAHORI CHILLI,Pakistani,Flatbush (West)-Ditmas Park-Parkville,Brooklyn,BK1402,40.63265255668,-73.96689382024
restaurant,PAKIZA RESTAURANT,Pakistani,Flatbush (West)-Ditmas Park-Parkville,Brooklyn,BK1402,40.63256471635,-73.96686864438
restaurant,PAPA JOHN'S,Pizza,Flatbush (West)-Ditmas Park-Parkville,Brooklyn,BK1402,40.63280353221,-73.96693697882
restaurant,PIZZA BAGEL BURGER,American,Flatbush (West)-Ditmas Park-Parkville,Brooklyn,BK1402,40.62612504073,-73.97625624058
restaurant,RED MIST,Middle Eastern,Flatbush (West)-Ditmas Park-Parkville,Brooklyn,BK1402,40.6434074636,-73.96998017093
restaurant,REHMAT RESTAURANT & SWEETS,Pakistani,Flatbush (West)-Ditmas Park-Parkville,Brooklyn,BK1402,40.6308271272,-73.96638314491
restaurant,RINCON DOMINICANO RESTAURANT,Spanish,Flatbush (West)-Ditmas Park-Parkville,Brooklyn,BK1402,40.64883236759,-73.96462625176
restaurant,RUSTY NAIL,American,Flatbush (West)-Ditmas Park-Parkville,Brooklyn,BK1402,40.63497559317,-73.96117841379
restaurant,SABOR DE CASA,Spanish,Flatbush (West)-Ditmas Park-Parkville,Brooklyn,BK1402,40.64883236759,-73.96462625176
restaurant,SAN REMO PIZZERIA,Pizza,Flatbush (West)-Ditmas Park-Parkville,Brooklyn,BK1402,40.6408918649,-73.96511331325
restaurant,SHANDAR SWEET & RESTAURANT,Pakistani,Flatbush (West)-Ditmas Park-Parkville,Brooklyn,BK1402,40.64078873861,-73.96921386207
restaurant,SUNSET BAGEL CAFE AND GRILL,Sandwiches,Flatbush (West)-Ditmas Park-Parkville,Brooklyn,BK1402,40.63407318065,-73.96305604269
restaurant,SUZY'S ROTI PARLOUR,Caribbean,Flatbush (West)-Ditmas Park-Parkville,Brooklyn,BK1402,40.64642143151,-73.97074636621
restaurant,SYCAMORE,American,Flatbush (West)-Ditmas Park-Parkville,Brooklyn,BK1402,40.63974529579,-73.96766857679
restaurant,TACO CALLEJERO,Mexican,Flatbush (West)-Ditmas Park-Parkville,Brooklyn,BK1402,40.63510254928,-73.96328966163
restaurant,TEXAS CHICKEN AND BURGERS,Chicken,Flatbush (West)-Ditmas Park-Parkville,Brooklyn,BK1402,40.63322351922,-73.96705926639
restaurant,THE BRKLYN BAKEHAUS,Bakery Products/Desserts,Flatbush (West)-Ditmas Park-Parkville,Brooklyn,BK1402,40.64011013046,-73.96689370922
restaurant,THE CASTELLO PLAN,American,Flatbush (West)-Ditmas Park-Parkville,Brooklyn,BK1402,40.64013207516,-73.96684685654
restaurant,THE GARDEN,Japanese,Flatbush (West)-Ditmas Park-Parkville,Brooklyn,BK1402,40.63971786524,-73.96772984434
restaurant,THE GROUNDS OF BROOKLYN,Italian,Flatbush (West)-Ditmas Park-Parkville,Brooklyn,BK1402,40.63401659937,-73.96650042707
restaurant,TODOSANTOS CAFE & GRILL,Latin American,Flatbush (West)-Ditmas Park-Parkville,Brooklyn,BK1402,40.63601623275,-73.96227671743
restaurant,TRES BANDERAS RESTAURANT,Mexican,Flatbush (West)-Ditmas Park-Parkville,Brooklyn,BK1402,40.64671493862,-73.97003273059
restaurant,TSAOCAA,Asian/Asian Fusion,Flatbush (West)-Ditmas Park-Parkville,Brooklyn,BK1402,40.64088089345,-73.96513854177
restaurant,The Art of Prime,Russian,Flatbush (West)-Ditmas Park-Parkville,Brooklyn,BK1402,40.63434896664,-73.96736135211
restaurant,VICTORIAN,French,Flatbush (West)-Ditmas Park-Parkville,Brooklyn,BK1402,40.63939419267,-73.96849027057
restaurant,WATT LI KITCHEN AND BAR,American,Flatbush (West)-Ditmas Park-Parkville,Brooklyn,BK1402,40.63555817618,-73.96326779224
restaurant,WERKSTATT,Continental,Flatbush (West)-Ditmas Park-Parkville,Brooklyn,BK1402,40.64519445171,-73.97050186922
restaurant,WESTWOOD,Tex-Mex,Flatbush (West)-Ditmas Park-Parkville,Brooklyn,BK1402,40.6350222239,-73.96108831321
restaurant,WHEATED,Pizza,Flatbush (West)-Ditmas Park-Parkville,Brooklyn,BK1402,40.64641868857,-73.97075357452
restaurant,WOK AND ROLL KITCHEN,Chinese,Flatbush (West)-Ditmas Park-Parkville,Brooklyn,BK1402,40.64954269396,-73.96282040932
restaurant,2 IN 1 RESTAURANT,Chinese,Flatlands,Brooklyn,BK1801,40.61845229982,-73.93232133871
restaurant,A MIX 47,Chinese,Flatlands,Brooklyn,BK1801,40.6187827968,-73.92963026721
restaurant,ALIOTTA BAKE SHOP,Bakery Products/Desserts,Flatlands,Brooklyn,BK1801,40.61865486944,-73.93140621232
restaurant,ANTOJITOS ACATLAN,Mexican,Flatlands,Brooklyn,BK1801,40.61870653418,-73.93059929962
restaurant,B&B SPICE,Caribbean,Flatlands,Brooklyn,BK1801,40.61919009691,-73.92277508314
restaurant,BAGEL BOB,Bagels/Pretzels,Flatlands,Brooklyn,BK1801,40.61834243816,-73.93220258351
restaurant,BED-STUY FISH FRY,American,Flatlands,Brooklyn,BK1801,40.6301479918,-73.92808710224
restaurant,BELLYFUL RESTAURANT AND BAR,Caribbean,Flatlands,Brooklyn,BK1801,40.62041432679,-73.92704580363
restaurant,BEST WOK,Chinese,Flatlands,Brooklyn,BK1801,40.62551889194,-73.93996208268
restaurant,BLUELINE FRY PLANTAIN,Caribbean,Flatlands,Brooklyn,BK1801,40.62629668734,-73.92749686166
restaurant,BROOKLYN CAFE & EATERY,American,Flatlands,Brooklyn,BK1801,40.61948052226,-73.9180740142
restaurant,BUFFALO WILD WINGS GO,Chicken,Flatlands,Brooklyn,BK1801,40.63128024409,-73.94555552491
restaurant,BULL'S EYE SPORTS PUB,American,Flatlands,Brooklyn,BK1801,40.61924329679,-73.93317062447
restaurant,CAFE LAKAY COFFEE SHOP,Coffee/Tea,Flatlands,Brooklyn,BK1801,40.62952554245,-73.94392857011
restaurant,CARLIE'S CORNER,Caribbean,Flatlands,Brooklyn,BK1801,40.63332294738,-73.91874149549
restaurant,CARVEL,Frozen Desserts,Flatlands,Brooklyn,BK1801,40.61876631924,-73.92961587644
restaurant,CHASHNI BUBBLE TEA,Coffee/Tea,Flatlands,Brooklyn,BK1801,40.61942351742,-73.9189674028
restaurant,CHINA TOKYO RESTAURANT,Chinese/Japanese,Flatlands,Brooklyn,BK1801,40.6194805403,-73.91809922883
restaurant,COCO'S EMPANADAS CAFE,Latin American,Flatlands,Brooklyn,BK1801,40.61892469744,-73.93282154461
restaurant,CROWN FRIED CHICKEN & PIZZA,Chicken,Flatlands,Brooklyn,BK1801,40.63405907293,-73.91948278963
restaurant,CZEN RESTAURANT,Caribbean,Flatlands,Brooklyn,BK1801,40.6324900661,-73.93392830667
restaurant,DAVID'S BAKERY,Bakery Products/Desserts,Flatlands,Brooklyn,BK1801,40.63278909431,-73.92908222474
restaurant,DIVALICIOUS SAVORY CUISINE,Caribbean,Flatlands,Brooklyn,BK1801,40.61877176451,-73.92954382958
restaurant,DOLCE VITA,Italian,Flatlands,Brooklyn,BK1801,40.6194400065,-73.91899619944
restaurant,DOMINO'S,Pizza,Flatlands,Brooklyn,BK1801,40.62162729552,-73.9358374652
restaurant,DOMINO'S,Pizza,Flatlands,Brooklyn,BK1801,40.63343549109,-73.91875216647
restaurant,DOUBLE TOP CHINA & TORTILLA TACO,Chinese,Flatlands,Brooklyn,BK1801,40.62679316593,-73.94130105778
restaurant,DUNKIN,Donuts,Flatlands,Brooklyn,BK1801,40.62577830721,-73.92810623832
restaurant,DUNKIN',Coffee/Tea,Flatlands,Brooklyn,BK1801,40.63282246011,-73.9297775326
restaurant,DUNKIN',Donuts,Flatlands,Brooklyn,BK1801,40.62280275237,-73.93707911494
restaurant,DYNASTY CHINESE RESTAURANT,Chinese,Flatlands,Brooklyn,BK1801,40.62972887944,-73.94438593488
restaurant,EAST GARDEN ASIAN CUISINE,Chinese,Flatlands,Brooklyn,BK1801,40.61929275121,-73.93325342267
restaurant,FLATLANDS BUFFET,Other,Flatlands,Brooklyn,BK1801,40.62986676946,-73.92197730223
restaurant,FRIDA BROOKLYN,Other,Flatlands,Brooklyn,BK1801,40.62393488327,-73.92138267336
restaurant,FU SING RESTAURANT,Chinese,Flatlands,Brooklyn,BK1801,40.63905723045,-73.91935062507
restaurant,GEORGES LUNCHEONETTE,American,Flatlands,Brooklyn,BK1801,40.61941239815,-73.92691722771
restaurant,GLEN TERRACE,American,Flatlands,Brooklyn,BK1801,40.61914683211,-73.92374769364
restaurant,GOLDEN KRUST CARIBBEAN BAKERY & GRILL,Caribbean,Flatlands,Brooklyn,BK1801,40.63036384997,-73.91843167889
restaurant,GOOD HOPE RESTAURANT,Caribbean,Flatlands,Brooklyn,BK1801,40.62911647443,-73.94373437393
restaurant,GOOD TASTE FLATLANDS,Creole,Flatlands,Brooklyn,BK1801,40.63163803615,-73.9192875705
restaurant,GOODYZ JUICE BAR,"Juice, Smoothies, Fruit Salads",Flatlands,Brooklyn,BK1801,40.62875082249,-73.92372947323
restaurant,GYRO AND KASHMIRI PIZZA,Indian,Flatlands,Brooklyn,BK1801,40.61896483262,-73.92665837095
restaurant,HALSEY BAR & GRILL,Caribbean,Flatlands,Brooklyn,BK1801,40.63248734625,-73.93397154294
restaurant,HOT BAGELS,Bagels/Pretzels,Flatlands,Brooklyn,BK1801,40.61876631039,-73.92960146823
restaurant,ISLAND CHOIZ RESTAURANT,Caribbean,Flatlands,Brooklyn,BK1801,40.62879472359,-73.92794446212
restaurant,ISLAND GRILL,Caribbean,Flatlands,Brooklyn,BK1801,40.63549199448,-73.92370372406
restaurant,JAY'S QUICK BITES,Indian,Flatlands,Brooklyn,BK1801,40.62197607424,-73.93617934028
restaurant,KAM FUNG CHINESE RESTAURANT,Chinese,Flatlands,Brooklyn,BK1801,40.61908979485,-73.92465908324
restaurant,KATOU RESTAURANT,Caribbean,Flatlands,Brooklyn,BK1801,40.62135569329,-73.92689708077
restaurant,KFC,Chicken,Flatlands,Brooklyn,BK1801,40.63307960403,-73.92837936303
restaurant,KIM FAI,Chinese,Flatlands,Brooklyn,BK1801,40.63238239565,-73.92832607228
restaurant,KITCHEN CUISINE,Coffee/Tea,Flatlands,Brooklyn,BK1801,40.62721664596,-73.94284976389
restaurant,KREYOL FLAVOR,Creole/Cajun,Flatlands,Brooklyn,BK1801,40.62804820889,-73.94263649823
restaurant,LE CHAI,Asian/Asian Fusion,Flatlands,Brooklyn,BK1801,40.62525920051,-73.92756283634
restaurant,LENNY & JOHN'S PIZZA,Pizza,Flatlands,Brooklyn,BK1801,40.62030898927,-73.93440868871
restaurant,LOCO LOBSTER,Seafood,Flatlands,Brooklyn,BK1801,40.6301479918,-73.92808710224
restaurant,LOLA'S,Mexican,Flatlands,Brooklyn,BK1801,40.61849897392,-73.93234290345
restaurant,MACK DADDY'S,Bottled Beverages,Flatlands,Brooklyn,BK1801,40.61926358542,-73.92186006911
restaurant,MCDONALD'S,Hamburgers,Flatlands,Brooklyn,BK1801,40.63188281152,-73.92827256942
restaurant,MELTING POT,Creole,Flatlands,Brooklyn,BK1801,40.63278910992,-73.92910744442
restaurant,MILL BASIN KOSHER DELI,Jewish/Kosher,Flatlands,Brooklyn,BK1801,40.61531417746,-73.91841051909
restaurant,MR. NOSH,Fusion,Flatlands,Brooklyn,BK1801,40.61755455694,-73.94196117317
restaurant,MUNCH N' OUT,Middle Eastern,Flatlands,Brooklyn,BK1801,40.63109516034,-73.92013126666
restaurant,NEW HOT WOK,Chinese,Flatlands,Brooklyn,BK1801,40.62577560763,-73.92817828992
restaurant,NO.1 KITCHEN,Chinese,Flatlands,Brooklyn,BK1801,40.62866856292,-73.92385565828
restaurant,NORBROOK CAKES & CATERING,Bakery Products/Desserts,Flatlands,Brooklyn,BK1801,40.61919011391,-73.92280029766
restaurant,"OASIS DINER, RESTAURANT",American,Flatlands,Brooklyn,BK1801,40.61801559935,-73.93184991944
restaurant,PALERMO PASTRY SHOP,Bakery Products/Desserts,Flatlands,Brooklyn,BK1801,40.6192663007,-73.92181684095
restaurant,PANINO RUSTICO II,Italian,Flatlands,Brooklyn,BK1801,40.61943456278,-73.9190610437
restaurant,PARC OASIS CAJUN,Seafood,Flatlands,Brooklyn,BK1801,40.61867134677,-73.93142060352
restaurant,PEKING CHINESE RESTAURANT,Chicken,Flatlands,Brooklyn,BK1801,40.63043521943,-73.9184387967
restaurant,PERIZIA KOSHER PIZZA,Jewish/Kosher,Flatlands,Brooklyn,BK1801,40.62679306657,-73.94671199579
restaurant,POPEYE'S LOUISIANA KITCHEN,Chicken,Flatlands,Brooklyn,BK1801,40.63351646593,-73.9290886545
restaurant,POPEYES LOUISIANA KITCHEN,Chicken,Flatlands,Brooklyn,BK1801,40.62607341843,-73.91796502161
restaurant,PRIME 623,Caribbean,Flatlands,Brooklyn,BK1801,40.63888704136,-73.91933281583
restaurant,RAISING CANE'S #1042,Other,Flatlands,Brooklyn,BK1801,40.61755140374,-73.93130289297
restaurant,SAIGON BAR AND GRILL,Southeast Asian,Flatlands,Brooklyn,BK1801,40.61867134677,-73.93142060352
restaurant,SPRING GARDEN,Chinese,Flatlands,Brooklyn,BK1801,40.61876903745,-73.92957264891
restaurant,STARBUCKS COFFEE #23591,Coffee/Tea,Flatlands,Brooklyn,BK1801,40.62268189471,-73.9369207296
restaurant,SUBWAY,Sandwiches,Flatlands,Brooklyn,BK1801,40.63048371838,-73.92106149509
restaurant,SUNNY JOHN PIZZA,Italian,Flatlands,Brooklyn,BK1801,40.61918737884,-73.92281470914
restaurant,SUNSET BAGELS CAFE & GRILL,American,Flatlands,Brooklyn,BK1801,40.6239321558,-73.92140789292
restaurant,TACO BELL,Tex-Mex,Flatlands,Brooklyn,BK1801,40.63076736368,-73.91847441626
restaurant,THE JUICY BOX,"Juice, Smoothies, Fruit Salads",Flatlands,Brooklyn,BK1801,40.62880249614,-73.9472471722
restaurant,THE JUICY BOX,Other,Flatlands,Brooklyn,BK1801,40.62880249614,-73.9472471722
restaurant,TOPAZE RESTAURANT & JERK CHICKEN,Caribbean,Flatlands,Brooklyn,BK1801,40.62657677588,-73.92768748752
restaurant,WENDYS,Sandwiches,Flatlands,Brooklyn,BK1801,40.63333213972,-73.92840431087
restaurant,WINGSTOP,Chicken,Flatlands,Brooklyn,BK1801,40.63076736368,-73.91847441626
restaurant,YARD & ABROAD,Caribbean,Flatlands,Brooklyn,BK1801,40.62547218906,-73.93988287167
restaurant,YOSHI ASIAN FUSION,Other,Flatlands,Brooklyn,BK1801,40.61532788598,-73.91838889106
restaurant,YUMMY GOLDEN VILLAGE,Tex-Mex,Flatlands,Brooklyn,BK1801,40.63399875102,-73.91957293469
restaurant,275PARK / 275PARK LAFFAHOLICS,American,Fort Greene,Brooklyn,BK0203,40.69600496917,-73.96756185206
restaurant,ALL BURU,Japanese,Fort Greene,Brooklyn,BK0203,40.68709463259,-73.97536545899
restaurant,ALL STAR BURGERS,American,Fort Greene,Brooklyn,BK0203,40.69365307777,-73.96892971813
restaurant,APPLEBEES NEIGHBORHOOD GRILL AND BAR,American,Fort Greene,Brooklyn,BK0203,40.68445739063,-73.97774253748
restaurant,BABA COOL,American,Fort Greene,Brooklyn,BK0203,40.68688375488,-73.97765879228
restaurant,BAGEL WORLD,Bagels/Pretzels,Fort Greene,Brooklyn,BK0203,40.6895226069,-73.97049300075
restaurant,BAM CAFE / GREAT PERFORMANCES,American,Fort Greene,Brooklyn,BK0203,40.68685906734,-73.97773812699
restaurant,BAM CINEMA CONCESSION STAND,American,Fort Greene,Brooklyn,BK0203,40.68685906734,-73.97773812699
restaurant,BAR HERETIC,New American,Fort Greene,Brooklyn,BK0203,40.68997542832,-73.97023677963
restaurant,BAYA BAR,"Juice, Smoothies, Fruit Salads",Fort Greene,Brooklyn,BK0203,40.68709463259,-73.97536545899
restaurant,BITTERSWEET,Coffee/Tea,Fort Greene,Brooklyn,BK0203,40.68958074998,-73.97251588115
restaurant,BLACK FOREST BROOKLYN,German,Fort Greene,Brooklyn,BK0203,40.68661700147,-73.97517813804
restaurant,BLACK IRIS,Middle Eastern,Fort Greene,Brooklyn,BK0203,40.68736026346,-73.9726646366
restaurant,BLANK STREET,Coffee/Tea,Fort Greene,Brooklyn,BK0203,40.68711932003,-73.97529333464
restaurant,BODY BY BROOKLYN,Thai,Fort Greene,Brooklyn,BK0203,40.69600496917,-73.96756185206
restaurant,BROOKLYN ACADEMY OF MUSIC-HARVEY,American,Fort Greene,Brooklyn,BK0203,40.68818505102,-73.97910789327
restaurant,BROOKLYN FRENCH BAKERS,Bakery Products/Desserts,Fort Greene,Brooklyn,BK0203,40.68749626157,-73.97994104514
restaurant,BROOKLYN MOON,Caribbean,Fort Greene,Brooklyn,BK0203,40.68647419696,-73.9748284361
restaurant,BROOKLYN PARAMOUNT,American,Fort Greene,Brooklyn,BK0203,40.69028793849,-73.9813753629
restaurant,BROOKLYN PUBLIC HOUSE,American,Fort Greene,Brooklyn,BK0203,40.68947838771,-73.96933913626
restaurant,BROOKLYN ROASTING COMPANY,Coffee/Tea,Fort Greene,Brooklyn,BK0203,40.69174269572,-73.98154443747
restaurant,BROOKLYN ROASTING COMPANY,Coffee/Tea,Fort Greene,Brooklyn,BK0203,40.69745150069,-73.96769097309
restaurant,BROOKLYN SWEET SPOT,Bakery Products/Desserts,Fort Greene,Brooklyn,BK0203,40.69318440485,-73.97156238243
restaurant,BUFF PATTY RESTAURANT & BAKERY,Caribbean,Fort Greene,Brooklyn,BK0203,40.69316783804,-73.97116932591
restaurant,BURGER URWAY,American,Fort Greene,Brooklyn,BK0203,40.69740209174,-73.96768017817
restaurant,CAFE PAULETTE,French,Fort Greene,Brooklyn,BK0203,40.68933450633,-73.97601729256
restaurant,CHICKEN STOP,Chicken,Fort Greene,Brooklyn,BK0203,40.6898098124,-73.97832850657
restaurant,CHIPOTLE MEXICAN GRILL,Tex-Mex,Fort Greene,Brooklyn,BK0203,40.69313191544,-73.97022815299
restaurant,CHUCK E. CHEESE,American,Fort Greene,Brooklyn,BK0203,40.68445739063,-73.97774253748
restaurant,CHUNG CHUN KITCHEN,Chinese,Fort Greene,Brooklyn,BK0203,40.69323414248,-73.97293267601
restaurant,COFFEE PROJECT NY,Coffee/Tea,Fort Greene,Brooklyn,BK0203,40.68768552186,-73.9792162241
restaurant,COLD STONE CREAMERY,Frozen Desserts,Fort Greene,Brooklyn,BK0203,40.68445739063,-73.97774253748
restaurant,COLONIA VERDE,Peruvian,Fort Greene,Brooklyn,BK0203,40.68952538871,-73.97063723513
restaurant,CUTWATER COCKTAIL BAR,American,Fort Greene,Brooklyn,BK0203,40.68592316126,-73.97805934749
restaurant,DAVE & BUSTER'S,American,Fort Greene,Brooklyn,BK0203,40.68344962559,-73.97561559441
restaurant,DEKALB JUICE N' GO,"Juice, Smoothies, Fruit Salads",Fort Greene,Brooklyn,BK0203,40.68979879701,-73.97813739719
restaurant,DENIZ,Turkish,Fort Greene,Brooklyn,BK0203,40.68674608336,-73.97553866376
restaurant,DICK AND JANE'S,American,Fort Greene,Brooklyn,BK0203,40.6899756842,-73.97123922386
restaurant,DIE STANMKNEIPE (DSK),German,Fort Greene,Brooklyn,BK0203,40.68595790285,-73.97359908916
restaurant,DINO,Italian,Fort Greene,Brooklyn,BK0203,40.68950613826,-73.97049300807
restaurant,DOMINO'S,Pizza,Fort Greene,Brooklyn,BK0203,40.69324247815,-73.97336540368
restaurant,DOPPELGANGER,American,Fort Greene,Brooklyn,BK0203,40.6931261544,-73.96920042107
restaurant,DOSA ROYALE,Indian,Fort Greene,Brooklyn,BK0203,40.68706453377,-73.97580537249
restaurant,ELEGENT KITCHEN,Latin American,Fort Greene,Brooklyn,BK0203,40.69626741523,-73.97422969214
restaurant,EMACK & BOLIO'S,Frozen Desserts,Fort Greene,Brooklyn,BK0203,40.68652088418,-73.97494740741
restaurant,ENDSWELL,New French,Fort Greene,Brooklyn,BK0203,40.6860402825,-73.97375770727
restaurant,ENERGY FUEL,"Juice, Smoothies, Fruit Salads",Fort Greene,Brooklyn,BK0203,40.69314572128,-73.97054548246
restaurant,EVELINA'S,Italian,Fort Greene,Brooklyn,BK0203,40.6895364395,-73.97091848975
restaurant,FANCYFREE,American,Fort Greene,Brooklyn,BK0203,40.68710288393,-73.97544478263
restaurant,FAT RABBIT,American,Fort Greene,Brooklyn,BK0203,40.68948115368,-73.96941846452
restaurant,FORMA PASTA FACTORY,Italian,Fort Greene,Brooklyn,BK0203,40.68583699167,-73.97299338126
restaurant,FRADEI,Italian,Fort Greene,Brooklyn,BK0203,40.68657018752,-73.97448224965
restaurant,FRITZ COCKTAIL BAR,Tapas,Fort Greene,Brooklyn,BK0203,40.68657031527,-73.97506277213
restaurant,FULTON HALL,American,Fort Greene,Brooklyn,BK0203,40.68772653194,-73.97834360943
restaurant,GLIN THAI BISTRO,Thai,Fort Greene,Brooklyn,BK0203,40.69324245381,-73.97326082702
restaurant,GMC TEMAXCAL DELI & GROCERY,Mexican,Fort Greene,Brooklyn,BK0203,40.69622319204,-73.97289900155
restaurant,GOOD JOY,Chinese,Fort Greene,Brooklyn,BK0203,40.68951168237,-73.9707057531
restaurant,GOURMET GARDEN 8,Chinese,Fort Greene,Brooklyn,BK0203,40.68981532031,-73.97842586424
restaurant,GRAZIELLA'S,Italian,Fort Greene,Brooklyn,BK0203,40.69046100981,-73.96931344108
restaurant,HABANA OUTPOST,Mexican,Fort Greene,Brooklyn,BK0203,40.68622428628,-73.9742155599
restaurant,HARDEE,Chinese,Fort Greene,Brooklyn,BK0203,40.69322573037,-73.97218982463
restaurant,HEAD HI,Coffee/Tea,Fort Greene,Brooklyn,BK0203,40.69782837842,-73.97083912568
restaurant,HOLY PITA,Mediterranean,Fort Greene,Brooklyn,BK0203,40.69741962873,-73.97172285332
restaurant,HUA LONG,Chinese,Fort Greene,Brooklyn,BK0203,40.68600733778,-73.97372526899
restaurant,HUNGRY GHOST,Coffee/Tea,Fort Greene,Brooklyn,BK0203,40.68594965273,-73.9735305842
restaurant,HUNGRY GHOST COFFEE,Coffee/Tea,Fort Greene,Brooklyn,BK0203,40.68985672822,-73.97972037188
restaurant,IKIGAI,Japanese,Fort Greene,Brooklyn,BK0203,40.68716862714,-73.97483899023
restaurant,IL PORTO RISTORANTE,Italian,Fort Greene,Brooklyn,BK0203,40.69736640259,-73.96765495133
restaurant,ISLAND SHACK,Caribbean,Fort Greene,Brooklyn,BK0203,40.68691351534,-73.97554220785
restaurant,JOE & SAL'S PIZZERIA,Pizza,Fort Greene,Brooklyn,BK0203,40.6932202198,-73.97210328075
restaurant,KOFEE,Coffee/Tea,Fort Greene,Brooklyn,BK0203,40.68734749189,-73.97700238578
restaurant,LA BAGEL DELIGHT,Bagels/Pretzels,Fort Greene,Brooklyn,BK0203,40.68711110201,-73.97536905865
restaurant,LARINA PASTIFICIO & VINO,Italian,Fort Greene,Brooklyn,BK0203,40.6931594303,-73.97048777897
restaurant,LIU EATS (CONOLLY RESIDENCE HALL),American,Fort Greene,Brooklyn,BK0203,40.69174269572,-73.98154443747
restaurant,LOPEZ FAMILY MARKET,Spanish,Fort Greene,Brooklyn,BK0203,40.69620109688,-73.97232561636
restaurant,LOS DOS HERMANOS,Mexican,Fort Greene,Brooklyn,BK0203,40.68997318305,-73.97222724559
restaurant,LUANNE'S,Vegetarian,Fort Greene,Brooklyn,BK0203,40.68949772839,-73.96981871057
restaurant,LUV-N-OVEN,Pizza,Fort Greene,Brooklyn,BK0203,40.68977949324,-73.977668636
restaurant,M&J NAVY YARD SUB SHOPPE,Sandwiches,Fort Greene,Brooklyn,BK0203,40.69765592971,-73.97275776996
restaurant,MA BROOKLYN THAI-GER,Thai,Fort Greene,Brooklyn,BK0203,40.68644948131,-73.97477075389
restaurant,MANGO BAY,Caribbean,Fort Greene,Brooklyn,BK0203,40.68926200229,-73.97107726846
restaurant,MARGOT,New American,Fort Greene,Brooklyn,BK0203,40.68707823169,-73.97568277174
restaurant,MATCHAFUL,Bakery Products/Desserts,Fort Greene,Brooklyn,BK0203,40.69730602066,-73.96766579967
restaurant,MCDONALD'S,Hamburgers,Fort Greene,Brooklyn,BK0203,40.68981584215,-73.98140434252
restaurant,MCDONALD'S,Hamburgers,Fort Greene,Brooklyn,BK0203,40.68445739063,-73.97774253748
restaurant,MINT HEIGHTS,Indian,Fort Greene,Brooklyn,BK0203,40.69318164127,-73.97148665574
restaurant,MISS ADA,Mediterranean,Fort Greene,Brooklyn,BK0203,40.68957522315,-73.97236083003
restaurant,MITO,Asian/Asian Fusion,Fort Greene,Brooklyn,BK0203,40.6869854225,-73.97823567848
restaurant,MO'S BAR,American,Fort Greene,Brooklyn,BK0203,40.68716037538,-73.97475966659
restaurant,MOCADA,Coffee/Tea,Fort Greene,Brooklyn,BK0203,40.68674670716,-73.97866123396
restaurant,MOKA & CO,Coffee/Tea,Fort Greene,Brooklyn,BK0203,40.68704815937,-73.97625609794
restaurant,NEW DRAGON RESTAURANT,Chinese,Fort Greene,Brooklyn,BK0203,40.69673979819,-73.97551695155
restaurant,NEXT LEVEL BURGER,Vegetarian,Fort Greene,Brooklyn,BK0203,40.68643645261,-73.97815653245
restaurant,NOSTRAND COFFEE ROASTERS,Coffee/Tea,Fort Greene,Brooklyn,BK0203,40.68950892007,-73.97063724241
restaurant,NOT RAY'S PIZZERIA,Pizza,Fort Greene,Brooklyn,BK0203,40.68615564092,-73.9741002039
restaurant,OH DUMPLINGS,Chinese,Fort Greene,Brooklyn,BK0203,40.68639429613,-73.97348713838
restaurant,OLEA,Mediterranean,Fort Greene,Brooklyn,BK0203,40.68766441001,-73.97055151883
restaurant,OMA GRASSA,Pizza,Fort Greene,Brooklyn,BK0203,40.68637807896,-73.97459770647
restaurant,PEACHES PRIME,New American,Fort Greene,Brooklyn,BK0203,40.68808345808,-73.97890960556
restaurant,PECKISH,Coffee/Tea,Fort Greene,Brooklyn,BK0203,40.69162526388,-73.97112311743
restaurant,PETIT PAULETTE,Coffee/Tea,Fort Greene,Brooklyn,BK0203,40.689716017,-73.9759558545
restaurant,POM & HONEY,American,Fort Greene,Brooklyn,BK0203,40.69174269572,-73.98154443747
restaurant,POPEYES,Chicken,Fort Greene,Brooklyn,BK0203,40.68795195098,-73.98026903578
restaurant,POPEYES LOUISIANA KITCHEN,Chicken,Fort Greene,Brooklyn,BK0203,40.6932120327,-73.97229801308
restaurant,Q'RICO NO MANCHES,Mexican,Fort Greene,Brooklyn,BK0203,40.69316507329,-73.97108999317
restaurant,RHODORA,American,Fort Greene,Brooklyn,BK0203,40.69187241147,-73.97159539832
restaurant,ROMAN'S,Italian,Fort Greene,Brooklyn,BK0203,40.68948391958,-73.96949779279
restaurant,SAILOR,New American,Fort Greene,Brooklyn,BK0203,40.68949784991,-73.97028387019
restaurant,SAINT STREET CAKES,Bakery Products/Desserts,Fort Greene,Brooklyn,BK0203,40.68696271262,-73.97458305989
restaurant,SARAGHINA CAFFE,Italian,Fort Greene,Brooklyn,BK0203,40.68956958595,-73.97175504238
restaurant,SLUTTY VEGAN,Vegan,Fort Greene,Brooklyn,BK0203,40.68620781926,-73.97422277771
restaurant,SMOOTHIE KING,"Juice, Smoothies, Fruit Salads",Fort Greene,Brooklyn,BK0203,40.69313191544,-73.97022815299
restaurant,SOBOL,Other,Fort Greene,Brooklyn,BK0203,40.68749626157,-73.97994104514
restaurant,STARBUCKS COFFEE,Coffee/Tea,Fort Greene,Brooklyn,BK0203,40.68445739063,-73.97774253748
restaurant,STRANGE DELIGHT,Seafood,Fort Greene,Brooklyn,BK0203,40.6870590579,-73.9758702781
restaurant,SUBWAY,Sandwiches,Fort Greene,Brooklyn,BK0203,40.69312361813,-73.96998654896
restaurant,SUBWAY,Sandwiches,Fort Greene,Brooklyn,BK0203,40.68445739063,-73.97774253748
restaurant,SUKH,Thai,Fort Greene,Brooklyn,BK0203,40.68710582792,-73.97639309617
restaurant,SUSHI D,Seafood,Fort Greene,Brooklyn,BK0203,40.68955025788,-73.97129349645
restaurant,TACOMBI,Mexican,Fort Greene,Brooklyn,BK0203,40.68684539221,-73.97799053371
restaurant,TERIYAKI BOWL,Japanese,Fort Greene,Brooklyn,BK0203,40.69324506943,-73.97271269992
restaurant,TEXTBOOK COFFEE,Coffee/Tea,Fort Greene,Brooklyn,BK0203,40.68978501498,-73.97783450575
restaurant,THE 16TH FLOOR,American,Fort Greene,Brooklyn,BK0203,40.69801325796,-73.97498634846
restaurant,THE CENTER FOR FICTION,Coffee/Tea,Fort Greene,Brooklyn,BK0203,40.68678510638,-73.97851338622
restaurant,THE GALLEY (WEWORK BUILDING),American,Fort Greene,Brooklyn,BK0203,40.69801325796,-73.97498634846
restaurant,THE GATEHOUSE @ KINGS COUNTY DISTILLERY,American,Fort Greene,Brooklyn,BK0203,40.69801325796,-73.97498634846
restaurant,THE ROCKWELL PLACE,New American,Fort Greene,Brooklyn,BK0203,40.68905519519,-73.97938887704
restaurant,THE SIMPSON,Caribbean,Fort Greene,Brooklyn,BK0203,40.68299351823,-73.97347767908
restaurant,THEA,Bakery Products/Desserts,Fort Greene,Brooklyn,BK0203,40.68592747767,-73.97260753509
restaurant,THEATRE FOR A NEW AUDIENCE,Sandwiches,Fort Greene,Brooklyn,BK0203,40.68734774223,-73.97828604058
restaurant,THEODORA,American,Fort Greene,Brooklyn,BK0203,40.68586717654,-73.97296091776
restaurant,THIRD FALCON,New French,Fort Greene,Brooklyn,BK0203,40.69320098618,-73.97202034876
restaurant,TIGER BOX,Korean,Fort Greene,Brooklyn,BK0203,40.69621490895,-73.97269344847
restaurant,TOWERS CAFE,American,Fort Greene,Brooklyn,BK0203,40.6952605162,-73.97623152481
restaurant,UNION SQUARE SPORTS & ENTERTAINMENT AT THEATRE FOR A NEW AUDIENCE,Sandwiches,Fort Greene,Brooklyn,BK0203,40.68734774223,-73.97828604058
restaurant,VINE,Tapas,Fort Greene,Brooklyn,BK0203,40.69308217783,-73.98174961203
restaurant,WALTER'S / KARASU,American,Fort Greene,Brooklyn,BK0203,40.68961112153,-73.97327310655
restaurant,WETZEL'S PRETZELS,American,Fort Greene,Brooklyn,BK0203,40.68445739063,-73.97774253748
restaurant,WETZEL'S PRETZELS,Hotdogs/Pretzels,Fort Greene,Brooklyn,BK0203,40.68445739063,-73.97774253748
restaurant,WETZEL'S PRETZELS KIOSK,American,Fort Greene,Brooklyn,BK0203,40.68445739063,-73.97774253748
restaurant,WOORI KOREAN RESTAURANT,Korean,Fort Greene,Brooklyn,BK0203,40.69323690596,-73.97301200891
restaurant,YANG NO 1 CHINESE ASIAN RESTAURANT,Chinese,Fort Greene,Brooklyn,BK0203,40.68612276924,-73.97439227888
restaurant,YAYA TEA,Asian/Asian Fusion,Fort Greene,Brooklyn,BK0203,40.68985672822,-73.97972037188
restaurant,YORIBOX,Korean,Fort Greene,Brooklyn,BK0203,40.68578211146,-73.97305830594
restaurant,ZHONGZHONG NOODLES,Chinese,Fort Greene,Brooklyn,BK0203,40.69284136971,-73.97181134816
restaurant,5 STAR VILLAGE CAFE,Russian,Gravesend (East)-Homecrest,Brooklyn,BK1501,40.60906242973,-73.96221277317
restaurant,7 BEANS,Coffee/Tea,Gravesend (East)-Homecrest,Brooklyn,BK1501,40.59132502278,-73.96941678254
restaurant,7TH STREET BURGER,Hamburgers,Gravesend (East)-Homecrest,Brooklyn,BK1501,40.60846020996,-73.95898257418
restaurant,A CHERRY CAFE,Turkish,Gravesend (East)-Homecrest,Brooklyn,BK1501,40.59761630501,-73.96112459976
restaurant,AKIMORI,Japanese,Gravesend (East)-Homecrest,Brooklyn,BK1501,40.60461508588,-73.96869041378
restaurant,ASIAN KING NEW WIN WAY CHINESE RESTAURANT,Asian/Asian Fusion,Gravesend (East)-Homecrest,Brooklyn,BK1501,40.58759482235,-73.96035997786
restaurant,AVENUE P APPETIZER,Jewish/Kosher,Gravesend (East)-Homecrest,Brooklyn,BK1501,40.60910049019,-73.97028017818
restaurant,AVENUE U BAGELS,Bagels/Pretzels,Gravesend (East)-Homecrest,Brooklyn,BK1501,40.59691994728,-73.9736272281
restaurant,BAKU NIGHTS,Mediterranean,Gravesend (East)-Homecrest,Brooklyn,BK1501,40.59799872359,-73.96385027926
restaurant,BELLA VITA NUTRITION,"Juice, Smoothies, Fruit Salads",Gravesend (East)-Homecrest,Brooklyn,BK1501,40.59779226994,-73.96201392354
restaurant,BHI THURSDAYS,Hamburgers,Gravesend (East)-Homecrest,Brooklyn,BK1501,40.60621707163,-73.96532597667
restaurant,BORDEAUX STEAKHOUSE,Jewish/Kosher,Gravesend (East)-Homecrest,Brooklyn,BK1501,40.61068744566,-73.96252519038
restaurant,CAFE GALLERY,Mediterranean,Gravesend (East)-Homecrest,Brooklyn,BK1501,40.58829201838,-73.96041716887
restaurant,CAFE RENAISSANCE,Jewish/Kosher,Gravesend (East)-Homecrest,Brooklyn,BK1501,40.60651049981,-73.96446509159
restaurant,CAFE ROSE,Jewish/Kosher,Gravesend (East)-Homecrest,Brooklyn,BK1501,40.59812739288,-73.96280233706
restaurant,CASA MARIA'S,Mexican,Gravesend (East)-Homecrest,Brooklyn,BK1501,40.60916124795,-73.96223072469
restaurant,CASTELL'S,Jewish/Kosher,Gravesend (East)-Homecrest,Brooklyn,BK1501,40.59666245334,-73.97597148755
restaurant,CAVE,American,Gravesend (East)-Homecrest,Brooklyn,BK1501,40.59573415181,-73.97342245231
restaurant,CHATEAU DE CAPITAINE,Seafood,Gravesend (East)-Homecrest,Brooklyn,BK1501,40.59416877042,-73.96088536629
restaurant,CHINA 1,Chinese,Gravesend (East)-Homecrest,Brooklyn,BK1501,40.59207073024,-73.97747820015
restaurant,CHIPOTLE MEXICAN GRILL #2407,Mexican,Gravesend (East)-Homecrest,Brooklyn,BK1501,40.60814483567,-73.95976068797
restaurant,CINNABON / CARVEL,Frozen Desserts,Gravesend (East)-Homecrest,Brooklyn,BK1501,40.60808997156,-73.95985075804
restaurant,COFFEECCINO,Turkish,Gravesend (East)-Homecrest,Brooklyn,BK1501,40.59843656762,-73.95988179175
restaurant,DADDY'S CAFE,American,Gravesend (East)-Homecrest,Brooklyn,BK1501,40.60527751711,-73.97233103914
restaurant,DAVID'S,Jewish/Kosher,Gravesend (East)-Homecrest,Brooklyn,BK1501,40.60450825027,-73.96947194206
restaurant,DUNKIN,Jewish/Kosher,Gravesend (East)-Homecrest,Brooklyn,BK1501,40.60889509768,-73.97213505202
restaurant,DUNKIN,Donuts,Gravesend (East)-Homecrest,Brooklyn,BK1501,40.59025816404,-73.9728413576
restaurant,DUNKIN,Donuts,Gravesend (East)-Homecrest,Brooklyn,BK1501,40.60848213337,-73.95888532026
restaurant,DUNKIN,Jewish/Kosher,Gravesend (East)-Homecrest,Brooklyn,BK1501,40.59701307111,-73.97277738463
restaurant,DUNKIN',Donuts,Gravesend (East)-Homecrest,Brooklyn,BK1501,40.59772609892,-73.96113173741
restaurant,DUNKIN',Coffee/Tea,Gravesend (East)-Homecrest,Brooklyn,BK1501,40.60705341547,-73.96272891758
restaurant,EAT N RUN CAFE,Jewish/Kosher,Gravesend (East)-Homecrest,Brooklyn,BK1501,40.59406995562,-73.96087822296
restaurant,EDO ASIAN FUSION,Japanese,Gravesend (East)-Homecrest,Brooklyn,BK1501,40.6063065263,-73.96179657911
restaurant,EL PASO MEXICAN GRILL,Tex-Mex,Gravesend (East)-Homecrest,Brooklyn,BK1501,40.59812466096,-73.96284194888
restaurant,EL POLLO ENCHILADO,Mexican,Gravesend (East)-Homecrest,Brooklyn,BK1501,40.60494758424,-73.97010917135
restaurant,ENERGY JUICE BAR,Mexican,Gravesend (East)-Homecrest,Brooklyn,BK1501,40.60681760645,-73.96348174362
restaurant,FAMOUS,Chinese/Cuban,Gravesend (East)-Homecrest,Brooklyn,BK1501,40.59019517333,-73.97343546682
restaurant,FOTEH'S TANDOORI,Eastern European,Gravesend (East)-Homecrest,Brooklyn,BK1501,40.59211561655,-73.96073174733
restaurant,FUJI HANA,Jewish/Kosher,Gravesend (East)-Homecrest,Brooklyn,BK1501,40.59771404878,-73.96642148602
restaurant,GONG CHA,Coffee/Tea,Gravesend (East)-Homecrest,Brooklyn,BK1501,40.60777678414,-73.95905502486
restaurant,GOOD FAMILY BAKERY,Bakery Products/Desserts,Gravesend (East)-Homecrest,Brooklyn,BK1501,40.59865822646,-73.95801635847
restaurant,GRAND FORTUNE CHINESE CUISINE,Chinese,Gravesend (East)-Homecrest,Brooklyn,BK1501,40.5965775197,-73.97672049535
restaurant,GRAVESEND BAGELS DELI,Bagels/Pretzels,Gravesend (East)-Homecrest,Brooklyn,BK1501,40.59211561655,-73.96073174733
restaurant,GURMAN,Russian,Gravesend (East)-Homecrest,Brooklyn,BK1501,40.59868406123,-73.96122480272
restaurant,HARBOR FITNESS,"Juice, Smoothies, Fruit Salads",Gravesend (East)-Homecrest,Brooklyn,BK1501,40.60708907891,-73.96267127486
restaurant,HOLY SCHNITZEL,Jewish/Kosher,Gravesend (East)-Homecrest,Brooklyn,BK1501,40.59813287426,-73.96277712744
restaurant,HOLY SHNITZEL,Jewish/Kosher,Gravesend (East)-Homecrest,Brooklyn,BK1501,40.59813287426,-73.96277712744
restaurant,HOLY TOAST,Jewish/Kosher,Gravesend (East)-Homecrest,Brooklyn,BK1501,40.59789197758,-73.9648153846
restaurant,J-M PIZZA II,Pizza,Gravesend (East)-Homecrest,Brooklyn,BK1501,40.59866095671,-73.95797674613
restaurant,JEHOVA JIREH DELI GROCERY,Latin American,Gravesend (East)-Homecrest,Brooklyn,BK1501,40.59645422794,-73.97784760294
restaurant,JULIE'S MARKET CAFE,Jewish/Kosher,Gravesend (East)-Homecrest,Brooklyn,BK1501,40.6043520971,-73.97061721841
restaurant,JUST FUN FOR KIDS,Coffee/Tea,Gravesend (East)-Homecrest,Brooklyn,BK1501,40.59326296109,-73.96079948279
restaurant,JUST HEALTHY,American,Gravesend (East)-Homecrest,Brooklyn,BK1501,40.59780021061,-73.96113889594
restaurant,KAHACHAPURI FACTORY,Eastern European,Gravesend (East)-Homecrest,Brooklyn,BK1501,40.60928617858,-73.95839501374
restaurant,KASAI,Jewish/Kosher,Gravesend (East)-Homecrest,Brooklyn,BK1501,40.59512673429,-73.96098202384
restaurant,KFC / TACO BELL,Chicken,Gravesend (East)-Homecrest,Brooklyn,BK1501,40.6077585743,-73.96196501347
restaurant,KINGS PIZZA PARLOR,Pizza,Gravesend (East)-Homecrest,Brooklyn,BK1501,40.60421242955,-73.97187772286
restaurant,KNAPP ST PIZZA II,Pizza,Gravesend (East)-Homecrest,Brooklyn,BK1501,40.59021433904,-73.97323023026
restaurant,KOSHER HUT OF BROOKLYN,Jewish/Kosher,Gravesend (East)-Homecrest,Brooklyn,BK1501,40.60619789188,-73.96543762922
restaurant,LA MESA DEL RINCON,Mexican,Gravesend (East)-Homecrest,Brooklyn,BK1501,40.5981136631,-73.96278434006
restaurant,LA VILLITA RESTAURANT,Mexican,Gravesend (East)-Homecrest,Brooklyn,BK1501,40.59856520575,-73.95884823881
restaurant,LAGHMAN EXPRESS,Eastern European,Gravesend (East)-Homecrest,Brooklyn,BK1501,40.59915343315,-73.96126413999
restaurant,LAVASH UZ N1,Middle Eastern,Gravesend (East)-Homecrest,Brooklyn,BK1501,40.59071548232,-73.96868615431
restaurant,LE CAFE GRAND PRIX,Coffee/Tea,Gravesend (East)-Homecrest,Brooklyn,BK1501,40.58985384358,-73.96053505563
restaurant,LEVEL,Mediterranean,Gravesend (East)-Homecrest,Brooklyn,BK1501,40.58890412222,-73.96046361033
restaurant,LIVING ROOM,Middle Eastern,Gravesend (East)-Homecrest,Brooklyn,BK1501,40.59646792741,-73.97772156879
restaurant,LIVING ROOM SUSHI & STEAK HOUSE,Steakhouse,Gravesend (East)-Homecrest,Brooklyn,BK1501,40.59654464626,-73.97703738164
restaurant,LONG WONG BAKERY,Bakery Products/Desserts,Gravesend (East)-Homecrest,Brooklyn,BK1501,40.59863628137,-73.95805238195
restaurant,LUNA PIZZERIA,Pizza,Gravesend (East)-Homecrest,Brooklyn,BK1501,40.60742634831,-73.96164467539
restaurant,MABAT STEAKHOUSE,Jewish/Kosher,Gravesend (East)-Homecrest,Brooklyn,BK1501,40.60647245061,-73.96570398921
restaurant,MAKAN HOUSE,Southeast Asian,Gravesend (East)-Homecrest,Brooklyn,BK1501,40.59852958682,-73.95902470776
restaurant,MARANI CAFE,Eastern European,Gravesend (East)-Homecrest,Brooklyn,BK1501,40.60739618459,-73.96173112729
restaurant,MCDONALD'S,Hamburgers,Gravesend (East)-Homecrest,Brooklyn,BK1501,40.59791001185,-73.96116763918
restaurant,MIRAGE DINER,American,Gravesend (East)-Homecrest,Brooklyn,BK1501,40.60621708797,-73.96537999727
restaurant,MITOUSHI,Japanese,Gravesend (East)-Homecrest,Brooklyn,BK1501,40.60797772653,-73.9606899681
restaurant,MITOUSHI SUSHI ASIAN FUSION,Asian/Asian Fusion,Gravesend (East)-Homecrest,Brooklyn,BK1501,40.59666110206,-73.96107474604
restaurant,MY GRILL BAR,Jewish/Kosher,Gravesend (East)-Homecrest,Brooklyn,BK1501,40.60989712418,-73.96306947325
restaurant,MYST HOOKAH LOUNGE & CAFE,Middle Eastern,Gravesend (East)-Homecrest,Brooklyn,BK1501,40.60635868564,-73.96182175882
restaurant,N BAKERY,Bakery Products/Desserts,Gravesend (East)-Homecrest,Brooklyn,BK1501,40.59866095671,-73.95797674613
restaurant,NEIGHBORS,Jewish/Kosher,Gravesend (East)-Homecrest,Brooklyn,BK1501,40.60490890895,-73.96917285003
restaurant,NEW LI HING RESTAURANT,Chinese,Gravesend (East)-Homecrest,Brooklyn,BK1501,40.59701854869,-73.97272697014
restaurant,NEW TASTE OF CHINA,Soul Food,Gravesend (East)-Homecrest,Brooklyn,BK1501,40.59304269759,-73.97912697342
restaurant,NEW TIMES,Chinese,Gravesend (East)-Homecrest,Brooklyn,BK1501,40.59397388684,-73.96087467875
restaurant,NEW YORK FRIED CHICKEN & PIZZA,Chicken,Gravesend (East)-Homecrest,Brooklyn,BK1501,40.59230686547,-73.97790659402
restaurant,OASIS CAFE,Russian,Gravesend (East)-Homecrest,Brooklyn,BK1501,40.59105334796,-73.96062795837
restaurant,PALMYRA,Middle Eastern,Gravesend (East)-Homecrest,Brooklyn,BK1501,40.59177250207,-73.96068514219
restaurant,PHO VIETNAM RESTAURANT,Southeast Asian,Gravesend (East)-Homecrest,Brooklyn,BK1501,40.59855973558,-73.95890225658
restaurant,PITA SABABA,Bakery Products/Desserts,Gravesend (East)-Homecrest,Brooklyn,BK1501,40.60448630733,-73.96952957261
restaurant,PLATINUM MIC,Russian,Gravesend (East)-Homecrest,Brooklyn,BK1501,40.60634220972,-73.96180016
restaurant,POPEYES,Chicken,Gravesend (East)-Homecrest,Brooklyn,BK1501,40.59832166005,-73.96096214492
restaurant,POPEYES LOUISIANA CHICKEN,Chicken,Gravesend (East)-Homecrest,Brooklyn,BK1501,40.59336942323,-73.97965977122
restaurant,PURI BAKERY,Eastern European,Gravesend (East)-Homecrest,Brooklyn,BK1501,40.60908954183,-73.97039903353
restaurant,RENAISSANCE CAFE,Jewish/Kosher,Gravesend (East)-Homecrest,Brooklyn,BK1501,40.60651049981,-73.96446509159
restaurant,RETRO GRILL,Jewish/Kosher,Gravesend (East)-Homecrest,Brooklyn,BK1501,40.59463265419,-73.96092830246
restaurant,ROMA PIZZA,Pizza,Gravesend (East)-Homecrest,Brooklyn,BK1501,40.59832992018,-73.96103775995
restaurant,RONDEL,Eastern European,Gravesend (East)-Homecrest,Brooklyn,BK1501,40.60842834379,-73.96209068268
restaurant,RUSSIAN BATHS,Russian,Gravesend (East)-Homecrest,Brooklyn,BK1501,40.5936601846,-73.95861002682
restaurant,SAMARKAND CITY,Eastern European,Gravesend (East)-Homecrest,Brooklyn,BK1501,40.60829932336,-73.9620439369
restaurant,SEASON RESTAURANT,Chinese,Gravesend (East)-Homecrest,Brooklyn,BK1501,40.59866096068,-73.95798754902
restaurant,SEUDA FOODS,Jewish/Kosher,Gravesend (East)-Homecrest,Brooklyn,BK1501,40.60618692143,-73.9654664459
restaurant,SHAARE ZION CATERERS,Jewish/Kosher,Gravesend (East)-Homecrest,Brooklyn,BK1501,40.59925642374,-73.96576172496
restaurant,SHASHLIK HOUSE,Eastern European,Gravesend (East)-Homecrest,Brooklyn,BK1501,40.59853779409,-73.95894908259
restaurant,SHAURMA FACTORY,Middle Eastern,Gravesend (East)-Homecrest,Brooklyn,BK1501,40.60786829254,-73.96174526147
restaurant,SHEEP BY BARASHKA,Eastern European,Gravesend (East)-Homecrest,Brooklyn,BK1501,40.59850501589,-73.95939562138
restaurant,SHERDOR BURGERS AND SAUSAGES,Hamburgers,Gravesend (East)-Homecrest,Brooklyn,BK1501,40.60787924277,-73.96165882004
restaurant,SIENA,Jewish/Kosher,Gravesend (East)-Homecrest,Brooklyn,BK1501,40.60448908368,-73.96964841358
restaurant,SIZZLING WOK,Jewish/Kosher,Gravesend (East)-Homecrest,Brooklyn,BK1501,40.59769041547,-73.96112815735
restaurant,SKYLINE BILLIARDS & BAR,American,Gravesend (East)-Homecrest,Brooklyn,BK1501,40.59086779325,-73.97407609478
restaurant,SOFIA PIZZA RESTAURANT,Other,Gravesend (East)-Homecrest,Brooklyn,BK1501,40.59392447944,-73.9608711071
restaurant,STARBUCKS,Coffee/Tea,Gravesend (East)-Homecrest,Brooklyn,BK1501,40.60847940539,-73.9589321414
restaurant,STARBUCKS COFFEE,Coffee/Tea,Gravesend (East)-Homecrest,Brooklyn,BK1501,40.60423711136,-73.97179128203
restaurant,STOLOVAYA,Russian,Gravesend (East)-Homecrest,Brooklyn,BK1501,40.59812739756,-73.9628167408
restaurant,SUBSATIONAL,Jewish/Kosher,Gravesend (East)-Homecrest,Brooklyn,BK1501,40.61058039078,-73.96250003944
restaurant,SUNFLOWER CAFE,Jewish/Kosher,Gravesend (East)-Homecrest,Brooklyn,BK1501,40.60798046761,-73.96067916207
restaurant,SUSHI MIKASA,Japanese,Gravesend (East)-Homecrest,Brooklyn,BK1501,40.59406646638,-73.95875740337
restaurant,SUSHI SHALOM,Jewish/Kosher,Gravesend (East)-Homecrest,Brooklyn,BK1501,40.60687518822,-73.96329804013
restaurant,SUSHI TOKYO,Jewish/Kosher,Gravesend (East)-Homecrest,Brooklyn,BK1501,40.60587977344,-73.96636694422
restaurant,SWEETSPOT GARDEN,Eastern European,Gravesend (East)-Homecrest,Brooklyn,BK1501,40.59984513033,-73.96129614642
restaurant,SY CUISINE CATERING,Jewish/Kosher,Gravesend (East)-Homecrest,Brooklyn,BK1501,40.60452194341,-73.96935669476
restaurant,TACI'S BEYTI,Turkish,Gravesend (East)-Homecrest,Brooklyn,BK1501,40.60929299884,-73.9622342514
restaurant,TACOS EL JAGUAR,Bottled Beverages,Gravesend (East)-Homecrest,Brooklyn,BK1501,40.59639668385,-73.97835173995
restaurant,THE B'ALUK'S CRAVINGS,Spanish,Gravesend (East)-Homecrest,Brooklyn,BK1501,40.59260602501,-73.97779127429
restaurant,THE BLACK ROSE LOUNGE,Latin American,Gravesend (East)-Homecrest,Brooklyn,BK1501,40.59021981681,-73.97317982095
restaurant,THE CIRCUS,Latin American,Gravesend (East)-Homecrest,Brooklyn,BK1501,40.61090155069,-73.962561086
restaurant,THE HUNAN COTTAGE,Chinese,Gravesend (East)-Homecrest,Brooklyn,BK1501,40.59035950407,-73.97194118747
restaurant,THE KORNER,Jewish/Kosher,Gravesend (East)-Homecrest,Brooklyn,BK1501,40.60849702708,-73.97182188858
restaurant,THINK SWEET CAFE,Jewish/Kosher,Gravesend (East)-Homecrest,Brooklyn,BK1501,40.60450547373,-73.96935310107
restaurant,TSOB-TSOBE!,Turkish,Gravesend (East)-Homecrest,Brooklyn,BK1501,40.5878281368,-73.9603814411
restaurant,U BAR & RESTAURANT,Southeast Asian,Gravesend (East)-Homecrest,Brooklyn,BK1501,40.59832439501,-73.96093333574
restaurant,U CAFE,Coffee/Tea,Gravesend (East)-Homecrest,Brooklyn,BK1501,40.59799324879,-73.9638970943
restaurant,URBAN POPS,Jewish/Kosher,Gravesend (East)-Homecrest,Brooklyn,BK1501,40.60437127168,-73.97046595645
restaurant,URGUT CITY,Eastern European,Gravesend (East)-Homecrest,Brooklyn,BK1501,40.61100860556,-73.96258623716
restaurant,VERY JUICE,Jewish/Kosher,Gravesend (East)-Homecrest,Brooklyn,BK1501,40.6089361777,-73.97176047665
restaurant,WAKE UP COFFEE SHOP,Coffee/Tea,Gravesend (East)-Homecrest,Brooklyn,BK1501,40.60773621011,-73.96076213997
restaurant,WHEATFIELD BAKERY,Bakery Products/Desserts,Gravesend (East)-Homecrest,Brooklyn,BK1501,40.59865548564,-73.95802716309
restaurant,WING HING SEAFOOD RESTAURANT,Chinese,Gravesend (East)-Homecrest,Brooklyn,BK1501,40.59848586356,-73.95956847892
restaurant,X FACTORY,Eastern European,Gravesend (East)-Homecrest,Brooklyn,BK1501,40.6078628174,-73.96178848217
restaurant,YOSSI'S BAGELS,Jewish/Kosher,Gravesend (East)-Homecrest,Brooklyn,BK1501,40.60680663878,-73.9635177637
restaurant,YOSSI'S PIZZA,Jewish/Kosher,Gravesend (East)-Homecrest,Brooklyn,BK1501,40.60679567226,-73.96355738517
restaurant,YUANZAIBING,Chinese,Gravesend (East)-Homecrest,Brooklyn,BK1501,40.59865002113,-73.95809558485
restaurant,ZAR PALACE RESTAURANT,Middle Eastern,Gravesend (East)-Homecrest,Brooklyn,BK1501,40.59890090547,-73.9612426812
restaurant,ZINGER CHICKEN & GRILL,Chicken,Gravesend (East)-Homecrest,Brooklyn,BK1501,40.59063334208,-73.96943870372
restaurant,ZOARES KOSHER GRILL,Jewish/Kosher,Gravesend (East)-Homecrest,Brooklyn,BK1501,40.5965128799,-73.96106403024
restaurant,ANDY'S CAFE,American,Gravesend (South),Brooklyn,BK1301,40.58654543247,-73.96616790112
restaurant,BOWL 360 BROOKLYN,American,Gravesend (South),Brooklyn,BK1301,40.58874604372,-73.97395090666
restaurant,BREAD PLUS,Bakery Products/Desserts,Gravesend (South),Brooklyn,BK1301,40.58803709069,-73.98474155079
restaurant,CARVEL,Frozen Desserts,Gravesend (South),Brooklyn,BK1301,40.58974131226,-73.96054952432
restaurant,CRAB DU JOUR,Seafood,Gravesend (South),Brooklyn,BK1301,40.58606931537,-73.97159736981
restaurant,CUCCIO'S BAKERY,Bakery Products/Desserts,Gravesend (South),Brooklyn,BK1301,40.59041423822,-73.97128947063
restaurant,DELI PIZZA LUNCHEONETTE,Pizza,Gravesend (South),Brooklyn,BK1301,40.58606109529,-73.97165497783
restaurant,DI FARINA,Pizza,Gravesend (South),Brooklyn,BK1301,40.58619848752,-73.98816224768
restaurant,EMPIRE TACO CHINA,Tex-Mex,Gravesend (South),Brooklyn,BK1301,40.58629730843,-73.98824503688
restaurant,JOHN'S DELI,American,Gravesend (South),Brooklyn,BK1301,40.58802870159,-73.98362183182
restaurant,MATCHPOINT CAFE,Soups/Salads/Sandwiches,Gravesend (South),Brooklyn,BK1301,40.58449723825,-73.97451420113
restaurant,METROPOLITAN BALLROOM,Jewish/Kosher,Gravesend (South),Brooklyn,BK1301,40.58959424672,-73.97423141145
restaurant,N' JOY FAMILY CAFE,Eastern European,Gravesend (South),Brooklyn,BK1301,40.58624718502,-73.96051559345
restaurant,NONNO'S CAFETERIA,American,Gravesend (South),Brooklyn,BK1301,40.5899071509,-73.97422408926
restaurant,QUAN BAO CHINESE RESTAURANT,Chinese,Gravesend (South),Brooklyn,BK1301,40.59098765888,-73.98416118563
restaurant,TANDIR ROKHAT,Eastern European,Gravesend (South),Brooklyn,BK1301,40.59133333114,-73.96067099947
restaurant,VERES RESTAURANT,Eastern European,Gravesend (South),Brooklyn,BK1301,40.58624718502,-73.96051559345
restaurant,234 CHINA CITY,Chinese,Gravesend (West),Brooklyn,BK1103,40.60538378628,-73.98224905315
restaurant,A BAR,Coffee/Tea,Gravesend (West),Brooklyn,BK1103,40.59770157847,-73.98543791074
restaurant,ADVENTURES AMUSEMENT PARK(food stand),American,Gravesend (West),Brooklyn,BK1103,40.59130701734,-73.99448753328
restaurant,"ADVENTURES AMUSEMENTS PARK (ice cream, sweets stand)",American,Gravesend (West),Brooklyn,BK1103,40.59130701734,-73.99448753328
restaurant,AGAVE DELI GROCERY,Mexican,Gravesend (West),Brooklyn,BK1103,40.6052985735,-73.98146398733
restaurant,AJ DELI & CAFE,Mexican,Gravesend (West),Brooklyn,BK1103,40.6051391204,-73.97994787814
restaurant,ALMAZ RESTAURANT,Middle Eastern,Gravesend (West),Brooklyn,BK1103,40.59603256419,-73.98405916132
restaurant,ANGELITOS DE NOCHE,Mexican,Gravesend (West),Brooklyn,BK1103,40.60526280195,-73.98092019772
restaurant,AVENUE PIZZA,Pizza,Gravesend (West),Brooklyn,BK1103,40.59617748661,-73.98049790588
restaurant,AVENUE S CAFE,Coffee/Tea,Gravesend (West),Brooklyn,BK1103,40.60105199464,-73.9791712741
restaurant,AVOCADOS MEXICAN GRILL,Mexican,Gravesend (West),Brooklyn,BK1103,40.60441612712,-73.97436251715
restaurant,BAGEL BAZAAR,Bagels/Pretzels,Gravesend (West),Brooklyn,BK1103,40.60177833199,-73.99356117422
restaurant,CAFE EUROPA,Coffee/Tea,Gravesend (West),Brooklyn,BK1103,40.60442713041,-73.9744705512
restaurant,CAFE L'AMORE,Coffee/Tea,Gravesend (West),Brooklyn,BK1103,40.59741062416,-73.98538396099
restaurant,CAFE LOUNGE,Coffee/Tea,Gravesend (West),Brooklyn,BK1103,40.60543887308,-73.98352751104
restaurant,CARNATION RESTAURANT,Chinese,Gravesend (West),Brooklyn,BK1103,40.6003948119,-73.99132505109
restaurant,CHEQUITO'S MEXICAN FOOD,Pizza,Gravesend (West),Brooklyn,BK1103,40.59630985143,-73.98452360283
restaurant,CHIKURIN,Japanese,Gravesend (West),Brooklyn,BK1103,40.59960695159,-73.99001798524
restaurant,CHINA MOON OPEN KITCHEN,Chinese,Gravesend (West),Brooklyn,BK1103,40.59079358502,-73.99185558231
restaurant,CHIPOTLE MEXICAN GRILL #3056,Tex-Mex,Gravesend (West),Brooklyn,BK1103,40.5948478917,-73.99719861045
restaurant,CICCIO'S PIZZA,Pizza,Gravesend (West),Brooklyn,BK1103,40.59664056708,-73.97631717753
restaurant,CINDY'S LUNCHEONETTE,Latin American,Gravesend (West),Brooklyn,BK1103,40.60841495113,-73.97293118305
restaurant,DELI DOROJ FRIED CHICKEN AND PIZZA,Chicken,Gravesend (West),Brooklyn,BK1103,40.59603256419,-73.98405916132
restaurant,DELICACY PASSION PATISSERIE,Bakery Products/Desserts,Gravesend (West),Brooklyn,BK1103,40.59948890479,-73.98978033636
restaurant,DIAMOND LOUNGE,Middle Eastern,Gravesend (West),Brooklyn,BK1103,40.60539006204,-73.9723670056
restaurant,DIM SUM KING & BAKERY,Chinese,Gravesend (West),Brooklyn,BK1103,40.59816844942,-73.98762357764
restaurant,DUCK WONG,Chinese,Gravesend (West),Brooklyn,BK1103,40.59995009517,-73.99055088677
restaurant,DUNKIN,Donuts,Gravesend (West),Brooklyn,BK1103,40.59298415096,-73.99616169975
restaurant,DUNKIN,Donuts,Gravesend (West),Brooklyn,BK1103,40.6046773201,-73.97640074666
restaurant,DUNKIN',Jewish/Kosher,Gravesend (West),Brooklyn,BK1103,40.59649261857,-73.97766034612
restaurant,DUNKIN' / BASKIN ROBBINS,Donuts,Gravesend (West),Brooklyn,BK1103,40.59629338368,-73.98453080834
restaurant,EL CERRITO DEL CARMEN,Latin American,Gravesend (West),Brooklyn,BK1103,40.60319972529,-73.97237871927
restaurant,EL GALLO TAQUERIA,Mexican,Gravesend (West),Brooklyn,BK1103,40.60354679489,-73.97804330816
restaurant,EL MEXICANO RESTAURANTE AND CAFE,Mexican,Gravesend (West),Brooklyn,BK1103,40.60156152756,-73.99419139143
restaurant,ELEGANTE PASTRY SHOP,Bakery Products/Desserts,Gravesend (West),Brooklyn,BK1103,40.59644055319,-73.97810326743
restaurant,EMPIRE HOUSE CHINESE RESTAURANT,Chinese,Gravesend (West),Brooklyn,BK1103,40.60285640831,-73.98641630616
restaurant,ETNA ESPRESSO BAR,Coffee/Tea,Gravesend (West),Brooklyn,BK1103,40.59665152383,-73.97620914796
restaurant,EXTRA BAR CAFE,Coffee/Tea,Gravesend (West),Brooklyn,BK1103,40.59637753251,-73.97868302353
restaurant,EXTRA CRISPY PIZZERIA,Pizza,Gravesend (West),Brooklyn,BK1103,40.59684876419,-73.97442664863
restaurant,FEDERICO'S PIZZERIA,Pizza,Gravesend (West),Brooklyn,BK1103,40.60037010252,-73.99124223
restaurant,FIVE GUYS BURGERS AND FRIES,American,Gravesend (West),Brooklyn,BK1103,40.59550118521,-73.99981635955
restaurant,FRESH IBAKERY,Chinese,Gravesend (West),Brooklyn,BK1103,40.60175637166,-73.99352516503
restaurant,GENATSVALE,Eastern European,Gravesend (West),Brooklyn,BK1103,40.6053535281,-73.98183130733
restaurant,GEORGIAN 1 BAKERY,Bakery Products/Desserts,Gravesend (West),Brooklyn,BK1103,40.60084775502,-73.99205961286
restaurant,GOTHAM CITY BILLARDS CLUB,American,Gravesend (West),Brooklyn,BK1103,40.59613089442,-73.98090841386
restaurant,HOMESTRETCH BAR,American,Gravesend (West),Brooklyn,BK1103,40.60545798879,-73.98286125983
restaurant,HUANG MING HING,Chinese,Gravesend (West),Brooklyn,BK1103,40.60873076287,-73.97362254436
restaurant,ISTANBUL BAY TURKISH RESTAURANT,Turkish,Gravesend (West),Brooklyn,BK1103,40.60184421269,-73.99366560081
restaurant,ITALIA PIZZA,Italian,Gravesend (West),Brooklyn,BK1103,40.60504836671,-73.97896834914
restaurant,JI BEI CHUAN AUTHENTIC ASIAN NOODLES,Chinese,Gravesend (West),Brooklyn,BK1103,40.60131441847,-73.9928121887
restaurant,JOE'S BAR & GRILL,American,Gravesend (West),Brooklyn,BK1103,40.59682958677,-73.97458869494
restaurant,JOE'S OF AVE U,Italian,Gravesend (West),Brooklyn,BK1103,40.59694189562,-73.97358400894
restaurant,JOHN'S DELI,Sandwiches,Gravesend (West),Brooklyn,BK1103,40.59727612638,-73.98535878432
restaurant,KINGS CRAB KITCHEN,Chinese,Gravesend (West),Brooklyn,BK1103,40.5986461227,-73.98839049397
restaurant,KITCHEN 86,Chinese,Gravesend (West),Brooklyn,BK1103,40.60043873366,-73.99139346551
restaurant,KNAPP PIZZA III,Pizza,Gravesend (West),Brooklyn,BK1103,40.60440784905,-73.97416805146
restaurant,KOWLOON CAFE,Chinese,Gravesend (West),Brooklyn,BK1103,40.59960420303,-73.98997477347
restaurant,KUNG FU TEA,Coffee/Tea,Gravesend (West),Brooklyn,BK1103,40.6004991265,-73.99149428748
restaurant,L AND Z BAKERY,Bakery Products/Desserts,Gravesend (West),Brooklyn,BK1103,40.59825080813,-73.98776399905
restaurant,L&B SPUMONI GARDENS,Pizza,Gravesend (West),Brooklyn,BK1103,40.59439351829,-73.98135900417
restaurant,LA BOHEME LOUNGE,Mediterranean,Gravesend (West),Brooklyn,BK1103,40.60280700344,-73.98642711981
restaurant,LA CASA BELLA,Pizza,Gravesend (West),Brooklyn,BK1103,40.59067829724,-73.99176198259
restaurant,LAO JIE HOTPOT,Asian/Asian Fusion,Gravesend (West),Brooklyn,BK1103,40.60035363462,-73.99125303534
restaurant,LILY BLOOM BAKERY,Bakery Products/Desserts,Gravesend (West),Brooklyn,BK1103,40.60164382509,-73.9933451197
restaurant,LOU LOU LOUNGE,Russian,Gravesend (West),Brooklyn,BK1103,40.60787145967,-73.9728305633
restaurant,MAMA MIA PIZZERIA,Pizza,Gravesend (West),Brooklyn,BK1103,40.59636015458,-73.99415583725
restaurant,MANGO MANIA,Mexican,Gravesend (West),Brooklyn,BK1103,40.60470802841,-73.97905128648
restaurant,MARSON CAFFE,Mediterranean,Gravesend (West),Brooklyn,BK1103,40.59849125505,-73.97999309376
restaurant,MCDONALD'S,Hamburgers,Gravesend (West),Brooklyn,BK1103,40.59906339799,-73.98907820946
restaurant,MEMORIES BAR SHEVROJA,Eastern European,Gravesend (West),Brooklyn,BK1103,40.5927914901,-73.98837711318
restaurant,MERA,Mediterranean,Gravesend (West),Brooklyn,BK1103,40.60516935879,-73.98021076514
restaurant,MOODY'S COFFEEHOUSE & TAVERN,American,Gravesend (West),Brooklyn,BK1103,40.60354679489,-73.97804330816
restaurant,MR. BANH MI,Southeast Asian,Gravesend (West),Brooklyn,BK1103,40.59932153691,-73.99052576907
restaurant,NANIWA JAPANESE RESTAURANT,Japanese,Gravesend (West),Brooklyn,BK1103,40.60519410024,-73.98043403949
restaurant,NEW CARNATION RESTAURANT,Chinese,Gravesend (West),Brooklyn,BK1103,40.60027128048,-73.99111620622
restaurant,NEW DRAGON BAKERY,Chinese,Gravesend (West),Brooklyn,BK1103,40.60524358604,-73.98090579795
restaurant,NEW EMERALD FORTUNE BAKERY,Chinese,Gravesend (West),Brooklyn,BK1103,40.6049824305,-73.97863704979
restaurant,NEW PHO NUMBER 1 INC.,Asian/Asian Fusion,Gravesend (West),Brooklyn,BK1103,40.59984852426,-73.99038525389
restaurant,NINJA SUSHI,Japanese,Gravesend (West),Brooklyn,BK1103,40.60081755911,-73.99201280241
restaurant,ORANGE GRILL RESTAURANT,Eastern European,Gravesend (West),Brooklyn,BK1103,40.59122179598,-73.99220118378
restaurant,PAPA JOHN'S PIZZA,Pizza,Gravesend (West),Brooklyn,BK1103,40.5965528936,-73.97710219409
restaurant,PHO NUMBER 1,Southeast Asian,Gravesend (West),Brooklyn,BK1103,40.59984852426,-73.99038525389
restaurant,PIZZA D'AMORE,Pizza,Gravesend (West),Brooklyn,BK1103,40.59522121446,-74.00077056649
restaurant,PIZZA EXPRESS NYC,Pizza,Gravesend (West),Brooklyn,BK1103,40.60513361946,-73.97988305613
restaurant,PLATAN,Hamburgers,Gravesend (West),Brooklyn,BK1103,40.59646247482,-73.97791241541
restaurant,PRESTIGE,Steakhouse,Gravesend (West),Brooklyn,BK1103,40.59915124787,-73.98925464359
restaurant,REGISTAN RESTAURANT,Mediterranean,Gravesend (West),Brooklyn,BK1103,40.60425105873,-73.97271320048
restaurant,RL HEALTH PHARMACY,Coffee/Tea,Gravesend (West),Brooklyn,BK1103,40.60045794959,-73.99142587257
restaurant,SAAMO CAFE,Eastern European,Gravesend (West),Brooklyn,BK1103,40.59693305814,-73.9855965173
restaurant,SAKE RESTAURANT,Japanese,Gravesend (West),Brooklyn,BK1103,40.59988970179,-73.99045366752
restaurant,SET BAR LOUNGE & BILLARDS,American,Gravesend (West),Brooklyn,BK1103,40.60801144972,-73.9728557164
restaurant,SHASHLIK UZ N1,Middle Eastern,Gravesend (West),Brooklyn,BK1103,40.60534255923,-73.9818961342
restaurant,SHUNDECK RESTAURANT,Asian/Asian Fusion,Gravesend (West),Brooklyn,BK1103,40.60005715919,-73.99076333291
restaurant,STARBUCKS,Coffee/Tea,Gravesend (West),Brooklyn,BK1103,40.5956137216,-74.00009001998
restaurant,STILLWELL SOCCER SPORTS,Coffee/Tea,Gravesend (West),Brooklyn,BK1103,40.60286464523,-73.98643791163
restaurant,SUBWAY,Sandwiches,Gravesend (West),Brooklyn,BK1103,40.59738317537,-73.98537676523
restaurant,SUNRISE BAKERY,Chinese,Gravesend (West),Brooklyn,BK1103,40.60499342239,-73.97870547109
restaurant,SUPER TACO,Tex-Mex,Gravesend (West),Brooklyn,BK1103,40.6052683047,-73.98099942522
restaurant,TAQUITOS MEXICO,Mexican,Gravesend (West),Brooklyn,BK1103,40.60475212881,-73.9800812427
restaurant,TASTY HOUSE,Chinese,Gravesend (West),Brooklyn,BK1103,40.59681863155,-73.97469672506
restaurant,TERIYAKI ONE,Japanese,Gravesend (West),Brooklyn,BK1103,40.59522121446,-74.00077056649
restaurant,THE LIGHTS OF BAKU,Middle Eastern,Gravesend (West),Brooklyn,BK1103,40.59464061525,-73.98176942004
restaurant,THE OLIVE GARDEN ITALIAN RESTAURANT,Italian,Gravesend (West),Brooklyn,BK1103,40.59432090769,-73.9979079763
restaurant,TIJUANA SPORTS BAR,American,Gravesend (West),Brooklyn,BK1103,40.60420708179,-73.97246112999
restaurant,TWINS DUMPLING KING,Chinese,Gravesend (West),Brooklyn,BK1103,40.59637205498,-73.97874784041
restaurant,UNCLE LOUIE G’S ITALIAN ICES & ICE CREAM,Frozen Desserts,Gravesend (West),Brooklyn,BK1103,40.59065908269,-73.99174758284
restaurant,UNIQUE 1 LOUNGE,Eastern European,Gravesend (West),Brooklyn,BK1103,40.60280700344,-73.98642711981
restaurant,VICE LOUNGE,American,Gravesend (West),Brooklyn,BK1103,40.60555416392,-73.9835959079
restaurant,VIDA DE CAMPEONES,Pancakes/Waffles,Gravesend (West),Brooklyn,BK1103,40.59881467092,-73.97746871466
restaurant,VIP COFFEE II,Chinese,Gravesend (West),Brooklyn,BK1103,40.6017097062,-73.99345314699
restaurant,WASABI SUSHI,Japanese,Gravesend (West),Brooklyn,BK1103,40.59952184736,-73.98983794747
restaurant,WENDY'S,American,Gravesend (West),Brooklyn,BK1103,40.59564665895,-74.00017283845
restaurant,WILD BAGELS,Bagels/Pretzels,Gravesend (West),Brooklyn,BK1103,40.60026252496,-73.98591989087
restaurant,YAN CAFE,Coffee/Tea,Gravesend (West),Brooklyn,BK1103,40.60182225079,-73.99360078246
restaurant,YAYA TEA,Coffee/Tea,Gravesend (West),Brooklyn,BK1103,40.60029324157,-73.99115221381
restaurant,YOU LE BAKERY,Bakery Products/Desserts,Gravesend (West),Brooklyn,BK1103,40.59957126084,-73.98992076323
restaurant,YU KING BAKERY,Bakery Products/Desserts,Gravesend (West),Brooklyn,BK1103,40.60001048875,-73.99065170724
restaurant,ZEN KITCHEN,"Juice, Smoothies, Fruit Salads",Gravesend (West),Brooklyn,BK1103,40.59352214941,-73.99681699356
restaurant,ZHENGXIN CHICKEN STEAK,Chinese,Gravesend (West),Brooklyn,BK1103,40.59993087898,-73.99051848021
restaurant,ZINGER HALAL EXPRESS,Hamburgers,Gravesend (West),Brooklyn,BK1103,40.60525183658,-73.98100303125
restaurant,21 GREENPOINT,American,Greenpoint,Brooklyn,BK0101,40.72966711924,-73.9598385629
restaurant,A BAR,Bottled Beverages,Greenpoint,Brooklyn,BK0101,40.72306225985,-73.95039396002
restaurant,ACAPULCO,Mexican,Greenpoint,Brooklyn,BK0101,40.73667832022,-73.95531292988
restaurant,ACRE,Japanese,Greenpoint,Brooklyn,BK0101,40.72639621665,-73.95477145146
restaurant,AGRA TAJ MAHAL,Indian,Greenpoint,Brooklyn,BK0101,40.73335420607,-73.95479196835
restaurant,AMAMI SUSHI,Japanese,Greenpoint,Brooklyn,BK0101,40.72334021415,-73.95211824606
restaurant,AMARIN CAFE,Thai,Greenpoint,Brooklyn,BK0101,40.72339171436,-73.95058492355
restaurant,AMBER STEAKHOUSE,Steakhouse,Greenpoint,Brooklyn,BK0101,40.72437912088,-73.94896429358
restaurant,AMELIE CAFE,Coffee/Tea,Greenpoint,Brooklyn,BK0101,40.72922569471,-73.95382782331
restaurant,ASHBOX,Japanese,Greenpoint,Brooklyn,BK0101,40.73773510468,-73.95544212474
restaurant,BAGEL JOINT,Bagels/Pretzels,Greenpoint,Brooklyn,BK0101,40.72909248539,-73.95033172513
restaurant,BAGEL POINT,Bagels/Pretzels,Greenpoint,Brooklyn,BK0101,40.72536578373,-73.9519544324
restaurant,BAKER'S DOZEN,Bagels/Pretzels,Greenpoint,Brooklyn,BK0101,40.72754004214,-73.95292700681
restaurant,BAKERI,Bakery Products/Desserts,Greenpoint,Brooklyn,BK0101,40.73422800736,-73.9573135883
restaurant,BAKESTONE BAKERY,Polish,Greenpoint,Brooklyn,BK0101,40.72549189219,-73.94547826032
restaurant,BANHMIGOS & COFFEE,Southeast Asian,Greenpoint,Brooklyn,BK0101,40.72525339288,-73.95230086556
restaurant,BANKS TAVERN,American,Greenpoint,Brooklyn,BK0101,40.72965890766,-73.95990351314
restaurant,BAR AMERICANO,Spanish,Greenpoint,Brooklyn,BK0101,40.73146971521,-73.95784576292
restaurant,BERNIE'S,American,Greenpoint,Brooklyn,BK0101,40.72177776985,-73.95053561784
restaurant,BERSI,Ethiopian,Greenpoint,Brooklyn,BK0101,40.73468275704,-73.95500756413
restaurant,BLACK RABBIT,American,Greenpoint,Brooklyn,BK0101,40.72999523699,-73.95640346365
restaurant,BLUE COLLAR BURGER,Hamburgers,Greenpoint,Brooklyn,BK0101,40.72574728654,-73.95190725414
restaurant,BOMBAY GRILL HOUSE,Indian,Greenpoint,Brooklyn,BK0101,40.73358203572,-73.95482789602
restaurant,BOON THAI,Thai,Greenpoint,Brooklyn,BK0101,40.72495935941,-73.95148210272
restaurant,BOUQUET,American,Greenpoint,Brooklyn,BK0101,40.73539369614,-73.95512255047
restaurant,BREEZE,Chinese,Greenpoint,Brooklyn,BK0101,40.72302931485,-73.95037594608
restaurant,BROKEN LAND,American,Greenpoint,Brooklyn,BK0101,40.72955376148,-73.95755472633
restaurant,BROOKLYN LANTERN,New American,Greenpoint,Brooklyn,BK0101,40.73745987104,-73.95353341572
restaurant,BROOKLYN SAFEHOUSE / EDEN'S,American,Greenpoint,Brooklyn,BK0101,40.72884555989,-73.95741446613
restaurant,BROOKLYN STANDARD,Sandwiches,Greenpoint,Brooklyn,BK0101,40.72543162199,-73.94572003518
restaurant,BROOKLYN WINERY,New American,Greenpoint,Brooklyn,BK0101,40.72365063904,-73.95276020065
restaurant,CAFE ALULA,Sandwiches/Salads/Mixed Buffet,Greenpoint,Brooklyn,BK0101,40.73459069952,-73.95835616498
restaurant,CAFE GRUMPY,Coffee/Tea,Greenpoint,Brooklyn,BK0101,40.72844396752,-73.94862201603
restaurant,CAFE O'TE BY HOUSE BROOKLYN,Japanese,Greenpoint,Brooklyn,BK0101,40.72465026589,-73.95406912023
restaurant,CAFE RIVIERA,Bakery Products/Desserts,Greenpoint,Brooklyn,BK0101,40.72853113061,-73.9534855455
restaurant,CAFFE PANNA,Frozen Desserts,Greenpoint,Brooklyn,BK0101,40.72454609577,-73.95439750146
restaurant,CALEXICO,Mexican,Greenpoint,Brooklyn,BK0101,40.72435536536,-73.95113980479
restaurant,CAPRI SOCIAL CLUB,Polish,Greenpoint,Brooklyn,BK0101,40.72779035445,-73.95425816998
restaurant,CASANOVA,Pizza,Greenpoint,Brooklyn,BK0101,40.73408878417,-73.95227647484
restaurant,CHARLOTTE PATISSERIE,Coffee/Tea,Greenpoint,Brooklyn,BK0101,40.72302106806,-73.95034709056
restaurant,CHEZ MA TANTE,American,Greenpoint,Brooklyn,BK0101,40.72700936923,-73.95757078489
restaurant,CHIKO,Asian/Asian Fusion,Greenpoint,Brooklyn,BK0101,40.73184996817,-73.95452237857
restaurant,CHINESE MUSICIAN,Chinese,Greenpoint,Brooklyn,BK0101,40.73024671243,-73.95374051866
restaurant,CHINTA,Thai,Greenpoint,Brooklyn,BK0101,40.73182381901,-73.95792491819
restaurant,CHRISSY'S PIZZA,Pizza,Greenpoint,Brooklyn,BK0101,40.72479299036,-73.94765434165
restaurant,COFFEE CHECK,Coffee/Tea,Greenpoint,Brooklyn,BK0101,40.73331749379,-73.95937449577
restaurant,COMPTON'S,Sandwiches,Greenpoint,Brooklyn,BK0101,40.72933965644,-73.9575187827
restaurant,CONNIE O'S,Irish,Greenpoint,Brooklyn,BK0101,40.72662943222,-73.94807862653
restaurant,CONTRASTO,Coffee/Tea,Greenpoint,Brooklyn,BK0101,40.72492489358,-73.95444775065
restaurant,COPPER MUG COFFEE,Coffee/Tea,Greenpoint,Brooklyn,BK0101,40.72505819539,-73.95153975562
restaurant,CREMA BK,Coffee/Tea,Greenpoint,Brooklyn,BK0101,40.72292839014,-73.94571125874
restaurant,CUFFIE RIDGE,"Juice, Smoothies, Fruit Salads",Greenpoint,Brooklyn,BK0101,40.73292909863,-73.95564019628
restaurant,DAR525,Mediterranean,Greenpoint,Brooklyn,BK0101,40.72298578143,-73.94518809409
restaurant,DASHI OKUME,Japanese,Greenpoint,Brooklyn,BK0101,40.72479281954,-73.95363608484
restaurant,DAVEY'S ICE CREAM,Frozen Desserts,Greenpoint,Brooklyn,BK0101,40.72656344564,-73.95426262327
restaurant,DI AN DI,Southeast Asian,Greenpoint,Brooklyn,BK0101,40.72979558393,-73.95832670044
restaurant,DIAMOND LIL,American,Greenpoint,Brooklyn,BK0101,40.72534394268,-73.94604481216
restaurant,DIAMOND SLICE,Pizza,Greenpoint,Brooklyn,BK0101,40.7252370204,-73.9463082707
restaurant,DUNKIN,Donuts,Greenpoint,Brooklyn,BK0101,40.73494798666,-73.95249596695
restaurant,DUNKIN',Donuts,Greenpoint,Brooklyn,BK0101,40.73001358552,-73.9541844762
restaurant,DUNKIN' / BASKIN ROBBINS,Coffee/Tea,Greenpoint,Brooklyn,BK0101,40.72432242048,-73.95112179013
restaurant,EAGLE TRADING CO.,Soups/Salads/Sandwiches,Greenpoint,Brooklyn,BK0101,40.73494479503,-73.95841367655
restaurant,EARLY,Coffee/Tea,Greenpoint,Brooklyn,BK0101,40.73216289992,-73.95459432832
restaurant,EAVESDROP,New American,Greenpoint,Brooklyn,BK0101,40.72484404257,-73.95139559958
restaurant,EL MANJAR DOMINICANO,Spanish,Greenpoint,Brooklyn,BK0101,40.73237405295,-73.9541070744
restaurant,EL PINGUINO,Seafood,Greenpoint,Brooklyn,BK0101,40.72965891649,-73.95992876963
restaurant,ELDER GREENE,American,Greenpoint,Brooklyn,BK0101,40.73069015418,-73.95771636541
restaurant,ELEVA COFFEE,Coffee/Tea,Greenpoint,Brooklyn,BK0101,40.73671491178,-73.95771252737
restaurant,ENERUGI RAMEN,Japanese,Greenpoint,Brooklyn,BK0101,40.73384005208,-73.95484937022
restaurant,El BORN,Spanish,Greenpoint,Brooklyn,BK0101,40.72445694629,-73.95119745463
restaurant,FABIO'S PIZZERIA,Pizza,Greenpoint,Brooklyn,BK0101,40.72221254062,-73.94122751479
restaurant,FALU HOUSE SCANDINAVIAN DELI,Scandinavian,Greenpoint,Brooklyn,BK0101,40.72454609577,-73.95439750146
restaurant,FEROX,American,Greenpoint,Brooklyn,BK0101,40.72837919564,-73.95808224552
restaurant,FIVE LEAVES,American,Greenpoint,Brooklyn,BK0101,40.72357602773,-73.9515552685
restaurant,FLOWER CAT,Coffee/Tea,Greenpoint,Brooklyn,BK0101,40.7287095915,-73.95361170113
restaurant,FOR THE RECORD,Coffee/Tea,Greenpoint,Brooklyn,BK0101,40.73632697641,-73.95527708209
restaurant,FORMA PASTA FACTORY,Italian,Greenpoint,Brooklyn,BK0101,40.72368302327,-73.9514361348
restaurant,FORNINO,Pizza,Greenpoint,Brooklyn,BK0101,40.7290856957,-73.95378823225
restaurant,FOUR SEASONS JOYFUL,Chinese,Greenpoint,Brooklyn,BK0101,40.7233734638,-73.94100641554
restaurant,FRANKEL'S,Sandwiches,Greenpoint,Brooklyn,BK0101,40.72388589629,-73.95087317628
restaurant,FRANKLIN PIZZA,Pizza,Greenpoint,Brooklyn,BK0101,40.72969375251,-73.95757628526
restaurant,FRESH MY DAY,"Juice, Smoothies, Fruit Salads",Greenpoint,Brooklyn,BK0101,40.72933965644,-73.9575187827
restaurant,FRIDUCHA,Mexican,Greenpoint,Brooklyn,BK0101,40.73150410492,-73.95446488479
restaurant,FRIJOLEROS,Mexican,Greenpoint,Brooklyn,BK0101,40.73012645359,-73.95502508472
restaurant,FUSION BITES,Asian/Asian Fusion,Greenpoint,Brooklyn,BK0101,40.72757847774,-73.95294862731
restaurant,GATOR,American,Greenpoint,Brooklyn,BK0101,40.7256782872,-73.95100894835
restaurant,GENERAL GREEN,Asian/Asian Fusion,Greenpoint,Brooklyn,BK0101,40.72445693554,-73.95117220013
restaurant,GETAWAY,Coffee/Tea,Greenpoint,Brooklyn,BK0101,40.73365369547,-73.95558558772
restaurant,GLASSERIE,Mediterranean,Greenpoint,Brooklyn,BK0101,40.73765848516,-73.95604840512
restaurant,GOLDIE'S,American,Greenpoint,Brooklyn,BK0101,40.72555484456,-73.94510660028
restaurant,GONG CHA,Coffee/Tea,Greenpoint,Brooklyn,BK0101,40.7271555845,-73.95246546378
restaurant,GOOD BAR,American,Greenpoint,Brooklyn,BK0101,40.72381176905,-73.9508299381
restaurant,GREEK KITCHEN,Greek,Greenpoint,Brooklyn,BK0101,40.73057082175,-73.95430676769
restaurant,GREENBURG CAFE,Coffee/Tea,Greenpoint,Brooklyn,BK0101,40.72741271172,-73.95719890838
restaurant,GREENPOINT FISH & LOBSTER CO.,Seafood,Greenpoint,Brooklyn,BK0101,40.72428041501,-73.94920248285
restaurant,GREENPOINT ORIGINAL PIZZA,Pizza,Greenpoint,Brooklyn,BK0101,40.72550833092,-73.95152499565
restaurant,GRETA,Mediterranean,Greenpoint,Brooklyn,BK0101,40.7255766225,-73.94473136596
restaurant,HANA MAKGEOLLI,Tapas,Greenpoint,Brooklyn,BK0101,40.73624027571,-73.95131508592
restaurant,HAPPY ZOE VEGAN BAKERY,Vegan,Greenpoint,Brooklyn,BK0101,40.72411320685,-73.94970769852
restaurant,HIDE & SEEK,American,Greenpoint,Brooklyn,BK0101,40.72299911305,-73.9503543224
restaurant,HOMECOMING,Coffee/Tea,Greenpoint,Brooklyn,BK0101,40.72870282405,-73.95739290958
restaurant,HOMEMADE TAQUERIA,Mexican,Greenpoint,Brooklyn,BK0101,40.72049842836,-73.94395996517
restaurant,HOP LEE KITCHEN,Chinese,Greenpoint,Brooklyn,BK0101,40.73287383245,-73.95469126464
restaurant,HOUSE BROOKLYN,Japanese,Greenpoint,Brooklyn,BK0101,40.72479281954,-73.95363608484
restaurant,HUEJOTZINGO,Korean,Greenpoint,Brooklyn,BK0101,40.72439379055,-73.95113616872
restaurant,HUNGRY BURRITO,Mexican,Greenpoint,Brooklyn,BK0101,40.73552819944,-73.95514771826
restaurant,IDLE MIND TAVERN / CADET COFFEE,Coffee/Tea,Greenpoint,Brooklyn,BK0101,40.72349055081,-73.95064257375
restaurant,JAYSE CATERING,American,Greenpoint,Brooklyn,BK0101,40.73342930404,-73.95053776004
restaurant,JIMBO SLIMS,American,Greenpoint,Brooklyn,BK0101,40.72088942837,-73.94656431831
restaurant,JUCY LUCY,American,Greenpoint,Brooklyn,BK0101,40.7247491333,-73.94778425718
restaurant,JUICE POINT,"Juice, Smoothies, Fruit Salads",Greenpoint,Brooklyn,BK0101,40.72746866194,-73.95288736996
restaurant,KALEIDOSCOPE COFFEE,Coffee/Tea,Greenpoint,Brooklyn,BK0101,40.72492732365,-73.94730427779
restaurant,KANAHASHI,Japanese,Greenpoint,Brooklyn,BK0101,40.73264600987,-73.95467337898
restaurant,KARCZMA,Polish,Greenpoint,Brooklyn,BK0101,40.73007171181,-73.95541840397
restaurant,KASKADE,Polish,Greenpoint,Brooklyn,BK0101,40.73009911453,-73.95530292654
restaurant,KEG & LANTERN,Irish,Greenpoint,Brooklyn,BK0101,40.72395698493,-73.95023454998
restaurant,KELANG,Southeast Asian,Greenpoint,Brooklyn,BK0101,40.72593947605,-73.95204060605
restaurant,KESTANE KEBAB,Mediterranean,Greenpoint,Brooklyn,BK0101,40.73260611526,-73.95802906102
restaurant,KETTL TEA,Coffee/Tea,Greenpoint,Brooklyn,BK0101,40.72980105116,-73.95826535967
restaurant,KFC / TACO BELL,Chicken,Greenpoint,Brooklyn,BK0101,40.72946876982,-73.95091594939
restaurant,KINOKO,Asian/Asian Fusion,Greenpoint,Brooklyn,BK0101,40.72825483743,-73.94920304955
restaurant,KNORI HANDROLL BAR,Japanese,Greenpoint,Brooklyn,BK0101,40.7300936517,-73.95537148401
restaurant,KUB KAO,Thai,Greenpoint,Brooklyn,BK0101,40.73278324952,-73.95467689351
restaurant,KYOTO SUSHI,Japanese,Greenpoint,Brooklyn,BK0101,40.72506437058,-73.94688926956
restaurant,LA CONTENTA,Mexican,Greenpoint,Brooklyn,BK0101,40.73552819944,-73.95514771826
restaurant,LA SANDWICHERIE,Sandwiches,Greenpoint,Brooklyn,BK0101,40.72303495344,-73.9447010125
restaurant,LAKE STREET,American,Greenpoint,Brooklyn,BK0101,40.7257802313,-73.95192526957
restaurant,LE BOTANISTE,Vegetarian,Greenpoint,Brooklyn,BK0101,40.7248248338,-73.95140643706
restaurant,LE CHALET DU TERROIR,Coffee/Tea,Greenpoint,Brooklyn,BK0101,40.72951819873,-73.95097003379
restaurant,LE FANFARE,Italian,Greenpoint,Brooklyn,BK0101,40.73623639358,-73.95526270941
restaurant,LE GAMIN,French,Greenpoint,Brooklyn,BK0101,40.72828559288,-73.95732101745
restaurant,LEROY'S,American,Greenpoint,Brooklyn,BK0101,40.7334901079,-73.95851922801
restaurant,LILI AND CATA,Coffee/Tea,Greenpoint,Brooklyn,BK0101,40.72980651836,-73.9582040189
restaurant,LINGO,Japanese,Greenpoint,Brooklyn,BK0101,40.72968352072,-73.95964732516
restaurant,LISE & VITO,Tapas,Greenpoint,Brooklyn,BK0101,40.72449970038,-73.9485384816
restaurant,LITE BITES,Sandwiches/Salads/Mixed Buffet,Greenpoint,Brooklyn,BK0101,40.72568139703,-73.95187122333
restaurant,LITTLE DOKEBI,Korean,Greenpoint,Brooklyn,BK0101,40.72323696409,-73.94246044884
restaurant,LITTLE TIFFIN,Thai,Greenpoint,Brooklyn,BK0101,40.73221229997,-73.95457986169
restaurant,LOVEBIRDS,New American,Greenpoint,Brooklyn,BK0101,40.72565046035,-73.94417208724
restaurant,MADRE,American,Greenpoint,Brooklyn,BK0101,40.7329602123,-73.95809017738
restaurant,MALA PROJECT,Chinese,Greenpoint,Brooklyn,BK0101,40.7231610964,-73.95045160965
restaurant,MALAVITA,Italian,Greenpoint,Brooklyn,BK0101,40.72332581353,-73.95052364125
restaurant,MAMAN,French,Greenpoint,Brooklyn,BK0101,40.73053658505,-73.95809170755
restaurant,MARIO'S DELI,Sandwiches,Greenpoint,Brooklyn,BK0101,40.72597254673,-73.94059641646
restaurant,MARIO'S PIZZA,Pizza,Greenpoint,Brooklyn,BK0101,40.73136685808,-73.95444332996
restaurant,MARISCOS EL SUBMARINO,Seafood,Greenpoint,Brooklyn,BK0101,40.73324568493,-73.95813690459
restaurant,MAZZY'S HALAL SPOT,Middle Eastern,Greenpoint,Brooklyn,BK0101,40.73316921446,-73.95210033116
restaurant,MCDONALD'S,Hamburgers,Greenpoint,Brooklyn,BK0101,40.73038965288,-73.9542708113
restaurant,ME AND PAUL'S,Pizza,Greenpoint,Brooklyn,BK0101,40.72977096861,-73.95856845704
restaurant,MIKADO,Japanese,Greenpoint,Brooklyn,BK0101,40.73118570074,-73.95443623798
restaurant,MILK & ROSES,Italian,Greenpoint,Brooklyn,BK0101,40.737400124,-73.95513562783
restaurant,MILLION GOODS,Coffee/Tea,Greenpoint,Brooklyn,BK0101,40.72756093041,-73.95720242077
restaurant,MINNOWS BAR,American,Greenpoint,Brooklyn,BK0101,40.72520141601,-73.94647425962
restaurant,MOE'S DOUGHS,Donuts,Greenpoint,Brooklyn,BK0101,40.72449970038,-73.9485384816
restaurant,MOKAFE,Coffee/Tea,Greenpoint,Brooklyn,BK0101,40.72775144822,-73.95307117559
restaurant,MS. OHHO,Korean,Greenpoint,Brooklyn,BK0101,40.72483684562,-73.94752081814
restaurant,NAKED DOG,Italian,Greenpoint,Brooklyn,BK0101,40.73116829188,-73.959231485
restaurant,NIGHTSHADE,American,Greenpoint,Brooklyn,BK0101,40.71945355123,-73.94578985795
restaurant,NONNA'S PIZZERIA,Pizza,Greenpoint,Brooklyn,BK0101,40.72586887803,-73.94183039911
restaurant,NURA,American,Greenpoint,Brooklyn,BK0101,40.72474621676,-73.95378042954
restaurant,NYC VEGAN BISTRO,Japanese,Greenpoint,Brooklyn,BK0101,40.72404512053,-73.95093799824
restaurant,NYC VEGAN BISTRO,Vegan,Greenpoint,Brooklyn,BK0101,40.72468206158,-73.95130191536
restaurant,OAK & IRON,American,Greenpoint,Brooklyn,BK0101,40.7314669784,-73.95786741367
restaurant,ODD FOX COFFEE,Coffee/Tea,Greenpoint,Brooklyn,BK0101,40.73269541135,-73.95466252054
restaurant,OH MERCY,Soups/Salads/Sandwiches,Greenpoint,Brooklyn,BK0101,40.72927102528,-73.95748635417
restaurant,OH! DUMPLINGS,Chinese,Greenpoint,Brooklyn,BK0101,40.73189518686,-73.95793569753
restaurant,OXOMOCO,Mexican,Greenpoint,Brooklyn,BK0101,40.73004711239,-73.95568541929
restaurant,PAIRING,Coffee/Tea,Greenpoint,Brooklyn,BK0101,40.7233134001,-73.94163421328
restaurant,PALOMA COFFEE & BAKERY,Coffee/Tea,Greenpoint,Brooklyn,BK0101,40.72725177501,-73.95276485392
restaurant,PALOMA THE BAKERY,Coffee/Tea,Greenpoint,Brooklyn,BK0101,40.72509177979,-73.94680626771
restaurant,PAN PAN VINO VINO,Bakery Products/Desserts,Greenpoint,Brooklyn,BK0101,40.72602639403,-73.9499010743
restaurant,PANZÓN,Mexican,Greenpoint,Brooklyn,BK0101,40.72967258601,-73.95977361431
restaurant,PAULIE GEE'S SLICE SHOP,Pizza,Greenpoint,Brooklyn,BK0101,40.72834872651,-73.95733180086
restaurant,PEEK IN CAFE,Korean,Greenpoint,Brooklyn,BK0101,40.72727544784,-73.957130446
restaurant,PEKING EXPRESS,Chinese,Greenpoint,Brooklyn,BK0101,40.72578152282,-73.94277934293
restaurant,PELICANA CHICKEN,Korean,Greenpoint,Brooklyn,BK0101,40.73141078578,-73.95447216514
restaurant,PETER PAN DONUT & PASTRY SHOP,Donuts,Greenpoint,Brooklyn,BK0101,40.72613989218,-73.95215591341
restaurant,PHIL'S PLACE,American,Greenpoint,Brooklyn,BK0101,40.72088942837,-73.94656431831
restaurant,PIE CORPS,Bakery Products/Desserts,Greenpoint,Brooklyn,BK0101,40.7232806514,-73.9420058377
restaurant,PIEROZEK,Polish,Greenpoint,Brooklyn,BK0101,40.72295517648,-73.95030745507
restaurant,PITA GRILL BK,Mediterranean,Greenpoint,Brooklyn,BK0101,40.7252259812,-73.95238747317
restaurant,POPEYES,Chicken,Greenpoint,Brooklyn,BK0101,40.73070532529,-73.954331932
restaurant,PRINCESS MANOR,Continental,Greenpoint,Brooklyn,BK0101,40.72392406651,-73.95027786776
restaurant,PUEBLO QUERIDO COFFEE ROASTERS,Coffee/Tea,Greenpoint,Brooklyn,BK0101,40.73043801789,-73.95173066629
restaurant,PUEBLO QUERIDO COFFEE ROASTERS,Coffee/Tea,Greenpoint,Brooklyn,BK0101,40.72523114764,-73.9516153938
restaurant,PUEBLO QUERIDO COFFEE ROASTERS,Coffee/Tea,Greenpoint,Brooklyn,BK0101,40.7367124895,-73.95859660018
restaurant,PURE GREEN,"Juice, Smoothies, Fruit Salads",Greenpoint,Brooklyn,BK0101,40.7355765733,-73.95976642787
restaurant,PYZA,Polish,Greenpoint,Brooklyn,BK0101,40.72439005817,-73.94887048277
restaurant,RADIO BAKERY,Bakery Products/Desserts,Greenpoint,Brooklyn,BK0101,40.73227017421,-73.95517517719
restaurant,RADIO STAR,Mediterranean,Greenpoint,Brooklyn,BK0101,40.72963976099,-73.9600947524
restaurant,RAIZES CHURRASCARIA,Portuguese,Greenpoint,Brooklyn,BK0101,40.72469982258,-73.94799354845
restaurant,RAMEN SPOT,Asian/Asian Fusion,Greenpoint,Brooklyn,BK0101,40.72667798331,-73.95243694249
restaurant,RAY'S HOMETOWN BAR,American,Greenpoint,Brooklyn,BK0101,40.72372709172,-73.95179687741
restaurant,RED ROVER,Coffee/Tea,Greenpoint,Brooklyn,BK0101,40.73109785393,-73.95440021678
restaurant,RELAX,Eastern European,Greenpoint,Brooklyn,BK0101,40.72453752705,-73.94721800017
restaurant,RESTAURANT YUU,French,Greenpoint,Brooklyn,BK0101,40.7233128026,-73.95220485125
restaurant,RETRO,Polish,Greenpoint,Brooklyn,BK0101,40.72915432646,-73.95381704882
restaurant,RHYTHM ZERO,Coffee/Tea,Greenpoint,Brooklyn,BK0101,40.73034790914,-73.96009071859
restaurant,ROME TO BROOKLYN PIZZERIA,Pizza,Greenpoint,Brooklyn,BK0101,40.72290027802,-73.95030028076
restaurant,ROUNDERS,American,Greenpoint,Brooklyn,BK0101,40.73321970408,-73.95477041037
restaurant,RULE OF THIRDS,Japanese,Greenpoint,Brooklyn,BK0101,40.72451870397,-73.95453822415
restaurant,RUSS PIZZA,Pizza,Greenpoint,Brooklyn,BK0101,40.72643914225,-73.95232526884
restaurant,SAINT VITUS,American,Greenpoint,Brooklyn,BK0101,40.73676890304,-73.95532730272
restaurant,SALSA,Pizza,Greenpoint,Brooklyn,BK0101,40.72710197914,-73.9556873853
restaurant,SAMA STREET,Thai,Greenpoint,Brooklyn,BK0101,40.73278324952,-73.95467689351
restaurant,SANTA CHIARA,Italian,Greenpoint,Brooklyn,BK0101,40.73507715224,-73.96012756711
restaurant,SAPPORO ICHIBAN SUSHI,Japanese,Greenpoint,Brooklyn,BK0101,40.7234603413,-73.95060291114
restaurant,SCALINO G.P.,Italian,Greenpoint,Brooklyn,BK0101,40.72459147204,-73.95127311945
restaurant,SCRAPPLELAND,American,Greenpoint,Brooklyn,BK0101,40.7376362918,-73.95543858257
restaurant,SIPPY CAFE,Coffee/Tea,Greenpoint,Brooklyn,BK0101,40.73232064257,-73.95798233472
restaurant,SOFT BAR,American,Greenpoint,Brooklyn,BK0101,40.72512846176,-73.95560933048
restaurant,SONNY'S CORNER,American,Greenpoint,Brooklyn,BK0101,40.72976785717,-73.95756541367
restaurant,SPACE CLUB,American,Greenpoint,Brooklyn,BK0101,40.72960840415,-73.95010763888
restaurant,SPRITZENHAUS 33,German,Greenpoint,Brooklyn,BK0101,40.72299753855,-73.95313586709
restaurant,STARBUCKS,Coffee/Tea,Greenpoint,Brooklyn,BK0101,40.72351562457,-73.95151201973
restaurant,STOWAWAY,American,Greenpoint,Brooklyn,BK0101,40.73029043414,-73.95326061021
restaurant,SUNSET DINER,American,Greenpoint,Brooklyn,BK0101,40.72151037538,-73.94220219603
restaurant,SUNSHINE LAUNDROMAT,American,Greenpoint,Brooklyn,BK0101,40.72922569471,-73.95382782331
restaurant,SWEETGREEN,Other,Greenpoint,Brooklyn,BK0101,40.72607400123,-73.95211627426
restaurant,SWEETIE'S K-CHICKEN,Korean,Greenpoint,Brooklyn,BK0101,40.72487698741,-73.95141361451
restaurant,SWEETLEAF COFFEE ROASTERS,Coffee/Tea,Greenpoint,Brooklyn,BK0101,40.73438110124,-73.95569695915
restaurant,TAKU SANDO,Japanese,Greenpoint,Brooklyn,BK0101,40.72967531938,-73.95974114001
restaurant,TALEA BEER CO.,American,Greenpoint,Brooklyn,BK0101,40.71846659757,-73.9483086728
restaurant,TAQUERIA EL CHATO,Mexican,Greenpoint,Brooklyn,BK0101,40.72342739477,-73.95058128926
restaurant,TAQUERIA LA NORTENA,Mexican,Greenpoint,Brooklyn,BK0101,40.72474795128,-73.95133794506
restaurant,TAQUERIA RAMIREZ,Mexican,Greenpoint,Brooklyn,BK0101,40.72785463782,-73.95724913506
restaurant,TEMKIN'S,American,Greenpoint,Brooklyn,BK0101,40.73026037359,-73.95358536069
restaurant,THAI CAFE,Thai,Greenpoint,Brooklyn,BK0101,40.73105119867,-73.95441468142
restaurant,THE BREW INN,Polish,Greenpoint,Brooklyn,BK0101,40.73102362151,-73.95408996731
restaurant,THE BUTTERY BAR,American,Greenpoint,Brooklyn,BK0101,40.72304861981,-73.94458194663
restaurant,THE COFFEE SHOP,Coffee/Tea,Greenpoint,Brooklyn,BK0101,40.72596171492,-73.9408814479
restaurant,THE ESTERS,American,Greenpoint,Brooklyn,BK0101,40.72551650575,-73.94529063212
restaurant,THE LOT RADIO KIOSK,Coffee/Tea,Greenpoint,Brooklyn,BK0101,40.72271516363,-73.95396583592
restaurant,THE MALLARD DRAKE,American,Greenpoint,Brooklyn,BK0101,40.72679515962,-73.95725342527
restaurant,THE MOONLIGHT MILE,American,Greenpoint,Brooklyn,BK0101,40.73232064257,-73.95798233472
restaurant,THE NOBLE,Greek,Greenpoint,Brooklyn,BK0101,40.72872365795,-73.95446679203
restaurant,THE PALACE,American,Greenpoint,Brooklyn,BK0101,40.72558755632,-73.94463755276
restaurant,THE SCREEN DOOR,Frozen Desserts,Greenpoint,Brooklyn,BK0101,40.72305399405,-73.94434383315
restaurant,THREE DECKER DINER,American,Greenpoint,Brooklyn,BK0101,40.72519272091,-73.95161542181
restaurant,THREES BREWING,American,Greenpoint,Brooklyn,BK0101,40.72997648066,-73.95762300971
restaurant,TONY'S PIZZERIA,Pizza,Greenpoint,Brooklyn,BK0101,40.72529734946,-73.94618916338
restaurant,TORST,American,Greenpoint,Brooklyn,BK0101,40.7233587694,-73.95056690943
restaurant,TRIANGULO PIZZA,Pizza,Greenpoint,Brooklyn,BK0101,40.73362595479,-73.95483508271
restaurant,TROOST,American,Greenpoint,Brooklyn,BK0101,40.73349145281,-73.95481352455
restaurant,TWINS LOUNGE,Bottled Beverages,Greenpoint,Brooklyn,BK0101,40.72621400838,-73.95217389941
restaurant,U OMAKASE,Japanese,Greenpoint,Brooklyn,BK0101,40.73033415682,-73.95278791733
restaurant,UMI POKE & WOK,Chinese/Japanese,Greenpoint,Brooklyn,BK0101,40.72422559465,-73.94937209025
restaurant,UNIQUE CREPES & DELI,American,Greenpoint,Brooklyn,BK0101,40.72587358658,-73.952004575
restaurant,UPSIDE,Pizza,Greenpoint,Brooklyn,BK0101,40.7242949559,-73.95108212478
restaurant,URO CAFE,Coffee/Tea,Greenpoint,Brooklyn,BK0101,40.72256474186,-73.94876726566
restaurant,UZUKI,Japanese,Greenpoint,Brooklyn,BK0101,40.72442209881,-73.95319980162
restaurant,VAMOS AL TEQUILA,Mexican,Greenpoint,Brooklyn,BK0101,40.73075328777,-73.95772714958
restaurant,VAN LEEUWEN ICE CREAM,Frozen Desserts,Greenpoint,Brooklyn,BK0101,40.72342739477,-73.95058128926
restaurant,VAN LEEUWEN ICE CREAM,Frozen Desserts,Greenpoint,Brooklyn,BK0101,40.72955375347,-73.95753307795
restaurant,VARIETY COFFEE ROASTERS,Coffee/Tea,Greenpoint,Brooklyn,BK0101,40.72307866892,-73.94428608905
restaurant,VERGE,Japanese,Greenpoint,Brooklyn,BK0101,40.73189518686,-73.95793569753
restaurant,VIVA LA PIZZA,Pizza,Greenpoint,Brooklyn,BK0101,40.72385005612,-73.95050521177
restaurant,WAFELS & DINGES,Pancakes/Waffles,Greenpoint,Brooklyn,BK0101,40.72655779224,-73.94178650062
restaurant,WANPAKU,Japanese,Greenpoint,Brooklyn,BK0101,40.7234576043,-73.95062095184
restaurant,WARSAW,American,Greenpoint,Brooklyn,BK0101,40.72262217313,-73.94830182952
restaurant,WENWEN,American,Greenpoint,Brooklyn,BK0101,40.73397456256,-73.95489257839
restaurant,XI'AN FAMOUS FOODS,Chinese,Greenpoint,Brooklyn,BK0101,40.72442399066,-73.95115418542
restaurant,624 KAM HAI CHINESE FOOD,Chinese,Kensington,Brooklyn,BK1203,40.64769311467,-73.97428816583
restaurant,A+ CRAB,Seafood,Kensington,Brooklyn,BK1203,40.64210359757,-73.96962042801
restaurant,ADDAKHANA,Bangladeshi,Kensington,Brooklyn,BK1203,40.64264931153,-73.97979963505
restaurant,ASIA HARBOR,Other,Kensington,Brooklyn,BK1203,40.64405399285,-73.97641559345
restaurant,BEVERLY PIZZA,Pizza,Kensington,Brooklyn,BK1203,40.642336107,-73.97816742157
restaurant,BURGER KING,Hamburgers,Kensington,Brooklyn,BK1203,40.64708248049,-73.98187755779
restaurant,CROSS ROAD,Caribbean,Kensington,Brooklyn,BK1203,40.63921037417,-73.96878942007
restaurant,Corner San Juan Deli Corp,Latin American,Kensington,Brooklyn,BK1203,40.64275446193,-73.9853848003
restaurant,DENNY'S PUB,American,Kensington,Brooklyn,BK1203,40.64293185629,-73.97886988161
restaurant,DER PIONEER,American,Kensington,Brooklyn,BK1203,40.64588377754,-73.97204026754
restaurant,DUNKIN,Donuts,Kensington,Brooklyn,BK1203,40.64292910751,-73.97884826231
restaurant,DUNKIN',Donuts,Kensington,Brooklyn,BK1203,40.64777474054,-73.97126829624
restaurant,DUNYA KABAB HOUSE,Afghan,Kensington,Brooklyn,BK1203,40.64050326389,-73.96914913613
restaurant,EL MEXICANO RESTAURNT & CAFE,Mexican,Kensington,Brooklyn,BK1203,40.63578657224,-73.9757555791
restaurant,EL MIRADOR RESTAURANT,Mexican,Kensington,Brooklyn,BK1203,40.6421389899,-73.98101410887
restaurant,EMIR PALACE,Eastern European,Kensington,Brooklyn,BK1203,40.63159795115,-73.9753680098
restaurant,FAMILY GARDEN,Chinese,Kensington,Brooklyn,BK1203,40.63558112286,-73.97777331401
restaurant,GHOROA,Bangladeshi,Kensington,Brooklyn,BK1203,40.64241044044,-73.97937811752
restaurant,GYRO CAFE,Pakistani,Kensington,Brooklyn,BK1203,40.64321257564,-73.96994782855
restaurant,HALAL XPRESS,Chinese,Kensington,Brooklyn,BK1203,40.64337636118,-73.97807339182
restaurant,HELLO SWEET SPOT,Pancakes/Waffles,Kensington,Brooklyn,BK1203,40.63893608145,-73.96947774978
restaurant,HINTERLANDS,American,Kensington,Brooklyn,BK1203,40.64588652056,-73.97203305934
restaurant,J & J PIZZA,Pizza,Kensington,Brooklyn,BK1203,40.64769861151,-73.97432059629
restaurant,JAEW THAI CUISINE,Thai,Kensington,Brooklyn,BK1203,40.64408691462,-73.97633990984
restaurant,JALSA,Indian,Kensington,Brooklyn,BK1203,40.63830452425,-73.96852681821
restaurant,JIMMY'S MEXICAN RESTAURANT,Mexican,Kensington,Brooklyn,BK1203,40.64407045337,-73.97637594995
restaurant,KFC,Chicken,Kensington,Brooklyn,BK1203,40.64440939038,-73.97029321794
restaurant,KORNER PIZZERIA,Pizza,Kensington,Brooklyn,BK1203,40.6433763522,-73.9780265478
restaurant,LINDA RESTAURANT,Mexican,Kensington,Brooklyn,BK1203,40.63754690486,-73.96831099266
restaurant,MCDONALD'S,Hamburgers,Kensington,Brooklyn,BK1203,40.64511515759,-73.98690495019
restaurant,MEXICAN DINER,Mexican,Kensington,Brooklyn,BK1203,40.63890044047,-73.96963270135
restaurant,MINI PICADERA RESTAURANT CORP,Spanish,Kensington,Brooklyn,BK1203,40.63578657452,-73.97576638802
restaurant,NIC & GAB,American,Kensington,Brooklyn,BK1203,40.63557290387,-73.97785258197
restaurant,NO. 1 CHINESE FOOD,Chinese,Kensington,Brooklyn,BK1203,40.63589340395,-73.97476111732
restaurant,ORGANIC DRINKS,"Juice, Smoothies, Fruit Salads",Kensington,Brooklyn,BK1203,40.6433571484,-73.97807700155
restaurant,PIZZA KING,Jewish/Kosher,Kensington,Brooklyn,BK1203,40.63279136234,-73.97284920126
restaurant,RADHUNI SWEETS & RESTAURANT,Bangladeshi,Kensington,Brooklyn,BK1203,40.64224574382,-73.97932411873
restaurant,RAJMAHAL RESTAURANT & SWEETS,Bangladeshi,Kensington,Brooklyn,BK1203,40.64264931153,-73.97979963505
restaurant,RANDAZZO'S PIZZA,Pizza,Kensington,Brooklyn,BK1203,40.63578383279,-73.97578080092
restaurant,ROCKY'S PIZZERIA,Pizza,Kensington,Brooklyn,BK1203,40.64633087764,-73.97084009829
restaurant,SAKE JAPANESE CUISINE,Japanese,Kensington,Brooklyn,BK1203,40.64374946897,-73.97713998632
restaurant,SAN MIGUEL PIZZA,Pizza,Kensington,Brooklyn,BK1203,40.63875195923,-73.96865631927
restaurant,SAWASDE THAI COOKING,Thai,Kensington,Brooklyn,BK1203,40.64534470679,-73.97991412766
restaurant,SERENITY CAFE,American,Kensington,Brooklyn,BK1203,40.64410886243,-73.97628945406
restaurant,SHASHLIK HOUSE,Turkish,Kensington,Brooklyn,BK1203,40.63793898675,-73.97827335542
restaurant,SHASHLIK UZ N1,Middle Eastern,Kensington,Brooklyn,BK1203,40.63558386134,-73.97774088642
restaurant,SHENANIGAN'S PUB,American,Kensington,Brooklyn,BK1203,40.64772845313,-73.97279985594
restaurant,SOHO CAFE & GRILL,American,Kensington,Brooklyn,BK1203,40.64335990007,-73.9781130345
restaurant,TAJMAHAL RESTAURANT,Bangladeshi,Kensington,Brooklyn,BK1203,40.64241318133,-73.97935649666
restaurant,TAQUERIA MARIA & RICARDO,Mexican,Kensington,Brooklyn,BK1203,40.63892786437,-73.96954261018
restaurant,TASTY BITES,Bangladeshi,Kensington,Brooklyn,BK1203,40.64267674725,-73.97973116308
restaurant,THE HALAL BASKET,Bangladeshi,Kensington,Brooklyn,BK1203,40.64270692771,-73.97966269022
restaurant,TO BE THAI,Thai,Kensington,Brooklyn,BK1203,40.64291536761,-73.978761786
restaurant,UNI THAI BISTRO,Thai,Kensington,Brooklyn,BK1203,40.64564798598,-73.97312502324
restaurant,URGUT AFSONA,Other,Kensington,Brooklyn,BK1203,40.63589066789,-73.97480075115
restaurant,URGUT OSH MARKAZI,Eastern European,Kensington,Brooklyn,BK1203,40.63778846458,-73.9683793361
restaurant,WING HUA II,Chinese,Kensington,Brooklyn,BK1203,40.64338184867,-73.97806257985
restaurant,YUMMY TACO,Tex-Mex,Kensington,Brooklyn,BK1203,40.64305536412,-73.97883020528
restaurant,AKSARAY TURKISH CAFE AND RESTAURANT,Turkish,Madison,Brooklyn,BK1502,40.6100324642,-73.95758779284
restaurant,ANOR RESTAURANT,Eastern European,Madison,Brooklyn,BK1502,40.59961256872,-73.94916445817
restaurant,BIG CHEF RESTAURANT,Chinese,Madison,Brooklyn,BK1502,40.60513718125,-73.94203323186
restaurant,BUCKLEY'S BAR & RESTAURANT,American,Madison,Brooklyn,BK1502,40.60504155707,-73.94291563627
restaurant,COSTELLO'S CLADDAGH INN,Irish,Madison,Brooklyn,BK1502,40.61028175519,-73.94372509843
restaurant,DONUT SHOPPE,American,Madison,Brooklyn,BK1502,40.59885244975,-73.95626256104
restaurant,DOUBLE RED INC,Chinese,Madison,Brooklyn,BK1502,40.5991614356,-73.95328793865
restaurant,DUNKIN,Coffee/Tea,Madison,Brooklyn,BK1502,40.61033046518,-73.95451183934
restaurant,DUNKIN,Donuts,Madison,Brooklyn,BK1502,40.5999269998,-73.94648865004
restaurant,DUNKIN' / BASKIN ROBBINS,Donuts,Madison,Brooklyn,BK1502,40.59897006338,-73.95519659321
restaurant,EAST SUSHI BISTRO,Japanese,Madison,Brooklyn,BK1502,40.59883449794,-73.95253916564
restaurant,EL MEXICANO RESTAURANT,Mexican,Madison,Brooklyn,BK1502,40.59847919176,-73.9563492294
restaurant,EMPIRE CHINESE,Chinese,Madison,Brooklyn,BK1502,40.60011274075,-73.94458714963
restaurant,ESTELLE,American,Madison,Brooklyn,BK1502,40.59916416275,-73.95324472483
restaurant,FALAFALAFA,Jewish/Kosher,Madison,Brooklyn,BK1502,40.60199864581,-73.93462841032
restaurant,FLORENCIA,Jewish/Kosher,Madison,Brooklyn,BK1502,40.61197827021,-73.94420989039
restaurant,FOREFEATHERS,Chicken,Madison,Brooklyn,BK1502,40.60993639005,-73.95756984624
restaurant,GOLDEN SANDS CAFE,Bakery Products/Desserts,Madison,Brooklyn,BK1502,40.59927627525,-73.95221836158
restaurant,GOLDEN Z RESTAURANT,Chinese,Madison,Brooklyn,BK1502,40.59873749428,-73.95712326818
restaurant,GULCHATAY,Eastern European,Madison,Brooklyn,BK1502,40.59928454714,-73.9523083806
restaurant,HAPPY CANTEEN,Japanese,Madison,Brooklyn,BK1502,40.59916423028,-73.95341037041
restaurant,HIGHWAY BAGELS,Bagels/Pretzels,Madison,Brooklyn,BK1502,40.61037981112,-73.95436053842
restaurant,IGAM,Coffee/Tea,Madison,Brooklyn,BK1502,40.5992900157,-73.95225796269
restaurant,IHOP,Pancakes/Waffles,Madison,Brooklyn,BK1502,40.60053361216,-73.9409353177
restaurant,J.R. PIZZERIA,Pizza,Madison,Brooklyn,BK1502,40.6103551181,-73.95438576655
restaurant,JUNE'S BAKERY & CAFE,Chinese,Madison,Brooklyn,BK1502,40.59885791454,-73.95619773989
restaurant,K & V BAKERY,Bakery Products/Desserts,Madison,Brooklyn,BK1502,40.59875123439,-73.95716647095
restaurant,KING'S PIZZA,Pizza,Madison,Brooklyn,BK1502,40.60862977984,-73.95732217607
restaurant,KUNG FU TEA,Coffee/Tea,Madison,Brooklyn,BK1502,40.59874844373,-73.95704403979
restaurant,LITTLE CHEFS,Eastern European,Madison,Brooklyn,BK1502,40.6115444799,-73.94397614625
restaurant,LITTLE ISTANBUL,Turkish,Madison,Brooklyn,BK1502,40.5994048534,-73.9512063868
restaurant,LOOK DEER SUSHI,Japanese,Madison,Brooklyn,BK1502,40.60784746083,-73.95717501817
restaurant,LUIGI'S PIZZA,Pizza,Madison,Brooklyn,BK1502,40.59896459071,-73.95523980867
restaurant,MEMO SHISH KEBAB,Turkish,Madison,Brooklyn,BK1502,40.61017967146,-73.9549405315
restaurant,MICHAEL'S RESTAURANT,Italian,Madison,Brooklyn,BK1502,40.60741858616,-73.94300363192
restaurant,MING BAKERY,Bakery Products/Desserts,Madison,Brooklyn,BK1502,40.59874023502,-73.9571124635
restaurant,N & D PIZZA,Pizza,Madison,Brooklyn,BK1502,40.60024946449,-73.9435319278
restaurant,NAGOYA FUSION SUSHI,Asian/Asian Fusion,Madison,Brooklyn,BK1502,40.61034143001,-73.95447581587
restaurant,NEW THREE STAR,American,Madison,Brooklyn,BK1502,40.59896185578,-73.95526501738
restaurant,NEW YOBAO BEEF BURGER,Hamburgers,Madison,Brooklyn,BK1502,40.59927634127,-73.95237680544
restaurant,NO. 1 CHINESE RESTAURANT,Chinese,Madison,Brooklyn,BK1502,40.59973019124,-73.94826411259
restaurant,OMIYA SUSHI,Japanese,Madison,Brooklyn,BK1502,40.59972745133,-73.94827491779
restaurant,OSAKA JAPANESE RESTAURANT,Japanese,Madison,Brooklyn,BK1502,40.6002385439,-73.94365077173
restaurant,OSHI'S CAFE,Jewish/Kosher,Madison,Brooklyn,BK1502,40.60979890744,-73.94420451557
restaurant,PADISHAH RESTAURANT,Middle Eastern,Madison,Brooklyn,BK1502,40.59927354548,-73.95225437352
restaurant,PARAISO AZTECA RESTAURANT,Mexican,Madison,Brooklyn,BK1502,40.60871486685,-73.95731851996
restaurant,PARIS BAGUETTE,Bakery Products/Desserts,Madison,Brooklyn,BK1502,40.60918419963,-73.95724978959
restaurant,PERIZIA KOSHER PIZZA,Pizza,Madison,Brooklyn,BK1502,40.60990619607,-73.95756626393
restaurant,PHO HOAI RESTAURANT,Southeast Asian,Madison,Brooklyn,BK1502,40.59925987105,-73.95237321624
restaurant,PLUM RESTAURANT & LOUNGE,Caribbean,Madison,Brooklyn,BK1502,40.60233761442,-73.94226254517
restaurant,PRONTO PIZZA,Pizza,Madison,Brooklyn,BK1502,40.60739390997,-73.94305767464
restaurant,RAISING CANE'S 980,Chicken,Madison,Brooklyn,BK1502,40.60899772541,-73.95771090457
restaurant,SAFIR BAKERY & CAFE,Bakery Products/Desserts,Madison,Brooklyn,BK1502,40.61000967947,-73.95541245356
restaurant,SARIQ BOLA PIZZA,Pizza,Madison,Brooklyn,BK1502,40.60076582043,-73.93884288458
restaurant,SHEPHERD'S CUP,Coffee/Tea,Madison,Brooklyn,BK1502,40.59952788756,-73.95008998291
restaurant,SHERDOR,Eastern European,Madison,Brooklyn,BK1502,40.59928728443,-73.95229037364
restaurant,SIMPLY SWEET,Vegan,Madison,Brooklyn,BK1502,40.59950048517,-73.95019443277
restaurant,SPIROS RESTAUTRANT,American,Madison,Brooklyn,BK1502,40.59951422163,-73.95022323057
restaurant,SUBWAY,Sandwiches,Madison,Brooklyn,BK1502,40.60168873912,-73.93507525493
restaurant,SUBWAY,Sandwiches,Madison,Brooklyn,BK1502,40.60920613907,-73.95719935398
restaurant,SUSHI MASTER,Japanese,Madison,Brooklyn,BK1502,40.60011821811,-73.94456193776
restaurant,SUSHI MESHUGAH,Jewish/Kosher,Madison,Brooklyn,BK1502,40.60997993393,-73.95657578305
restaurant,SWEET & FAVORITE CAKE SHOP,Fusion,Madison,Brooklyn,BK1502,40.59951969398,-73.95018361535
restaurant,TAQUERIA MONARCA,Mexican,Madison,Brooklyn,BK1502,40.60859684107,-73.95731859571
restaurant,TASTE OF GEORGIA,Turkish,Madison,Brooklyn,BK1502,40.60973250797,-73.95554589727
restaurant,TRIO PIZZA GRILL,Pizza,Madison,Brooklyn,BK1502,40.59927634127,-73.95237680544
restaurant,VESUVIUS PIZZA,Pizza,Madison,Brooklyn,BK1502,40.60997675887,-73.95545569456
restaurant,VITO'S BAKERY,Bakery Products/Desserts,Madison,Brooklyn,BK1502,40.59927081421,-73.95228678446
restaurant,VIVI BUBBLE TEA,Coffee/Tea,Madison,Brooklyn,BK1502,40.59895085974,-73.95522181301
restaurant,W & Y BAKERY,Bakery Products/Desserts,Madison,Brooklyn,BK1502,40.59905756511,-73.95435750449
restaurant,WAH LUNG RESTAURANT,Chinese,Madison,Brooklyn,BK1502,40.61039898294,-73.95425607885
restaurant,A & L PIZZA RESTAURANT,Pizza,Mapleton-Midwood (West),Brooklyn,BK1204,40.62183122793,-73.98745347099
restaurant,AVE P COFFEE SHOP,American,Mapleton-Midwood (West),Brooklyn,BK1204,40.60885952846,-73.97260326408
restaurant,BASSOUL'S GOURMET KITCHEN,Jewish/Kosher,Mapleton-Midwood (West),Brooklyn,BK1204,40.61686274903,-73.97030192251
restaurant,BEST DOUBLE DRAGON RESTAURANT,Chinese,Mapleton-Midwood (West),Brooklyn,BK1204,40.62405264927,-73.97587513267
restaurant,CARAVAN,Russian,Mapleton-Midwood (West),Brooklyn,BK1204,40.60945252168,-73.97310723661
restaurant,CORK & SLICE,Jewish/Kosher,Mapleton-Midwood (West),Brooklyn,BK1204,40.60928125519,-73.96881066929
restaurant,CROWN BAGELS & PIZZA,American,Mapleton-Midwood (West),Brooklyn,BK1204,40.61438237461,-73.97405252043
restaurant,DUNKIN,Donuts,Mapleton-Midwood (West),Brooklyn,BK1204,40.62684420972,-73.97642890331
restaurant,DUNKIN,Donuts,Mapleton-Midwood (West),Brooklyn,BK1204,40.61390750636,-73.97396266097
restaurant,FIRST STOP DELI,Mexican,Mapleton-Midwood (West),Brooklyn,BK1204,40.61676142924,-73.97123126947
restaurant,GLATT CONEY KOSHER CHINESE RESTAURANT,Jewish/Kosher,Mapleton-Midwood (West),Brooklyn,BK1204,40.61937247048,-73.96416284685
restaurant,JACK'S CUISINE,Jewish/Kosher,Mapleton-Midwood (West),Brooklyn,BK1204,40.61441805844,-73.97405971014
restaurant,KENT THEATER,American,Mapleton-Midwood (West),Brooklyn,BK1204,40.62907035342,-73.96600215639
restaurant,KIDS 'N' ACTION,Jewish/Kosher,Mapleton-Midwood (West),Brooklyn,BK1204,40.62507923769,-73.97606208472
restaurant,LAS BANDERAS,Mexican,Mapleton-Midwood (West),Brooklyn,BK1204,40.61289188983,-73.97376136147
restaurant,LAS BANDERAS MEXICAN GRILL,Mexican,Mapleton-Midwood (West),Brooklyn,BK1204,40.61289188983,-73.97376136147
restaurant,MARGEZ GRILL HOUSE,Jewish/Kosher,Mapleton-Midwood (West),Brooklyn,BK1204,40.61749789714,-73.96453125958
restaurant,MERIDJAN SINO,Coffee/Tea,Mapleton-Midwood (West),Brooklyn,BK1204,40.6094854608,-73.97311442639
restaurant,MUNCH,Other,Mapleton-Midwood (West),Brooklyn,BK1204,40.62404436667,-73.96504650414
restaurant,MUNCH STREET FOOD,Jewish/Kosher,Mapleton-Midwood (West),Brooklyn,BK1204,40.62404436667,-73.96504650414
restaurant,NEW MASTER WONTON,Chinese,Mapleton-Midwood (West),Brooklyn,BK1204,40.61422049157,-73.9743155155
restaurant,NYC FITNESS CLUB,"Juice, Smoothies, Fruit Salads",Mapleton-Midwood (West),Brooklyn,BK1204,40.62559810536,-73.97656263474
restaurant,PICADILLY HALL,Jewish/Kosher,Mapleton-Midwood (West),Brooklyn,BK1204,40.61100888487,-73.97340554276
restaurant,REN RESTAURANT,Asian/Asian Fusion,Mapleton-Midwood (West),Brooklyn,BK1204,40.61477489516,-73.974124404
restaurant,SABABA LOUNGE,Coffee/Tea,Mapleton-Midwood (West),Brooklyn,BK1204,40.61057519454,-73.97334448884
restaurant,SAUTEED,Jewish/Kosher,Mapleton-Midwood (West),Brooklyn,BK1204,40.61339671368,-73.9630315121
restaurant,SHASHLIK HOUSE,Eastern European,Mapleton-Midwood (West),Brooklyn,BK1204,40.60887869959,-73.97242678182
restaurant,SUPREMACY GRILL & LOUNGE,Middle Eastern,Mapleton-Midwood (West),Brooklyn,BK1204,40.6179313727,-73.96388987091
restaurant,TASTE OF AKKO,Mediterranean,Mapleton-Midwood (West),Brooklyn,BK1204,40.61548013261,-73.96342656012
restaurant,THE HONJO SUSHI,Japanese,Mapleton-Midwood (West),Brooklyn,BK1204,40.61863856125,-73.98363230245
restaurant,VERONA PIZZA,Pizza,Mapleton-Midwood (West),Brooklyn,BK1204,40.6186550279,-73.98361789021
restaurant,VIVA LA DOUGH,Bakery Products/Desserts,Mapleton-Midwood (West),Brooklyn,BK1204,40.61687647762,-73.97031992613
restaurant,WEST WING,Jewish/Kosher,Mapleton-Midwood (West),Brooklyn,BK1204,40.61933953082,-73.96415566043
restaurant,WORLD SPA,American,Mapleton-Midwood (West),Brooklyn,BK1204,40.61477489516,-73.974124404
restaurant,YOSSIS BAKERY,Jewish/Kosher,Mapleton-Midwood (West),Brooklyn,BK1204,40.62358768182,-73.98568080092
restaurant,3rd & 7,American,Marine Park-Mill Basin-Bergen Beach,Brooklyn,BK1802,40.61477671827,-73.93656804468
restaurant,AUNTIE ANNE'S PRETZELS,Bagels/Pretzels,Marine Park-Mill Basin-Bergen Beach,Brooklyn,BK1802,40.60992885454,-73.92228161707
restaurant,BAYA BAR,"Juice, Smoothies, Fruit Salads",Marine Park-Mill Basin-Bergen Beach,Brooklyn,BK1802,40.61958114418,-73.91677713467
restaurant,BEYOND BAGELS,Bagels/Pretzels,Marine Park-Mill Basin-Bergen Beach,Brooklyn,BK1802,40.62004155157,-73.93717538305
restaurant,BON SOIR CATERERS,American,Marine Park-Mill Basin-Bergen Beach,Brooklyn,BK1802,40.61916097206,-73.91647508617
restaurant,BROOKLYN BEEF N CHEESE,American,Marine Park-Mill Basin-Bergen Beach,Brooklyn,BK1802,40.61290684771,-73.92213406717
restaurant,"BURGER KING, POPEYES",American,Marine Park-Mill Basin-Bergen Beach,Brooklyn,BK1802,40.61431498386,-73.92637535431
restaurant,CHARLEY'S PHILLY STEAKS,Sandwiches,Marine Park-Mill Basin-Bergen Beach,Brooklyn,BK1802,40.60992885454,-73.92228161707
restaurant,CHATEAU YAFFA,Russian,Marine Park-Mill Basin-Bergen Beach,Brooklyn,BK1802,40.61565641696,-73.91350072825
restaurant,CHIPOTLE MEXICAN GRILL # 3265,Tex-Mex,Marine Park-Mill Basin-Bergen Beach,Brooklyn,BK1802,40.62478325701,-73.91780810873
restaurant,CINNABON,Bakery Products/Desserts,Marine Park-Mill Basin-Bergen Beach,Brooklyn,BK1802,40.61011256408,-73.92200047869
restaurant,COLD STONE CREAMERY,Frozen Desserts,Marine Park-Mill Basin-Bergen Beach,Brooklyn,BK1802,40.62557106903,-73.91788999055
restaurant,DAGAN GRILL,Jewish/Kosher,Marine Park-Mill Basin-Bergen Beach,Brooklyn,BK1802,40.61316862845,-73.91217131618
restaurant,DAGAN PIZZA,Jewish/Kosher,Marine Park-Mill Basin-Bergen Beach,Brooklyn,BK1802,40.61319881003,-73.91215686931
restaurant,DRAGON CITY,Chinese,Marine Park-Mill Basin-Bergen Beach,Brooklyn,BK1802,40.60846471644,-73.92464230828
restaurant,DUET,Bakery Products/Desserts,Marine Park-Mill Basin-Bergen Beach,Brooklyn,BK1802,40.61311100733,-73.91219660452
restaurant,DUNKIN,Donuts,Marine Park-Mill Basin-Bergen Beach,Brooklyn,BK1802,40.61292044087,-73.92607795406
restaurant,DUNKIN,Donuts,Marine Park-Mill Basin-Bergen Beach,Brooklyn,BK1802,40.61744390115,-73.91074288585
restaurant,DUNKIN',Donuts,Marine Park-Mill Basin-Bergen Beach,Brooklyn,BK1802,40.62142338379,-73.91745204216
restaurant,DUNKIN',Donuts,Marine Park-Mill Basin-Bergen Beach,Brooklyn,BK1802,40.60992885454,-73.92228161707
restaurant,EL CARIBE,Italian,Marine Park-Mill Basin-Bergen Beach,Brooklyn,BK1802,40.60865230773,-73.91428056082
restaurant,EMPIRE WINGS,Other,Marine Park-Mill Basin-Bergen Beach,Brooklyn,BK1802,40.60846471644,-73.92464230828
restaurant,"EVERYTHING YOGURT, GRETEL'S PRETZELS",Frozen Desserts,Marine Park-Mill Basin-Bergen Beach,Brooklyn,BK1802,40.61106125404,-73.92053710129
restaurant,FIVE GUYS BURGERS AND FRIES,Hamburgers,Marine Park-Mill Basin-Bergen Beach,Brooklyn,BK1802,40.62506324551,-73.91783658177
restaurant,FLORIDIAN DINER,American,Marine Park-Mill Basin-Bergen Beach,Brooklyn,BK1802,40.61388182616,-73.92718623657
restaurant,FONTANAS,Italian,Marine Park-Mill Basin-Bergen Beach,Brooklyn,BK1802,40.62051204567,-73.91735591554
restaurant,FRANKS PIZZA RESTAURANT,Pizza,Marine Park-Mill Basin-Bergen Beach,Brooklyn,BK1802,40.61776291169,-73.93156922243
restaurant,FROZEN PLANET,Frozen Desserts,Marine Park-Mill Basin-Bergen Beach,Brooklyn,BK1802,40.61961890787,-73.91586935798
restaurant,FUNFEST,American,Marine Park-Mill Basin-Bergen Beach,Brooklyn,BK1802,40.61282016235,-73.91233025266
restaurant,GOURMET GRILL,American,Marine Park-Mill Basin-Bergen Beach,Brooklyn,BK1802,40.61961351614,-73.91600264253
restaurant,HAAGEN DAZS,Frozen Desserts,Marine Park-Mill Basin-Bergen Beach,Brooklyn,BK1802,40.60992885454,-73.92228161707
restaurant,HALAL BROS GRILL,Middle Eastern,Marine Park-Mill Basin-Bergen Beach,Brooklyn,BK1802,40.60922316302,-73.92186826496
restaurant,HARBOR FITNESS JUICE BAR,"Juice, Smoothies, Fruit Salads",Marine Park-Mill Basin-Bergen Beach,Brooklyn,BK1802,40.61282016235,-73.91233025266
restaurant,HIGHLY GROUNDED CAFE,Coffee/Tea,Marine Park-Mill Basin-Bergen Beach,Brooklyn,BK1802,40.6194947832,-73.90794130545
restaurant,HOOK & REEL CAJUN SEAFOOD & BAR,Seafood,Marine Park-Mill Basin-Bergen Beach,Brooklyn,BK1802,40.62472561141,-73.91780097523
restaurant,HOUSE OF BAGELS,Other,Marine Park-Mill Basin-Bergen Beach,Brooklyn,BK1802,40.6128777835,-73.91230496454
restaurant,IHOP,Pancakes/Waffles,Marine Park-Mill Basin-Bergen Beach,Brooklyn,BK1802,40.62588125269,-73.91792202943
restaurant,IL POSTO,Italian,Marine Park-Mill Basin-Bergen Beach,Brooklyn,BK1802,40.62132053627,-73.90515428208
restaurant,JERSEY MIKE'S SUBS,Sandwiches/Salads/Mixed Buffet,Marine Park-Mill Basin-Bergen Beach,Brooklyn,BK1802,40.62568361286,-73.91790065885
restaurant,JU FENG CHINESE RESTAURANT,Chinese,Marine Park-Mill Basin-Bergen Beach,Brooklyn,BK1802,40.61561536485,-73.94473271381
restaurant,JUST CHICK'N,Chicken,Marine Park-Mill Basin-Bergen Beach,Brooklyn,BK1802,40.60992885454,-73.92228161707
restaurant,KUNG FU TEA,Coffee/Tea,Marine Park-Mill Basin-Bergen Beach,Brooklyn,BK1802,40.60992885454,-73.92228161707
restaurant,L'ARGENTINO,Frozen Desserts,Marine Park-Mill Basin-Bergen Beach,Brooklyn,BK1802,40.60992885454,-73.92228161707
restaurant,LA VILLA PIZZERIA,Pizza,Marine Park-Mill Basin-Bergen Beach,Brooklyn,BK1802,40.61741374783,-73.91079335406
restaurant,LAGO KACHE,Creole,Marine Park-Mill Basin-Bergen Beach,Brooklyn,BK1802,40.61654340152,-73.93020174262
restaurant,MANDARIN HOUSE,Chinese,Marine Park-Mill Basin-Bergen Beach,Brooklyn,BK1802,40.61285451487,-73.92599878919
restaurant,MARINE PARK COFFEE,Coffee/Tea,Marine Park-Mill Basin-Bergen Beach,Brooklyn,BK1802,40.6089061288,-73.93265158892
restaurant,MARINER INN,American,Marine Park-Mill Basin-Bergen Beach,Brooklyn,BK1802,40.60933940668,-73.9319776615
restaurant,MCDONALD'S,Hamburgers,Marine Park-Mill Basin-Bergen Beach,Brooklyn,BK1802,40.61537606836,-73.92890269265
restaurant,MEGUMI,Chinese,Marine Park-Mill Basin-Bergen Beach,Brooklyn,BK1802,40.60996998473,-73.92222034218
restaurant,MILL BASIN BAGEL CAFE,Bagels/Pretzels,Marine Park-Mill Basin-Bergen Beach,Brooklyn,BK1802,40.61960286376,-73.91644931638
restaurant,Mis Taquitos,Mexican,Marine Park-Mill Basin-Bergen Beach,Brooklyn,BK1802,40.61741922898,-73.91078254077
restaurant,NEW GRAND WOK,Chinese,Marine Park-Mill Basin-Bergen Beach,Brooklyn,BK1802,40.60936132643,-73.93191281128
restaurant,NORA'S PARK BENCH CAFE,American,Marine Park-Mill Basin-Bergen Beach,Brooklyn,BK1802,40.61192999845,-73.94099722921
restaurant,ORIGINAL PIZZA,Pizza,Marine Park-Mill Basin-Bergen Beach,Brooklyn,BK1802,40.62066301914,-73.91737013652
restaurant,PIZZA D'AMORE,Pizza,Marine Park-Mill Basin-Bergen Beach,Brooklyn,BK1802,40.61462672191,-73.91297259857
restaurant,PIZZA EMPORIUM,Pizza,Marine Park-Mill Basin-Bergen Beach,Brooklyn,BK1802,40.60894176013,-73.93256511631
restaurant,PIZZA NOSH,Pizza,Marine Park-Mill Basin-Bergen Beach,Brooklyn,BK1802,40.61564281443,-73.94473629288
restaurant,PLAZA KING DELI,American,Marine Park-Mill Basin-Bergen Beach,Brooklyn,BK1802,40.60998097366,-73.92223473564
restaurant,POPEYES,Chicken,Marine Park-Mill Basin-Bergen Beach,Brooklyn,BK1802,40.60992885454,-73.92228161707
restaurant,QUENTIN PIZZERIA,Pizza,Marine Park-Mill Basin-Bergen Beach,Brooklyn,BK1802,40.61288167589,-73.93953408036
restaurant,QUICKWAY JAPANESE HIBACHI,Japanese,Marine Park-Mill Basin-Bergen Beach,Brooklyn,BK1802,40.62483815525,-73.91781164324
restaurant,RMR CAFE,American,Marine Park-Mill Basin-Bergen Beach,Brooklyn,BK1802,40.61282016235,-73.91233025266
restaurant,RUAN NEW STAR,Chinese,Marine Park-Mill Basin-Bergen Beach,Brooklyn,BK1802,40.61599956385,-73.92959719354
restaurant,SALT N PEPPER,Chicken,Marine Park-Mill Basin-Bergen Beach,Brooklyn,BK1802,40.61384429815,-73.93804206512
restaurant,SALVI RESTAURANT,Italian,Marine Park-Mill Basin-Bergen Beach,Brooklyn,BK1802,40.61756569631,-73.93225740531
restaurant,SAMARKAND NIGHTS,Eastern European,Marine Park-Mill Basin-Bergen Beach,Brooklyn,BK1802,40.61265827798,-73.91240610228
restaurant,SBARRO,Pizza,Marine Park-Mill Basin-Bergen Beach,Brooklyn,BK1802,40.60917370034,-73.92178548777
restaurant,SHAKE SHACK NEW YORK,American,Marine Park-Mill Basin-Bergen Beach,Brooklyn,BK1802,40.60992885454,-73.92228161707
restaurant,SMOOTHIE BAR,"Juice, Smoothies, Fruit Salads",Marine Park-Mill Basin-Bergen Beach,Brooklyn,BK1802,40.60992885454,-73.92228161707
restaurant,SOSAKU JAPANESE RESTAURANT,Japanese,Marine Park-Mill Basin-Bergen Beach,Brooklyn,BK1802,40.61959725318,-73.91628362685
restaurant,STARBUCKS,Coffee/Tea,Marine Park-Mill Basin-Bergen Beach,Brooklyn,BK1802,40.61109689623,-73.92047943247
restaurant,STARBUCKS COFFEE,Coffee/Tea,Marine Park-Mill Basin-Bergen Beach,Brooklyn,BK1802,40.62481070484,-73.91780807479
restaurant,SUBWAY,Sandwiches,Marine Park-Mill Basin-Bergen Beach,Brooklyn,BK1802,40.60992885454,-73.92228161707
restaurant,T STEAKHOUSE,Jewish/Kosher,Marine Park-Mill Basin-Bergen Beach,Brooklyn,BK1802,40.61292281531,-73.93947281342
restaurant,THE BOILING PALACE,Seafood,Marine Park-Mill Basin-Bergen Beach,Brooklyn,BK1802,40.61961641661,-73.91621516281
restaurant,THE CLUBHOUSE COFFEE HOUSE,American,Marine Park-Mill Basin-Bergen Beach,Brooklyn,BK1802,40.61959994791,-73.91621518356
restaurant,THE COOKIE HOUSE,Bagels/Pretzels,Marine Park-Mill Basin-Bergen Beach,Brooklyn,BK1802,40.61099544666,-73.92063442403
restaurant,THE GOURMET BAGEL SHOPPE,Bagels/Pretzels,Marine Park-Mill Basin-Bergen Beach,Brooklyn,BK1802,40.61576059891,-73.91334210948
restaurant,U ICHIMOKU RAMEN,Japanese,Marine Park-Mill Basin-Bergen Beach,Brooklyn,BK1802,40.61740004075,-73.91081498434
restaurant,WE GOT THE SCOOP,American,Marine Park-Mill Basin-Bergen Beach,Brooklyn,BK1802,40.60936680958,-73.93190200103
restaurant,WENDY'S,American,Marine Park-Mill Basin-Bergen Beach,Brooklyn,BK1802,40.6173069686,-73.93105460922
restaurant,WETZELS PRETZELS,Hotdogs/Pretzels,Marine Park-Mill Basin-Bergen Beach,Brooklyn,BK1802,40.60992885454,-73.92228161707
restaurant,WETZELS PRETZELS,Hotdogs/Pretzels,Marine Park-Mill Basin-Bergen Beach,Brooklyn,BK1802,40.60992885454,-73.92228161707
restaurant,WILKEN'S FINE FOOD,Sandwiches,Marine Park-Mill Basin-Bergen Beach,Brooklyn,BK1802,40.62011159093,-73.9069894897
restaurant,WONDER,American,Marine Park-Mill Basin-Bergen Beach,Brooklyn,BK1802,40.61169806084,-73.92462063592
restaurant,Y & Y SUSHI,Japanese,Marine Park-Mill Basin-Bergen Beach,Brooklyn,BK1802,40.61253037827,-73.92561016451
restaurant,YONG KANG STREET,Chinese,Marine Park-Mill Basin-Bergen Beach,Brooklyn,BK1802,40.60992885454,-73.92228161707
restaurant,1012 KITCHEN,Pizza,Midwood,Brooklyn,BK1403,40.62460858615,-73.9612961405
restaurant,AFFY'S PREMIUM GRILL,American,Midwood,Brooklyn,BK1403,40.61090428841,-73.96253947469
restaurant,AMASTERDAM BURGER,Jewish/Kosher,Midwood,Brooklyn,BK1403,40.62499067423,-73.96299984882
restaurant,AVE J PIZZA,Jewish/Kosher,Midwood,Brooklyn,BK1403,40.62498793876,-73.96302866946
restaurant,BAYA BAR,"Juice, Smoothies, Fruit Salads",Midwood,Brooklyn,BK1403,40.62499619982,-73.96311151986
restaurant,BELLA'S PIZZA,Pizza,Midwood,Brooklyn,BK1403,40.6300596963,-73.96120650305
restaurant,BENNY'S BRICK OVEN,Jewish/Kosher,Midwood,Brooklyn,BK1403,40.61832152641,-73.95707822165
restaurant,BLUEBERRY,Mexican,Midwood,Brooklyn,BK1403,40.6119803112,-73.96274416464
restaurant,BURGERS BAR,Jewish/Kosher,Midwood,Brooklyn,BK1403,40.61402804557,-73.96312840963
restaurant,CAFE CHOCOLAT BK,Jewish/Kosher,Midwood,Brooklyn,BK1403,40.62510839707,-73.96207396729
restaurant,CHOCK FULL O' NUT,Coffee/Tea,Midwood,Brooklyn,BK1403,40.61823403654,-73.95800399845
restaurant,CHOCK FULL O' NUTS,Coffee/Tea,Midwood,Brooklyn,BK1403,40.62520137634,-73.96105083209
restaurant,CLASSIC KOSHER CATERING,Jewish/Kosher,Midwood,Brooklyn,BK1403,40.62418615292,-73.94808657948
restaurant,COFFEE REDEFINED,Coffee/Tea,Midwood,Brooklyn,BK1403,40.61793034781,-73.96077413449
restaurant,DANNY’S PIZZERIA,Pizza,Midwood,Brooklyn,BK1403,40.61812728819,-73.95882532615
restaurant,DELI AVE M,Mexican,Midwood,Brooklyn,BK1403,40.61822577575,-73.95793196318
restaurant,DI DI RESTAURANT,Chinese,Midwood,Brooklyn,BK1403,40.62815742568,-73.94714681229
restaurant,DI FARA PIZZERIA,Pizza,Midwood,Brooklyn,BK1403,40.62509740003,-73.96201993762
restaurant,DIVINA PIZZA,Pizza,Midwood,Brooklyn,BK1403,40.61115682396,-73.96258615377
restaurant,DUNKIN,Donuts,Midwood,Brooklyn,BK1403,40.61780989788,-73.96172153196
restaurant,DUNKIN',Donuts,Midwood,Brooklyn,BK1403,40.62907731383,-73.94798909228
restaurant,"DUNKIN', BASKIN ROBBINS",Donuts,Midwood,Brooklyn,BK1403,40.62508645192,-73.96211360616
restaurant,EL MEXICANO RESTAURANT & CAFE #4,Mexican,Midwood,Brooklyn,BK1403,40.62451007595,-73.96220039135
restaurant,ESSEN DELI,Jewish/Kosher,Midwood,Brooklyn,BK1403,40.62450276641,-73.96511470807
restaurant,ESTIHANA ASIAN RESTAURANT& SUSHI,Jewish/Kosher,Midwood,Brooklyn,BK1403,40.62490588358,-73.96393291397
restaurant,FALAFEL TANAMI,Jewish/Kosher,Midwood,Brooklyn,BK1403,40.61853603267,-73.95819471588
restaurant,FALAFEL TANAMI,Jewish/Kosher,Midwood,Brooklyn,BK1403,40.61836802627,-73.95664954984
restaurant,FAMILY RESTOBAR,Middle Eastern,Midwood,Brooklyn,BK1403,40.61079723707,-73.96252512851
restaurant,FISH GRILL,Jewish/Kosher,Midwood,Brooklyn,BK1403,40.62650657294,-73.96549191629
restaurant,FOCACCIA PIZZA,Jewish/Kosher,Midwood,Brooklyn,BK1403,40.61781810572,-73.96164228319
restaurant,ICE CREAM HOUSE ON AVE M,Frozen Desserts,Midwood,Brooklyn,BK1403,40.61825319047,-73.9578418952
restaurant,IZAKAYA,Other,Midwood,Brooklyn,BK1403,40.62373967147,-73.96496741322
restaurant,JERUSALEM STEAKHOUSE,Jewish/Kosher,Midwood,Brooklyn,BK1403,40.62500713944,-73.96298903248
restaurant,JOSEPH DREAM BURGER,Jewish/Kosher,Midwood,Brooklyn,BK1403,40.62487846294,-73.96401938607
restaurant,JOSEPH'S DREAM BURGER,Jewish/Kosher,Midwood,Brooklyn,BK1403,40.61108271123,-73.96257539056
restaurant,KAM SING ONE,Chinese,Midwood,Brooklyn,BK1403,40.6300651761,-73.96117767853
restaurant,KHACHAPURI FACTORY,Eastern European,Midwood,Brooklyn,BK1403,40.61833252174,-73.95712143891
restaurant,KING SOLOMON PALACE,Jewish/Kosher,Midwood,Brooklyn,BK1403,40.61381942915,-73.96308890566
restaurant,KOMA SUSHI,Jewish/Kosher,Midwood,Brooklyn,BK1403,40.61812729208,-73.95883613221
restaurant,KOSHER BAGEL HOLE,Jewish/Kosher,Midwood,Brooklyn,BK1403,40.62272129813,-73.96477702961
restaurant,KOSHER BAGEL HOLE,Jewish/Kosher,Midwood,Brooklyn,BK1403,40.62511112873,-73.96203433937
restaurant,KOSHER PIZZA TIME,Pizza,Midwood,Brooklyn,BK1403,40.62499614749,-73.9629494123
restaurant,LA SOVA,Jewish/Kosher,Midwood,Brooklyn,BK1403,40.61771113132,-73.96185846467
restaurant,LUCKY GARDEN CHINESE RESTAURANT,Chinese,Midwood,Brooklyn,BK1403,40.62494849172,-73.94654055953
restaurant,LUTALI,Jewish/Kosher,Midwood,Brooklyn,BK1403,40.62254562087,-73.96474110009
restaurant,MASAKE,Chinese/Japanese,Midwood,Brooklyn,BK1403,40.61822030205,-73.95797519093
restaurant,MOLDOVA,Eastern European,Midwood,Brooklyn,BK1403,40.61311672116,-73.96295603106
restaurant,MOOD BROOKLYN,American,Midwood,Brooklyn,BK1403,40.61111839579,-73.96258257375
restaurant,MORNING GRACE CAFE,Coffee/Tea,Midwood,Brooklyn,BK1403,40.6271582381,-73.94696027618
restaurant,MR. BROADWAY,Jewish/Kosher,Midwood,Brooklyn,BK1403,40.61897952763,-73.95512907973
restaurant,NEW PEKING KITCHEN,Chinese,Midwood,Brooklyn,BK1403,40.61832972832,-73.95699176764
restaurant,NUMBER 1 CHINESE RESTAURANT,Chinese,Midwood,Brooklyn,BK1403,40.62670287621,-73.94755144678
restaurant,OH BAGEL,Bagels/Pretzels,Midwood,Brooklyn,BK1403,40.61437940005,-73.96319664931
restaurant,OLYMPIA STEAKHOUSE,Jewish/Kosher,Midwood,Brooklyn,BK1403,40.62292991388,-73.96481654416
restaurant,PALACE CAFE,Jewish/Kosher,Midwood,Brooklyn,BK1403,40.62102583537,-73.94577644988
restaurant,PATI'S BAKERY,Jewish/Kosher,Midwood,Brooklyn,BK1403,40.61823125075,-73.95789233745
restaurant,PERIZIA KOSHER PIZZA,Jewish/Kosher,Midwood,Brooklyn,BK1403,40.6179795488,-73.96017977369
restaurant,PESCADA,Jewish/Kosher,Midwood,Brooklyn,BK1403,40.62435179453,-73.96508596843
restaurant,PITA FALAFEL,Mediterranean,Midwood,Brooklyn,BK1403,40.62669740643,-73.94759468089
restaurant,Perizia Kosher Pizza,Jewish/Kosher,Midwood,Brooklyn,BK1403,40.62397024651,-73.96501051975
restaurant,RITA'S ITALIAN ICE & FROZEN CUSTARD,Frozen Desserts,Midwood,Brooklyn,BK1403,40.61808311298,-73.95811215426
restaurant,SCHNITZI,Jewish/Kosher,Midwood,Brooklyn,BK1403,40.62593562538,-73.96538413937
restaurant,SEOR PIZZA,Other,Midwood,Brooklyn,BK1403,40.62440488636,-73.94624560317
restaurant,SMASH HOUSE,Jewish/Kosher,Midwood,Brooklyn,BK1403,40.62381652982,-73.96498178203
restaurant,SPOONS,Jewish/Kosher,Midwood,Brooklyn,BK1403,40.62670013802,-73.94756585887
restaurant,STARBUCKS COFFEE,Coffee/Tea,Midwood,Brooklyn,BK1403,40.62523147182,-73.96076622457
restaurant,SUSHI TA'EEM,Jewish/Kosher,Midwood,Brooklyn,BK1403,40.62499893184,-73.96307189204
restaurant,TEL AVIV CAFE,Middle Eastern,Midwood,Brooklyn,BK1403,40.6108686062,-73.96253949479
restaurant,THAT COFFEE SHOP,Sandwiches,Midwood,Brooklyn,BK1403,40.62200023358,-73.94577565524
restaurant,THAT SUSHI SPOT,Jewish/Kosher,Midwood,Brooklyn,BK1403,40.62199749561,-73.94579006639
restaurant,THE CANTEEN,Jewish/Kosher,Midwood,Brooklyn,BK1403,40.62537397177,-73.94662307289
restaurant,TRASTEVERE,Jewish/Kosher,Midwood,Brooklyn,BK1403,40.62373967147,-73.96496741322
restaurant,UMAN PIZZA,Jewish/Kosher,Midwood,Brooklyn,BK1403,40.61846381042,-73.95590746775
restaurant,VERY JUICE,Jewish/Kosher,Midwood,Brooklyn,BK1403,40.61837901632,-73.95667835893
restaurant,YAKAR,Jewish/Kosher,Midwood,Brooklyn,BK1403,40.62385495899,-73.96498896645
restaurant,YUZU MORDERN ASIAN KITCHEN.,Jewish/Kosher,Midwood,Brooklyn,BK1403,40.61104702785,-73.962571809
restaurant,786 CROWN CHICKEN & PIZZA,Chicken,Ocean Hill,Brooklyn,BK1601,40.67194069431,-73.91689900564
restaurant,ABUELA ANTONIA RESTAURANT,Mexican,Ocean Hill,Brooklyn,BK1601,40.67496104742,-73.91104775304
restaurant,AFRICAN PRIDE RESTAURANT,African,Ocean Hill,Brooklyn,BK1601,40.67699528266,-73.90802025637
restaurant,ALL NIGHT SKATE,Japanese,Ocean Hill,Brooklyn,BK1601,40.6818700485,-73.9115612957
restaurant,AUTHENTIC FLAVAZ,Caribbean,Ocean Hill,Brooklyn,BK1601,40.66933367793,-73.9176232255
restaurant,AUX KARAOKE BOX,New American,Ocean Hill,Brooklyn,BK1601,40.67831291052,-73.91168140018
restaurant,BEETS SOCIAL CAFE,American,Ocean Hill,Brooklyn,BK1601,40.67823217484,-73.91021776417
restaurant,BREAD & BUTTER,Bakery Products/Desserts,Ocean Hill,Brooklyn,BK1601,40.68130452213,-73.91142864709
restaurant,CARIBBEAN JERKEES DELIGHT,Caribbean,Ocean Hill,Brooklyn,BK1601,40.67894365069,-73.91095949809
restaurant,CHEROKEE DELI,Coffee/Tea,Ocean Hill,Brooklyn,BK1601,40.68501207513,-73.91419644613
restaurant,CHIPOTLE MEXICAN GRILL #3056,Mexican,Ocean Hill,Brooklyn,BK1601,40.68680399568,-73.91736358059
restaurant,CROWN FRIED CHICKEN,Chicken,Ocean Hill,Brooklyn,BK1601,40.67845118576,-73.91303680576
restaurant,DOMINO'S,Pizza,Ocean Hill,Brooklyn,BK1601,40.68620487663,-73.91631866955
restaurant,DONG FANG KITCHEN INC.,Chinese,Ocean Hill,Brooklyn,BK1601,40.67432953102,-73.92205847363
restaurant,DUNKIN' / POPEYES,Chicken,Ocean Hill,Brooklyn,BK1601,40.68599050205,-73.91593312971
restaurant,"DUNKIN', 'BASKIN ROBBINS",Donuts,Ocean Hill,Brooklyn,BK1601,40.67663933738,-73.91632711307
restaurant,"DUNKIN', BASKIN ROBBINS",American,Ocean Hill,Brooklyn,BK1601,40.6728206997,-73.91179685065
restaurant,EGG ROLL CHINESE RESTAURANT,Chinese,Ocean Hill,Brooklyn,BK1601,40.68249720504,-73.90976852197
restaurant,FINGERLINKING RESTURANT,African,Ocean Hill,Brooklyn,BK1601,40.6784546866,-73.91403907211
restaurant,FOUR T RESTAURANT,Caribbean,Ocean Hill,Brooklyn,BK1601,40.67194673085,-73.91392131938
restaurant,FULTON HALAL GRILL,Middle Eastern,Ocean Hill,Brooklyn,BK1601,40.67807900701,-73.90744551783
restaurant,GREAT WALL RESTAURANT,Chinese,Ocean Hill,Brooklyn,BK1601,40.67227378389,-73.9108855229
restaurant,HALAL ROYAL CROWN CHICKEN & PIZZA,Chicken,Ocean Hill,Brooklyn,BK1601,40.67794716592,-73.91079138628
restaurant,HARDEE,Chinese,Ocean Hill,Brooklyn,BK1601,40.67954728497,-73.91068107704
restaurant,JAMAICAN FLAVORS,Other,Ocean Hill,Brooklyn,BK1601,40.67662701919,-73.91090852511
restaurant,KAIFF,American,Ocean Hill,Brooklyn,BK1601,40.68364884502,-73.91179689534
restaurant,KRAZY PIZZA AND WINGS,Chicken,Ocean Hill,Brooklyn,BK1601,40.68236802166,-73.90954155071
restaurant,LUCYS COFFEE,Mexican,Ocean Hill,Brooklyn,BK1601,40.67628029492,-73.90978057085
restaurant,NEW BURRITO NACHO AND PIZZA,Mexican,Ocean Hill,Brooklyn,BK1601,40.68489664334,-73.91399467935
restaurant,NEW JIN BU RESTAURANT,Chinese,Ocean Hill,Brooklyn,BK1601,40.67998194319,-73.90844876602
restaurant,OLMO,Mexican,Ocean Hill,Brooklyn,BK1601,40.6831862884,-73.91723467572
restaurant,PITA POINT,Jewish/Kosher,Ocean Hill,Brooklyn,BK1601,40.68197525681,-73.90921038117
restaurant,SEPTEMBER,Coffee/Tea,Ocean Hill,Brooklyn,BK1601,40.68391924955,-73.91738159158
restaurant,SIMMER DOWN RESTAURANT & BAKERY,Caribbean,Ocean Hill,Brooklyn,BK1601,40.67815573788,-73.91075144818
restaurant,SUN GARDEN,Chinese,Ocean Hill,Brooklyn,BK1601,40.67009708712,-73.92206343864
restaurant,THE GREEN PLACE AFRICAN CUISINE AND RESTAURANT,African,Ocean Hill,Brooklyn,BK1601,40.67698930419,-73.91087559237
restaurant,THE OOH LALA LOUNGE,Caribbean,Ocean Hill,Brooklyn,BK1601,40.67419050022,-73.919466599
restaurant,US FRIED CHICKEN,Chicken,Ocean Hill,Brooklyn,BK1601,40.67102161686,-73.9137566931
restaurant,WAH SING RESTAURANT,Chinese,Ocean Hill,Brooklyn,BK1601,40.67786206669,-73.91077707952
restaurant,1 OF 1 SANDWICH,Sandwiches/Salads/Mixed Buffet,Park Slope,Brooklyn,BK0602,40.68055704956,-73.97766091999
restaurant,5IVE SPICE,Asian/Asian Fusion,Park Slope,Brooklyn,BK0602,40.6813886054,-73.97709819036
restaurant,7TH AVENUE DONUTS & DINER,American,Park Slope,Brooklyn,BK0602,40.66713850183,-73.98137824708
restaurant,7TH STREET BURGER,Hamburgers,Park Slope,Brooklyn,BK0602,40.67361636463,-73.9825805104
restaurant,AJI FUSION SUSHI,Asian/Asian Fusion,Park Slope,Brooklyn,BK0602,40.67659408084,-73.98031927647
restaurant,AL DI LA TRATTORIA,Italian,Park Slope,Brooklyn,BK0602,40.675238321,-73.98127142842
restaurant,ART COLLECTIVE CAFE,Coffee/Tea,Park Slope,Brooklyn,BK0602,40.67419424526,-73.97562980656
restaurant,ARTICHOKE BASILLE'S PIZZA,Italian,Park Slope,Brooklyn,BK0602,40.68100163942,-73.97733628199
restaurant,ATHENA,Greek,Park Slope,Brooklyn,BK0602,40.66492418583,-73.98651535891
restaurant,AUTHENTIC SZECHUAN,Chinese,Park Slope,Brooklyn,BK0602,40.67107775224,-73.984726085
restaurant,BACICCIA,Italian,Park Slope,Brooklyn,BK0602,40.66373814858,-73.98421953888
restaurant,BAGEL PUB,Bagels/Pretzels,Park Slope,Brooklyn,BK0602,40.66959038039,-73.98714885817
restaurant,BAGEL PUB 7TH AVE,Bagels/Pretzels,Park Slope,Brooklyn,BK0602,40.67582988871,-73.97451161098
restaurant,BAGEL WORLD,Bagels/Pretzels,Park Slope,Brooklyn,BK0602,40.67209319953,-73.98384985012
restaurant,BANGKOK DEGREE,Thai,Park Slope,Brooklyn,BK0602,40.67470212078,-73.97606583565
restaurant,BANHMIGOS,Southeast Asian,Park Slope,Brooklyn,BK0602,40.67550590241,-73.97405388383
restaurant,BAR BASIC,Hamburgers,Park Slope,Brooklyn,BK0602,40.67524533972,-73.97491200305
restaurant,BAR GOTO NIBAN,Japanese,Park Slope,Brooklyn,BK0602,40.68096013399,-73.97570664385
restaurant,BAR TOTO,Italian,Park Slope,Brooklyn,BK0602,40.66662294889,-73.9845036209
restaurant,BAR VINAZO,Tapas,Park Slope,Brooklyn,BK0602,40.6721661768,-73.97719149305
restaurant,BARBES,American,Park Slope,Brooklyn,BK0602,40.66782228348,-73.98354809237
restaurant,BARCLAY'S CENTER-SEOUL BIRD/BK MARKET,Hotdogs,Park Slope,Brooklyn,BK0602,40.6834468969,-73.97569131218
restaurant,BARCLAYS - QATAR AIRWAYS COURTSIDE KITCHEN AND BAR,American,Park Slope,Brooklyn,BK0602,40.6834468969,-73.97569131218
restaurant,"BARCLAYS 40, 40 CLUB BAR",American,Park Slope,Brooklyn,BK0602,40.6834468969,-73.97569131218
restaurant,BARCLAYS CENTER - THE KEY,American,Park Slope,Brooklyn,BK0602,40.6834468969,-73.97569131218
restaurant,BARCLAYS CENTER - THE ROW,American,Park Slope,Brooklyn,BK0602,40.6834468969,-73.97569131218
restaurant,BARCLAYS CENTER-OVER RICE,Pizza,Park Slope,Brooklyn,BK0602,40.6834468969,-73.97569131218
restaurant,"BARCLAYS, CALEXICO",American,Park Slope,Brooklyn,BK0602,40.6834468969,-73.97569131218
restaurant,BARNES & NOBLE CAFE,Coffee/Tea,Park Slope,Brooklyn,BK0602,40.66878513303,-73.97998274163
restaurant,BB.Q CHICKEN,Chicken,Park Slope,Brooklyn,BK0602,40.68167402292,-73.9769033969
restaurant,BE PASTA,Other,Park Slope,Brooklyn,BK0602,40.6719577427,-73.97805674946
restaurant,BERGEN BAGELS,Bagels/Pretzels,Park Slope,Brooklyn,BK0602,40.68081173501,-73.97486663586
restaurant,BESITO,Mexican,Park Slope,Brooklyn,BK0602,40.68157522409,-73.9769683295
restaurant,BK HAND PULLED NOODLES,Chinese,Park Slope,Brooklyn,BK0602,40.68043843927,-73.97483793391
restaurant,BK9,Caribbean,Park Slope,Brooklyn,BK0602,40.68114160867,-73.97726412553
restaurant,BKLYN CREPE,"Juice, Smoothies, Fruit Salads",Park Slope,Brooklyn,BK0602,40.68117141165,-73.97537847182
restaurant,BLACK OAK,Italian,Park Slope,Brooklyn,BK0602,40.67667093023,-73.98029401735
restaurant,BLANK STREET COFFEE,Coffee/Tea,Park Slope,Brooklyn,BK0602,40.67275408031,-73.97998154583
restaurant,BLUEPRINT,Tapas,Park Slope,Brooklyn,BK0602,40.67678345299,-73.9802182748
restaurant,BOBO'S SMOOTHIES,"Juice, Smoothies, Fruit Salads",Park Slope,Brooklyn,BK0602,40.66958649472,-73.97934444914
restaurant,BOGOTA LATIN BISTRO,Latin American,Park Slope,Brooklyn,BK0602,40.67820507204,-73.9792300059
restaurant,BOMBAY KABAB,Indian,Park Slope,Brooklyn,BK0602,40.67600553348,-73.97441780952
restaurant,BONNIE'S GRILL,American,Park Slope,Brooklyn,BK0602,40.67424484115,-73.98207924214
restaurant,BRASSERIE LE MISTRAL,New French,Park Slope,Brooklyn,BK0602,40.67184356074,-73.98484487166
restaurant,BREADS BAKERY,Bakery Products/Desserts,Park Slope,Brooklyn,BK0602,40.68025241451,-73.97784129178
restaurant,BREWER'S ROW,American,Park Slope,Brooklyn,BK0602,40.67009145556,-73.97891531672
restaurant,BRICOLAGE,Southeast Asian,Park Slope,Brooklyn,BK0602,40.67787025423,-73.97947887336
restaurant,BROOKLYN BANGERS & DOGS,Hamburgers,Park Slope,Brooklyn,BK0602,40.6834468969,-73.97569131218
restaurant,BROOKLYN BANGERS & DOGS,Hotdogs,Park Slope,Brooklyn,BK0602,40.6834468969,-73.97569131218
restaurant,BROOKLYN BREAD,American,Park Slope,Brooklyn,BK0602,40.66637280741,-73.98199485407
restaurant,BROOKLYN BURGERS & BEER,American,Park Slope,Brooklyn,BK0602,40.67450006789,-73.98184123836
restaurant,BROOKLYN DOP,Pizza,Park Slope,Brooklyn,BK0602,40.6752932059,-73.98120652083
restaurant,BROOKLYN FRENCH BAKERS,Bakery Products/Desserts,Park Slope,Brooklyn,BK0602,40.67090641732,-73.97766416478
restaurant,BROOKLYN SNACKS,Tex-Mex,Park Slope,Brooklyn,BK0602,40.6834468969,-73.97569131218
restaurant,BROOKVIN,New American,Park Slope,Brooklyn,BK0602,40.66533815889,-73.98286023309
restaurant,BUFFALO BOSS,Chicken,Park Slope,Brooklyn,BK0602,40.6834468969,-73.97569131218
restaurant,BUFFALO BOSS,Hotdogs,Park Slope,Brooklyn,BK0602,40.6834468969,-73.97569131218
restaurant,BURGER VILLAGE,Hamburgers,Park Slope,Brooklyn,BK0602,40.6702314179,-73.97879991732
restaurant,BUTTERMILK BAKESHOP,Bakery Products/Desserts,Park Slope,Brooklyn,BK0602,40.67473060327,-73.98167894642
restaurant,CAFE BY THE GIRLS,Latin American,Park Slope,Brooklyn,BK0602,40.67064306582,-73.97843208968
restaurant,CAFE GRUMPY,American,Park Slope,Brooklyn,BK0602,40.66529699261,-73.98289628946
restaurant,CAFE MARTIN,Coffee/Tea,Park Slope,Brooklyn,BK0602,40.67171720939,-73.98416717481
restaurant,CAFE REGULAR,Coffee/Tea,Park Slope,Brooklyn,BK0602,40.67531136837,-73.97562579166
restaurant,CALEXICO,Mexican,Park Slope,Brooklyn,BK0602,40.67424484115,-73.98207924214
restaurant,CANTEEN,American,Park Slope,Brooklyn,BK0602,40.68257481049,-73.97954231927
restaurant,CARVEL & CINNABON,Frozen Desserts,Park Slope,Brooklyn,BK0602,40.68162462351,-73.97693586322
restaurant,CASITA OF BK,Coffee/Tea,Park Slope,Brooklyn,BK0602,40.66822904835,-73.98785925417
restaurant,CHARM BAR,Caribbean,Park Slope,Brooklyn,BK0602,40.68194835284,-73.9761822057
restaurant,CHELA,Mexican,Park Slope,Brooklyn,BK0602,40.67020775225,-73.98545085822
restaurant,CHICK-FIL-A,Chicken,Park Slope,Brooklyn,BK0602,40.68283774454,-73.97659291693
restaurant,CHICKEN FEASTIN,American,Park Slope,Brooklyn,BK0602,40.66896175056,-73.98648930606
restaurant,CHIP CITY,American,Park Slope,Brooklyn,BK0602,40.68163534939,-73.97571000238
restaurant,CHIPOTLE MEXICAN GRILL #2254,Tex-Mex,Park Slope,Brooklyn,BK0602,40.67125231018,-73.9779272061
restaurant,CHIPOTLE MEXICAN GRILL #3056,Tex-Mex,Park Slope,Brooklyn,BK0602,40.66126988714,-73.97973270049
restaurant,CLEVER BLEND,Coffee/Tea,Park Slope,Brooklyn,BK0602,40.67975018635,-73.97818396848
restaurant,COLOMBIA RESTAURANT,Latin American,Park Slope,Brooklyn,BK0602,40.67126437581,-73.98456742653
restaurant,COLSON PATISSERIE,Bakery Products/Desserts,Park Slope,Brooklyn,BK0602,40.66784424841,-73.98359494821
restaurant,COMMONWEALTH,American,Park Slope,Brooklyn,BK0602,40.66727112219,-73.98787024325
restaurant,CONVIVIUM OSTERIA,Italian,Park Slope,Brooklyn,BK0602,40.68099341079,-73.97736512822
restaurant,COULEUR CAFE,Coffee/Tea,Park Slope,Brooklyn,BK0602,40.66346644317,-73.98442145407
restaurant,COUSIN JOHN'S CAKE & BAKERY,Bakery Products/Desserts,Park Slope,Brooklyn,BK0602,40.67563504478,-73.97467031174
restaurant,CROWN CLUB - EVENT LEVEL,American,Park Slope,Brooklyn,BK0602,40.6834468969,-73.97569131218
restaurant,CUSP,Coffee/Tea,Park Slope,Brooklyn,BK0602,40.66711379883,-73.98137825401
restaurant,DA NONNA ROSA,Italian,Park Slope,Brooklyn,BK0602,40.67280834708,-73.9766577351
restaurant,DAIGO SUSHI ROLL BAR,Japanese,Park Slope,Brooklyn,BK0602,40.67419317428,-73.98550045627
restaurant,DAISY'S DINER,American,Park Slope,Brooklyn,BK0602,40.66890137098,-73.98653618036
restaurant,DEAN STREET PIZZA,Pizza,Park Slope,Brooklyn,BK0602,40.6818632174,-73.97595509133
restaurant,DOUGHNUT PLANT,Coffee/Tea,Park Slope,Brooklyn,BK0602,40.68077609625,-73.97506494719
restaurant,DRAM SHOP,American,Park Slope,Brooklyn,BK0602,40.66863770698,-73.98519526429
restaurant,DRUMS AND FLATS,Other,Park Slope,Brooklyn,BK0602,40.68128980645,-73.9771631224
restaurant,DUNKIN' / BASKIN ROBBINS,Donuts,Park Slope,Brooklyn,BK0602,40.6690221297,-73.9864388269
restaurant,EAST WIND SNACK SHOP,Asian/Asian Fusion,Park Slope,Brooklyn,BK0602,40.66408669127,-73.98390225924
restaurant,EL VIEJO YAYO 2,Latin American,Park Slope,Brooklyn,BK0602,40.66890402029,-73.98574673494
restaurant,ELECTRIC BEETS,Vegan,Park Slope,Brooklyn,BK0602,40.6721661768,-73.97719149305
restaurant,EMPIRE EXPRESS CHINESE RESTAURANT,Chinese,Park Slope,Brooklyn,BK0602,40.66887931101,-73.98569627346
restaurant,ENSO,Coffee/Tea,Park Slope,Brooklyn,BK0602,40.67557852303,-73.98037365431
restaurant,EVENTS AT STONE PARK,American,Park Slope,Brooklyn,BK0602,40.67304013674,-73.98377391502
restaurant,EVERBEAN,Coffee/Tea,Park Slope,Brooklyn,BK0602,40.68081165057,-73.97448446164
restaurant,FAR EAST RESTAURANT NY,Chinese,Park Slope,Brooklyn,BK0602,40.6681768165,-73.98711668899
restaurant,FATTY DADDY TACOS,Tex-Mex,Park Slope,Brooklyn,BK0602,40.66938722424,-73.98677399854
restaurant,FAUSTO,Italian,Park Slope,Brooklyn,BK0602,40.67609546944,-73.97168866764
restaurant,FEDOROFFS (BARCLAYS CENTER),American,Park Slope,Brooklyn,BK0602,40.6834468969,-73.97569131218
restaurant,FIFTH AVE DINER,American,Park Slope,Brooklyn,BK0602,40.66954632924,-73.98599893357
restaurant,FINI PIZZA,Pizza,Park Slope,Brooklyn,BK0602,40.6834468969,-73.97569131218
restaurant,FIVE GUYS,Hamburgers,Park Slope,Brooklyn,BK0602,40.66837622486,-73.98035054856
restaurant,FIVE IRON GOLF,American,Park Slope,Brooklyn,BK0602,40.67867163124,-73.97894143593
restaurant,FLATIRON STEAKHOUSE,Steakhouse,Park Slope,Brooklyn,BK0602,40.67054806481,-73.98514076571
restaurant,FLAVORED RESTAURANT AND BAKERY,Caribbean,Park Slope,Brooklyn,BK0602,40.67181052081,-73.98408784413
restaurant,FLEUR,Chinese,Park Slope,Brooklyn,BK0602,40.67073743704,-73.98500734314
restaurant,FLORA,Italian,Park Slope,Brooklyn,BK0602,40.66496712546,-73.9798577323
restaurant,FONDA,Mexican,Park Slope,Brooklyn,BK0602,40.66352956915,-73.98439260344
restaurant,FOOD EDUCATION FUND,American,Park Slope,Brooklyn,BK0602,40.6834468969,-73.97569131218
restaurant,FOOD LIN,Chinese,Park Slope,Brooklyn,BK0602,40.67050689783,-73.9851768235
restaurant,FUKU,American,Park Slope,Brooklyn,BK0602,40.6834468969,-73.97569131218
restaurant,FULTON BURGER EXPRESS,Sandwiches,Park Slope,Brooklyn,BK0602,40.67729391659,-73.97984678448
restaurant,GINGER'S BAR,American,Park Slope,Brooklyn,BK0602,40.67140708519,-73.98442680201
restaurant,GINO'S PIZZA,Pizza,Park Slope,Brooklyn,BK0602,40.68108905522,-73.97531721
restaurant,GNOCCHI ON 9TH,Italian,Park Slope,Brooklyn,BK0602,40.67187801739,-73.977404283
restaurant,GOLDEN SHOVEL COFFEE,Coffee/Tea,Park Slope,Brooklyn,BK0602,40.66866241649,-73.9852457254
restaurant,GOODIEZ / UNCLE LOUIE G'S,Bakery Products/Desserts,Park Slope,Brooklyn,BK0602,40.66999814771,-73.9789946526
restaurant,GRAND CANYON DINER,American,Park Slope,Brooklyn,BK0602,40.67143343618,-73.97777573977
restaurant,HA NOI VIETNAMESE KITCHEN,Southeast Asian,Park Slope,Brooklyn,BK0602,40.6666800922,-73.98118372443
restaurant,HAAGEN DAAZ,Frozen Desserts,Park Slope,Brooklyn,BK0602,40.67372221001,-73.97594361755
restaurant,HAENYEO,Korean,Park Slope,Brooklyn,BK0602,40.67523008314,-73.98124980006
restaurant,HALAL BROS,Middle Eastern,Park Slope,Brooklyn,BK0602,40.68172342233,-73.97687093052
restaurant,HANCO'S,Southeast Asian,Park Slope,Brooklyn,BK0602,40.66610934701,-73.98224003959
restaurant,HAPPY FRESH TORTILLA GRILL,Tex-Mex,Park Slope,Brooklyn,BK0602,40.66776422133,-73.98083376061
restaurant,HARBOR FITNESS,"Juice, Smoothies, Fruit Salads",Park Slope,Brooklyn,BK0602,40.66565458533,-73.98924388899
restaurant,HARLEM SHAKE,Hamburgers,Park Slope,Brooklyn,BK0602,40.67894058062,-73.97873224236
restaurant,HAWA SMOOTHIE & BUBBLE TEA,"Juice, Smoothies, Fruit Salads",Park Slope,Brooklyn,BK0602,40.67148941867,-73.98435468448
restaurant,HEAP'S ICE CREAM,Frozen Desserts,Park Slope,Brooklyn,BK0602,40.67179568829,-73.97747640956
restaurant,HENNESSY BASELINE BAR,American,Park Slope,Brooklyn,BK0602,40.6834468969,-73.97569131218
restaurant,HENRY'S,Southeast Asian,Park Slope,Brooklyn,BK0602,40.66351858758,-73.98437458362
restaurant,HENRY'S,Southeast Asian,Park Slope,Brooklyn,BK0602,40.66351858758,-73.98437458362
restaurant,HIGH DIVE,American,Park Slope,Brooklyn,BK0602,40.67500503968,-73.98142290848
restaurant,HIROTO SUSHI,Japanese,Park Slope,Brooklyn,BK0602,40.6819758163,-73.97625791094
restaurant,HOM CAFE & WINE,Asian/Asian Fusion,Park Slope,Brooklyn,BK0602,40.67530023208,-73.97489756185
restaurant,HOT BAGELS ON 5TH,American,Park Slope,Brooklyn,BK0602,40.6664834386,-73.9885264315
restaurant,HUNAN DELIGHT,Chinese,Park Slope,Brooklyn,BK0602,40.67556992248,-73.9783403619
restaurant,HUNGRY GHOST / IMPASTO,American,Park Slope,Brooklyn,BK0602,40.67222655183,-73.977141003
restaurant,HUNGRY GHOST COFFEE,Coffee/Tea,Park Slope,Brooklyn,BK0602,40.67227433386,-73.98370200297
restaurant,IDASHI OMAKASE,Japanese,Park Slope,Brooklyn,BK0602,40.68106723947,-73.97598782832
restaurant,IL LEONE,Pizza,Park Slope,Brooklyn,BK0602,40.6721661768,-73.97719149305
restaurant,INKAICO,Peruvian,Park Slope,Brooklyn,BK0602,40.68114961584,-73.97614643772
restaurant,INSOMNIA COOKIES,Bakery Products/Desserts,Park Slope,Brooklyn,BK0602,40.68201981709,-73.97666892027
restaurant,INVICTUS BAKERY,Bakery Products/Desserts,Park Slope,Brooklyn,BK0602,40.68115511888,-73.97621133359
restaurant,ISHI,Seafood,Park Slope,Brooklyn,BK0602,40.68094401196,-73.9774011993
restaurant,J + B CAFE,Coffee/Tea,Park Slope,Brooklyn,BK0602,40.67079247899,-73.98617170491
restaurant,JAI DEE,Thai,Park Slope,Brooklyn,BK0602,40.66403455008,-73.9839707575
restaurant,JERSEY MIKE'S #34068,Sandwiches,Park Slope,Brooklyn,BK0602,40.66786851261,-73.98077245037
restaurant,JERSEY MIKE'S 34069,Sandwiches,Park Slope,Brooklyn,BK0602,40.67864418216,-73.97893423403
restaurant,JOE COFFEE COMPANY,Coffee/Tea,Park Slope,Brooklyn,BK0602,40.6809821044,-73.97576432264
restaurant,JOE'S PIZZA,Pizza,Park Slope,Brooklyn,BK0602,40.66773220332,-73.98748445537
restaurant,JOHNNY WALKER,Bottled Beverages,Park Slope,Brooklyn,BK0602,40.6834468969,-73.97569131218
restaurant,JPAN SUSHI RESTAURANT,Japanese,Park Slope,Brooklyn,BK0602,40.67370967495,-73.98250117523
restaurant,JUST SALAD,Salads,Park Slope,Brooklyn,BK0602,40.68172858545,-73.97530615597
restaurant,JUST SALAD,Salads,Park Slope,Brooklyn,BK0602,40.66939987771,-73.97949951348
restaurant,KAMI ASIAN,Japanese,Park Slope,Brooklyn,BK0602,40.67624370779,-73.97177152337
restaurant,KATSU,Chinese,Park Slope,Brooklyn,BK0602,40.67669288161,-73.98025435371
restaurant,KIKU,Japanese,Park Slope,Brooklyn,BK0602,40.66591174472,-73.98238067215
restaurant,KIKU ASIAN BISTRO,Japanese,Park Slope,Brooklyn,BK0602,40.67751887749,-73.97922661519
restaurant,KOI OMAKASE,Japanese,Park Slope,Brooklyn,BK0602,40.68112788193,-73.97724970849
restaurant,KOME NORI,Japanese,Park Slope,Brooklyn,BK0602,40.67054806481,-73.98514076571
restaurant,KONDITORI,Coffee/Tea,Park Slope,Brooklyn,BK0602,40.67694262689,-73.98008483473
restaurant,KONOHA YAKITORI RAMEN AND SUSHI,Japanese,Park Slope,Brooklyn,BK0602,40.67463621064,-73.97589642053
restaurant,KOS KAFFE,Coffee/Tea,Park Slope,Brooklyn,BK0602,40.67481567573,-73.98158158547
restaurant,KOSHER GRILL,Jewish/Kosher,Park Slope,Brooklyn,BK0602,40.6834468969,-73.97569131218
restaurant,KOSHER SOUTH SIDE,American,Park Slope,Brooklyn,BK0602,40.6834468969,-73.97569131218
restaurant,KUNG FU TEA,Coffee/Tea,Park Slope,Brooklyn,BK0602,40.68068329232,-73.97757434769
restaurant,KYURAMEN & TBAAR,Japanese,Park Slope,Brooklyn,BK0602,40.67789494945,-73.97943560262
restaurant,L'ALBERO DEI GELATI / TERRE,Italian,Park Slope,Brooklyn,BK0602,40.67204379913,-73.98388951648
restaurant,L'ARTE DELLA PIZZA BROOKLYN,Pizza,Park Slope,Brooklyn,BK0602,40.67749426487,-73.97973135611
restaurant,LA BAGEL DELIGHT,Bagels/Pretzels,Park Slope,Brooklyn,BK0602,40.66837622486,-73.98035054856
restaurant,LA BRUSCHETTA,Pizza,Park Slope,Brooklyn,BK0602,40.66917209459,-73.97968703262
restaurant,LA PIZZA ITALIA,Pizza,Park Slope,Brooklyn,BK0602,40.68201981709,-73.97666892027
restaurant,LA TAQ,Mexican,Park Slope,Brooklyn,BK0602,40.6753551197,-73.97486148989
restaurant,LA VILLA,Italian,Park Slope,Brooklyn,BK0602,40.67445341297,-73.98188090691
restaurant,LARRY'S CA PHE,Fusion,Park Slope,Brooklyn,BK0602,40.66530522963,-73.98291431022
restaurant,LIFE CAFE,"Juice, Smoothies, Fruit Salads",Park Slope,Brooklyn,BK0602,40.68250229711,-73.97388529774
restaurant,LIKKLE MORE JERK,Caribbean,Park Slope,Brooklyn,BK0602,40.6834468969,-73.97569131218
restaurant,LILEO,Eastern European,Park Slope,Brooklyn,BK0602,40.68047471683,-73.97771502866
restaurant,LIN'S GARDEN,Chinese,Park Slope,Brooklyn,BK0602,40.67852123279,-73.98227637968
restaurant,LINCOLN STATION,Soups/Salads/Sandwiches,Park Slope,Brooklyn,BK0602,40.67180392616,-73.97749443141
restaurant,LITTLE PURITY,American,Park Slope,Brooklyn,BK0602,40.6651789854,-73.98301887519
restaurant,LIVELY BROOKLYN,Coffee/Tea,Park Slope,Brooklyn,BK0602,40.6648798412,-73.98326766578
restaurant,LOCANDA MARIELLA,Italian,Park Slope,Brooklyn,BK0602,40.66614000235,-73.98553105058
restaurant,LOFI BAR,American,Park Slope,Brooklyn,BK0602,40.67348463611,-73.98271753569
restaurant,LOGAN'S RUN,Chicken,Park Slope,Brooklyn,BK0602,40.67115184917,-73.98463594564
restaurant,LOVE & HONEY FRIED CHICKEN,Chicken,Park Slope,Brooklyn,BK0602,40.68132788161,-73.97546133907
restaurant,LUCK THAI,Thai,Park Slope,Brooklyn,BK0602,40.67089661705,-73.98487753157
restaurant,LUYA,Other,Park Slope,Brooklyn,BK0602,40.67597383315,-73.98074126332
restaurant,MACARIO,Mexican,Park Slope,Brooklyn,BK0602,40.6693353602,-73.98954970066
restaurant,MARISCOS EL SUBMARINO,Seafood,Park Slope,Brooklyn,BK0602,40.67013811013,-73.97887925353
restaurant,MASALAWALA & SONS,Indian,Park Slope,Brooklyn,BK0602,40.67136317316,-73.98445925645
restaurant,MAYA TAQUERIA,Mexican,Park Slope,Brooklyn,BK0602,40.67758208748,-73.97967364544
restaurant,MAZI,Greek,Park Slope,Brooklyn,BK0602,40.67979345733,-73.97502205168
restaurant,MCDONALD'S,Hamburgers,Park Slope,Brooklyn,BK0602,40.66956567173,-73.98709839565
restaurant,MCMAHON'S PUBLIC HOUSE,Irish,Park Slope,Brooklyn,BK0602,40.68173439488,-73.97683847749
restaurant,MEDUSA,Greek,Park Slope,Brooklyn,BK0602,40.67857282661,-73.9789811255
restaurant,MEXICO AUTENTICO,Mexican,Park Slope,Brooklyn,BK0602,40.66933181111,-73.98286641246
restaurant,MEZCAL'S,Mexican,Park Slope,Brooklyn,BK0602,40.67586131003,-73.98081700406
restaurant,MIATZIL,Mexican,Park Slope,Brooklyn,BK0602,40.6736630198,-73.98254084284
restaurant,MILK BAR,American,Park Slope,Brooklyn,BK0602,40.67552866757,-73.97790415453
restaurant,MIOLIN BAKERY,Bakery Products/Desserts,Park Slope,Brooklyn,BK0602,40.66397417202,-73.98402123512
restaurant,MIRIAM,Mediterranean,Park Slope,Brooklyn,BK0602,40.68025241451,-73.97784129178
restaurant,MODELO BAR/ PAISANO BURGERS/ JUNIOR'S DESSERTS,American,Park Slope,Brooklyn,BK0602,40.6834468969,-73.97569131218
restaurant,MOKBAR,Korean,Park Slope,Brooklyn,BK0602,40.68121533425,-73.97540729906
restaurant,MOMO RAMEN,Soups,Park Slope,Brooklyn,BK0602,40.68064212633,-73.97760320485
restaurant,MR. BAO,Chinese,Park Slope,Brooklyn,BK0602,40.67725274939,-73.97987203354
restaurant,MR. WONTON,Chinese,Park Slope,Brooklyn,BK0602,40.67518221933,-73.97495528823
restaurant,MU,Mexican,Park Slope,Brooklyn,BK0602,40.67370981214,-73.98342406337
restaurant,MURA SUSHI,Japanese,Park Slope,Brooklyn,BK0602,40.67140434384,-73.984452037
restaurant,MUSE CAFE,Coffee/Tea,Park Slope,Brooklyn,BK0602,40.66635681319,-73.98532193465
restaurant,MUTEKI UDON,Japanese,Park Slope,Brooklyn,BK0602,40.68053452221,-73.97491000557
restaurant,NACHO MACHO TACO,Tex-Mex,Park Slope,Brooklyn,BK0602,40.68055704956,-73.97766091999
restaurant,NAMASTE,Indian,Park Slope,Brooklyn,BK0602,40.67674502613,-73.98021828625
restaurant,NATHAN'S FAMOUS,Hotdogs,Park Slope,Brooklyn,BK0602,40.6834468969,-73.97569131218
restaurant,NATTO HIBACHI & SUSHI,Japanese,Park Slope,Brooklyn,BK0602,40.67367400165,-73.98255886511
restaurant,NENE TAQUERIA / BROOKLYN CORNER STORE,Tex-Mex,Park Slope,Brooklyn,BK0602,40.6834468969,-73.97569131218
restaurant,NENES TAQUERIA,Latin American,Park Slope,Brooklyn,BK0602,40.67844976933,-73.98164547314
restaurant,NERD BE COOL,Coffee/Tea,Park Slope,Brooklyn,BK0602,40.67552238085,-73.97409713896
restaurant,NERD BE COOL,Coffee/Tea,Park Slope,Brooklyn,BK0602,40.67614487808,-73.97169946208
restaurant,NEW CHINA WOK,Chinese,Park Slope,Brooklyn,BK0602,40.68257481049,-73.97954231927
restaurant,NITEHAWK CINEMA,American,Park Slope,Brooklyn,BK0602,40.66153881693,-73.97940462065
restaurant,NOODLE LANE,Chinese,Park Slope,Brooklyn,BK0602,40.67004480164,-73.97895498469
restaurant,NORM'S PIZZA,Pizza,Park Slope,Brooklyn,BK0602,40.66522015171,-73.98298281895
restaurant,NORTH POLE,American,Park Slope,Brooklyn,BK0602,40.68167689734,-73.97755598494
restaurant,NUEVO MEXICO,Mexican,Park Slope,Brooklyn,BK0602,40.6675922326,-73.98760343683
restaurant,NUMERO 28 PIZZERIA,Pizza,Park Slope,Brooklyn,BK0602,40.6728632279,-73.97658561609
restaurant,NUTRITIOUS CHINESE FOOD,Chinese,Park Slope,Brooklyn,BK0602,40.66443197519,-73.98032648323
restaurant,OAKBERRY PARK SLOPE,"Juice, Smoothies, Fruit Salads",Park Slope,Brooklyn,BK0602,40.67187801739,-73.977404283
restaurant,OFF TO START CAFE,Coffee/Tea,Park Slope,Brooklyn,BK0602,40.66492418583,-73.98651535891
restaurant,OITA,Japanese,Park Slope,Brooklyn,BK0602,40.67486140214,-73.97647315395
restaurant,OLIVIER BISTRO,French,Park Slope,Brooklyn,BK0602,40.66904718004,-73.9897876614
restaurant,ONE MORE CHARM,Thai,Park Slope,Brooklyn,BK0602,40.66977036608,-73.97918577998
restaurant,OTTAVA / SAINT EVE'S,Italian,Park Slope,Brooklyn,BK0602,40.66435512821,-73.98036615576
restaurant,OVERGREENS,Salads,Park Slope,Brooklyn,BK0602,40.66126988714,-73.97973270049
restaurant,PADDY'S OF PARK SLOPE,American,Park Slope,Brooklyn,BK0602,40.66654649749,-73.98783793375
restaurant,PAISANO NORTH (BARCLAYS CENTER),Hamburgers,Park Slope,Brooklyn,BK0602,40.6834468969,-73.97569131218
restaurant,PAISANO'S / BUTCHER BURGER / WEIGHT WATCHER,Hamburgers,Park Slope,Brooklyn,BK0602,40.6834468969,-73.97569131218
restaurant,PAISANO'S BURGER,American,Park Slope,Brooklyn,BK0602,40.6834468969,-73.97569131218
restaurant,PALO SANTO,Latin American,Park Slope,Brooklyn,BK0602,40.67695940198,-73.98193430156
restaurant,PANGAT,Southeast Asian,Park Slope,Brooklyn,BK0602,40.67127809484,-73.98453137435
restaurant,PANUOZZO,Pizza,Park Slope,Brooklyn,BK0602,40.66771756614,-73.98086982113
restaurant,PAPI'S GRILL,Mexican,Park Slope,Brooklyn,BK0602,40.67221556913,-73.97712298203
restaurant,PARASHADES,Pizza,Park Slope,Brooklyn,BK0602,40.68105610782,-73.97527035164
restaurant,PARIS BAGUETTE,Bakery Products/Desserts,Park Slope,Brooklyn,BK0602,40.66625838829,-73.98874274801
restaurant,PARK SLOPE ALE HOUSE,American,Park Slope,Brooklyn,BK0602,40.67053661342,-73.98186034589
restaurant,PARM FAMOUS ITALIAN / AMEX STORE,Italian,Park Slope,Brooklyn,BK0602,40.6834468969,-73.97569131218
restaurant,PASTA LOUISE,Italian,Park Slope,Brooklyn,BK0602,40.66624874413,-73.97879037415
restaurant,PASTA LOUISE,Italian,Park Slope,Brooklyn,BK0602,40.66439904281,-73.9803553292
restaurant,PATSY'S PIZZERIA,Italian,Park Slope,Brooklyn,BK0602,40.68192088934,-73.97610650051
restaurant,PEPPA'S JERK CHICKEN,Caribbean,Park Slope,Brooklyn,BK0602,40.67084446819,-73.98489196295
restaurant,PEPPINO'S,Italian,Park Slope,Brooklyn,BK0602,40.66823719592,-73.98706621099
restaurant,PHOBAR,Southeast Asian,Park Slope,Brooklyn,BK0602,40.67999928474,-73.97488136473
restaurant,PICCOLI TRATTORIA,Italian,Park Slope,Brooklyn,BK0602,40.66511630494,-73.98638555556
restaurant,PIG BEACH,Barbecue,Park Slope,Brooklyn,BK0602,40.6834468969,-73.97569131218
restaurant,PINK LOTUS GOURMET,Southeast Asian,Park Slope,Brooklyn,BK0602,40.67554569679,-73.98103340309
restaurant,PINKBERRY,Frozen Desserts,Park Slope,Brooklyn,BK0602,40.67221556913,-73.97712298203
restaurant,PINO'S LA FORCHETTA,Pizza,Park Slope,Brooklyn,BK0602,40.67137306087,-73.97782622864
restaurant,PITA PAN,Middle Eastern,Park Slope,Brooklyn,BK0602,40.67196309194,-73.97733576026
restaurant,PIZZA PLUS,Pizza,Park Slope,Brooklyn,BK0602,40.66595839984,-73.98234100906
restaurant,PIZZA SECRET,Pizza,Park Slope,Brooklyn,BK0602,40.68076836975,-73.97752023774
restaurant,PLAYA BOWLS,"Juice, Smoothies, Fruit Salads",Park Slope,Brooklyn,BK0602,40.6748885777,-73.97518251997
restaurant,PLAYA BOWLS,"Juice, Smoothies, Fruit Salads",Park Slope,Brooklyn,BK0602,40.66968080695,-73.98586552714
restaurant,POETICA COFFEE,Coffee/Tea,Park Slope,Brooklyn,BK0602,40.66967705804,-73.9792651151
restaurant,POKE BOWL STATION,Hawaiian,Park Slope,Brooklyn,BK0602,40.68114669938,-73.97533521576
restaurant,POSTMARK CAFE,Coffee/Tea,Park Slope,Brooklyn,BK0602,40.67130017573,-73.98546864351
restaurant,POULETTE,Chicken,Park Slope,Brooklyn,BK0602,40.6819758163,-73.97625791094
restaurant,PREM THAI RESTAURANT & NOODLE BAR,Thai,Park Slope,Brooklyn,BK0602,40.67352305427,-73.98265984534
restaurant,PRESS DINING ROOM,American,Park Slope,Brooklyn,BK0602,40.6834468969,-73.97569131218
restaurant,PRINCESS PIZZERIA,Pizza,Park Slope,Brooklyn,BK0602,40.66606626653,-73.98887254678
restaurant,PROSPECT BAR & GRILL,American,Park Slope,Brooklyn,BK0602,40.66585768044,-73.9890492074
restaurant,PROVINI,Italian,Park Slope,Brooklyn,BK0602,40.66324639641,-73.98131445746
restaurant,PSTA NEW YORK,Italian,Park Slope,Brooklyn,BK0602,40.68125651206,-73.97543612735
restaurant,PUBLIC DISPLAY OF AFFECTION,Pizza,Park Slope,Brooklyn,BK0602,40.67719553941,-73.98249304661
restaurant,PULSE COFFEE,Coffee/Tea,Park Slope,Brooklyn,BK0602,40.66805605761,-73.98721764471
restaurant,PURE BISTRO,American,Park Slope,Brooklyn,BK0602,40.68043080604,-73.97774388657
restaurant,PURE GREEN,"Juice, Smoothies, Fruit Salads",Park Slope,Brooklyn,BK0602,40.68172858545,-73.97530615597
restaurant,PURITY DINER,American,Park Slope,Brooklyn,BK0602,40.66800023885,-73.9806354328
restaurant,RAMEN DANBO,Japanese,Park Slope,Brooklyn,BK0602,40.67608786387,-73.97436009524
restaurant,RANA FIFTEEN,Turkish,Park Slope,Brooklyn,BK0602,40.67753870379,-73.98294000591
restaurant,ROMA PIZZA,Pizza,Park Slope,Brooklyn,BK0602,40.67467451164,-73.9753051728
restaurant,SANDWICH GIRL CAFE,Mediterranean,Park Slope,Brooklyn,BK0602,40.67014453721,-73.98479479146
restaurant,SAWA,Middle Eastern,Park Slope,Brooklyn,BK0602,40.68043628998,-73.97771504155
restaurant,SCOTTADITO,Italian,Park Slope,Brooklyn,BK0602,40.67485042673,-73.9764911833
restaurant,SHAKA SHAKA TIKI,American,Park Slope,Brooklyn,BK0602,40.68085007421,-73.97447002521
restaurant,SHAKE SHACK,Hamburgers,Park Slope,Brooklyn,BK0602,40.68273068136,-73.97651002766
restaurant,SHAPESHIFTER LAB,American,Park Slope,Brooklyn,BK0602,40.67474606048,-73.97617757756
restaurant,SHELSKY'S BROOKLYN BAGELS,Bagels/Pretzels,Park Slope,Brooklyn,BK0602,40.66959883853,-73.98932976588
restaurant,SIMPLE LOAF BAKEHOUSE,American,Park Slope,Brooklyn,BK0602,40.67321293727,-73.98294472168
restaurant,SIMPLY GREEK,Greek,Park Slope,Brooklyn,BK0602,40.67538652178,-73.98116683808
restaurant,SIP & PLAY,American,Park Slope,Brooklyn,BK0602,40.6681768165,-73.98711668899
restaurant,SKY ICE,Thai,Park Slope,Brooklyn,BK0602,40.68076013118,-73.97749860804
restaurant,SKYLARK,American,Park Slope,Brooklyn,BK0602,40.66787491869,-73.98736547288
restaurant,SMILING PIZZA,Pizza,Park Slope,Brooklyn,BK0602,40.66706165392,-73.98141431533
restaurant,SMITH'S TAVERN,Irish,Park Slope,Brooklyn,BK0602,40.66935695889,-73.98615758449
restaurant,SOFREH CAFE,Middle Eastern,Park Slope,Brooklyn,BK0602,40.68113023306,-73.97534603817
restaurant,SOTTO VOCE,Italian,Park Slope,Brooklyn,BK0602,40.67003107511,-73.9789405697
restaurant,STARBUCKS COFFEE #29719,Coffee/Tea,Park Slope,Brooklyn,BK0602,40.67700901517,-73.98330066302
restaurant,STARBUCKS COFFEE #29856,Coffee/Tea,Park Slope,Brooklyn,BK0602,40.66705075952,-73.98194420497
restaurant,STELLA'S,Caribbean,Park Slope,Brooklyn,BK0602,40.6688546017,-73.98564581202
restaurant,STONE PARK CAFE,Brazilian,Park Slope,Brooklyn,BK0602,40.67288360454,-73.98321878524
restaurant,STREET FOOD BY MIRIAM,Mediterranean,Park Slope,Brooklyn,BK0602,40.68012617155,-73.97792786302
restaurant,SUBWAY,Sandwiches,Park Slope,Brooklyn,BK0602,40.66643678135,-73.98856609056
restaurant,SUGARCANE BK,Caribbean,Park Slope,Brooklyn,BK0602,40.68043843927,-73.97483793391
restaurant,SUSHI KATSUEI,Japanese,Park Slope,Brooklyn,BK0602,40.67064581467,-73.97845371798
restaurant,SUSHI YASHIN,Japanese,Park Slope,Brooklyn,BK0602,40.67088563509,-73.9848559048
restaurant,SWEETS BAR,Bottled Beverages,Park Slope,Brooklyn,BK0602,40.6834468969,-73.97569131218
restaurant,SZECHUAN DELIGHT,Chinese,Park Slope,Brooklyn,BK0602,40.67250098396,-73.9769137957
restaurant,T-SWIRL CREPE,Japanese,Park Slope,Brooklyn,BK0602,40.68038140148,-73.97775111391
restaurant,TABLE 87,Pizza,Park Slope,Brooklyn,BK0602,40.6834468969,-73.97569131218
restaurant,TAVA,Turkish,Park Slope,Brooklyn,BK0602,40.67302357066,-73.98309978506
restaurant,TECHNE KAFE,Coffee/Tea,Park Slope,Brooklyn,BK0602,40.66433644009,-73.98371836804
restaurant,TEN ICHI RAMEN,Japanese,Park Slope,Brooklyn,BK0602,40.66534639592,-73.98287825385
restaurant,TEN SUSHI,Japanese,Park Slope,Brooklyn,BK0602,40.66337039011,-73.98452600625
restaurant,TERRACE,Mexican,Park Slope,Brooklyn,BK0602,40.67419269716,-73.9821225169
restaurant,THE ARMORY,American,Park Slope,Brooklyn,BK0602,40.67939946682,-73.98167765881
restaurant,THE BEER GARAGE,American,Park Slope,Brooklyn,BK0602,40.67848237195,-73.97966255411
restaurant,THE BOIL,Seafood,Park Slope,Brooklyn,BK0602,40.68034510107,-73.97476586142
restaurant,THE COMMISSIONER,American,Park Slope,Brooklyn,BK0602,40.67491173012,-73.98150224671
restaurant,THE GATE,American,Park Slope,Brooklyn,BK0602,40.67264757844,-73.98338827865
restaurant,THE MONRO,English,Park Slope,Brooklyn,BK0602,40.6677788602,-73.98744479477
restaurant,THE MONTAUK CLUB,American,Park Slope,Brooklyn,BK0602,40.67485216563,-73.97201365592
restaurant,THE OWL FARM,American,Park Slope,Brooklyn,BK0602,40.66946683726,-73.98690015075
restaurant,THE SACKETT,American,Park Slope,Brooklyn,BK0602,40.67781029549,-73.98201699102
restaurant,THE SOUP BOWL,Soups/Salads/Sandwiches,Park Slope,Brooklyn,BK0602,40.66782185804,-73.9808121157
restaurant,THE VSPOT,Vegan,Park Slope,Brooklyn,BK0602,40.67801570986,-73.97938148625
restaurant,TONGDEE THAI,Thai,Park Slope,Brooklyn,BK0602,40.67731862084,-73.97985398744
restaurant,TOYO RAMEN BAR,Japanese,Park Slope,Brooklyn,BK0602,40.66619441999,-73.982142692
restaurant,TWO BOOTS,Pizza,Park Slope,Brooklyn,BK0602,40.67408840968,-73.98221267128
restaurant,Tony's Vespa Pizza,Pizza,Park Slope,Brooklyn,BK0602,40.6807567807,-73.97459985598
restaurant,UN POSTO ITALIANO,Italian,Park Slope,Brooklyn,BK0602,40.67222101167,-73.97688865832
restaurant,UNCLE BARRY'S,American,Park Slope,Brooklyn,BK0602,40.68124040767,-73.97719919379
restaurant,UNION HALL,American,Park Slope,Brooklyn,BK0602,40.67617954711,-73.97990120002
restaurant,VAN LEEUWEN ICE CREAM,Frozen Desserts,Park Slope,Brooklyn,BK0602,40.67348463611,-73.98271753569
restaurant,VARIETY COFFEE ROASTERS,Coffee/Tea,Park Slope,Brooklyn,BK0602,40.66758583961,-73.98100683765
restaurant,VATO,Mexican,Park Slope,Brooklyn,BK0602,40.67013811013,-73.97887925353
restaurant,VELVETTE BLACK,Coffee/Tea,Park Slope,Brooklyn,BK0602,40.67428744277,-73.97504935717
restaurant,VELVETTE BREW,Coffee/Tea,Park Slope,Brooklyn,BK0602,40.67389904019,-73.9823425035
restaurant,VOLARE ESPRESSO BAR,Coffee/Tea,Park Slope,Brooklyn,BK0602,40.67664348123,-73.98028681511
restaurant,WANGS,Chicken,Park Slope,Brooklyn,BK0602,40.67715709764,-73.98239571583
restaurant,WASAN BROOKLYN,Japanese,Park Slope,Brooklyn,BK0602,40.68133087713,-73.97666195135
restaurant,WHISK & WHISKEY,Caribbean,Park Slope,Brooklyn,BK0602,40.67588376988,-73.98409407884
restaurant,WILD,Italian,Park Slope,Brooklyn,BK0602,40.67821330963,-73.9792480297
restaurant,WING STOP,Chicken,Park Slope,Brooklyn,BK0602,40.68039177018,-73.97480189764
restaurant,WONDER,American,Park Slope,Brooklyn,BK0602,40.66749891872,-73.98768275753
restaurant,XO BURGERS,American,Park Slope,Brooklyn,BK0602,40.66938165622,-73.98611071698
restaurant,YAYO'S LATIN CUISINE,Latin American,Park Slope,Brooklyn,BK0602,40.68192101912,-73.97673745905
restaurant,YOUNG ETHEL'S,American,Park Slope,Brooklyn,BK0602,40.66712292013,-73.98802166664
restaurant,ZATAR CAFE & BISTRO,Middle Eastern,Park Slope,Brooklyn,BK0602,40.66384741578,-73.98078803191
restaurant,ZAZU MEDITERRANE STREET FOOD,American,Park Slope,Brooklyn,BK0602,40.66999814771,-73.9789946526
restaurant,333 LOUNGE,Caribbean,Prospect Heights,Brooklyn,BK0801,40.67775909122,-73.97287769176
restaurant,ALTA CALIDAD,Mexican,Prospect Heights,Brooklyn,BK0801,40.68006893596,-73.96800588417
restaurant,AMANO BROOKLYN,Coffee/Tea,Prospect Heights,Brooklyn,BK0801,40.68143934474,-73.97087876904
restaurant,AMORINA,Italian,Prospect Heights,Brooklyn,BK0801,40.6774808677,-73.9689336764
restaurant,AMPLE HILLS CREAMERY,Frozen Desserts,Prospect Heights,Brooklyn,BK0801,40.67866648866,-73.96848606463
restaurant,ANTONIO'S PIZZERIA,Pizza,Prospect Heights,Brooklyn,BK0801,40.67703709381,-73.97236965155
restaurant,ART CAFE + BAR,American,Prospect Heights,Brooklyn,BK0801,40.68032048696,-73.96470683036
restaurant,AUTUMN ASIAN RESTAURANT,Chinese,Prospect Heights,Brooklyn,BK0801,40.67697943786,-73.97230478176
restaurant,BABEL LOFT,American,Prospect Heights,Brooklyn,BK0801,40.6803875994,-73.96898639799
restaurant,BANH MI PLACE,Southeast Asian,Prospect Heights,Brooklyn,BK0801,40.67331525153,-73.96291165128
restaurant,BANHMIGOS,Sandwiches,Prospect Heights,Brooklyn,BK0801,40.6778486255,-73.96877847839
restaurant,BCAKENY,Bakery Products/Desserts,Prospect Heights,Brooklyn,BK0801,40.67697975613,-73.96362343702
restaurant,BEARDED LADY,American,Prospect Heights,Brooklyn,BK0801,40.67737228076,-73.96369172148
restaurant,BEER STREET SOUTH,American,Prospect Heights,Brooklyn,BK0801,40.68030221866,-73.96792284785
restaurant,BIERWAX,American,Prospect Heights,Brooklyn,BK0801,40.67995915601,-73.96804559612
restaurant,BILT BAR,American,Prospect Heights,Brooklyn,BK0801,40.68029672305,-73.96790121816
restaurant,BIRD PEPPER,Caribbean,Prospect Heights,Brooklyn,BK0801,40.68001841538,-73.97450639856
restaurant,BLANK STREET,Coffee/Tea,Prospect Heights,Brooklyn,BK0801,40.67769045988,-73.97282724631
restaurant,BONTREE,Coffee/Tea,Prospect Heights,Brooklyn,BK0801,40.67821913378,-73.96864490902
restaurant,BORN THAI,Thai,Prospect Heights,Brooklyn,BK0801,40.67907131269,-73.97381814533
restaurant,BRANDED SALOON,American,Prospect Heights,Brooklyn,BK0801,40.67927851187,-73.96826224357
restaurant,BREAKFAST BY SALT'S CURE,New American,Prospect Heights,Brooklyn,BK0801,40.68035710205,-73.96787955663
restaurant,BROOKLYN HIGH LOW,Coffee/Tea,Prospect Heights,Brooklyn,BK0801,40.6790342518,-73.96835249329
restaurant,CAFE AT THE BROOKLYN MUSEUM,Other,Prospect Heights,Brooklyn,BK0801,40.67182762468,-73.9630422592
restaurant,CAFE MADO,American,Prospect Heights,Brooklyn,BK0801,40.67295290953,-73.9628145188
restaurant,CANTEEN,American,Prospect Heights,Brooklyn,BK0801,40.6804040661,-73.96897917952
restaurant,CANTEEN @ CHELSEA PIERS FIELD HOUSE,American,Prospect Heights,Brooklyn,BK0801,40.68061568349,-73.96999220002
restaurant,CANYON COFFEE,Coffee/Tea,Prospect Heights,Brooklyn,BK0801,40.67952277287,-73.96817559854
restaurant,CARIBBEAN SWEET SPICE,Caribbean,Prospect Heights,Brooklyn,BK0801,40.67378188563,-73.96297988648
restaurant,CARIBSOULBK,Caribbean,Prospect Heights,Brooklyn,BK0801,40.67830556137,-73.96387147548
restaurant,CHERYL'S GLOBAL SOUL,American,Prospect Heights,Brooklyn,BK0801,40.67347852192,-73.96727363387
restaurant,CHIPOTLE MEXICAN GRILL #2879,Tex-Mex,Prospect Heights,Brooklyn,BK0801,40.67701238127,-73.9723300045
restaurant,CHUKO,Japanese,Prospect Heights,Brooklyn,BK0801,40.68083190051,-73.96770987238
restaurant,"CIAO, GLORIA",Sandwiches/Salads/Mixed Buffet,Prospect Heights,Brooklyn,BK0801,40.68030221866,-73.96792284785
restaurant,DAO PALATE,Asian/Asian Fusion,Prospect Heights,Brooklyn,BK0801,40.67782497691,-73.97292453319
restaurant,DILLY DALLY,Other,Prospect Heights,Brooklyn,BK0801,40.67743146663,-73.96895172567
restaurant,DOUGH DONUT,Donuts,Prospect Heights,Brooklyn,BK0801,40.67695941197,-73.96912499629
restaurant,DUNKIN',Donuts,Prospect Heights,Brooklyn,BK0801,40.67672687392,-73.97212102206
restaurant,EARTH SHINE,"Juice, Smoothies, Fruit Salads",Prospect Heights,Brooklyn,BK0801,40.67301604406,-73.96282890344
restaurant,EL GRAN CASTILLO DE JAGUA,Latin American,Prospect Heights,Brooklyn,BK0801,40.67688609892,-73.97223632178
restaurant,EVE'S LOUNGE,American,Prospect Heights,Brooklyn,BK0801,40.67383129509,-73.96299067406
restaurant,FARM.ONE,American,Prospect Heights,Brooklyn,BK0801,40.67960811928,-73.96912015992
restaurant,FINN'S CORNER,American,Prospect Heights,Brooklyn,BK0801,40.67835771551,-73.96388226297
restaurant,FORMOSA,Other,Prospect Heights,Brooklyn,BK0801,40.67969202852,-73.96501722493
restaurant,GEIDO,Japanese,Prospect Heights,Brooklyn,BK0801,40.67779203364,-73.97289930984
restaurant,GEN,Japanese,Prospect Heights,Brooklyn,BK0801,40.67766598315,-73.96372761343
restaurant,GERTIE,American,Prospect Heights,Brooklyn,BK0801,40.6782959865,-73.96864126746
restaurant,GERTRUDE'S,American,Prospect Heights,Brooklyn,BK0801,40.67901592934,-73.97176313476
restaurant,GINO'S CUCINA BRICK OVEN PIZZA,Pizza,Prospect Heights,Brooklyn,BK0801,40.67505004992,-73.96322072185
restaurant,GOLD STAR BEER COUNTER,Bottled Beverages,Prospect Heights,Brooklyn,BK0801,40.67533936305,-73.9668653386
restaurant,GRAN CAFFE DE MARTINI,Coffee/Tea,Prospect Heights,Brooklyn,BK0801,40.67909463088,-73.96833083258
restaurant,HALAL MUNCHIES,Middle Eastern,Prospect Heights,Brooklyn,BK0801,40.67657039358,-73.97200572173
restaurant,HUNGRY GHOST,Coffee/Tea,Prospect Heights,Brooklyn,BK0801,40.67630126322,-73.97142900751
restaurant,HUNGRY GHOST,Coffee/Tea,Prospect Heights,Brooklyn,BK0801,40.68014194948,-73.9745928803
restaurant,INAKA,Japanese,Prospect Heights,Brooklyn,BK0801,40.67965725384,-73.9681286645
restaurant,INDIAN GRILL WRAP & GO,Indian,Prospect Heights,Brooklyn,BK0801,40.67988115064,-73.96415183724
restaurant,JET'S PIZZA,Pizza,Prospect Heights,Brooklyn,BK0801,40.67879953446,-73.97361996048
restaurant,JOY INDIAN RESTAURANT,Indian,Prospect Heights,Brooklyn,BK0801,40.67889012697,-73.97368482015
restaurant,KI SUSHI,Japanese,Prospect Heights,Brooklyn,BK0801,40.67849207381,-73.97342179154
restaurant,KIMCHI GRILL,Korean,Prospect Heights,Brooklyn,BK0801,40.67491555474,-73.96321719121
restaurant,KINANM LOUNGE,Caribbean,Prospect Heights,Brooklyn,BK0801,40.6815809415,-73.96672161245
restaurant,KING DAVID TACOS,Tex-Mex,Prospect Heights,Brooklyn,BK0801,40.679696064,-73.96953834045
restaurant,KOTO,Japanese,Prospect Heights,Brooklyn,BK0801,40.67993605848,-73.97444513888
restaurant,KOTO SUSHI,Other,Prospect Heights,Brooklyn,BK0801,40.67993605848,-73.97444513888
restaurant,LA FLOR PIZZA,Pizza,Prospect Heights,Brooklyn,BK0801,40.67375360615,-73.96048882333
restaurant,LE PISTOL BK,American,Prospect Heights,Brooklyn,BK0801,40.67467125463,-73.96317046037
restaurant,LELAND EATING & DRINKING HOUSE,American,Prospect Heights,Brooklyn,BK0801,40.67961523188,-73.9652047437
restaurant,LET'S GO! YA SOUVLAKIA,Greek,Prospect Heights,Brooklyn,BK0801,40.67902738887,-73.97378571475
restaurant,LINCOLN STATION,American,Prospect Heights,Brooklyn,BK0801,40.67254657691,-73.962490299
restaurant,LITTLE CUPCAKE BAKESHOP,Bakery Products/Desserts,Prospect Heights,Brooklyn,BK0801,40.67840851144,-73.96860155619
restaurant,LITTLE EGG,American,Prospect Heights,Brooklyn,BK0801,40.67772637163,-73.96373839621
restaurant,LITTLE MISS MUFFIN 'N' HER STUFFIN,Caribbean,Prospect Heights,Brooklyn,BK0801,40.67487987034,-73.96321000078
restaurant,LOWERLINE,Cajun,Prospect Heights,Brooklyn,BK0801,40.67416069497,-73.96307340687
restaurant,MAYA TAQUERIA,Mexican,Prospect Heights,Brooklyn,BK0801,40.67803525254,-73.96871349587
restaurant,MCDONALD'S,Hamburgers,Prospect Heights,Brooklyn,BK0801,40.68170737231,-73.96731645103
restaurant,MILK BAR,Coffee/Tea,Prospect Heights,Brooklyn,BK0801,40.67779099699,-73.96882176851
restaurant,MILLE-FEUILLE,Coffee/Tea,Prospect Heights,Brooklyn,BK0801,40.677527524,-73.96891562838
restaurant,MORGAN'S BROOKLYN BARBECUE,Barbecue,Prospect Heights,Brooklyn,BK0801,40.67985095757,-73.97438748577
restaurant,MUMBAI PLACE,Indian,Prospect Heights,Brooklyn,BK0801,40.67731893571,-73.9689698044
restaurant,MUSE,Thai,Prospect Heights,Brooklyn,BK0801,40.67668878586,-73.96354788727
restaurant,NATURAL BLEND VEGETARIAN CAFE & JUICE,Vegan,Prospect Heights,Brooklyn,BK0801,40.67388070339,-73.96299785662
restaurant,NEW VEGETARIAN PALATE,Vegetarian,Prospect Heights,Brooklyn,BK0801,40.679664301,-73.96411229535
restaurant,NIMBOODA INDIAN CUISINE,Indian,Prospect Heights,Brooklyn,BK0801,40.67825340723,-73.96386068801
restaurant,NIN HAO,Chinese,Prospect Heights,Brooklyn,BK0801,40.68057720835,-73.96980834176
restaurant,NO. 7 RESTAURANT,New American,Prospect Heights,Brooklyn,BK0801,40.67834263683,-73.96860158733
restaurant,NOURISH THAI,Thai,Prospect Heights,Brooklyn,BK0801,40.67803525254,-73.96871349587
restaurant,NURISH,Coffee/Tea,Prospect Heights,Brooklyn,BK0801,40.67830280977,-73.96384984529
restaurant,OCEAN'S 8 BILLIARDS,American,Prospect Heights,Brooklyn,BK0801,40.677372017,-73.97262187841
restaurant,OGLIASTRO,Italian,Prospect Heights,Brooklyn,BK0801,40.67437480027,-73.96311294362
restaurant,OLDE BROOKLYN BAGEL SHOPPE,Sandwiches,Prospect Heights,Brooklyn,BK0801,40.67778824633,-73.96880013828
restaurant,OMAR'S INDIAN FINE CUISINE,Indian,Prospect Heights,Brooklyn,BK0801,40.67963530365,-73.96815751786
restaurant,OZAKAYA,Japanese,Prospect Heights,Brooklyn,BK0801,40.67809563169,-73.96869183582
restaurant,PASTA NIGHT,Italian,Prospect Heights,Brooklyn,BK0801,40.68053549422,-73.96781457313
restaurant,PENNY HOUSE CAFE,American,Prospect Heights,Brooklyn,BK0801,40.67602451455,-73.96343649185
restaurant,POKE TIKY BAR,Hawaiian,Prospect Heights,Brooklyn,BK0801,40.67974508464,-73.96812141164
restaurant,POLLY'S,Sandwiches,Prospect Heights,Brooklyn,BK0801,40.67375360615,-73.96048882333
restaurant,POSEIDON,Seafood,Prospect Heights,Brooklyn,BK0801,40.67938701432,-73.97404876267
restaurant,PUERTO VIEJO,Latin American,Prospect Heights,Brooklyn,BK0801,40.67881548689,-73.96200725328
restaurant,RADIO BAKERY,American,Prospect Heights,Brooklyn,BK0801,40.67494957146,-73.96675016982
restaurant,SAVORE,Thai,Prospect Heights,Brooklyn,BK0801,40.68117118229,-73.9743328952
restaurant,SHAH'S HALAL FOOD,Middle Eastern,Prospect Heights,Brooklyn,BK0801,40.67999482803,-73.96800952523
restaurant,SHANE'S,Creole,Prospect Heights,Brooklyn,BK0801,40.67416069497,-73.96307340687
restaurant,SHARLENE'S,American,Prospect Heights,Brooklyn,BK0801,40.67691629756,-73.97226154561
restaurant,SHAWARMA MIA,Turkish,Prospect Heights,Brooklyn,BK0801,40.68065520642,-73.97452057582
restaurant,SIMO PIZZA,Pizza,Prospect Heights,Brooklyn,BK0801,40.68048101874,-73.96934689434
restaurant,SIT & WONDER,Coffee/Tea,Prospect Heights,Brooklyn,BK0801,40.67732287251,-73.96368453802
restaurant,SOFREH,Iranian,Prospect Heights,Brooklyn,BK0801,40.67963398833,-73.97380350215
restaurant,STOCKED CAFE & BURGERS,Soups/Salads/Sandwiches,Prospect Heights,Brooklyn,BK0801,40.67732561043,-73.96366290516
restaurant,SUMI SUSHI,Japanese,Prospect Heights,Brooklyn,BK0801,40.67920582887,-73.97391543623
restaurant,SUSHI LIN,Japanese,Prospect Heights,Brooklyn,BK0801,40.67772614794,-73.97285246846
restaurant,SWEET CHICK,American,Prospect Heights,Brooklyn,BK0801,40.67757505592,-73.97231174394
restaurant,SWEET POLLY,American,Prospect Heights,Brooklyn,BK0801,40.68052346922,-73.97457470738
restaurant,SWEETBEE COFFEE,Coffee/Tea,Prospect Heights,Brooklyn,BK0801,40.68044531349,-73.96926038127
restaurant,SWEETGREEN,Salads,Prospect Heights,Brooklyn,BK0801,40.6798290491,-73.97461102679
restaurant,TACOS DEL BARRIO,Mexican,Prospect Heights,Brooklyn,BK0801,40.68065520642,-73.97452057582
restaurant,TENON VEGAN SUSHI,Vegan,Prospect Heights,Brooklyn,BK0801,40.67782497691,-73.97292453319
restaurant,THE BAKERY ON BERGEN,Bakery Products/Desserts,Prospect Heights,Brooklyn,BK0801,40.678569174,-73.964235467
restaurant,THE BARLOW,American,Prospect Heights,Brooklyn,BK0801,40.6753984452,-73.96262928868
restaurant,THE ISLANDS,Caribbean,Prospect Heights,Brooklyn,BK0801,40.67713071993,-73.96362695958
restaurant,THE MOST HIGH,Coffee/Tea,Prospect Heights,Brooklyn,BK0801,40.67338662038,-73.9629260315
restaurant,THE NUAA TABLE,Thai,Prospect Heights,Brooklyn,BK0801,40.67950370538,-73.96870559361
restaurant,THE SOCIAL  ICE CREAM SHOP,Frozen Desserts,Prospect Heights,Brooklyn,BK0801,40.67345798923,-73.96294041175
restaurant,TOM'S RESTAURANT,American,Prospect Heights,Brooklyn,BK0801,40.67441871901,-73.96312012938
restaurant,TOOKER ALLEY,American,Prospect Heights,Brooklyn,BK0801,40.67288977617,-73.96280373917
restaurant,UDOM THAI,Thai,Prospect Heights,Brooklyn,BK0801,40.67737501982,-73.96367369382
restaurant,UNDERHILL CAFE AND GRILL,Greek,Prospect Heights,Brooklyn,BK0801,40.67954103613,-73.96491996003
restaurant,VAN LEEUWEN ICE CREAM,Frozen Desserts,Prospect Heights,Brooklyn,BK0801,40.68030221866,-73.96792284785
restaurant,WASHINGTON COMMONS,Bottled Beverages,Prospect Heights,Brooklyn,BK0801,40.67566784566,-73.96391617156
restaurant,WAYWARD FARE,Italian,Prospect Heights,Brooklyn,BK0801,40.68001404548,-73.96802393747
restaurant,WEATHER UP,American,Prospect Heights,Brooklyn,BK0801,40.67992896047,-73.96803479454
restaurant,WING WAGON,Chicken,Prospect Heights,Brooklyn,BK0801,40.6769492401,-73.9722831631
restaurant,ZAYTOONS RESTAURANT,Middle Eastern,Prospect Heights,Brooklyn,BK0801,40.67872687372,-73.96848603598
restaurant,ALLAN'S,Tapas,Prospect Lefferts Gardens-Wingate,Brooklyn,BK0902,40.66066816622,-73.95061714949
restaurant,ALLAN'S BAKERY,Caribbean,Prospect Lefferts Gardens-Wingate,Brooklyn,BK0902,40.66062150344,-73.95061357984
restaurant,AMY THAI BISTRO,Thai,Prospect Lefferts Gardens-Wingate,Brooklyn,BK0902,40.66063636179,-73.96062998267
restaurant,ANTOJITOS DEL PATRON,Mexican,Prospect Lefferts Gardens-Wingate,Brooklyn,BK0902,40.66083689186,-73.96110203159
restaurant,BAGELS SALADS YOUR WAY,Sandwiches/Salads/Mixed Buffet,Prospect Lefferts Gardens-Wingate,Brooklyn,BK0902,40.66378089909,-73.95097528554
restaurant,BAR BAYEUX,American,Prospect Lefferts Gardens-Wingate,Brooklyn,BK0902,40.66202690422,-73.95078554646
restaurant,BENSION KOHEN,Jewish/Kosher,Prospect Lefferts Gardens-Wingate,Brooklyn,BK0902,40.66195798397,-73.94414269759
restaurant,BEST KITCHEN TIME 88,Chinese,Prospect Lefferts Gardens-Wingate,Brooklyn,BK0902,40.6565865013,-73.95020571066
restaurant,BIRRIA BOYS BROOKLYN,Tex-Mex,Prospect Lefferts Gardens-Wingate,Brooklyn,BK0902,40.66358326585,-73.95095380445
restaurant,BLEUNUK,Caribbean,Prospect Lefferts Gardens-Wingate,Brooklyn,BK0902,40.65950433516,-73.95051349077
restaurant,BOMBERINO,Coffee/Tea,Prospect Lefferts Gardens-Wingate,Brooklyn,BK0902,40.66335664431,-73.95383033935
restaurant,BONAFINI,New French,Prospect Lefferts Gardens-Wingate,Brooklyn,BK0902,40.65710093884,-73.96020318555
restaurant,BOSTON FOOD & GRILL,Caribbean,Prospect Lefferts Gardens-Wingate,Brooklyn,BK0902,40.66353384751,-73.95092500509
restaurant,BROOKLYN PERK,Coffee/Tea,Prospect Lefferts Gardens-Wingate,Brooklyn,BK0902,40.65856125966,-73.96048704364
restaurant,BROOKLYN WING HOUSE,Chicken,Prospect Lefferts Gardens-Wingate,Brooklyn,BK0902,40.66254872311,-73.93490044962
restaurant,CAMILLO,Italian,Prospect Lefferts Gardens-Wingate,Brooklyn,BK0902,40.65960589663,-73.95052422794
restaurant,CARVEL CINNABON,Frozen Desserts,Prospect Lefferts Gardens-Wingate,Brooklyn,BK0902,40.65550883498,-73.95982571426
restaurant,CHIPOTLE MEXICAN GRILL #3056,Tex-Mex,Prospect Lefferts Gardens-Wingate,Brooklyn,BK0902,40.66417867478,-73.95729010281
restaurant,CHOCOLATE CONNECTS,Bakery Products/Desserts,Prospect Lefferts Gardens-Wingate,Brooklyn,BK0902,40.65835264903,-73.96046554248
restaurant,CLASSIC CUPS,Coffee/Tea,Prospect Lefferts Gardens-Wingate,Brooklyn,BK0902,40.65684848531,-73.9531212456
restaurant,COFFEE BREAK CAFE,Coffee/Tea,Prospect Lefferts Gardens-Wingate,Brooklyn,BK0902,40.65651336077,-73.95964490202
restaurant,CROWN FRIED CHICKEN & PIZZA,Chicken,Prospect Lefferts Gardens-Wingate,Brooklyn,BK0902,40.65613083667,-73.95013397051
restaurant,CUPS AND BOOKS,Coffee/Tea,Prospect Lefferts Gardens-Wingate,Brooklyn,BK0902,40.65537032379,-73.95634790187
restaurant,DE HOT POT,Caribbean,Prospect Lefferts Gardens-Wingate,Brooklyn,BK0902,40.66141042141,-73.96072323755
restaurant,DJON DJON,Caribbean,Prospect Lefferts Gardens-Wingate,Brooklyn,BK0902,40.65795895475,-73.95035245357
restaurant,DRAGON KING,Chinese,Prospect Lefferts Gardens-Wingate,Brooklyn,BK0902,40.66172770949,-73.95075332861
restaurant,DUNKIN,Donuts,Prospect Lefferts Gardens-Wingate,Brooklyn,BK0902,40.66325233321,-73.96120875158
restaurant,DUNKIN',Donuts,Prospect Lefferts Gardens-Wingate,Brooklyn,BK0902,40.65592607673,-73.95992637591
restaurant,EDIE JO'S,American,Prospect Lefferts Gardens-Wingate,Brooklyn,BK0902,40.65789699336,-73.96040093842
restaurant,EL CASTILLO DE JAGUA RAMIREZ,Spanish,Prospect Lefferts Gardens-Wingate,Brooklyn,BK0902,40.65661782015,-73.96009535172
restaurant,EMPANADA CITY,Spanish,Prospect Lefferts Gardens-Wingate,Brooklyn,BK0902,40.66159850572,-73.95029206431
restaurant,ERROL'S CARIBBEAN DELIGHTS,Caribbean,Prospect Lefferts Gardens-Wingate,Brooklyn,BK0902,40.65715583942,-73.96021756921
restaurant,EXOTIC SPORTS,"Juice, Smoothies, Fruit Salads",Prospect Lefferts Gardens-Wingate,Brooklyn,BK0902,40.65742484775,-73.96027507455
restaurant,FAMILY PIZZA,Pizza,Prospect Lefferts Gardens-Wingate,Brooklyn,BK0902,40.65579157752,-73.95991204078
restaurant,FIONA'S,American,Prospect Lefferts Gardens-Wingate,Brooklyn,BK0902,40.6600462295,-73.96061591513
restaurant,FLATBUSH BAGEL,Bagels/Pretzels,Prospect Lefferts Gardens-Wingate,Brooklyn,BK0902,40.66025483141,-73.9606121872
restaurant,FLATBUSH THAI,Thai,Prospect Lefferts Gardens-Wingate,Brooklyn,BK0902,40.66004622206,-73.96059428939
restaurant,GOLDEN KRUST CARIBBEAN BAKERY & GRILL,Caribbean,Prospect Lefferts Gardens-Wingate,Brooklyn,BK0902,40.66368208247,-73.95096454498
restaurant,GOLDEN KRUST CARIBBEAN BAKERY & GRILL,Caribbean,Prospect Lefferts Gardens-Wingate,Brooklyn,BK0902,40.65984859926,-73.96059801086
restaurant,GOOD HOPE,Caribbean,Prospect Lefferts Gardens-Wingate,Brooklyn,BK0902,40.65579706077,-73.95989401717
restaurant,HAI SUN,Chinese,Prospect Lefferts Gardens-Wingate,Brooklyn,BK0902,40.65749896303,-73.96029305101
restaurant,HALAL HUT,Chicken,Prospect Lefferts Gardens-Wingate,Brooklyn,BK0902,40.66217787474,-73.95080345668
restaurant,HAMLET COFFEE COMPANY,Coffee/Tea,Prospect Lefferts Gardens-Wingate,Brooklyn,BK0902,40.66098779318,-73.9535652639
restaurant,HASEN STUBLE,German,Prospect Lefferts Gardens-Wingate,Brooklyn,BK0902,40.65842833217,-73.95039895754
restaurant,HIBISCUS BREW,Coffee/Tea,Prospect Lefferts Gardens-Wingate,Brooklyn,BK0902,40.66072973123,-73.96076689181
restaurant,HIGH GRADE COFFEE,Coffee/Tea,Prospect Lefferts Gardens-Wingate,Brooklyn,BK0902,40.66052107863,-73.96062284233
restaurant,HONEY BADGER,New American,Prospect Lefferts Gardens-Wingate,Brooklyn,BK0902,40.65812179733,-73.95963311271
restaurant,I X CAFE,Mexican,Prospect Lefferts Gardens-Wingate,Brooklyn,BK0902,40.66080403503,-73.96133993674
restaurant,IMMACULEE II,Creole,Prospect Lefferts Gardens-Wingate,Brooklyn,BK0902,40.65728644335,-73.95025924832
restaurant,ISLAND KRAVE,Caribbean,Prospect Lefferts Gardens-Wingate,Brooklyn,BK0902,40.65982273567,-73.95052767078
restaurant,ISLAND TRINI BURGER,Caribbean,Prospect Lefferts Gardens-Wingate,Brooklyn,BK0902,40.66143231679,-73.93142693369
restaurant,J&T HOT PIZZA,Pizza,Prospect Lefferts Gardens-Wingate,Brooklyn,BK0902,40.66343504014,-73.95093589149
restaurant,JAUJA MEXICAN KITCHEN,Mexican,Prospect Lefferts Gardens-Wingate,Brooklyn,BK0902,40.65613744235,-73.95997670556
restaurant,JERUSALEM FALAFEL HOUSE,Mediterranean,Prospect Lefferts Gardens-Wingate,Brooklyn,BK0902,40.6633856326,-73.95093232349
restaurant,JING LUNG CHINESE RESTAURANT,Chinese,Prospect Lefferts Gardens-Wingate,Brooklyn,BK0902,40.65675394064,-73.95022360576
restaurant,JUS FISHY,Caribbean,Prospect Lefferts Gardens-Wingate,Brooklyn,BK0902,40.66030698344,-73.96061576059
restaurant,KANSAS CHICKEN & BURGER,Chicken,Prospect Lefferts Gardens-Wingate,Brooklyn,BK0902,40.66323466211,-73.95091441266
restaurant,KATIE O SOUL,Soul Food,Prospect Lefferts Gardens-Wingate,Brooklyn,BK0902,40.66175096417,-73.94749134413
restaurant,KFC,Chicken,Prospect Lefferts Gardens-Wingate,Brooklyn,BK0902,40.66264009646,-73.93155544687
restaurant,KING OF TANDOOR,Indian,Prospect Lefferts Gardens-Wingate,Brooklyn,BK0902,40.65895103685,-73.96054087535
restaurant,LA CACHETTE DU COIN,Fusion,Prospect Lefferts Gardens-Wingate,Brooklyn,BK0902,40.65630774027,-73.95306396164
restaurant,LENNYS PIZZERIA,Pizza,Prospect Lefferts Gardens-Wingate,Brooklyn,BK0902,40.66270764161,-73.95086073543
restaurant,LOUD BABY,Coffee/Tea,Prospect Lefferts Gardens-Wingate,Brooklyn,BK0902,40.65626921187,-73.96003429158
restaurant,LUCKY'S,Caribbean,Prospect Lefferts Gardens-Wingate,Brooklyn,BK0902,40.66404344082,-73.94878715547
restaurant,LUO'S BURGERS,Hamburgers,Prospect Lefferts Gardens-Wingate,Brooklyn,BK0902,40.6570213415,-73.96020683735
restaurant,MARKET BAR,American,Prospect Lefferts Gardens-Wingate,Brooklyn,BK0902,40.6577201387,-73.95030577784
restaurant,MATTINA,Coffee/Tea,Prospect Lefferts Gardens-Wingate,Brooklyn,BK0902,40.65882481271,-73.95333250069
restaurant,MCDONALD'S,Hamburgers,Prospect Lefferts Gardens-Wingate,Brooklyn,BK0902,40.66332885091,-73.96022829133
restaurant,MIDWOOD FLATS,American,Prospect Lefferts Gardens-Wingate,Brooklyn,BK0902,40.65957136175,-73.96055492406
restaurant,MISKI CAFE,Coffee/Tea,Prospect Lefferts Gardens-Wingate,Brooklyn,BK0902,40.65767621912,-73.95029860236
restaurant,MISS BARB'S,Coffee/Tea,Prospect Lefferts Gardens-Wingate,Brooklyn,BK0902,40.66290527488,-73.95088221596
restaurant,MOE'S PASTRAMI & BURGER,Hamburgers,Prospect Lefferts Gardens-Wingate,Brooklyn,BK0902,40.6597827159,-73.96057281999
restaurant,MOMO SUSHI & RAMEN,Japanese,Prospect Lefferts Gardens-Wingate,Brooklyn,BK0902,40.6576224943,-73.96033983128
restaurant,MR. KING FOOD KITCHEN,Chinese,Prospect Lefferts Gardens-Wingate,Brooklyn,BK0902,40.66044613775,-73.93976472799
restaurant,MYTH,Other,Prospect Lefferts Gardens-Wingate,Brooklyn,BK0902,40.65566969185,-73.95008385978
restaurant,NEW PEKING CHINESE RESTAURANT,Chinese,Prospect Lefferts Gardens-Wingate,Brooklyn,BK0902,40.66116338149,-73.96069454875
restaurant,NOVELLI,Italian,Prospect Lefferts Gardens-Wingate,Brooklyn,BK0902,40.66300409151,-73.95089295627
restaurant,OUMA'S CAFE,American,Prospect Lefferts Gardens-Wingate,Brooklyn,BK0902,40.6568895821,-73.96017808329
restaurant,PACHA BK,Coffee/Tea,Prospect Lefferts Gardens-Wingate,Brooklyn,BK0902,40.65723552563,-73.95318584707
restaurant,PAPA JOHN'S,Pizza,Prospect Lefferts Gardens-Wingate,Brooklyn,BK0902,40.65694983308,-73.95261299274
restaurant,PASA PASA,"Juice, Smoothies, Fruit Salads",Prospect Lefferts Gardens-Wingate,Brooklyn,BK0902,40.66305745336,-73.95380531606
restaurant,PIZZA HEIGHTS ON ALBANY,Pizza,Prospect Lefferts Gardens-Wingate,Brooklyn,BK0902,40.66259266933,-73.93998265239
restaurant,PLG COFFEE HOUSE & TAVERN,Coffee/Tea,Prospect Lefferts Gardens-Wingate,Brooklyn,BK0902,40.66003805752,-73.95346140312
restaurant,POMO BK,Mexican,Prospect Lefferts Gardens-Wingate,Brooklyn,BK0902,40.6600023847,-73.96082498986
restaurant,POPEYES,Chicken,Prospect Lefferts Gardens-Wingate,Brooklyn,BK0902,40.66325233321,-73.96120875158
restaurant,POPEYES,Chicken,Prospect Lefferts Gardens-Wingate,Brooklyn,BK0902,40.65575314809,-73.95990485584
restaurant,PROSPECT PIZZA,Pizza,Prospect Lefferts Gardens-Wingate,Brooklyn,BK0902,40.65871771825,-73.9605049717
restaurant,RAISING CANE'S #1118,Chicken,Prospect Lefferts Gardens-Wingate,Brooklyn,BK0902,40.66120997686,-73.931405537
restaurant,RAMBO STYLE HIBACHI EXPRESS,Chinese,Prospect Lefferts Gardens-Wingate,Brooklyn,BK0902,40.65946156813,-73.96054778071
restaurant,RANCHO AVACADO,Spanish,Prospect Lefferts Gardens-Wingate,Brooklyn,BK0902,40.65899927259,-73.95045980337
restaurant,RAZAG HALL,Jewish/Kosher,Prospect Lefferts Gardens-Wingate,Brooklyn,BK0902,40.66233924805,-73.93828520141
restaurant,RED CHACONIA CAFE,Coffee/Tea,Prospect Lefferts Gardens-Wingate,Brooklyn,BK0902,40.65834991171,-73.9604871693
restaurant,RICOTTA COFFEE,Jewish/Kosher,Prospect Lefferts Gardens-Wingate,Brooklyn,BK0902,40.66249385356,-73.9399755328
restaurant,RISBO,French,Prospect Lefferts Gardens-Wingate,Brooklyn,BK0902,40.65601117244,-73.95994794903
restaurant,RUTH,American,Prospect Lefferts Gardens-Wingate,Brooklyn,BK0902,40.65704603951,-73.96019240604
restaurant,SCOOPS,Vegetarian,Prospect Lefferts Gardens-Wingate,Brooklyn,BK0902,40.65816051079,-73.96045484422
restaurant,SILVER CRUST RESTAURANT,Caribbean,Prospect Lefferts Gardens-Wingate,Brooklyn,BK0902,40.65737252845,-73.93099502116
restaurant,SILVER RICE,Japanese,Prospect Lefferts Gardens-Wingate,Brooklyn,BK0902,40.65962351379,-73.96055849737
restaurant,SLOW LORIS,Korean,Prospect Lefferts Gardens-Wingate,Brooklyn,BK0902,40.66034267299,-73.96063736528
restaurant,SPICES CUISINE,Caribbean,Prospect Lefferts Gardens-Wingate,Brooklyn,BK0902,40.65808795622,-73.95034514882
restaurant,SPRINKLED BY G,Bakery Products/Desserts,Prospect Lefferts Gardens-Wingate,Brooklyn,BK0902,40.66162759571,-73.94781223118
restaurant,SWEET CATCH,Seafood,Prospect Lefferts Gardens-Wingate,Brooklyn,BK0902,40.65738801424,-73.95029160962
restaurant,TACOS 609,Spanish,Prospect Lefferts Gardens-Wingate,Brooklyn,BK0902,40.65947283798,-73.94757964649
restaurant,TAQUERIA EL PATRON,Mexican,Prospect Lefferts Gardens-Wingate,Brooklyn,BK0902,40.66085061698,-73.96110562789
restaurant,THE BOBBED BANDIT,American,Prospect Lefferts Gardens-Wingate,Brooklyn,BK0902,40.6620500675,-73.95367625798
restaurant,THE GREEN ROOM,American,Prospect Lefferts Gardens-Wingate,Brooklyn,BK0902,40.66277198484,-73.953776679
restaurant,THE OWL MUSIC PARLOR,American,Prospect Lefferts Gardens-Wingate,Brooklyn,BK0902,40.66008472168,-73.95346857902
restaurant,THE WESTBURY INN,American,Prospect Lefferts Gardens-Wingate,Brooklyn,BK0902,40.6568264384,-73.96013847584
restaurant,TROVE WINE BAR / BRIX HAUS BROOKLYN,New American,Prospect Lefferts Gardens-Wingate,Brooklyn,BK0902,40.66282139375,-73.95378385351
restaurant,WENDY'S,Hamburgers,Prospect Lefferts Gardens-Wingate,Brooklyn,BK0902,40.66265151881,-73.96208137493
restaurant,WHITE CASTLE,Hamburgers,Prospect Lefferts Gardens-Wingate,Brooklyn,BK0902,40.66349139936,-73.93226465227
restaurant,WOLFPUP BAR,American,Prospect Lefferts Gardens-Wingate,Brooklyn,BK0902,40.66160264974,-73.953629713
restaurant,ANATOLIAN GYRO RESTAURANT,Turkish,Sheepshead Bay-Manhattan Beach-Gerritsen Beach,Brooklyn,BK1503,40.58757844288,-73.95331767417
restaurant,APANI,Eastern European,Sheepshead Bay-Manhattan Beach-Gerritsen Beach,Brooklyn,BK1503,40.58725470566,-73.95368153643
restaurant,APPLEBEE'S NEIGHBORHOOD GRILL & BAR,American,Sheepshead Bay-Manhattan Beach-Gerritsen Beach,Brooklyn,BK1503,40.58366263452,-73.94338039936
restaurant,ARBUZ CAFE,"Juice, Smoothies, Fruit Salads",Sheepshead Bay-Manhattan Beach-Gerritsen Beach,Brooklyn,BK1503,40.58571683339,-73.95176726666
restaurant,ASIAN BAY SUSHI,Japanese,Sheepshead Bay-Manhattan Beach-Gerritsen Beach,Brooklyn,BK1503,40.58540932134,-73.95154067402
restaurant,AUNTIE ANNE'S / CINNABON / CARVEL,Frozen Desserts,Sheepshead Bay-Manhattan Beach-Gerritsen Beach,Brooklyn,BK1503,40.59384715218,-73.94063159435
restaurant,BACKYARD PIZZA CAFE,Pizza,Sheepshead Bay-Manhattan Beach-Gerritsen Beach,Brooklyn,BK1503,40.58865489453,-73.9480927048
restaurant,BAGEL ROAD,Bagels/Pretzels,Sheepshead Bay-Manhattan Beach-Gerritsen Beach,Brooklyn,BK1503,40.58745540727,-73.95450947906
restaurant,BAKU PALACE,Russian,Sheepshead Bay-Manhattan Beach-Gerritsen Beach,Brooklyn,BK1503,40.5836840872,-73.94810378348
restaurant,BASSETT CATERERS,American,Sheepshead Bay-Manhattan Beach-Gerritsen Beach,Brooklyn,BK1503,40.59210562536,-73.95590693616
restaurant,BAYA BAR,"Juice, Smoothies, Fruit Salads",Sheepshead Bay-Manhattan Beach-Gerritsen Beach,Brooklyn,BK1503,40.58809167849,-73.95322010342
restaurant,BEACH HIDEOUT,American,Sheepshead Bay-Manhattan Beach-Gerritsen Beach,Brooklyn,BK1503,40.59445681744,-73.92695184788
restaurant,BIONIC BAGELS,Bagels/Pretzels,Sheepshead Bay-Manhattan Beach-Gerritsen Beach,Brooklyn,BK1503,40.59259813566,-73.94036626197
restaurant,BRENNAN & CARR,American,Sheepshead Bay-Manhattan Beach-Gerritsen Beach,Brooklyn,BK1503,40.6003858839,-73.94189333042
restaurant,BURCHAK BAKERY,Eastern European,Sheepshead Bay-Manhattan Beach-Gerritsen Beach,Brooklyn,BK1503,40.58687275438,-73.95264130796
restaurant,CACTUS RESTAURANT,Tex-Mex,Sheepshead Bay-Manhattan Beach-Gerritsen Beach,Brooklyn,BK1503,40.59009465073,-73.93991124255
restaurant,CAFE TABU,Russian,Sheepshead Bay-Manhattan Beach-Gerritsen Beach,Brooklyn,BK1503,40.59298888585,-73.94802811164
restaurant,CAFE UZBEGIM,Russian,Sheepshead Bay-Manhattan Beach-Gerritsen Beach,Brooklyn,BK1503,40.58719216055,-73.95515052028
restaurant,CASPIY,Russian,Sheepshead Bay-Manhattan Beach-Gerritsen Beach,Brooklyn,BK1503,40.587870378,-73.9558053323
restaurant,CHIKURIN,Japanese,Sheepshead Bay-Manhattan Beach-Gerritsen Beach,Brooklyn,BK1503,40.58817364021,-73.95229474374
restaurant,CHINATOWN RESTAURANT,Chinese,Sheepshead Bay-Manhattan Beach-Gerritsen Beach,Brooklyn,BK1503,40.5866006775,-73.94568929918
restaurant,CLEMENTE'S MARYLAND CRAB HOUSE,American,Sheepshead Bay-Manhattan Beach-Gerritsen Beach,Brooklyn,BK1503,40.58507013985,-73.92773980431
restaurant,COFFEE SPOT CAFE,Russian,Sheepshead Bay-Manhattan Beach-Gerritsen Beach,Brooklyn,BK1503,40.58720761401,-73.95263026854
restaurant,COFFEE SPOT GELATO,Frozen Desserts,Sheepshead Bay-Manhattan Beach-Gerritsen Beach,Brooklyn,BK1503,40.58722682008,-73.95261225314
restaurant,COLD STONE CREAMERY,Frozen Desserts,Sheepshead Bay-Manhattan Beach-Gerritsen Beach,Brooklyn,BK1503,40.58653688987,-73.92939435333
restaurant,DAVID'S BAKERY AND PIZZA,Pizza,Sheepshead Bay-Manhattan Beach-Gerritsen Beach,Brooklyn,BK1503,40.59433855113,-73.93570175487
restaurant,DELMAR PIZZERIA,Pizza,Sheepshead Bay-Manhattan Beach-Gerritsen Beach,Brooklyn,BK1503,40.58637029517,-73.95224923302
restaurant,DI DI WORLD FAMOUS FOOD,Chinese,Sheepshead Bay-Manhattan Beach-Gerritsen Beach,Brooklyn,BK1503,40.60061003398,-73.94010340253
restaurant,DMITRIEV'S BISTRO,Eastern European,Sheepshead Bay-Manhattan Beach-Gerritsen Beach,Brooklyn,BK1503,40.58758015935,-73.95773532066
restaurant,DOMINO'S,Pizza,Sheepshead Bay-Manhattan Beach-Gerritsen Beach,Brooklyn,BK1503,40.59847257904,-73.94152410355
restaurant,DRURY COFFEE,Bakery Products/Desserts,Sheepshead Bay-Manhattan Beach-Gerritsen Beach,Brooklyn,BK1503,40.58732894126,-73.9539947153
restaurant,DUNKIN,Jewish/Kosher,Sheepshead Bay-Manhattan Beach-Gerritsen Beach,Brooklyn,BK1503,40.59379771051,-73.94056322514
restaurant,DUNKIN,Donuts,Sheepshead Bay-Manhattan Beach-Gerritsen Beach,Brooklyn,BK1503,40.59643148676,-73.93336278361
restaurant,DUNKIN,Donuts,Sheepshead Bay-Manhattan Beach-Gerritsen Beach,Brooklyn,BK1503,40.58683431543,-73.95261253273
restaurant,DUNKIN',Donuts,Sheepshead Bay-Manhattan Beach-Gerritsen Beach,Brooklyn,BK1503,40.5862993301,-73.93142877283
restaurant,E SUSHI II,Japanese,Sheepshead Bay-Manhattan Beach-Gerritsen Beach,Brooklyn,BK1503,40.58897114146,-73.94942462095
restaurant,EL PALENQUE,Latin American,Sheepshead Bay-Manhattan Beach-Gerritsen Beach,Brooklyn,BK1503,40.57734023408,-73.95296127665
restaurant,EMMONS PALACE,Russian,Sheepshead Bay-Manhattan Beach-Gerritsen Beach,Brooklyn,BK1503,40.5836769278,-73.94454323691
restaurant,FUEL,American,Sheepshead Bay-Manhattan Beach-Gerritsen Beach,Brooklyn,BK1503,40.58565092963,-73.9516989095
restaurant,GEORGIAN STAR,Eastern European,Sheepshead Bay-Manhattan Beach-Gerritsen Beach,Brooklyn,BK1503,40.58789511303,-73.95588812465
restaurant,GERRITTSEN BEACH PROPERTY OWNERS ASSOCIATION,American,Sheepshead Bay-Manhattan Beach-Gerritsen Beach,Brooklyn,BK1503,40.58612733155,-73.92418877294
restaurant,GINZA SUSHI,Japanese,Sheepshead Bay-Manhattan Beach-Gerritsen Beach,Brooklyn,BK1503,40.593102392,-73.95021002529
restaurant,GOLDEN LEO RESTAURANT,Russian,Sheepshead Bay-Manhattan Beach-Gerritsen Beach,Brooklyn,BK1503,40.58404207577,-73.95074243142
restaurant,GONGCHA,Coffee/Tea,Sheepshead Bay-Manhattan Beach-Gerritsen Beach,Brooklyn,BK1503,40.58752686594,-73.95474705409
restaurant,GRAND SEAPORT BUFFET,Chinese,Sheepshead Bay-Manhattan Beach-Gerritsen Beach,Brooklyn,BK1503,40.58371937109,-73.94723251817
restaurant,GUAC TIME MEXICAN GRILL,Mexican,Sheepshead Bay-Manhattan Beach-Gerritsen Beach,Brooklyn,BK1503,40.58640873421,-73.95227800784
restaurant,HAJVERI RESTAURANT,American,Sheepshead Bay-Manhattan Beach-Gerritsen Beach,Brooklyn,BK1503,40.59433028317,-73.94072478214
restaurant,HALAL MUNCHIES,Middle Eastern,Sheepshead Bay-Manhattan Beach-Gerritsen Beach,Brooklyn,BK1503,40.59056405655,-73.94000083171
restaurant,HOT POTATO HOUSE,Eastern European,Sheepshead Bay-Manhattan Beach-Gerritsen Beach,Brooklyn,BK1503,40.57691737616,-73.95257279851
restaurant,IZAKAYA SUSHI & LOUNGE,Japanese,Sheepshead Bay-Manhattan Beach-Gerritsen Beach,Brooklyn,BK1503,40.58678213761,-73.95254776411
restaurant,KARADENIZ PIDE,Turkish,Sheepshead Bay-Manhattan Beach-Gerritsen Beach,Brooklyn,BK1503,40.58491504347,-73.95103340294
restaurant,KING WOK,Chinese,Sheepshead Bay-Manhattan Beach-Gerritsen Beach,Brooklyn,BK1503,40.59853022691,-73.9415384567
restaurant,KINGSBREW COFFEE COMPANY (KINGSBOURGH COMMUNITY COLLEGE),Coffee/Tea,Sheepshead Bay-Manhattan Beach-Gerritsen Beach,Brooklyn,BK1503,40.5784896865,-73.93489989999
restaurant,KISS THE NECK,American,Sheepshead Bay-Manhattan Beach-Gerritsen Beach,Brooklyn,BK1503,40.59511059623,-73.95444663136
restaurant,KNAPP STREET BAGEL CAFE,American,Sheepshead Bay-Manhattan Beach-Gerritsen Beach,Brooklyn,BK1503,40.60028010014,-73.93408994148
restaurant,KNAPP STREET PIZZA,Pizza,Sheepshead Bay-Manhattan Beach-Gerritsen Beach,Brooklyn,BK1503,40.6001675494,-73.93406484568
restaurant,KOSAN ASIAN FUSION,Asian/Asian Fusion,Sheepshead Bay-Manhattan Beach-Gerritsen Beach,Brooklyn,BK1503,40.58651031386,-73.95233193958
restaurant,King Wok,Chinese,Sheepshead Bay-Manhattan Beach-Gerritsen Beach,Brooklyn,BK1503,40.59853022691,-73.9415384567
restaurant,LA CASA MIA,Pizza,Sheepshead Bay-Manhattan Beach-Gerritsen Beach,Brooklyn,BK1503,40.58748289374,-73.95460666997
restaurant,LAND-O-FUN,American,Sheepshead Bay-Manhattan Beach-Gerritsen Beach,Brooklyn,BK1503,40.58425154914,-73.96001275201
restaurant,LOKUM MEDITERRANEAN RESTAURANT AND BAR,Mediterranean,Sheepshead Bay-Manhattan Beach-Gerritsen Beach,Brooklyn,BK1503,40.58371937109,-73.94723251817
restaurant,LOQMA CAFE,Turkish,Sheepshead Bay-Manhattan Beach-Gerritsen Beach,Brooklyn,BK1503,40.58574233341,-73.95369699047
restaurant,LUCIA PIZZA,Pizza,Sheepshead Bay-Manhattan Beach-Gerritsen Beach,Brooklyn,BK1503,40.59298615251,-73.94805331838
restaurant,LUCKY STAR,Chinese,Sheepshead Bay-Manhattan Beach-Gerritsen Beach,Brooklyn,BK1503,40.60024166899,-73.93408277746
restaurant,MAMMA LEONE'S,Italian,Sheepshead Bay-Manhattan Beach-Gerritsen Beach,Brooklyn,BK1503,40.57838467533,-73.93858266745
restaurant,MANHATTAN BEACH CONCESSION STAND,American,Sheepshead Bay-Manhattan Beach-Gerritsen Beach,Brooklyn,BK1503,40.57783851978,-73.94404772578
restaurant,MARINA BAR & GRILL,Seafood,Sheepshead Bay-Manhattan Beach-Gerritsen Beach,Brooklyn,BK1503,40.59435177089,-73.93015661483
restaurant,MASAKARI,Japanese,Sheepshead Bay-Manhattan Beach-Gerritsen Beach,Brooklyn,BK1503,40.58676291813,-73.95253337653
restaurant,MASAL CAFE,Turkish,Sheepshead Bay-Manhattan Beach-Gerritsen Beach,Brooklyn,BK1503,40.5835584216,-73.94943233588
restaurant,MASUTA,Japanese,Sheepshead Bay-Manhattan Beach-Gerritsen Beach,Brooklyn,BK1503,40.58566192245,-73.95173130386
restaurant,MCDONALD'S,Hamburgers,Sheepshead Bay-Manhattan Beach-Gerritsen Beach,Brooklyn,BK1503,40.59757769027,-73.94135204678
restaurant,MOUETTE,Eastern European,Sheepshead Bay-Manhattan Beach-Gerritsen Beach,Brooklyn,BK1503,40.59715951956,-73.95097757737
restaurant,MTSKHETA-USA INC,Eastern European,Sheepshead Bay-Manhattan Beach-Gerritsen Beach,Brooklyn,BK1503,40.59306397125,-73.95022445669
restaurant,MY HOUSE,American,Sheepshead Bay-Manhattan Beach-Gerritsen Beach,Brooklyn,BK1503,40.58653778272,-73.95238232421
restaurant,NARGIS CAFE,Turkish,Sheepshead Bay-Manhattan Beach-Gerritsen Beach,Brooklyn,BK1503,40.58652953487,-73.95234992734
restaurant,NEW BEACH BAR,American,Sheepshead Bay-Manhattan Beach-Gerritsen Beach,Brooklyn,BK1503,40.59276481178,-73.92507056793
restaurant,NEW GREAT WALL,Chinese,Sheepshead Bay-Manhattan Beach-Gerritsen Beach,Brooklyn,BK1503,40.59382504413,-73.94034355782
restaurant,NEW GREAT WALL 1419,Chinese,Sheepshead Bay-Manhattan Beach-Gerritsen Beach,Brooklyn,BK1503,40.5947078382,-73.95630849528
restaurant,NEW HOUSE GARDEN KITCHEN,Chinese,Sheepshead Bay-Manhattan Beach-Gerritsen Beach,Brooklyn,BK1503,40.59286853483,-73.94896077435
restaurant,NEW MEI MEI CHINESE RESTAURANT,Chinese,Sheepshead Bay-Manhattan Beach-Gerritsen Beach,Brooklyn,BK1503,40.59707808928,-73.94125526355
restaurant,NEW TOP TACO & CHINA,Tex-Mex,Sheepshead Bay-Manhattan Beach-Gerritsen Beach,Brooklyn,BK1503,40.586502087,-73.952349947
restaurant,NEXT LOUNGE,American,Sheepshead Bay-Manhattan Beach-Gerritsen Beach,Brooklyn,BK1503,40.5929724155,-73.94802452385
restaurant,ODA HOUSE,Eastern European,Sheepshead Bay-Manhattan Beach-Gerritsen Beach,Brooklyn,BK1503,40.58371937109,-73.94723251817
restaurant,OMAKASE SUSHI BY HIRO,Japanese,Sheepshead Bay-Manhattan Beach-Gerritsen Beach,Brooklyn,BK1503,40.58775772313,-73.95549937531
restaurant,ONE ELLEVEN,Eastern European,Sheepshead Bay-Manhattan Beach-Gerritsen Beach,Brooklyn,BK1503,40.57691737168,-73.95256199914
restaurant,OPERA CAFE LOUNGE,Turkish,Sheepshead Bay-Manhattan Beach-Gerritsen Beach,Brooklyn,BK1503,40.5836824888,-73.94469083859
restaurant,ORSO COFFEE,Coffee/Tea,Sheepshead Bay-Manhattan Beach-Gerritsen Beach,Brooklyn,BK1503,40.58537088516,-73.95151910055
restaurant,OVER GREENS,"Juice, Smoothies, Fruit Salads",Sheepshead Bay-Manhattan Beach-Gerritsen Beach,Brooklyn,BK1503,40.58732344155,-73.95396951665
restaurant,PANDA HOUSE,Continental,Sheepshead Bay-Manhattan Beach-Gerritsen Beach,Brooklyn,BK1503,40.5784896865,-73.93489989999
restaurant,PAPA JOHN'S,Pizza,Sheepshead Bay-Manhattan Beach-Gerritsen Beach,Brooklyn,BK1503,40.59786043092,-73.94140581131
restaurant,PEP BAKE HOUSE & COFFEE SHOP,Coffee/Tea,Sheepshead Bay-Manhattan Beach-Gerritsen Beach,Brooklyn,BK1503,40.58555085592,-73.94879717649
restaurant,PERRY'S RESTAURANT,American,Sheepshead Bay-Manhattan Beach-Gerritsen Beach,Brooklyn,BK1503,40.59894198529,-73.94161731635
restaurant,POPEYES LOUISIANA KITCHEN,Chicken,Sheepshead Bay-Manhattan Beach-Gerritsen Beach,Brooklyn,BK1503,40.59221932878,-73.94031619293
restaurant,PRESTIGE FRESH BAR,Vegetarian,Sheepshead Bay-Manhattan Beach-Gerritsen Beach,Brooklyn,BK1503,40.58817364021,-73.95229474374
restaurant,PUFF,Russian,Sheepshead Bay-Manhattan Beach-Gerritsen Beach,Brooklyn,BK1503,40.58789511303,-73.95588812465
restaurant,RAINBOW PLAYSPACE,American,Sheepshead Bay-Manhattan Beach-Gerritsen Beach,Brooklyn,BK1503,40.58752686594,-73.95474705409
restaurant,RANDAZZO'S CLAM BAR,Seafood,Sheepshead Bay-Manhattan Beach-Gerritsen Beach,Brooklyn,BK1503,40.58370308425,-73.94762854817
restaurant,REGAL CINEMAS,American,Sheepshead Bay-Manhattan Beach-Gerritsen Beach,Brooklyn,BK1503,40.58595046293,-73.93096469664
restaurant,RISTRETTO CAFE AND DESSERTS,Coffee/Tea,Sheepshead Bay-Manhattan Beach-Gerritsen Beach,Brooklyn,BK1503,40.58516654371,-73.94870386619
restaurant,"ROCCA, CAFE-LOUNGE",Mediterranean,Sheepshead Bay-Manhattan Beach-Gerritsen Beach,Brooklyn,BK1503,40.58379058938,-73.94129579776
restaurant,ROLL-N-ROASTER,American,Sheepshead Bay-Manhattan Beach-Gerritsen Beach,Brooklyn,BK1503,40.58386660862,-73.93969005742
restaurant,SAKURA JAPANESE RESTAURANT,Japanese,Sheepshead Bay-Manhattan Beach-Gerritsen Beach,Brooklyn,BK1503,40.60201782434,-73.93456717197
restaurant,SALAD HOUSE OF BROOKLYN,Salads,Sheepshead Bay-Manhattan Beach-Gerritsen Beach,Brooklyn,BK1503,40.59451059266,-73.95049703042
restaurant,SEA PEARL LOUNGE & BAR,Eastern European,Sheepshead Bay-Manhattan Beach-Gerritsen Beach,Brooklyn,BK1503,40.58371937109,-73.94723251817
restaurant,SHEEPSHEAD BAY YACHT CLUB,American,Sheepshead Bay-Manhattan Beach-Gerritsen Beach,Brooklyn,BK1503,40.58396636655,-73.93636701032
restaurant,SIGNATURE / FALADA,Russian,Sheepshead Bay-Manhattan Beach-Gerritsen Beach,Brooklyn,BK1503,40.5836922398,-73.94792376938
restaurant,SKYWISE LOUNGE,Fusion,Sheepshead Bay-Manhattan Beach-Gerritsen Beach,Brooklyn,BK1503,40.58371937109,-73.94723251817
restaurant,SOFIA PIZZA II,Pizza,Sheepshead Bay-Manhattan Beach-Gerritsen Beach,Brooklyn,BK1503,40.59876401003,-73.93725309614
restaurant,SOUP N BURGER,American,Sheepshead Bay-Manhattan Beach-Gerritsen Beach,Brooklyn,BK1503,40.58347913233,-73.95013802419
restaurant,STARBUCKS,Coffee/Tea,Sheepshead Bay-Manhattan Beach-Gerritsen Beach,Brooklyn,BK1503,40.58725745482,-73.95369233555
restaurant,STARBUCKS COFFEE #14090,Coffee/Tea,Sheepshead Bay-Manhattan Beach-Gerritsen Beach,Brooklyn,BK1503,40.59981216871,-73.94178580081
restaurant,STONED PIZZA,Pizza,Sheepshead Bay-Manhattan Beach-Gerritsen Beach,Brooklyn,BK1503,40.57852706646,-73.93795615769
restaurant,SUBWAY,Sandwiches,Sheepshead Bay-Manhattan Beach-Gerritsen Beach,Brooklyn,BK1503,40.58732619068,-73.9539803158
restaurant,SUNNY HOUSE,Eastern European,Sheepshead Bay-Manhattan Beach-Gerritsen Beach,Brooklyn,BK1503,40.58409423913,-73.95077119421
restaurant,SWEET & FAVORITE CAKE SHOP,Bakery Products/Desserts,Sheepshead Bay-Manhattan Beach-Gerritsen Beach,Brooklyn,BK1503,40.59298607886,-73.94789128885
restaurant,SWEETFISH,Seafood,Sheepshead Bay-Manhattan Beach-Gerritsen Beach,Brooklyn,BK1503,40.58758015935,-73.95773532066
restaurant,TAP BEER,Russian,Sheepshead Bay-Manhattan Beach-Gerritsen Beach,Brooklyn,BK1503,40.58417110248,-73.95079273841
restaurant,TAQUITOS MEXICO RESTAURANT,Mexican,Sheepshead Bay-Manhattan Beach-Gerritsen Beach,Brooklyn,BK1503,40.59300255414,-73.94790567857
restaurant,TENDA SUSHI,Asian/Asian Fusion,Sheepshead Bay-Manhattan Beach-Gerritsen Beach,Brooklyn,BK1503,40.58545600711,-73.95159824402
restaurant,TERRA,Mediterranean,Sheepshead Bay-Manhattan Beach-Gerritsen Beach,Brooklyn,BK1503,40.58562348479,-73.95170612994
restaurant,TETE A TETE CAFE,Coffee/Tea,Sheepshead Bay-Manhattan Beach-Gerritsen Beach,Brooklyn,BK1503,40.58782898935,-73.95524730116
restaurant,TETE-A-TETE,Russian,Sheepshead Bay-Manhattan Beach-Gerritsen Beach,Brooklyn,BK1503,40.58782898935,-73.95524730116
restaurant,THAI BASIL THAI CUISINE,Thai,Sheepshead Bay-Manhattan Beach-Gerritsen Beach,Brooklyn,BK1503,40.59429185242,-73.94071761493
restaurant,THE G.O.A.T,Middle Eastern,Sheepshead Bay-Manhattan Beach-Gerritsen Beach,Brooklyn,BK1503,40.58733633993,-73.95196051146
restaurant,THE GATHER INN AGAIN,Irish,Sheepshead Bay-Manhattan Beach-Gerritsen Beach,Brooklyn,BK1503,40.59281700042,-73.92512811953
restaurant,TREND,New American,Sheepshead Bay-Manhattan Beach-Gerritsen Beach,Brooklyn,BK1503,40.5836922398,-73.94792376938
restaurant,UMI BUFFET,Asian/Asian Fusion,Sheepshead Bay-Manhattan Beach-Gerritsen Beach,Brooklyn,BK1503,40.59027581235,-73.93992188044
restaurant,UNCLE LOUIE G'S,Frozen Desserts,Sheepshead Bay-Manhattan Beach-Gerritsen Beach,Brooklyn,BK1503,40.60243191883,-73.93392575643
restaurant,V & S PIZZERIA OF SHEAPSHEAD BAY,Pizza,Sheepshead Bay-Manhattan Beach-Gerritsen Beach,Brooklyn,BK1503,40.58336983077,-73.95127574944
restaurant,VANKA CAFE,Russian,Sheepshead Bay-Manhattan Beach-Gerritsen Beach,Brooklyn,BK1503,40.59081660149,-73.94004741095
restaurant,VETERANS OF FOREIGN WARS POST #107 CANTEEN,American,Sheepshead Bay-Manhattan Beach-Gerritsen Beach,Brooklyn,BK1503,40.59810167085,-73.9310133007
restaurant,VICTORIA PIZZA,Pizza,Sheepshead Bay-Manhattan Beach-Gerritsen Beach,Brooklyn,BK1503,40.59284171999,-73.92515329626
restaurant,WHEELER'S,American,Sheepshead Bay-Manhattan Beach-Gerritsen Beach,Brooklyn,BK1503,40.58574427671,-73.95175644597
restaurant,WILDBERRY CAKE,Bakery Products/Desserts,Sheepshead Bay-Manhattan Beach-Gerritsen Beach,Brooklyn,BK1503,40.5833643657,-73.95133335563
restaurant,YIASOU / NEXT DOOR,Greek,Sheepshead Bay-Manhattan Beach-Gerritsen Beach,Brooklyn,BK1503,40.58368680422,-73.94804257873
restaurant,YOGURT CITY,Frozen Desserts,Sheepshead Bay-Manhattan Beach-Gerritsen Beach,Brooklyn,BK1503,40.58371937109,-73.94723251817
restaurant,ANGELES BAKERY,Bakery Products/Desserts,South Williamsburg,Brooklyn,BK0103,40.70054915722,-73.9433853348
restaurant,BISCOTTI,Jewish/Kosher,South Williamsburg,Brooklyn,BK0103,40.70006384373,-73.95723096012
restaurant,BISCOTTI,Jewish/Kosher,South Williamsburg,Brooklyn,BK0103,40.70006384373,-73.95723096012
restaurant,CAFE AU LEE,Jewish/Kosher,South Williamsburg,Brooklyn,BK0103,40.70216036684,-73.95595648832
restaurant,CHEESY KOSHER,Jewish/Kosher,South Williamsburg,Brooklyn,BK0103,40.70404008132,-73.95479028437
restaurant,COZZI PIZZA,Pizza,South Williamsburg,Brooklyn,BK0103,40.70385853253,-73.94742919634
restaurant,GOLDEN RING,Jewish/Kosher,South Williamsburg,Brooklyn,BK0103,40.70354537192,-73.96045667137
restaurant,GUERRERO DELI CAFE,Spanish,South Williamsburg,Brooklyn,BK0103,40.70013917398,-73.94701018389
restaurant,HABANERO CAFE MEXICAN GRILL,Mexican,South Williamsburg,Brooklyn,BK0103,40.70047261001,-73.94400932203
restaurant,MCDONALD'S,Hamburgers,South Williamsburg,Brooklyn,BK0103,40.70155920259,-73.94332316248
restaurant,MIRAKUYA,Japanese,South Williamsburg,Brooklyn,BK0103,40.70054095316,-73.94344665211
restaurant,MOZZARELLA,Jewish/Kosher,South Williamsburg,Brooklyn,BK0103,40.69989229506,-73.95369674607
restaurant,PANINI LA CAFE,Jewish/Kosher,South Williamsburg,Brooklyn,BK0103,40.7063341194,-73.96063174408
restaurant,PICA PICA CON SABOR,Latin American,South Williamsburg,Brooklyn,BK0103,40.70719641702,-73.95440941618
restaurant,RACER TECHNOLOGIES (GHOST KITCHEN),Fusion,South Williamsburg,Brooklyn,BK0103,40.70750144424,-73.95531813721
restaurant,RIVERA'S BAGEL CAFE,Bagels/Pretzels,South Williamsburg,Brooklyn,BK0103,40.70064209935,-73.94262067871
restaurant,SHELI,Latin American,South Williamsburg,Brooklyn,BK0103,40.70571546896,-73.95074234791
restaurant,SONIC,Hamburgers,South Williamsburg,Brooklyn,BK0103,40.70110869053,-73.94258060385
restaurant,STEINBERG'S KOSHER BAKERY,Jewish/Kosher,South Williamsburg,Brooklyn,BK0103,40.70674398928,-73.96334383393
restaurant,SWEET FIRE CAFE & STUDIO,Vegan,South Williamsburg,Brooklyn,BK0103,40.70783944962,-73.95635308583
restaurant,THE CONTINENTAL,Jewish/Kosher,South Williamsburg,Brooklyn,BK0103,40.70053399276,-73.95941258282
restaurant,W FOOD COURT,Jewish/Kosher,South Williamsburg,Brooklyn,BK0103,40.69837432472,-73.96075547271
restaurant,APPLEBEE'S,American,Spring Creek-Starrett City,Brooklyn,BK0504,40.65278737504,-73.87695931374
restaurant,ARMANDO'S PIZZA,Pizza,Spring Creek-Starrett City,Brooklyn,BK0504,40.64798374272,-73.88192681495
restaurant,BOSTON MARKET,Chicken,Spring Creek-Starrett City,Brooklyn,BK0504,40.64820082876,-73.88216787395
restaurant,BUFFALO WILD WINGS,Chicken,Spring Creek-Starrett City,Brooklyn,BK0504,40.65236139165,-73.87645555955
restaurant,CHENS GARDEN,Chinese,Spring Creek-Starrett City,Brooklyn,BK0504,40.65021328819,-73.89102595282
restaurant,CHICK-FIL-A,Chicken,Spring Creek-Starrett City,Brooklyn,BK0504,40.65100846854,-73.86926488111
restaurant,CHINA STAR,Chinese,Spring Creek-Starrett City,Brooklyn,BK0504,40.64795076823,-73.88189083715
restaurant,CROWN FRIED CHICKEN,Chicken,Spring Creek-Starrett City,Brooklyn,BK0504,40.65575037233,-73.87318758379
restaurant,DALLAS BBQ,Chicken,Spring Creek-Starrett City,Brooklyn,BK0504,40.65514306396,-73.86770341103
restaurant,DAVE & BUSTER'S,American,Spring Creek-Starrett City,Brooklyn,BK0504,40.65018351106,-73.87034042427
restaurant,DUNKIN,Donuts,Spring Creek-Starrett City,Brooklyn,BK0504,40.64926650947,-73.87256930596
restaurant,DUNKIN,Coffee/Tea,Spring Creek-Starrett City,Brooklyn,BK0504,40.64804969536,-73.88200237429
restaurant,DUNKIN,Donuts,Spring Creek-Starrett City,Brooklyn,BK0504,40.65245758314,-73.87657070498
restaurant,EKO,African,Spring Creek-Starrett City,Brooklyn,BK0504,40.65018586782,-73.89105482785
restaurant,FIVE GUYS BURGERS AND FRIES,Chicken,Spring Creek-Starrett City,Brooklyn,BK0504,40.65514306396,-73.86770341103
restaurant,FUSION EAST,Caribbean,Spring Creek-Starrett City,Brooklyn,BK0504,40.65605288685,-73.87372041004
restaurant,GOLDEN KRUST CARIBBEAN BAKERY & GRILL,Caribbean,Spring Creek-Starrett City,Brooklyn,BK0504,40.64800022995,-73.88194480386
restaurant,HOT BAGELS,Spanish,Spring Creek-Starrett City,Brooklyn,BK0504,40.65027086681,-73.89096099067
restaurant,IHOP,Pancakes/Waffles,Spring Creek-Starrett City,Brooklyn,BK0504,40.65017764034,-73.89106204886
restaurant,OLIVE GARDEN,Italian,Spring Creek-Starrett City,Brooklyn,BK0504,40.65126882293,-73.86891479856
restaurant,PANERA BREAD,American,Spring Creek-Starrett City,Brooklyn,BK0504,40.65259499659,-73.87673262482
restaurant,PIZZA STUDIO,Pizza,Spring Creek-Starrett City,Brooklyn,BK0504,40.65259499659,-73.87673262482
restaurant,RED CRAB JUICY SEAFOOD & BAR,Seafood,Spring Creek-Starrett City,Brooklyn,BK0504,40.65514306396,-73.86770341103
restaurant,RED LOBSTER,Seafood,Spring Creek-Starrett City,Brooklyn,BK0504,40.65098379845,-73.86929376007
restaurant,SALLY'S CARIBBEAN RESTAURANT,Caribbean,Spring Creek-Starrett City,Brooklyn,BK0504,40.65514306396,-73.86770341103
restaurant,SARKU JAPAN,Chinese/Japanese,Spring Creek-Starrett City,Brooklyn,BK0504,40.65026263933,-73.8909682117
restaurant,SARKU JAPAN,Japanese,Spring Creek-Starrett City,Brooklyn,BK0504,40.65026263933,-73.8909682117
restaurant,SMASHBURGER #1712,Hamburgers,Spring Creek-Starrett City,Brooklyn,BK0504,40.65259499659,-73.87673262482
restaurant,SUBWAY,Sandwiches,Spring Creek-Starrett City,Brooklyn,BK0504,40.65020780206,-73.89102956558
restaurant,WINGSTOP,Other,Spring Creek-Starrett City,Brooklyn,BK0504,40.65026264276,-73.89097181546
restaurant,WINGSTOP,Chicken,Spring Creek-Starrett City,Brooklyn,BK0504,40.65026264276,-73.89097181546
restaurant,168 GOODY KITCHEN,Chinese,Sunset Park (Central),Brooklyn,BK0703,40.64256287498,-74.00938670744
restaurant,4618 BAKERY,Bakery Products/Desserts,Sunset Park (Central),Brooklyn,BK0703,40.64320003833,-74.00154945216
restaurant,98K HAMBURGER,Chicken,Sunset Park (Central),Brooklyn,BK0703,40.64002128104,-74.00843870566
restaurant,ADMIRE - GREENWOOD,Chinese,Sunset Park (Central),Brooklyn,BK0703,40.63766084618,-74.00731064295
restaurant,ANDREA'S CUCINA,Italian,Sunset Park (Central),Brooklyn,BK0703,40.65162921619,-74.00351373829
restaurant,ANGELITOS BAKERY,Mexican,Sunset Park (Central),Brooklyn,BK0703,40.65060263091,-74.00457679866
restaurant,ASEA FUSION & YAKITORI LOUNGE,Asian/Asian Fusion,Sunset Park (Central),Brooklyn,BK0703,40.64599422789,-73.99864507324
restaurant,ATITLAN RESTAURANTE & PIZZERIA,Latin American,Sunset Park (Central),Brooklyn,BK0703,40.65115435317,-74.00400383112
restaurant,BA XUYEN SANDWICH,Asian/Asian Fusion,Sunset Park (Central),Brooklyn,BK0703,40.64542606374,-73.99923966196
restaurant,BAKER WAH,Bakery Products/Desserts,Sunset Park (Central),Brooklyn,BK0703,40.63985404975,-74.00503006125
restaurant,BAKERY 1988,Bakery Products/Desserts,Sunset Park (Central),Brooklyn,BK0703,40.63704597227,-74.00795191708
restaurant,BAMBOO SEAFOOD RESTAURANT,Chinese,Sunset Park (Central),Brooklyn,BK0703,40.64176708129,-74.00662646768
restaurant,BARLEY TIME,Bakery Products/Desserts,Sunset Park (Central),Brooklyn,BK0703,40.63716651378,-74.01075510447
restaurant,BARRERAS CAFE+DELI,American,Sunset Park (Central),Brooklyn,BK0703,40.64268056772,-74.01282071565
restaurant,BEST BAKERY 828,Bakery Products/Desserts,Sunset Park (Central),Brooklyn,BK0703,40.63875882596,-74.00617217261
restaurant,BK SOHO CATERING,Other,Sunset Park (Central),Brooklyn,BK0703,40.6477014721,-73.99800359387
restaurant,C & L NEW YORK TRADING INC,Chinese,Sunset Park (Central),Brooklyn,BK0703,40.64004598593,-74.00841348636
restaurant,CAFE CON PAN BAKERY,Bakery Products/Desserts,Sunset Park (Central),Brooklyn,BK0703,40.64276841117,-74.01272704539
restaurant,CAFE MIX,Bottled Beverages,Sunset Park (Central),Brooklyn,BK0703,40.63574463762,-74.01156554335
restaurant,CARVEL,Frozen Desserts,Sunset Park (Central),Brooklyn,BK0703,40.64052289629,-74.01506511305
restaurant,CASA VIEJA RESTAURANT,Mexican,Sunset Park (Central),Brooklyn,BK0703,40.63935619846,-74.01627551335
restaurant,CHAPIYORK 2,Mexican,Sunset Park (Central),Brooklyn,BK0703,40.64550523849,-74.00988440627
restaurant,CHF RESTAURANT,Chinese,Sunset Park (Central),Brooklyn,BK0703,40.64272997942,-74.01277027825
restaurant,CHINA DELIGHT,Chinese,Sunset Park (Central),Brooklyn,BK0703,40.65057792688,-74.0046020234
restaurant,CHINESE SAUERKRAUT FISH,Chinese,Sunset Park (Central),Brooklyn,BK0703,40.63648864959,-74.00966688476
restaurant,CHOO FOR GOOD,Chinese,Sunset Park (Central),Brooklyn,BK0703,40.63778134631,-74.01074079161
restaurant,CHUAN TIAN XIA,Chinese,Sunset Park (Central),Brooklyn,BK0703,40.63954914144,-74.0089286781
restaurant,CHUN YANG TEA,Coffee/Tea,Sunset Park (Central),Brooklyn,BK0703,40.63533858064,-74.00972796769
restaurant,CPZ,Chinese,Sunset Park (Central),Brooklyn,BK0703,40.63652707135,-74.00972814161
restaurant,DA GE XIAO CHI,Chinese,Sunset Park (Central),Brooklyn,BK0703,40.64290073963,-74.00541585143
restaurant,DAO HUA XIANG,Chinese,Sunset Park (Central),Brooklyn,BK0703,40.63743296849,-74.00820778096
restaurant,DEXIN YUAN ZAI BING,Chinese,Sunset Park (Central),Brooklyn,BK0703,40.63649673953,-74.01124860899
restaurant,DIN'S KITCHEN,Chinese,Sunset Park (Central),Brooklyn,BK0703,40.6412016206,-74.00721734739
restaurant,DING HAI WAN RESTAURANT,Chinese,Sunset Park (Central),Brooklyn,BK0703,40.64265104624,-74.00325742601
restaurant,DRAGON BAY BAKERY,Chinese,Sunset Park (Central),Brooklyn,BK0703,40.63594522962,-74.0090939313
restaurant,DUNKIN,Donuts,Sunset Park (Central),Brooklyn,BK0703,40.65109122094,-74.00406869581
restaurant,EAT STREET NYC,American,Sunset Park (Central),Brooklyn,BK0703,40.65144256513,-74.00370473109
restaurant,EL ARCOIRIS DELI GROCERY,Latin American,Sunset Park (Central),Brooklyn,BK0703,40.64051466052,-74.01507592087
restaurant,EL CERRITO TACOS Y TORTAS,Mexican,Sunset Park (Central),Brooklyn,BK0703,40.64268056772,-74.01282071565
restaurant,EL COMEDOR RESTAURANTE,Latin American,Sunset Park (Central),Brooklyn,BK0703,40.64156879598,-74.01397715689
restaurant,EL QUETZALITO,Latin American,Sunset Park (Central),Brooklyn,BK0703,40.64612286802,-74.00923946524
restaurant,EL QUETZALITO,Latin American,Sunset Park (Central),Brooklyn,BK0703,40.64458610374,-74.00369353857
restaurant,EL REY DEL PESCADO,Seafood,Sunset Park (Central),Brooklyn,BK0703,40.64775339205,-74.00754238501
restaurant,EL SABOR DE LA VIDA 517,"Juice, Smoothies, Fruit Salads",Sunset Park (Central),Brooklyn,BK0703,40.64419319538,-74.01031301944
restaurant,EL VIEJO JHONS RESTAURANT,Mexican,Sunset Park (Central),Brooklyn,BK0703,40.64164291429,-74.01390150333
restaurant,FAFA ROOM,Chinese,Sunset Park (Central),Brooklyn,BK0703,40.6358955749,-74.0118177783
restaurant,FANTASTIC BAR & LOUNGE,American,Sunset Park (Central),Brooklyn,BK0703,40.64433638762,-74.00036755075
restaurant,FEENEY'S PUB,American,Sunset Park (Central),Brooklyn,BK0703,40.63824713643,-74.0174318397
restaurant,FEILONG HOT SPICY POT,Chinese,Sunset Park (Central),Brooklyn,BK0703,40.64380115215,-74.0009260763
restaurant,FIRE NOODLES INC,Chinese,Sunset Park (Central),Brooklyn,BK0703,40.64210756048,-74.00386996342
restaurant,FISH WITH YOU,Seafood,Sunset Park (Central),Brooklyn,BK0703,40.63590944786,-74.01027210151
restaurant,FORTUNE BAKERY,Chinese,Sunset Park (Central),Brooklyn,BK0703,40.63762241669,-74.00735027255
restaurant,FU JU LAI,Other,Sunset Park (Central),Brooklyn,BK0703,40.6417808077,-74.00658322944
restaurant,FUDING WOK,Chinese,Sunset Park (Central),Brooklyn,BK0703,40.64117691598,-74.00724256758
restaurant,FUNNY HIBACHI CATERING,Asian/Asian Fusion,Sunset Park (Central),Brooklyn,BK0703,40.64397674014,-74.0043277065
restaurant,FUZHOU YIZHANG FISH BALL,Chinese,Sunset Park (Central),Brooklyn,BK0703,40.63647204389,-74.01117294155
restaurant,GAO VILLAGE RESTAURANT,Chinese,Sunset Park (Central),Brooklyn,BK0703,40.64116593799,-74.00722455005
restaurant,GEORGE'S,American,Sunset Park (Central),Brooklyn,BK0703,40.64108839747,-74.01447430613
restaurant,GIA LAM I,Southeast Asian,Sunset Park (Central),Brooklyn,BK0703,40.64211033926,-74.00268086863
restaurant,GIA LAM II,Southeast Asian,Sunset Park (Central),Brooklyn,BK0703,40.63873686635,-74.00619739252
restaurant,GIGI'S COFFEE HOUSE,American,Sunset Park (Central),Brooklyn,BK0703,40.63860412825,-74.01627532921
restaurant,GOLDEN BEAN SPROUTS NOODLE HOUSE,Other,Sunset Park (Central),Brooklyn,BK0703,40.63967221743,-74.01342907384
restaurant,GOLDEN SEAFOOD PALACE,Chinese,Sunset Park (Central),Brooklyn,BK0703,40.64431991887,-74.00038556785
restaurant,GOLDEN STEAMER ON 8,Bakery Products/Desserts,Sunset Park (Central),Brooklyn,BK0703,40.63981287628,-74.00506969327
restaurant,GONG FU XIAO LONG BAO,Chinese,Sunset Park (Central),Brooklyn,BK0703,40.63532211072,-74.00974237708
restaurant,GOOD LUCK 88,Chinese,Sunset Park (Central),Brooklyn,BK0703,40.64044415087,-74.00561022557
restaurant,GOOD VIEW DELICIOUS BAKERY,Bakery Products/Desserts,Sunset Park (Central),Brooklyn,BK0703,40.64375998011,-74.0009657132
restaurant,GOURMET SEAFOOD HOUSE,Seafood,Sunset Park (Central),Brooklyn,BK0703,40.64318629536,-74.00260163774
restaurant,GRAND ROYAL PALACE,Chinese,Sunset Park (Central),Brooklyn,BK0703,40.6383495675,-74.01017879761
restaurant,GREAT DRAGON,Chinese,Sunset Park (Central),Brooklyn,BK0703,40.64541782944,-73.99924686905
restaurant,GREAT FOREST FOODS,Chinese,Sunset Park (Central),Brooklyn,BK0703,40.63545374156,-74.01105026986
restaurant,GREAT HARVEST,Chinese,Sunset Park (Central),Brooklyn,BK0703,40.63747688242,-74.00824381705
restaurant,GREAT TASTE HOUSE,Chinese,Sunset Park (Central),Brooklyn,BK0703,40.6393407509,-74.00556329126
restaurant,GREAT WALL CHINESE CUISINE,Chinese,Sunset Park (Central),Brooklyn,BK0703,40.64151745039,-74.00329700661
restaurant,GWONGFU BEEF MIX,Chinese,Sunset Park (Central),Brooklyn,BK0703,40.63614253577,-74.01247356722
restaurant,HAPPY HOUSE SEAFOOD RESTARANT,Chinese,Sunset Park (Central),Brooklyn,BK0703,40.64097396585,-74.00386629417
restaurant,HARBOR BAY SEAFOOD RESTAURANT,Chinese,Sunset Park (Central),Brooklyn,BK0703,40.63593963885,-74.01029012109
restaurant,HAWAIIAN FRIED WINGS,Chicken,Sunset Park (Central),Brooklyn,BK0703,40.64103349455,-74.01453194633
restaurant,HE XIN,Chinese,Sunset Park (Central),Brooklyn,BK0703,40.63891782313,-74.00916279773
restaurant,HEYTEA,Coffee/Tea,Sunset Park (Central),Brooklyn,BK0703,40.63716651378,-74.01075510447
restaurant,HOT SPACE SZECHWAN RESTAURANT,Chinese,Sunset Park (Central),Brooklyn,BK0703,40.64087511614,-74.00485357922
restaurant,HUA YI JIA,Chinese,Sunset Park (Central),Brooklyn,BK0703,40.63893425853,-74.00956995548
restaurant,HUG TEA,Coffee/Tea,Sunset Park (Central),Brooklyn,BK0703,40.63518492607,-74.00907941552
restaurant,IBAKERY,Bakery Products/Desserts,Sunset Park (Central),Brooklyn,BK0703,40.63590405445,-74.00913716145
restaurant,INTERNET AND COFFEE,Coffee/Tea,Sunset Park (Central),Brooklyn,BK0703,40.64662277299,-73.99798560846
restaurant,IRESTAURANT,Chinese/Japanese,Sunset Park (Central),Brooklyn,BK0703,40.63589581924,-74.00914796926
restaurant,J PETAL,Frozen Desserts,Sunset Park (Central),Brooklyn,BK0703,40.64613110294,-74.00923225932
restaurant,JI BEI CHUAN,Chinese,Sunset Park (Central),Brooklyn,BK0703,40.63984581509,-74.00503726702
restaurant,JIAN BAO,Chinese,Sunset Park (Central),Brooklyn,BK0703,40.63649422958,-74.00852833326
restaurant,JIN FENG YUAN,Chinese,Sunset Park (Central),Brooklyn,BK0703,40.63927761758,-74.00563174611
restaurant,JIN XI DESSERT,Chinese,Sunset Park (Central),Brooklyn,BK0703,40.63652158545,-74.00968490463
restaurant,JIN YUAN RESTAURANT,Chinese,Sunset Park (Central),Brooklyn,BK0703,40.64172590706,-74.00666970314
restaurant,JING WEI HOTPOT,Chinese,Sunset Park (Central),Brooklyn,BK0703,40.63655437072,-74.01134229719
restaurant,JOE'S STEAM RICE ROLL,Chinese,Sunset Park (Central),Brooklyn,BK0703,40.63704863235,-74.00909047921
restaurant,JOOY TEA SHOPPE,Coffee/Tea,Sunset Park (Central),Brooklyn,BK0703,40.63537152108,-74.00969194298
restaurant,JOOY TEA SHOPPE,Coffee/Tea,Sunset Park (Central),Brooklyn,BK0703,40.63932702612,-74.00558130595
restaurant,KIDS POINT,American,Sunset Park (Central),Brooklyn,BK0703,40.64145428707,-74.00430231929
restaurant,KING'S KITCHEN,Chinese,Sunset Park (Central),Brooklyn,BK0703,40.63717458908,-74.01233324191
restaurant,KOONG WING RESTAURANT,Chinese,Sunset Park (Central),Brooklyn,BK0703,40.6406980505,-74.01855309057
restaurant,LA CABANA,Mexican,Sunset Park (Central),Brooklyn,BK0703,40.64780280141,-74.00749193984
restaurant,LA FLOR DE IZUCAR CAFE,Spanish,Sunset Park (Central),Brooklyn,BK0703,40.65053126358,-74.00465247302
restaurant,LA HACIENDA PANADERIA,Bakery Products/Desserts,Sunset Park (Central),Brooklyn,BK0703,40.64106643603,-74.01449952418
restaurant,LA QUEEN TEA HOUSE,Chinese,Sunset Park (Central),Brooklyn,BK0703,40.63553606857,-74.01121962274
restaurant,LA SNACKERIA NYC,Spanish,Sunset Park (Central),Brooklyn,BK0703,40.64044328669,-74.01514796924
restaurant,LAANKEE,Coffee/Tea,Sunset Park (Central),Brooklyn,BK0703,40.63822081747,-74.00672700117
restaurant,LAI LAI GOURMET,Chinese,Sunset Park (Central),Brooklyn,BK0703,40.63925565826,-74.00565336323
restaurant,LANG QI SEAFOOD RESTAURANT,Chinese,Sunset Park (Central),Brooklyn,BK0703,40.63842917573,-74.01007071624
restaurant,LANZHOU NOODLES,Chinese,Sunset Park (Central),Brooklyn,BK0703,40.63898092612,-74.00949429608
restaurant,LAO DI FANG,Chinese,Sunset Park (Central),Brooklyn,BK0703,40.64089158513,-74.00484637392
restaurant,LAO JIU GUAN,Chinese,Sunset Park (Central),Brooklyn,BK0703,40.6412071122,-74.00718491856
restaurant,LAS CONCHITAS BAKERY,Mexican,Sunset Park (Central),Brooklyn,BK0703,40.64608992803,-74.00927189247
restaurant,LATE NIGHT,Chinese,Sunset Park (Central),Brooklyn,BK0703,40.63989522337,-74.00498682599
restaurant,LCZAW RESTAURANT,Chinese,Sunset Park (Central),Brooklyn,BK0703,40.64324944507,-74.001499006
restaurant,LE TIAN JIU JIA,Chinese,Sunset Park (Central),Brooklyn,BK0703,40.64175884653,-74.00663367345
restaurant,LIANG JIANG HUANG QI DAMEI XIAO CHI,Chinese,Sunset Park (Central),Brooklyn,BK0703,40.63946130335,-74.00899352344
restaurant,LIEBRE CAFE,Coffee/Tea,Sunset Park (Central),Brooklyn,BK0703,40.64788538957,-74.00022702876
restaurant,LITTLE THANH DA,Southeast Asian,Sunset Park (Central),Brooklyn,BK0703,40.63757300737,-74.0074007101
restaurant,LOS CABOS CANTINA,Mexican,Sunset Park (Central),Brooklyn,BK0703,40.65055322284,-74.00462724812
restaurant,LUCKY VEGE HOUSE,Chinese,Sunset Park (Central),Brooklyn,BK0703,40.63666959191,-74.01192960962
restaurant,LUCKY ZHANG,Chinese,Sunset Park (Central),Brooklyn,BK0703,40.63666135681,-74.01193681419
restaurant,LUCKY ZHANG'S,Chinese,Sunset Park (Central),Brooklyn,BK0703,40.63758124218,-74.00739350487
restaurant,MAI THAI KITCHEN,Thai,Sunset Park (Central),Brooklyn,BK0703,40.64361695784,-74.00825899218
restaurant,MALA TOWN,Chinese,Sunset Park (Central),Brooklyn,BK0703,40.63511082687,-74.00895330255
restaurant,MANGO MANGO,Frozen Desserts,Sunset Park (Central),Brooklyn,BK0703,40.64066909716,-74.00776498204
restaurant,MASTER'S PIZZERIA,Pizza,Sunset Park (Central),Brooklyn,BK0703,40.64388840529,-74.01156335697
restaurant,MAYA'S SNACK BAR,Frozen Desserts,Sunset Park (Central),Brooklyn,BK0703,40.64328997876,-74.01218303457
restaurant,MAYLIN GARDEN,Chinese,Sunset Park (Central),Brooklyn,BK0703,40.63820434772,-74.00674501503
restaurant,MBL & Q BURGER,Chicken,Sunset Park (Central),Brooklyn,BK0703,40.64491553679,-73.99977658485
restaurant,MCDONALD'S,Hamburgers,Sunset Park (Central),Brooklyn,BK0703,40.64437153623,-74.01106256277
restaurant,MEI QING RESTAURANT,Chinese,Sunset Park (Central),Brooklyn,BK0703,40.6438231106,-74.00090085273
restaurant,MELONPANNA TEA & SHOT,Bakery Products/Desserts,Sunset Park (Central),Brooklyn,BK0703,40.64177257273,-74.00659403853
restaurant,MIN JIANG MEI SHI,Chinese,Sunset Park (Central),Brooklyn,BK0703,40.63779781399,-74.01075160352
restaurant,MISS DONG BURGER,Chicken,Sunset Park (Central),Brooklyn,BK0703,40.64001308399,-74.00791623999
restaurant,MOON & FLOWER HOUSE,Chicken,Sunset Park (Central),Brooklyn,BK0703,40.63726527285,-74.01130638793
restaurant,MR DUCK,Chinese,Sunset Park (Central),Brooklyn,BK0703,40.63898915897,-74.009512313
restaurant,MR. BBQ FOOD,Barbecue,Sunset Park (Central),Brooklyn,BK0703,40.63645305462,-74.00857156412
restaurant,MX BREAD,Bakery Products/Desserts,Sunset Park (Central),Brooklyn,BK0703,40.64006245594,-74.00839547241
restaurant,MY BAKERY NY,Bakery Products/Desserts,Sunset Park (Central),Brooklyn,BK0703,40.63730644884,-74.01126315824
restaurant,NEW BELACAN RESTAURANT,Asian/Asian Fusion,Sunset Park (Central),Brooklyn,BK0703,40.63591228937,-74.00912995662
restaurant,NEW DOUBLE FIRE,Chinese,Sunset Park (Central),Brooklyn,BK0703,40.63533034568,-74.00973517239
restaurant,NEW EASTERN SEA RESTAURANT,Chinese,Sunset Park (Central),Brooklyn,BK0703,40.64226117059,-74.00611124128
restaurant,NEW FU SHEN RESTAURANT,Chinese,Sunset Park (Central),Brooklyn,BK0703,40.63611782999,-74.01249878354
restaurant,NEW FUZHOU RESTAURANT,Chinese,Sunset Park (Central),Brooklyn,BK0703,40.64150098129,-74.00331141893
restaurant,NEW GREAT WALL,Chinese,Sunset Park (Central),Brooklyn,BK0703,40.64827493466,-74.00700189635
restaurant,NEW LONG RIVER,Chinese,Sunset Park (Central),Brooklyn,BK0703,40.63879892015,-74.01688070419
restaurant,NEW NOODLE VILLAGE,Chinese,Sunset Park (Central),Brooklyn,BK0703,40.63984850434,-74.00617227379
restaurant,NEW YUMMY BAKERY,Chinese,Sunset Park (Central),Brooklyn,BK0703,40.64099043515,-74.00384827884
restaurant,NEW YUN NAN FLAVOUR GARDEN,Chinese,Sunset Park (Central),Brooklyn,BK0703,40.63989522337,-74.00498682599
restaurant,NEW YW GOLDEN BAKERY,Bakery Products/Desserts,Sunset Park (Central),Brooklyn,BK0703,40.64067334337,-74.01857830635
restaurant,NG'S KITCHEN,Chinese,Sunset Park (Central),Brooklyn,BK0703,40.63535505086,-74.00970995534
restaurant,NIEVES TIA MIMI DELI,Mexican,Sunset Park (Central),Brooklyn,BK0703,40.64665265384,-74.00868819355
restaurant,NIEVES TIA MIMI ICES,Mexican,Sunset Park (Central),Brooklyn,BK0703,40.64268880328,-74.01280990719
restaurant,NIGHT°,Bottled Beverages,Sunset Park (Central),Brooklyn,BK0703,40.63668332031,-74.0118863758
restaurant,NO.1 FAVOR TASTE RESTAURANT,Chinese,Sunset Park (Central),Brooklyn,BK0703,40.63572542705,-74.01153671624
restaurant,OC DESSERT,Asian/Asian Fusion,Sunset Park (Central),Brooklyn,BK0703,40.6380588114,-74.00773945543
restaurant,OLD DUCK NOODLE,Chinese,Sunset Park (Central),Brooklyn,BK0703,40.63588758432,-74.00915517409
restaurant,ORCHID TEA CAFE,Chinese,Sunset Park (Central),Brooklyn,BK0703,40.64320003833,-74.00154945216
restaurant,ORCHID TEA CAFE,Coffee/Tea,Sunset Park (Central),Brooklyn,BK0703,40.64459433832,-74.00368633212
restaurant,PANADERIA MELISSA BAKERY,Bakery Products/Desserts,Sunset Park (Central),Brooklyn,BK0703,40.63874676558,-74.0169059129
restaurant,PANDA BAKERY,Chinese,Sunset Park (Central),Brooklyn,BK0703,40.64601069636,-73.99862705526
restaurant,PARIS BAGUETTE,Bakery Products/Desserts,Sunset Park (Central),Brooklyn,BK0703,40.63651069935,-74.00851392332
restaurant,PARLAY,American,Sunset Park (Central),Brooklyn,BK0703,40.64653768634,-73.99807569999
restaurant,PHO BK,Asian/Asian Fusion,Sunset Park (Central),Brooklyn,BK0703,40.63765261137,-74.0073178482
restaurant,POKE BOWL 101,Asian/Asian Fusion,Sunset Park (Central),Brooklyn,BK0703,40.64489906813,-73.99979099879
restaurant,POKE BOWL STATION,Hawaiian,Sunset Park (Central),Brooklyn,BK0703,40.63609312419,-74.01252399984
restaurant,POPEYES,Chicken,Sunset Park (Central),Brooklyn,BK0703,40.63667508522,-74.01189358037
restaurant,PRIMO PICA POLLO,Chicken,Sunset Park (Central),Brooklyn,BK0703,40.65144256513,-74.00370473109
restaurant,PRINCE TEA HOUSE,Asian/Asian Fusion,Sunset Park (Central),Brooklyn,BK0703,40.63607116317,-74.01254921663
restaurant,QING SHU SPICY HOT POT,Chinese,Sunset Park (Central),Brooklyn,BK0703,40.63950247621,-74.00897911631
restaurant,RE LA GUN TANG,Chinese,Sunset Park (Central),Brooklyn,BK0703,40.63933526099,-74.00557049714
restaurant,RESTAURANTE & PANADERIA EL QUETZALITO,Latin American,Sunset Park (Central),Brooklyn,BK0703,40.64718792682,-74.00813331015
restaurant,RICO POLLO III,Latin American,Sunset Park (Central),Brooklyn,BK0703,40.64772319732,-74.00757481418
restaurant,RICOS TACOS,Mexican,Sunset Park (Central),Brooklyn,BK0703,40.64430845917,-74.01050041606
restaurant,ROAST 28,Chinese,Sunset Park (Central),Brooklyn,BK0703,40.64037283594,-74.00448961693
restaurant,ROB'S OF BROOKLYN - SUNSET PARK,Italian,Sunset Park (Central),Brooklyn,BK0703,40.64683138632,-74.0013297188
restaurant,ROYAL KING'S PIZZA,Pizza,Sunset Park (Central),Brooklyn,BK0703,40.64384997435,-74.01160298782
restaurant,SABOR DE COLOMBIA RESTAURANT & BAKERY,Latin American,Sunset Park (Central),Brooklyn,BK0703,40.64725106136,-74.00806845313
restaurant,SEAFOOD STORY,Seafood,Sunset Park (Central),Brooklyn,BK0703,40.64102525883,-74.01454275431
restaurant,SEVEN FISH CUISINE,Chinese,Sunset Park (Central),Brooklyn,BK0703,40.64313689044,-74.00255118858
restaurant,SHAXIAN 888,Chinese,Sunset Park (Central),Brooklyn,BK0703,40.63663665114,-74.0119620309
restaurant,SHAXIAN SNACKS,Chinese,Sunset Park (Central),Brooklyn,BK0703,40.63511082687,-74.00895330255
restaurant,SHOKUNIN BBQ,Barbecue,Sunset Park (Central),Brooklyn,BK0703,40.63331044369,-74.0059735105
restaurant,SIN KE RESTAURANT,Chinese,Sunset Park (Central),Brooklyn,BK0703,40.6370815683,-74.00910849894
restaurant,SOCCER TAVERN,Irish,Sunset Park (Central),Brooklyn,BK0703,40.6353879913,-74.00967393062
restaurant,SOUP ON SOUP,Chinese,Sunset Park (Central),Brooklyn,BK0703,40.63710888211,-74.01066141592
restaurant,SQUARE COFFEE,Coffee/Tea,Sunset Park (Central),Brooklyn,BK0703,40.63645305462,-74.00857156412
restaurant,STARLIGHT BILLIARDS / HEY HEY TEA,Chinese,Sunset Park (Central),Brooklyn,BK0703,40.64066510728,-74.01858911377
restaurant,SU & GAO,Chinese,Sunset Park (Central),Brooklyn,BK0703,40.64205269749,-74.00273851934
restaurant,SUGAR MISS,Asian/Asian Fusion,Sunset Park (Central),Brooklyn,BK0703,40.6406361593,-74.00777218467
restaurant,SUN DAO 777,Chinese,Sunset Park (Central),Brooklyn,BK0703,40.63590121738,-74.01022886446
restaurant,SUNRISE BAKERY,Bakery Products/Desserts,Sunset Park (Central),Brooklyn,BK0703,40.64229960117,-74.00604278158
restaurant,SUNSET BAGELS,Bagels/Pretzels,Sunset Park (Central),Brooklyn,BK0703,40.64556288416,-74.00982315525
restaurant,SUNSET GRILL MEXICAN RESTAURANT,Other,Sunset Park (Central),Brooklyn,BK0703,40.65113788398,-74.00401824536
restaurant,SUNSET NUTRITION,"Juice, Smoothies, Fruit Salads",Sunset Park (Central),Brooklyn,BK0703,40.64490730246,-73.99978379182
restaurant,SUNSET PARK DINER & DONUTS,American,Sunset Park (Central),Brooklyn,BK0703,40.65138217798,-74.00376599268
restaurant,San Jiang Kou Jiu Lou,Chinese,Sunset Park (Central),Brooklyn,BK0703,40.64062792446,-74.00777939018
restaurant,TACOS TIJUANA,Mexican,Sunset Park (Central),Brooklyn,BK0703,40.64050642522,-74.01508312547
restaurant,TAIWAN STATION,Asian/Asian Fusion,Sunset Park (Central),Brooklyn,BK0703,40.63951894631,-74.00896110264
restaurant,TANING LEMON TEA,Coffee/Tea,Sunset Park (Central),Brooklyn,BK0703,40.63528084738,-74.01076560823
restaurant,TASTE OF CHINA,Chinese,Sunset Park (Central),Brooklyn,BK0703,40.64107467129,-74.01449231945
restaurant,TEAZZI TEA SHOP,Coffee/Tea,Sunset Park (Central),Brooklyn,BK0703,40.63704863235,-74.00909047921
restaurant,TEN SECONDS WESTERN YUNNAN RICE NOODLES,Chinese,Sunset Park (Central),Brooklyn,BK0703,40.63716651378,-74.01075510447
restaurant,TEXAS CHICKEN & BURGERS,American,Sunset Park (Central),Brooklyn,BK0703,40.64381703332,-74.01163901618
restaurant,THANH DA,Southeast Asian,Sunset Park (Central),Brooklyn,BK0703,40.63670253304,-74.01189358528
restaurant,THE GRUMPY CAT,American,Sunset Park (Central),Brooklyn,BK0703,40.63869445405,-74.01796161755
restaurant,TIENDA GUATEMALTECA EL QUETZALITO,Latin American,Sunset Park (Central),Brooklyn,BK0703,40.64218644826,-74.01333589542
restaurant,TO DATE JAPANESE FOOD,Japanese,Sunset Park (Central),Brooklyn,BK0703,40.6374823686,-74.0082906576
restaurant,TORTILLERIA GUADALUPE & TAQUERIA,Mexican,Sunset Park (Central),Brooklyn,BK0703,40.64163467907,-74.01390870819
restaurant,TOTOPAN,Latin American,Sunset Park (Central),Brooklyn,BK0703,40.64777809673,-74.00751716243
restaurant,TOUS LES JOURS,Bakery Products/Desserts,Sunset Park (Central),Brooklyn,BK0703,40.63538524864,-74.00964870954
restaurant,TSAOCAA / BBQ CHICKEN,Coffee/Tea,Sunset Park (Central),Brooklyn,BK0703,40.63652158545,-74.00968490463
restaurant,USULUTECO,Latin American,Sunset Park (Central),Brooklyn,BK0703,40.65054498821,-74.0046344551
restaurant,VIP KINGS BAKERY,Bakery Products/Desserts,Sunset Park (Central),Brooklyn,BK0703,40.6353468159,-74.00971716004
restaurant,VIVI BUBBLE TEA,Coffee/Tea,Sunset Park (Central),Brooklyn,BK0703,40.63588758432,-74.00915517409
restaurant,WAN LI HUI KTV,Chinese,Sunset Park (Central),Brooklyn,BK0703,40.63297552534,-74.0069462426
restaurant,WANG HAO RESTAURANT,Chinese,Sunset Park (Central),Brooklyn,BK0703,40.63589008979,-74.01177454155
restaurant,WENG JI,Chinese,Sunset Park (Central),Brooklyn,BK0703,40.63778134631,-74.01074079161
restaurant,WIDDI HALL,Middle Eastern,Sunset Park (Central),Brooklyn,BK0703,40.64032017413,-74.01171407153
restaurant,WONG WONG NOODLE SHOP,Chinese,Sunset Park (Central),Brooklyn,BK0703,40.63875059123,-74.00617937812
restaurant,WU LA BU HUAN,Chinese,Sunset Park (Central),Brooklyn,BK0703,40.63615077091,-74.01246636277
restaurant,XELAJU GROCERY,Spanish,Sunset Park (Central),Brooklyn,BK0703,40.63913670672,-74.01562328821
restaurant,XIA CHAO (ENTRANCE ON 58 STREET),Chinese,Sunset Park (Central),Brooklyn,BK0703,40.63702126747,-74.00797713542
restaurant,XIANG JU RESTAURANT,Chinese,Sunset Park (Central),Brooklyn,BK0703,40.64042224398,-74.0044391751
restaurant,XIANG ZHI RESTAURANT,Chinese,Sunset Park (Central),Brooklyn,BK0703,40.64058949285,-74.00784784716
restaurant,XIAO LE YUAN BAKERY,Bakery Products/Desserts,Sunset Park (Central),Brooklyn,BK0703,40.64104996506,-74.01451753689
restaurant,XINFA BAKERY 8 AVE,Chinese,Sunset Park (Central),Brooklyn,BK0703,40.63648599443,-74.00853914125
restaurant,XING SHUN 8,Chinese,Sunset Park (Central),Brooklyn,BK0703,40.64230234461,-74.00606800513
restaurant,XOCHIL PIZZA,Pizza,Sunset Park (Central),Brooklyn,BK0703,40.64720165174,-74.00811889745
restaurant,XUN YU SI KAO NY,Chinese,Sunset Park (Central),Brooklyn,BK0703,40.63895622099,-74.00951951458
restaurant,YOUNG FISH,Chinese,Sunset Park (Central),Brooklyn,BK0703,40.63531387545,-74.00975318472
restaurant,YUAN BAO 50,Chinese,Sunset Park (Central),Brooklyn,BK0703,40.64149274663,-74.00332222837
restaurant,YUAN BAO 55,Chinese,Sunset Park (Central),Brooklyn,BK0703,40.63864074086,-74.00719184743
restaurant,YUMMY BOBA DESSERTS,Coffee/Tea,Sunset Park (Central),Brooklyn,BK0703,40.63782251939,-74.01072638592
restaurant,ZHENG NOODLE HOUSE,Other,Sunset Park (Central),Brooklyn,BK0703,40.63946130335,-74.00899352344
restaurant,ZUI DE YI,Chinese,Sunset Park (Central),Brooklyn,BK0703,40.63705948072,-74.01061096538
restaurant,168 KIM WEI KITCHEN,Chinese,Sunset Park (East)-Borough Park (West),Brooklyn,BK1201,40.64550291681,-73.99912795252
restaurant,19.EI / MD FRIED CHICKEN / COTTI COFFEE EXPRESS,Asian/Asian Fusion,Sunset Park (East)-Borough Park (West),Brooklyn,BK1201,40.63878078692,-74.00612173072
restaurant,3 IN 1 KITCHEN,American,Sunset Park (East)-Borough Park (West),Brooklyn,BK1201,40.63829510267,-73.99778408659
restaurant,98K KENNEDY,Chicken,Sunset Park (East)-Borough Park (West),Brooklyn,BK1201,40.6426455838,-74.00209714799
restaurant,AILEEN LA H RESTAURANT,Latin American,Sunset Park (East)-Borough Park (West),Brooklyn,BK1201,40.64349056047,-73.99001499833
restaurant,AJ PIZZERIA,Pizza,Sunset Park (East)-Borough Park (West),Brooklyn,BK1201,40.64052649712,-73.99444741919
restaurant,BAIWEIXIAN,Chinese,Sunset Park (East)-Borough Park (West),Brooklyn,BK1201,40.64039479616,-74.00443917326
restaurant,BAKER WAH,Bakery Products/Desserts,Sunset Park (East)-Borough Park (West),Brooklyn,BK1201,40.64438030433,-74.00029187873
restaurant,BAO HOUSE,Chinese,Sunset Park (East)-Borough Park (West),Brooklyn,BK1201,40.6404524388,-74.00438152546
restaurant,BAOZI,Chinese,Sunset Park (East)-Borough Park (West),Brooklyn,BK1201,40.63876431746,-74.00613614175
restaurant,BARLEY TIME,Bakery Products/Desserts,Sunset Park (East)-Borough Park (West),Brooklyn,BK1201,40.63649972156,-74.00849590684
restaurant,BEST COFFEE SHOP,American,Sunset Park (East)-Borough Park (West),Brooklyn,BK1201,40.64052924173,-73.99444381573
restaurant,BK BURRITO MEXICAN FOOD,Tex-Mex,Sunset Park (East)-Borough Park (West),Brooklyn,BK1201,40.64304596207,-73.99068168835
restaurant,BORA BORA,"Juice, Smoothies, Fruit Salads",Sunset Park (East)-Borough Park (West),Brooklyn,BK1201,40.63828686853,-73.9977948962
restaurant,C. BURGER,Asian/Asian Fusion,Sunset Park (East)-Borough Park (West),Brooklyn,BK1201,40.64151470633,-74.00327178347
restaurant,CHEN'S GARDEN,Chinese,Sunset Park (East)-Borough Park (West),Brooklyn,BK1201,40.64578004559,-73.99527578922
restaurant,CHUAN SHI,Chinese,Sunset Park (East)-Borough Park (West),Brooklyn,BK1201,40.63684290819,-74.00719885899
restaurant,CHUN BAI WEI,Chinese,Sunset Park (East)-Borough Park (West),Brooklyn,BK1201,40.6438148764,-74.00088283556
restaurant,CUCI BURGER,Chicken,Sunset Park (East)-Borough Park (West),Brooklyn,BK1201,40.64096298733,-74.00384827725
restaurant,Crispy Burger,Chicken,Sunset Park (East)-Borough Park (West),Brooklyn,BK1201,40.64380664197,-74.00089364568
restaurant,D & D COFFEE SHOP,American,Sunset Park (East)-Borough Park (West),Brooklyn,BK1201,40.64018891232,-73.99495189734
restaurant,DOMINICK'S PIZZERIA,Pizza,Sunset Park (East)-Borough Park (West),Brooklyn,BK1201,40.64158058302,-74.00320332422
restaurant,DRAGON BAY BAKERY 88,Bakery Products/Desserts,Sunset Park (East)-Borough Park (West),Brooklyn,BK1201,40.63705969917,-74.00790868219
restaurant,DUN HUANG,Chinese,Sunset Park (East)-Borough Park (West),Brooklyn,BK1201,40.63514101807,-74.00897132132
restaurant,DUNKIN',Donuts,Sunset Park (East)-Borough Park (West),Brooklyn,BK1201,40.63825942147,-73.99783453131
restaurant,EL AGUILA BAKERY,Bakery Products/Desserts,Sunset Park (East)-Borough Park (West),Brooklyn,BK1201,40.64305968451,-73.99066366958
restaurant,FULL UP CAFE,Coffee/Tea,Sunset Park (East)-Borough Park (West),Brooklyn,BK1201,40.64486613077,-73.99979820582
restaurant,FUNNY BBQ BAR,Chinese,Sunset Park (East)-Borough Park (West),Brooklyn,BK1201,40.63849536432,-74.00543350812
restaurant,GENESIS DELI & GROCERY,Mexican,Sunset Park (East)-Borough Park (West),Brooklyn,BK1201,40.64599971702,-73.99860903784
restaurant,GONG CHA,"Juice, Smoothies, Fruit Salads",Sunset Park (East)-Borough Park (West),Brooklyn,BK1201,40.63701303438,-74.00795911923
restaurant,GREAT TASTE DUMPLING,Chinese,Sunset Park (East)-Borough Park (West),Brooklyn,BK1201,40.64488259943,-73.9997837919
restaurant,GUA GUA,Chinese,Sunset Park (East)-Borough Park (West),Brooklyn,BK1201,40.63757026421,-74.00737548829
restaurant,HE YI XIAOCHI II,Chinese,Sunset Park (East)-Borough Park (West),Brooklyn,BK1201,40.63934075213,-74.00553806909
restaurant,HEYTEA,Coffee/Tea,Sunset Park (East)-Borough Park (West),Brooklyn,BK1201,40.64380664197,-74.00089364568
restaurant,HO HO BAKERY,Bakery Products/Desserts,Sunset Park (East)-Borough Park (West),Brooklyn,BK1201,40.64526679152,-73.99578752116
restaurant,HOLIDAY INN EXPRESS,American,Sunset Park (East)-Borough Park (West),Brooklyn,BK1201,40.64677095421,-73.99646129356
restaurant,HOMETOWN FLAVORS,Chinese,Sunset Park (East)-Borough Park (West),Brooklyn,BK1201,40.64095475274,-74.00385548328
restaurant,HOT STIX  HOTPOT & BBQ,Chinese,Sunset Park (East)-Borough Park (West),Brooklyn,BK1201,40.63854476799,-74.0054839559
restaurant,JENTANA'S PIZZA,Pizza,Sunset Park (East)-Borough Park (West),Brooklyn,BK1201,40.63733719251,-73.99921813613
restaurant,JIANG BISTRO INC,Chinese,Sunset Park (East)-Borough Park (West),Brooklyn,BK1201,40.64207465693,-74.00268807382
restaurant,JING JIANG SEAFOOD RESTAURANT,Chinese,Sunset Park (East)-Borough Park (West),Brooklyn,BK1201,40.64319180423,-74.00153143509
restaurant,KAI FENG FU DUMPLING HOUSE,Chinese,Sunset Park (East)-Borough Park (West),Brooklyn,BK1201,40.64214053319,-74.00262321673
restaurant,KIM'S KOREAN CORN DOGS,Korean,Sunset Park (East)-Borough Park (West),Brooklyn,BK1201,40.63590131168,-74.0091119402
restaurant,KINGS KITCHEN,Chinese,Sunset Park (East)-Borough Park (West),Brooklyn,BK1201,40.63981287739,-74.00504447091
restaurant,KINGS KTV KARAOKE,Korean,Sunset Park (East)-Borough Park (West),Brooklyn,BK1201,40.64686977237,-73.99666308855
restaurant,KUNG FU TEA,Coffee/Tea,Sunset Park (East)-Borough Park (West),Brooklyn,BK1201,40.63804518091,-74.00620453423
restaurant,LA STRADA PIZZERIA RESTAURANT,Pizza,Sunset Park (East)-Borough Park (West),Brooklyn,BK1201,40.63827041988,-73.99947754907
restaurant,LAOJIE HOTPOT,Barbecue,Sunset Park (East)-Borough Park (West),Brooklyn,BK1201,40.63917883359,-74.005026407
restaurant,LUCKY VEGETARIAN,Chinese,Sunset Park (East)-Borough Park (West),Brooklyn,BK1201,40.64046067342,-74.00437431955
restaurant,M & H BAKERY,Bakery Products/Desserts,Sunset Park (East)-Borough Park (West),Brooklyn,BK1201,40.63396103363,-74.0042622027
restaurant,MOLLY TEA,Coffee/Tea,Sunset Park (East)-Borough Park (West),Brooklyn,BK1201,40.63594248684,-74.00906871004
restaurant,MOONRISE BAKEHOUSE,Bakery Products/Desserts,Sunset Park (East)-Borough Park (West),Brooklyn,BK1201,40.64518443225,-73.99537672913
restaurant,MR POT,Chinese,Sunset Park (East)-Borough Park (West),Brooklyn,BK1201,40.64212406417,-74.00263762936
restaurant,MR. Q BBQ,Chinese,Sunset Park (East)-Borough Park (West),Brooklyn,BK1201,40.63752363558,-74.00684943498
restaurant,NAM PO BK,Asian/Asian Fusion,Sunset Park (East)-Borough Park (West),Brooklyn,BK1201,40.63648325153,-74.0085139198
restaurant,NIGHTINGALE RESTAURANT & BAR,Other,Sunset Park (East)-Borough Park (West),Brooklyn,BK1201,40.63344223828,-74.0050367818
restaurant,NO. 9 FRIED BUN/DELI,Chinese,Sunset Park (East)-Borough Park (West),Brooklyn,BK1201,40.63690602949,-74.00733578119
restaurant,NO.5 RESTAURANT,Chinese,Sunset Park (East)-Borough Park (West),Brooklyn,BK1201,40.63450173182,-74.00486392261
restaurant,NUAN XIN RICE ROLL,Asian/Asian Fusion,Sunset Park (East)-Borough Park (West),Brooklyn,BK1201,40.63597542679,-74.00903628766
restaurant,OHAYO,Bakery Products/Desserts,Sunset Park (East)-Borough Park (West),Brooklyn,BK1201,40.63646678176,-74.00852832974
restaurant,ONLY ONE,Coffee/Tea,Sunset Park (East)-Borough Park (West),Brooklyn,BK1201,40.64268401145,-74.00205751236
restaurant,PACIFIC PALACE,Chinese,Sunset Park (East)-Borough Park (West),Brooklyn,BK1201,40.63802048195,-74.0061288669
restaurant,PANINI CAFE NYC,Mexican,Sunset Park (East)-Borough Park (West),Brooklyn,BK1201,40.64655689901,-73.99802885317
restaurant,POPEYE'S,Chicken,Sunset Park (East)-Borough Park (West),Brooklyn,BK1201,40.6405155187,-73.99446183304
restaurant,REN SHENG YI CHUAN,Chinese,Sunset Park (East)-Borough Park (West),Brooklyn,BK1201,40.64019170798,-74.00371851689
restaurant,SABROSO'S CAFE,Mexican,Sunset Park (East)-Borough Park (West),Brooklyn,BK1201,40.64543416742,-73.99447583719
restaurant,SAVOY BAKERY,Chinese,Sunset Park (East)-Borough Park (West),Brooklyn,BK1201,40.64629608004,-73.99567214249
restaurant,SHAXIAN DELICACIES,Chinese,Sunset Park (East)-Borough Park (West),Brooklyn,BK1201,40.64138022856,-74.00263039328
restaurant,SPECIAL BBQ,Chinese,Sunset Park (East)-Borough Park (West),Brooklyn,BK1201,40.63492724172,-74.00281749024
restaurant,SUPREME STEAMY SOUP,Chinese,Sunset Park (East)-Borough Park (West),Brooklyn,BK1201,40.63643662459,-74.00803831644
restaurant,TIGER SUGAR,Coffee/Tea,Sunset Park (East)-Borough Park (West),Brooklyn,BK1201,40.63596719188,-74.00904349252
restaurant,TOYAMA CUISINE,Chinese/Japanese,Sunset Park (East)-Borough Park (West),Brooklyn,BK1201,40.63981287739,-74.00504447091
restaurant,TUNG SUM BAKERY,Bakery Products/Desserts,Sunset Park (East)-Borough Park (West),Brooklyn,BK1201,40.64576357765,-73.99529380797
restaurant,UNCLE NG'S RECIPE,Chinese,Sunset Park (East)-Borough Park (West),Brooklyn,BK1201,40.63765261298,-74.00729262667
restaurant,WAN DA,Chinese,Sunset Park (East)-Borough Park (West),Brooklyn,BK1201,40.63925291472,-74.00562814085
restaurant,WANG VILLAGE SEAFOOD RESTAURANT,Chinese,Sunset Park (East)-Borough Park (West),Brooklyn,BK1201,40.63762790833,-74.00731784548
restaurant,WELCOME CHILI,Chinese,Sunset Park (East)-Borough Park (West),Brooklyn,BK1201,40.64355368223,-73.98992130055
restaurant,XIANG HOTPOT,Chinese,Sunset Park (East)-Borough Park (West),Brooklyn,BK1201,40.63393358432,-74.00430183256
restaurant,XIN FA BAKERY,Bakery Products/Desserts,Sunset Park (East)-Borough Park (West),Brooklyn,BK1201,40.63759496887,-74.00735026951
restaurant,XIN LI,Chinese,Sunset Park (East)-Borough Park (West),Brooklyn,BK1201,40.63587664711,-74.00861472556
restaurant,YOMIE'S RICE X YOGURT,"Juice, Smoothies, Fruit Salads",Sunset Park (East)-Borough Park (West),Brooklyn,BK1201,40.63984307141,-74.00501204445
restaurant,YOZI,Chinese,Sunset Park (East)-Borough Park (West),Brooklyn,BK1201,40.63652442646,-74.00847068889
restaurant,YUMI DELICACIES,Chinese,Sunset Park (East)-Borough Park (West),Brooklyn,BK1201,40.63349988248,-74.00495031774
restaurant,YUN NAN FLAVOUR GARDEN,Chinese,Sunset Park (East)-Borough Park (West),Brooklyn,BK1201,40.64037832677,-74.00445718829
restaurant,ZHENG JIN JI,Chinese,Sunset Park (East)-Borough Park (West),Brooklyn,BK1201,40.64152294099,-74.00326097402
restaurant,ALNOOR HALAL DELI,Middle Eastern,Sunset Park (West),Brooklyn,BK0702,40.66205662862,-73.99637036954
restaurant,ANTOJITOS BK,Caribbean,Sunset Park (West),Brooklyn,BK0702,40.64890608764,-74.00908849733
restaurant,ANTOJITOS MEXICANOS,Mexican,Sunset Park (West),Brooklyn,BK0702,40.64048446032,-74.0151335657
restaurant,ANTOJITOS MEXICANOS DELI,Mexican,Sunset Park (West),Brooklyn,BK0702,40.63991895621,-74.01572075844
restaurant,APOLLO BAGELS,Bagels/Pretzels,Sunset Park (West),Brooklyn,BK0702,40.65589992811,-74.00708559324
restaurant,ARIS SPORTS BAR RESTAURANT,Latin American,Sunset Park (West),Brooklyn,BK0702,40.65034135733,-74.01183115825
restaurant,AVOCADERIA,Salads,Sunset Park (West),Brooklyn,BK0702,40.6559438401,-74.00715767929
restaurant,AXZO CAFE,Coffee/Tea,Sunset Park (West),Brooklyn,BK0702,40.65564209747,-74.00304542373
restaurant,AYAT,Middle Eastern,Sunset Park (West),Brooklyn,BK0702,40.65588071666,-74.00705315461
restaurant,Aris pizza,Pizza,Sunset Park (West),Brooklyn,BK0702,40.64832434225,-74.00697667597
restaurant,BAGEL PUB,Bagels/Pretzels,Sunset Park (West),Brooklyn,BK0702,40.65526594584,-74.00600431624
restaurant,BANGKOK BAR,Thai,Sunset Park (West),Brooklyn,BK0702,40.6559959857,-74.00724057854
restaurant,BAOLALA / ULUHULUH,Chinese,Sunset Park (West),Brooklyn,BK0702,40.65596305378,-74.00715407729
restaurant,BATTLE HILL TAVERN,Pizza,Sunset Park (West),Brooklyn,BK0702,40.66010206106,-73.99113704192
restaurant,BAYA BAR,"Juice, Smoothies, Fruit Salads",Sunset Park (West),Brooklyn,BK0702,40.66315977496,-73.99154393801
restaurant,BEBECITAS SPORTS BAR,American,Sunset Park (West),Brooklyn,BK0702,40.65267212282,-74.00612301029
restaurant,BEST DELI,American,Sunset Park (West),Brooklyn,BK0702,40.65402485452,-74.01180658626
restaurant,BIG JOHN'S COFFEE SHOP & GRILL,American,Sunset Park (West),Brooklyn,BK0702,40.65668239245,-74.00196423895
restaurant,BITTER MONK,New American,Sunset Park (West),Brooklyn,BK0702,40.65733823069,-74.00643700073
restaurant,BLOCK HILL STATION,American,Sunset Park (West),Brooklyn,BK0702,40.66042340567,-73.99439169197
restaurant,BLUE MEZCAL,Mexican,Sunset Park (West),Brooklyn,BK0702,40.65846097055,-73.99643183741
restaurant,BREAD & JOE,Coffee/Tea,Sunset Park (West),Brooklyn,BK0702,40.66471345292,-73.99360553933
restaurant,BREEZE CAFE,Frozen Desserts,Sunset Park (West),Brooklyn,BK0702,40.64296559684,-74.01620072649
restaurant,BROOKLYN GRANGE,American,Sunset Park (West),Brooklyn,BK0702,40.65851038384,-74.00332668335
restaurant,BROOKLYN KURA,Japanese,Sunset Park (West),Brooklyn,BK0702,40.65760719328,-74.00688033825
restaurant,BROTHERS PIZZA,Pizza,Sunset Park (West),Brooklyn,BK0702,40.663519536,-73.99482396814
restaurant,BURGER JOINT,Hamburgers,Sunset Park (West),Brooklyn,BK0702,40.6560536201,-74.00733429074
restaurant,BURGER KING,Hamburgers,Sunset Park (West),Brooklyn,BK0702,40.64385271657,-74.01162821219
restaurant,CAFE 58 PIZZERIA & GRILL,Pizza,Sunset Park (West),Brooklyn,BK0702,40.64507803337,-74.02240282878
restaurant,CAFE LA MORENA & DELI,Latin American,Sunset Park (West),Brooklyn,BK0702,40.6554333484,-74.00653412531
restaurant,CAFE NUBE,Coffee/Tea,Sunset Park (West),Brooklyn,BK0702,40.65468413869,-74.00404008378
restaurant,CAFE ZONA SUR,Latin American,Sunset Park (West),Brooklyn,BK0702,40.65024831895,-74.008652626
restaurant,CAPY,Frozen Desserts,Sunset Park (West),Brooklyn,BK0702,40.64212330777,-74.01342596572
restaurant,CARREAU CLUB,Italian,Sunset Park (West),Brooklyn,BK0702,40.65733823069,-74.00643700073
restaurant,CASTILLO,Latin American,Sunset Park (West),Brooklyn,BK0702,40.65053949719,-74.00467049247
restaurant,CHINA DELIGHT,Chinese,Sunset Park (West),Brooklyn,BK0702,40.66172726555,-73.9967128038
restaurant,CHINA WOK,Chinese,Sunset Park (West),Brooklyn,BK0702,40.6513300244,-74.00384887754
restaurant,CHIPOTLE MEXICAN GRILL #3741,Tex-Mex,Sunset Park (West),Brooklyn,BK0702,40.65141768219,-74.00741306324
restaurant,COFFEE & CHISME,Coffee/Tea,Sunset Park (West),Brooklyn,BK0702,40.66369222074,-73.99100319699
restaurant,COMFORT INN - PROSPECT PARK,American,Sunset Park (West),Brooklyn,BK0702,40.66379406111,-73.99600622075
restaurant,CONSTANTINE RESTAURANT & BAR,American,Sunset Park (West),Brooklyn,BK0702,40.65186247199,-74.00489042009
restaurant,COUSINS DELI & RESTAURANT,Sandwiches,Sunset Park (West),Brooklyn,BK0702,40.65263072506,-74.00944939553
restaurant,DOLCE ITALIAN BAKERY,Bakery Products/Desserts,Sunset Park (West),Brooklyn,BK0702,40.66167769815,-73.99308680087
restaurant,DOMINO'S,Pizza,Sunset Park (West),Brooklyn,BK0702,40.65253213263,-74.00624192554
restaurant,DON PEPE TORTAS Y JUGOS,Mexican,Sunset Park (West),Brooklyn,BK0702,40.65114886247,-74.00403626506
restaurant,DRAGON KING,Chinese,Sunset Park (West),Brooklyn,BK0702,40.6617161209,-73.99301831363
restaurant,DUNKIN,Donuts,Sunset Park (West),Brooklyn,BK0702,40.65575729519,-74.00531958961
restaurant,DUNKIN',Donuts,Sunset Park (West),Brooklyn,BK0702,40.64507827904,-74.02110917988
restaurant,"DUNKIN', BASKIN ROBBINS",Coffee/Tea,Sunset Park (West),Brooklyn,BK0702,40.64218095492,-74.01336832421
restaurant,EL BUEN GUSTO,Caribbean,Sunset Park (West),Brooklyn,BK0702,40.6452550559,-74.01382298206
restaurant,EL CASTILLO DE YAQUE,Latin American,Sunset Park (West),Brooklyn,BK0702,40.64723733466,-74.00810809102
restaurant,EL CHALTECO DELI,Latin American,Sunset Park (West),Brooklyn,BK0702,40.65319070708,-74.00886203638
restaurant,EL CHANTILLY BAKERY,Bakery Products/Desserts,Sunset Park (West),Brooklyn,BK0702,40.64240283317,-74.01678072609
restaurant,EL CHAPIN 2025,Latin American,Sunset Park (West),Brooklyn,BK0702,40.65246899894,-74.00631039332
restaurant,EL CONTINENTAL,Latin American,Sunset Park (West),Brooklyn,BK0702,40.66199332741,-73.99275876798
restaurant,EL ESPINO RESTAURANT,Mexican,Sunset Park (West),Brooklyn,BK0702,40.64182908469,-74.01737872952
restaurant,EL MEXICANO,Mexican,Sunset Park (West),Brooklyn,BK0702,40.66064846581,-73.99415739196
restaurant,EL NOPAL,Mexican,Sunset Park (West),Brooklyn,BK0702,40.66324759902,-73.99142497951
restaurant,EL NUEVO SABOR LATINO,Latin American,Sunset Park (West),Brooklyn,BK0702,40.66467502823,-73.99364519299
restaurant,EL POLLO PERUANO 2,Chicken,Sunset Park (West),Brooklyn,BK0702,40.65005090448,-74.00517858668
restaurant,EL QUETZALITO,Spanish,Sunset Park (West),Brooklyn,BK0702,40.64412680362,-74.01499386133
restaurant,EL SALVADORIN,Latin American,Sunset Park (West),Brooklyn,BK0702,40.64717969017,-74.00816574147
restaurant,EL SAZON DE PETRICA,Latin American,Sunset Park (West),Brooklyn,BK0702,40.64799465344,-74.01099469671
restaurant,EL TAHUR,Latin American,Sunset Park (West),Brooklyn,BK0702,40.65094801713,-74.01120060173
restaurant,EL VIEJON,American,Sunset Park (West),Brooklyn,BK0702,40.65338525414,-74.01243716028
restaurant,ENERGY FUEL,"Juice, Smoothies, Fruit Salads",Sunset Park (West),Brooklyn,BK0702,40.66378279188,-73.99092028138
restaurant,EVA'S X CINCO DE MAYO,Mexican,Sunset Park (West),Brooklyn,BK0702,40.64897470054,-74.00917139158
restaurant,FOLK,American,Sunset Park (West),Brooklyn,BK0702,40.66064822445,-73.99054225573
restaurant,FREDDY'S BAR,American,Sunset Park (West),Brooklyn,BK0702,40.66334640344,-73.99132404161
restaurant,FRYING PAN BROOKLYN,Seafood,Sunset Park (West),Brooklyn,BK0702,40.65701154689,-74.00735241709
restaurant,GENEROSO BAKERY,Bakery Products/Desserts,Sunset Park (West),Brooklyn,BK0702,40.64049269609,-74.01512275789
restaurant,GIRASOL TAQUERIA & BAKERY,Mexican,Sunset Park (West),Brooklyn,BK0702,40.66143342803,-73.99334273626
restaurant,GIUSEPPINA'S BRICK OVEN,Pizza,Sunset Park (West),Brooklyn,BK0702,40.66048355189,-73.99071528626
restaurant,GO PICADERA,Spanish,Sunset Park (West),Brooklyn,BK0702,40.64742368012,-74.01159280088
restaurant,GRAN VILLA,Latin American,Sunset Park (West),Brooklyn,BK0702,40.65319070708,-74.00886203638
restaurant,GRAVESEND PIZZA,Pizza,Sunset Park (West),Brooklyn,BK0702,40.65565031514,-74.00361846841
restaurant,HA-WEEDA TAVERN,American,Sunset Park (West),Brooklyn,BK0702,40.6511343222,-74.01426026556
restaurant,HACHI,Japanese,Sunset Park (West),Brooklyn,BK0702,40.65594939647,-74.00599356578
restaurant,HERO CHAMP,American,Sunset Park (West),Brooklyn,BK0702,40.65560353465,-74.00635754361
restaurant,HISPANIC DELI & GROCERY,Latin American,Sunset Park (West),Brooklyn,BK0702,40.64688015491,-74.01215846761
restaurant,HOMETOWN BAR-B-QUE,Barbecue,Sunset Park (West),Brooklyn,BK0702,40.65649558003,-74.00649818877
restaurant,HONG CHA,Coffee/Tea,Sunset Park (West),Brooklyn,BK0702,40.65153588985,-74.00363626354
restaurant,HUA HUI BAKERY,Bakery Products/Desserts,Sunset Park (West),Brooklyn,BK0702,40.64917227742,-74.0097444073
restaurant,HUATULCO SPORTS BAR,Latin American,Sunset Park (West),Brooklyn,BK0702,40.65477192582,-74.00517895456
restaurant,I LOVE GUACAMOLE,Mexican,Sunset Park (West),Brooklyn,BK0702,40.66273710871,-73.99195489756
restaurant,INB DELI AND MORE,American,Sunset Park (West),Brooklyn,BK0702,40.64692682152,-74.01210802604
restaurant,INES BAKERY,Bakery Products/Desserts,Sunset Park (West),Brooklyn,BK0702,40.65444258919,-74.00428514019
restaurant,IRISH HAVEN,Irish,Sunset Park (West),Brooklyn,BK0702,40.64237263582,-74.01681314846
restaurant,ISABELA'S,Mexican,Sunset Park (West),Brooklyn,BK0702,40.6496883385,-74.00923275345
restaurant,JALAPENO KING,Tex-Mex,Sunset Park (West),Brooklyn,BK0702,40.66041242568,-73.99437367134
restaurant,JALAPENOS MEXICAN,Mexican,Sunset Park (West),Brooklyn,BK0702,40.64104447138,-74.01454996503
restaurant,JEY DINER,American,Sunset Park (West),Brooklyn,BK0702,40.66132928319,-73.99710209439
restaurant,JUDY'S,Coffee/Tea,Sunset Park (West),Brooklyn,BK0702,40.65053126255,-74.00467769944
restaurant,KFC,Chicken,Sunset Park (West),Brooklyn,BK0702,40.65917466684,-73.99936204893
restaurant,KOTTI BERLINER DONER KEBAB,German,Sunset Park (West),Brooklyn,BK0702,40.6560536201,-74.00733429074
restaurant,L'INSOLENT,Coffee/Tea,Sunset Park (West),Brooklyn,BK0702,40.66391750934,-73.99440941956
restaurant,L'WREN,American,Sunset Park (West),Brooklyn,BK0702,40.65060537468,-74.0046020253
restaurant,LA BRASA PERUANA,Peruvian,Sunset Park (West),Brooklyn,BK0702,40.64718792502,-74.0081585353
restaurant,LA CARRETA,Latin American,Sunset Park (West),Brooklyn,BK0702,40.64561475592,-74.01266633078
restaurant,LA CARRETA SPORTS BAR,Latin American,Sunset Park (West),Brooklyn,BK0702,40.64628721843,-74.01274573691
restaurant,LA FAMILIA BAR & RESTAURANT,Latin American,Sunset Park (West),Brooklyn,BK0702,40.65478020949,-74.00393917748
restaurant,LA GRAN VIA BAKERY,Bakery Products/Desserts,Sunset Park (West),Brooklyn,BK0702,40.64775613517,-74.00756761069
restaurant,LA ISLA,Latin American,Sunset Park (West),Brooklyn,BK0702,40.64549974613,-74.00991683697
restaurant,LA JUGUERIA,"Juice, Smoothies, Fruit Salads",Sunset Park (West),Brooklyn,BK0702,40.64127454936,-74.01795871146
restaurant,LA PARADA II,Latin American,Sunset Park (West),Brooklyn,BK0702,40.65686629627,-74.00174078906
restaurant,LA PARADA II,Latin American,Sunset Park (West),Brooklyn,BK0702,40.64129102087,-74.01794069955
restaurant,LA TERNURA,Latin American,Sunset Park (West),Brooklyn,BK0702,40.65203780013,-74.01006557065
restaurant,LA TIENDA,Sandwiches,Sunset Park (West),Brooklyn,BK0702,40.64410209728,-74.01501907974
restaurant,LA TIENDITA #2,Mexican,Sunset Park (West),Brooklyn,BK0702,40.64938114454,-74.00587405096
restaurant,LOS POBLANOS,Mexican,Sunset Park (West),Brooklyn,BK0702,40.65146957724,-74.01065651198
restaurant,LOS TRES POTRILLOS,Mexican,Sunset Park (West),Brooklyn,BK0702,40.65267212282,-74.00612301029
restaurant,LUCKY LY,Chinese,Sunset Park (West),Brooklyn,BK0702,40.64301500647,-74.01617551496
restaurant,LUCY'S CAFE,Latin American,Sunset Park (West),Brooklyn,BK0702,40.64667735659,-74.00869180034
restaurant,LUIGI'S PIZZA,Pizza,Sunset Park (West),Brooklyn,BK0702,40.64668559176,-74.00868099072
restaurant,LUIGI'S PIZZERIA,Pizza,Sunset Park (West),Brooklyn,BK0702,40.66152948915,-73.99323819987
restaurant,M & M DELI,Latin American,Sunset Park (West),Brooklyn,BK0702,40.6463750614,-74.01265566502
restaurant,MAMA LUPITA'S BISTRO,Mexican,Sunset Park (West),Brooklyn,BK0702,40.65581502322,-74.0028652286
restaurant,MAMA TRIED,American,Sunset Park (West),Brooklyn,BK0702,40.66029453592,-74.00074248664
restaurant,MARIA'S BISTRO MEXICANO,Mexican,Sunset Park (West),Brooklyn,BK0702,40.65143158472,-74.00374437254
restaurant,MATHILDE,American,Sunset Park (West),Brooklyn,BK0702,40.66177650404,-73.99298586782
restaurant,MCDONALD'S,Hamburgers,Sunset Park (West),Brooklyn,BK0702,40.65372617091,-74.00504192305
restaurant,MELODY LANES,Hotdogs/Pretzels,Sunset Park (West),Brooklyn,BK0702,40.65294670567,-74.00366877588
restaurant,METRO BAGEL & CAFE,American,Sunset Park (West),Brooklyn,BK0702,40.64185379154,-74.01735351286
restaurant,METRO CAFETERIA & RESTAURANT,Spanish,Sunset Park (West),Brooklyn,BK0702,40.66756539942,-73.9964205344
restaurant,MEZQUILA,Mexican,Sunset Park (West),Brooklyn,BK0702,40.6643154825,-73.99402009768
restaurant,MINNIE'S BAR,American,Sunset Park (West),Brooklyn,BK0702,40.65584521722,-74.0028075649
restaurant,MOLKAJETE,Peruvian,Sunset Park (West),Brooklyn,BK0702,40.65968244691,-73.99885023759
restaurant,MOMO TEST KITCHEN,Japanese,Sunset Park (West),Brooklyn,BK0702,40.64605208683,-74.02409681707
restaurant,MY CORAL RESTAURANT,Latin American,Sunset Park (West),Brooklyn,BK0702,40.6441350389,-74.01498665634
restaurant,NAUTICAL EMPRESS,American,Sunset Park (West),Brooklyn,BK0702,40.64605208683,-74.02409681707
restaurant,NETS PRACTICE FACILITY,American,Sunset Park (West),Brooklyn,BK0702,40.65574313733,-74.01130232351
restaurant,NEW EMPIRE,Chinese,Sunset Park (West),Brooklyn,BK0702,40.65408575424,-74.00463470202
restaurant,NEW KING WOK NY,Chinese,Sunset Park (West),Brooklyn,BK0702,40.64796994799,-74.01101991808
restaurant,NYU LUTHERAN COFFEE SHOP,American,Sunset Park (West),Brooklyn,BK0702,40.64693378389,-74.0209295902
restaurant,OBENTOYASAN,Japanese,Sunset Park (West),Brooklyn,BK0702,40.65594939647,-74.00599356578
restaurant,OUR FAMILY CAFE,Latin American,Sunset Park (West),Brooklyn,BK0702,40.64981704761,-74.01236802157
restaurant,PABLITO'S,Mexican,Sunset Park (West),Brooklyn,BK0702,40.66029989536,-73.99448901861
restaurant,PAPA JOHN'S,Pizza,Sunset Park (West),Brooklyn,BK0702,40.64052563775,-74.01509033629
restaurant,PARISCIEN BAKERY,Latin American,Sunset Park (West),Brooklyn,BK0702,40.64740446738,-74.01158559032
restaurant,PETE'S BROOKLYN EATS,American,Sunset Park (West),Brooklyn,BK0702,40.64533046208,-74.02286416093
restaurant,PETE'S PLACE,Pizza,Sunset Park (West),Brooklyn,BK0702,40.64689774408,-74.02280343926
restaurant,PICAZO'S PIZZA & RESTAURANT PLACE,Spanish,Sunset Park (West),Brooklyn,BK0702,40.65766221916,-74.00418082712
restaurant,PIER 53 COFFEE & SANDWICH SHOP,American,Sunset Park (West),Brooklyn,BK0702,40.64726901581,-74.01880357305
restaurant,PIZZA & BAGEL ON 3RD,American,Sunset Park (West),Brooklyn,BK0702,40.66469986541,-73.99689648844
restaurant,POLLO CAMPERO,Chicken,Sunset Park (West),Brooklyn,BK0702,40.64774790035,-74.007574817
restaurant,POPEYES,Chicken,Sunset Park (West),Brooklyn,BK0702,40.64550798109,-74.00990963119
restaurant,PUERTO RICO RESTAURANT & PIZZA,Spanish,Sunset Park (West),Brooklyn,BK0702,40.6415962438,-74.01397716266
restaurant,RAICES ARGENTINAS,Steakhouse,Sunset Park (West),Brooklyn,BK0702,40.6620948757,-73.99262539404
restaurant,RANCHO GRANDE,Mexican,Sunset Park (West),Brooklyn,BK0702,40.64719615988,-74.00815132912
restaurant,REGGAE TOWN CAFE,Caribbean,Sunset Park (West),Brooklyn,BK0702,40.6559959857,-74.00724057854
restaurant,REINA DE LA NUBE,Latin American,Sunset Park (West),Brooklyn,BK0702,40.65528801046,-74.00341662286
restaurant,RICE & BEAN RESTAURANT,Spanish,Sunset Park (West),Brooklyn,BK0702,40.64968010561,-74.00921473367
restaurant,RINCONCITO FAMILIAR MEXICAN CUISINE,Mexican,Sunset Park (West),Brooklyn,BK0702,40.64998502664,-74.0052470527
restaurant,ROOTS CAFE,American,Sunset Park (West),Brooklyn,BK0702,40.66293471839,-73.99175302459
restaurant,ROSA'S BAKERY,Bakery Products/Desserts,Sunset Park (West),Brooklyn,BK0702,40.64180711877,-74.01742917001
restaurant,ROUNDABOUT,Latin American,Sunset Park (West),Brooklyn,BK0702,40.65443709936,-74.00429234781
restaurant,SANDY JACK'S,American,Sunset Park (West),Brooklyn,BK0702,40.66157065698,-73.99317331697
restaurant,SAVO,American,Sunset Park (West),Brooklyn,BK0702,40.65400343675,-74.0039427354
restaurant,SEA WITCH,American,Sunset Park (West),Brooklyn,BK0702,40.66095860723,-73.99380413936
restaurant,SIREN,Seafood,Sunset Park (West),Brooklyn,BK0702,40.66147185093,-73.99327424942
restaurant,SLIMAK CAFE,American,Sunset Park (West),Brooklyn,BK0702,40.65138748586,-74.00747072101
restaurant,SOLE CAFE,Coffee/Tea,Sunset Park (West),Brooklyn,BK0702,40.65414897422,-74.00091901255
restaurant,SOUTH SLOPE RAMEN,Soups,Sunset Park (West),Brooklyn,BK0702,40.66263830373,-73.9920558336
restaurant,SOUTHSIDE COFFEE,Coffee/Tea,Sunset Park (West),Brooklyn,BK0702,40.66121908996,-73.98997268651
restaurant,SPIRO'S CAFE & PIZZA,Mexican,Sunset Park (West),Brooklyn,BK0702,40.65461002708,-74.00411215919
restaurant,STARBUCKS,Coffee/Tea,Sunset Park (West),Brooklyn,BK0702,40.65579279229,-74.00840827182
restaurant,SUBWAY,Sandwiches,Sunset Park (West),Brooklyn,BK0702,40.64673369116,-74.0193583712
restaurant,SUBWAY,Sandwiches/Salads/Mixed Buffet,Sunset Park (West),Brooklyn,BK0702,40.65164019475,-74.00353175804
restaurant,SUBWAY,Sandwiches,Sunset Park (West),Brooklyn,BK0702,40.65164019475,-74.00353175804
restaurant,SUNRISE ESPRESSO BAR,Mexican,Sunset Park (West),Brooklyn,BK0702,40.66238305946,-73.99235142634
restaurant,SUNSET COFFEE SHOP,Spanish,Sunset Park (West),Brooklyn,BK0702,40.64670348882,-74.01941601948
restaurant,SUNSET PIZZA,Pizza,Sunset Park (West),Brooklyn,BK0702,40.64925704833,-74.01294811395
restaurant,SUNSET RIDGE CAFE & GRILL,American,Sunset Park (West),Brooklyn,BK0702,40.63990232454,-74.01686657161
restaurant,SUNSET STOOP,Latin American,Sunset Park (West),Brooklyn,BK0702,40.65000149614,-74.00522903527
restaurant,SWEET DYNASTY,Frozen Desserts,Sunset Park (West),Brooklyn,BK0702,40.63990248504,-74.01573877054
restaurant,Sunset Coffee Shop,Spanish,Sunset Park (West),Brooklyn,BK0702,40.64477146096,-74.01757048236
restaurant,TABLE 87,Pizza,Sunset Park (West),Brooklyn,BK0702,40.6559438401,-74.00715767929
restaurant,TABLE 87,Pizza,Sunset Park (West),Brooklyn,BK0702,40.65851038384,-74.00332668335
restaurant,TACO BELL,Tex-Mex,Sunset Park (West),Brooklyn,BK0702,40.64438800422,-74.01106977239
restaurant,TACO MIX,Mexican,Sunset Park (West),Brooklyn,BK0702,40.6560536201,-74.00733429074
restaurant,TACOS DELICIOSOS EL AMIGO,Tex-Mex,Sunset Park (West),Brooklyn,BK0702,40.64125533306,-74.01797672263
restaurant,TACOS EL BRONCO,Mexican,Sunset Park (West),Brooklyn,BK0702,40.65020714397,-74.00869586572
restaurant,TACOS MATAMOROS,Mexican,Sunset Park (West),Brooklyn,BK0702,40.64778907467,-74.0075351818
restaurant,TADAIMA,Bakery Products/Desserts,Sunset Park (West),Brooklyn,BK0702,40.65668769615,-74.0068153691
restaurant,TEQUILITA'S,Mexican,Sunset Park (West),Brooklyn,BK0702,40.64520564374,-74.01387342059
restaurant,TERIYAKI HEE JAPANESE GRILL & RAMEN,Japanese,Sunset Park (West),Brooklyn,BK0702,40.64102800041,-74.01456797772
restaurant,THE ASTARITA,Pizza,Sunset Park (West),Brooklyn,BK0702,40.65582877996,-73.99917466983
restaurant,THE BAGEL FACTORY,Bagels/Pretzels,Sunset Park (West),Brooklyn,BK0702,40.66364556262,-73.99104285265
restaurant,THE KING OF MEAT,Steakhouse,Sunset Park (West),Brooklyn,BK0702,40.6483490468,-74.00695145297
restaurant,THE LUTHERAN HALAL CAFE,Sandwiches,Sunset Park (West),Brooklyn,BK0702,40.64835612902,-74.0176723324
restaurant,THREE BROTHERS BAR,Latin American,Sunset Park (West),Brooklyn,BK0702,40.64811233434,-74.0141370933
restaurant,TIN CUP CAFE,American,Sunset Park (West),Brooklyn,BK0702,40.66138417719,-73.99704081783
restaurant,TOTOLIN ROTISSERIE CHICKEN / KAFE,Latin American,Sunset Park (West),Brooklyn,BK0702,40.6483598261,-74.0097010443
restaurant,TULCINGO RESTAURANT,Mexican,Sunset Park (West),Brooklyn,BK0702,40.64213977814,-74.01341155577
restaurant,TUNG HING CHINESE KITCHEN,Chinese,Sunset Park (West),Brooklyn,BK0702,40.64516720894,-74.01393827527
restaurant,TWIN LIN'S GARDEN,Chinese,Sunset Park (West),Brooklyn,BK0702,40.65735761809,-74.00125424239
restaurant,TWIST,Seafood,Sunset Park (West),Brooklyn,BK0702,40.65207074034,-74.01003314092
restaurant,U BAR 2 LOUNGE,American,Sunset Park (West),Brooklyn,BK0702,40.6568278683,-74.00180926626
restaurant,UNORIGINAL NOODLES,Japanese,Sunset Park (West),Brooklyn,BK0702,40.66070585973,-73.99048097398
restaurant,URBAN AIR ADVENTURE,American,Sunset Park (West),Brooklyn,BK0702,40.65205936388,-74.01384602044
restaurant,USULUTECO 2,Latin American,Sunset Park (West),Brooklyn,BK0702,40.64753585459,-74.01473877392
restaurant,VIRTUAL CRAVINGS,Peruvian,Sunset Park (West),Brooklyn,BK0702,40.6525019369,-74.0062995848
restaurant,VIVI BUBBLE TEA,Coffee/Tea,Sunset Park (West),Brooklyn,BK0702,40.64501113001,-74.01042485409
restaurant,VIVI BUBBLE TEA,Coffee/Tea,Sunset Park (West),Brooklyn,BK0702,40.64501113001,-74.01042485409
restaurant,WAKU WAKU,Japanese,Sunset Park (West),Brooklyn,BK0702,40.65591090812,-74.00707117815
restaurant,WINGSTOP,Chicken,Sunset Park (West),Brooklyn,BK0702,40.64053112826,-74.01508313107
restaurant,YAFA CAFE,Coffee/Tea,Sunset Park (West),Brooklyn,BK0702,40.6496718704,-74.00922554371
restaurant,YARDSALE,Coffee/Tea,Sunset Park (West),Brooklyn,BK0702,40.66335738364,-73.99133845806
restaurant,YUMMY YUMMY,Chinese,Sunset Park (West),Brooklyn,BK0702,40.65133807652,-74.00752116891
restaurant,11:11 CAFE,American,Williamsburg,Brooklyn,BK0102,40.71836552226,-73.9493873812
restaurant,12 CHAIRS CAFE,Middle Eastern,Williamsburg,Brooklyn,BK0102,40.71451496487,-73.96504937917
restaurant,16 HANDLES,"Juice, Smoothies, Fruit Salads",Williamsburg,Brooklyn,BK0102,40.71825111613,-73.95838805836
restaurant,3 TIMES,Chinese,Williamsburg,Brooklyn,BK0102,40.71099964635,-73.95190711443
restaurant,74WYTHE / SUPERIOR INGREDIENTS / JBIRD COCKTAILS,American,Williamsburg,Brooklyn,BK0102,40.72220327817,-73.95755942579
restaurant,7TH STREET BURGER,Hamburgers,Williamsburg,Brooklyn,BK0102,40.71805041198,-73.95747189442
restaurant,ABBA BAR & GRILL,Tapas,Williamsburg,Brooklyn,BK0102,40.71090614796,-73.95148876413
restaurant,ACE'S PIZZA,Pizza,Williamsburg,Brooklyn,BK0102,40.71506997974,-73.9585271286
restaurant,AFURI RAMEN & DUMPLING,Japanese,Williamsburg,Brooklyn,BK0102,40.72211585012,-73.95866703354
restaurant,AINSLIE,Italian,Williamsburg,Brooklyn,BK0102,40.71255318249,-73.95189877492
restaurant,AKO JAPANESE RESTAURANT,Japanese,Williamsburg,Brooklyn,BK0102,40.71704073365,-73.95855475666
restaurant,ALIGN COFFEE,Coffee/Tea,Williamsburg,Brooklyn,BK0102,40.70811550009,-73.95337721169
restaurant,ALLSWELL,American,Williamsburg,Brooklyn,BK0102,40.71957315001,-73.95586196391
restaurant,ANGEL'S CAFE,Sandwiches,Williamsburg,Brooklyn,BK0102,40.71903382351,-73.95964297546
restaurant,ANGELS CAFE,Sandwiches,Williamsburg,Brooklyn,BK0102,40.71304127282,-73.95764463964
restaurant,ANIMAL,American,Williamsburg,Brooklyn,BK0102,40.71760532648,-73.94962605015
restaurant,ANTICA PESA,Italian,Williamsburg,Brooklyn,BK0102,40.71886058355,-73.95874481728
restaurant,ANTS COFFEE,Coffee/Tea,Williamsburg,Brooklyn,BK0102,40.7104060161,-73.96495415228
restaurant,ANTS COFFEE,Coffee/Tea,Williamsburg,Brooklyn,BK0102,40.71844267932,-73.95007995497
restaurant,APOLLO BAGELS,Bagels/Pretzels,Williamsburg,Brooklyn,BK0102,40.71834998525,-73.95854672446
restaurant,ASKA,Scandinavian,Williamsburg,Brooklyn,BK0102,40.71225102437,-73.96670984819
restaurant,ATITHI INDIAN CUISINE,Indian,Williamsburg,Brooklyn,BK0102,40.71470880324,-73.96178831569
restaurant,AURORA,Italian,Williamsburg,Brooklyn,BK0102,40.71580492211,-73.96477454399
restaurant,BABA ON WITHERS,New American,Williamsburg,Brooklyn,BK0102,40.71679613362,-73.95080988208
restaurant,BABY'S ALL RIGHT,American,Williamsburg,Brooklyn,BK0102,40.71023538924,-73.96350782924
restaurant,BACI & ABBRACCI,Italian,Williamsburg,Brooklyn,BK0102,40.71409622877,-73.96034217101
restaurant,BAGELSMITH,Bagels/Pretzels,Williamsburg,Brooklyn,BK0102,40.71761142341,-73.95794474711
restaurant,BAKERI,Bakery Products/Desserts,Williamsburg,Brooklyn,BK0102,40.71994795113,-73.95998513638
restaurant,BALKAN GRIND,Turkish,Williamsburg,Brooklyn,BK0102,40.71660744288,-73.95246580086
restaurant,BAMONTE'S,Italian,Williamsburg,Brooklyn,BK0102,40.71672774065,-73.95134021587
restaurant,BANG BANG BANGKOK,Thai,Williamsburg,Brooklyn,BK0102,40.71497800978,-73.96245189897
restaurant,BANTER,American,Williamsburg,Brooklyn,BK0102,40.71214082529,-73.95720514553
restaurant,BAR BASERRI,Spanish,Williamsburg,Brooklyn,BK0102,40.71684813051,-73.96541971054
restaurant,BAR BLONDEAU,New French,Williamsburg,Brooklyn,BK0102,40.72203591267,-73.95773630794
restaurant,BAR MADONNA,Italian,Williamsburg,Brooklyn,BK0102,40.71408907046,-73.95577903608
restaurant,BAR MILAGRO,Mexican,Williamsburg,Brooklyn,BK0102,40.71132074354,-73.9673920516
restaurant,BARANO,Italian,Williamsburg,Brooklyn,BK0102,40.71074450566,-73.96797306846
restaurant,BARCADE,American,Williamsburg,Brooklyn,BK0102,40.71201769067,-73.95127873953
restaurant,BARRY'S WILLIAMSBURG,"Juice, Smoothies, Fruit Salads",Williamsburg,Brooklyn,BK0102,40.7179865042,-73.95542291145
restaurant,BATHHOUSE,American,Williamsburg,Brooklyn,BK0102,40.72065531881,-73.95780212328
restaurant,BEATS KARAOKE CAFE,Korean,Williamsburg,Brooklyn,BK0102,40.7137995255,-73.95957401273
restaurant,BECO,Brazilian,Williamsburg,Brooklyn,BK0102,40.71825076587,-73.95058874985
restaurant,BEDFORD GARDENS / MAMA PHO,Southeast Asian,Williamsburg,Brooklyn,BK0102,40.71810804005,-73.95743939052
restaurant,BEE'S KNEES,New American,Williamsburg,Brooklyn,BK0102,40.7199565775,-73.96112511489
restaurant,BEMBE,Caribbean,Williamsburg,Brooklyn,BK0102,40.71092757724,-73.96513422964
restaurant,BERRY PARK,German,Williamsburg,Brooklyn,BK0102,40.72234776447,-73.95497263157
restaurant,BERRY PARK,American,Williamsburg,Brooklyn,BK0102,40.72234776447,-73.95497263157
restaurant,BERTONI GELATO,Frozen Desserts,Williamsburg,Brooklyn,BK0102,40.71460552242,-73.96498440095
restaurant,BEST PIZZA,Pizza,Williamsburg,Brooklyn,BK0102,40.71571857712,-73.95353780926
restaurant,BIG WONG,Chinese,Williamsburg,Brooklyn,BK0102,40.71693942544,-73.95924743677
restaurant,BIRDEE,New American,Williamsburg,Brooklyn,BK0102,40.71460332461,-73.96682410087
restaurant,BIRDS OF A FEATHER,Chinese,Williamsburg,Brooklyn,BK0102,40.71423356663,-73.96063066757
restaurant,BIRRIA LES,Mexican,Williamsburg,Brooklyn,BK0102,40.71815742578,-73.95738524717
restaurant,BIS BAS,Middle Eastern,Williamsburg,Brooklyn,BK0102,40.71739662278,-73.95605460327
restaurant,BISTRO SO,French,Williamsburg,Brooklyn,BK0102,40.71750088105,-73.95594270455
restaurant,BLACK BIRD / EVOLUTION,American,Williamsburg,Brooklyn,BK0102,40.70712400321,-73.95184139125
restaurant,BLACK BRICK,Coffee/Tea,Williamsburg,Brooklyn,BK0102,40.7141432941,-73.96152892076
restaurant,BLACK FLAMINGO,Mexican,Williamsburg,Brooklyn,BK0102,40.71067380756,-73.9538262953
restaurant,BLACK SEED BAGELS,Bagels/Pretzels,Williamsburg,Brooklyn,BK0102,40.71606745751,-73.9617694971
restaurant,BLACK STAR BAKERY & CAFE,Coffee/Tea,Williamsburg,Brooklyn,BK0102,40.71718261776,-73.95628201066
restaurant,BLAZERS SPORTS BAR,American,Williamsburg,Brooklyn,BK0102,40.71380301641,-73.96174915767
restaurant,BLEND WILLIAMSBURG,Latin American,Williamsburg,Brooklyn,BK0102,40.71460332253,-73.96681688636
restaurant,BLUE BOTTLE COFFEE,Coffee/Tea,Williamsburg,Brooklyn,BK0102,40.71771439979,-73.96201385344
restaurant,BODHI BUT HUNGRY,American,Williamsburg,Brooklyn,BK0102,40.71219961224,-73.95311823833
restaurant,BONDI SUSHI,Japanese,Williamsburg,Brooklyn,BK0102,40.71596776475,-73.95921195989
restaurant,BORO BRINE,Seafood,Williamsburg,Brooklyn,BK0102,40.71071054904,-73.9645103255
restaurant,BOZU,Japanese,Williamsburg,Brooklyn,BK0102,40.71297807906,-73.95747153607
restaurant,BREAD & SPREAD,Sandwiches,Williamsburg,Brooklyn,BK0102,40.71145674576,-73.94895258334
restaurant,BRECKENRIDGE CANNABIS CAFE,Coffee/Tea,Williamsburg,Brooklyn,BK0102,40.71398803397,-73.96526248246
restaurant,BRIGHT SIDE,Coffee/Tea,Williamsburg,Brooklyn,BK0102,40.71848348038,-73.96369809879
restaurant,BROOKLYN BILLIARDS,American,Williamsburg,Brooklyn,BK0102,40.72142377506,-73.95758878508
restaurant,BROOKLYN BOWL,American,Williamsburg,Brooklyn,BK0102,40.72219229243,-73.95754139448
restaurant,BROOKLYN BREWERY,American,Williamsburg,Brooklyn,BK0102,40.72159953192,-73.95783759946
restaurant,BROOKLYN CUPCAKE,Bakery Products/Desserts,Williamsburg,Brooklyn,BK0102,40.71048052176,-73.95104901757
restaurant,BUTLER,Coffee/Tea,Williamsburg,Brooklyn,BK0102,40.7196814329,-73.95920246333
restaurant,BUTLER,American,Williamsburg,Brooklyn,BK0102,40.71155869276,-73.96454233597
restaurant,CAFE BALEARICA,American,Williamsburg,Brooklyn,BK0102,40.72103632885,-73.95643099229
restaurant,CAFE BAR J.F,Latin American,Williamsburg,Brooklyn,BK0102,40.7167468712,-73.95114540391
restaurant,CAFE BUREAU,Coffee/Tea,Williamsburg,Brooklyn,BK0102,40.71345886834,-73.95871570882
restaurant,CAFE COLETTE,American,Williamsburg,Brooklyn,BK0102,40.71985928713,-73.95766915032
restaurant,CAFE LANDWER/LE PATIO,New American,Williamsburg,Brooklyn,BK0102,40.71488626436,-73.9590394754
restaurant,CAFE MOGADOR,Middle Eastern,Williamsburg,Brooklyn,BK0102,40.7198354471,-73.9600753926
restaurant,CAFE SUSANNE,Coffee/Tea,Williamsburg,Brooklyn,BK0102,40.71314353099,-73.9683218071
restaurant,CAFFE VALENCIA,Latin American,Williamsburg,Brooklyn,BK0102,40.71489581114,-73.96289563947
restaurant,CANTINA 138,Mexican,Williamsburg,Brooklyn,BK0102,40.71200910731,-73.95728819399
restaurant,CARIBBEAN SOCIAL CLUB,Latin American,Williamsburg,Brooklyn,BK0102,40.71356328081,-73.95902586276
restaurant,CARNEVAL,Spanish,Williamsburg,Brooklyn,BK0102,40.71100459482,-73.95063381964
restaurant,CASA ANDREA,Peruvian,Williamsburg,Brooklyn,BK0102,40.71266759861,-73.95661323384
restaurant,CASA PUBLICA,Mexican,Williamsburg,Brooklyn,BK0102,40.71828443154,-73.95230947975
restaurant,CAVA,Mediterranean,Williamsburg,Brooklyn,BK0102,40.71565467915,-73.95870352155
restaurant,CEREMONIA BAKESHOP,Coffee/Tea,Williamsburg,Brooklyn,BK0102,40.7125126103,-73.96067136649
restaurant,CERVECCERIA HAVEMEYER,Spanish,Williamsburg,Brooklyn,BK0102,40.71174017495,-73.95743625796
restaurant,CHARMS,Coffee/Tea,Williamsburg,Brooklyn,BK0102,40.71542524773,-73.96196826823
restaurant,CHEESEBOAT,Eastern European,Williamsburg,Brooklyn,BK0102,40.719820887,-73.95774132552
restaurant,CHICKEN KOOP,Chicken,Williamsburg,Brooklyn,BK0102,40.71052178665,-73.95822337169
restaurant,CHINO GRANDE,Asian/Asian Fusion,Williamsburg,Brooklyn,BK0102,40.7134368907,-73.95866161464
restaurant,CHIP CITY,Coffee/Tea,Williamsburg,Brooklyn,BK0102,40.72011604027,-73.96191868297
restaurant,CHIPOTLE MEXICAN GRILL,Tex-Mex,Williamsburg,Brooklyn,BK0102,40.71656096815,-73.96016033087
restaurant,CHIPOTLE MEXICAN GRILL #3056,Mexican,Williamsburg,Brooklyn,BK0102,40.70929240989,-73.95899964243
restaurant,CLEM'S,American,Williamsburg,Brooklyn,BK0102,40.71337921541,-73.95856425653
restaurant,CLOVER SMOOTHIE & TEA,"Juice, Smoothies, Fruit Salads",Williamsburg,Brooklyn,BK0102,40.7085208274,-73.95816331289
restaurant,COFFEE STAIN,Coffee/Tea,Williamsburg,Brooklyn,BK0102,40.71191855142,-73.95734596595
restaurant,COPPER MUG COFFEE,Coffee/Tea,Williamsburg,Brooklyn,BK0102,40.71640990908,-73.9598826555
restaurant,COTTI COFFEE / VIVI TEA / MD FRIED CHICKEN,Korean,Williamsburg,Brooklyn,BK0102,40.71363562157,-73.9618574701
restaurant,COURT STREET GROCERS,Sandwiches,Williamsburg,Brooklyn,BK0102,40.71406426989,-73.95552654697
restaurant,DA FRANCESCO PIZZA & CUCINA,Pizza,Williamsburg,Brooklyn,BK0102,40.71107828494,-73.94967067949
restaurant,DE MOLE,Mexican,Williamsburg,Brooklyn,BK0102,40.71385923783,-73.95770904768
restaurant,DE TANDOORI KNIGHT,Indian,Williamsburg,Brooklyn,BK0102,40.70767179198,-73.95576166835
restaurant,DEAD LETTER NO. 9,American,Williamsburg,Brooklyn,BK0102,40.71589557564,-73.96502340116
restaurant,DESERT 5 SPOT,Other,Williamsburg,Brooklyn,BK0102,40.72153656192,-73.9582741626
restaurant,DEUX CHATS,French,Williamsburg,Brooklyn,BK0102,40.71074721713,-73.96785403474
restaurant,DEVOCION,Coffee/Tea,Williamsburg,Brooklyn,BK0102,40.71479947161,-73.96206241551
restaurant,DIG INN,American,Williamsburg,Brooklyn,BK0102,40.71579474394,-73.95893069543
restaurant,DINASTIA ECUADORIAN FOOD II,Latin American,Williamsburg,Brooklyn,BK0102,40.71064443423,-73.96374206187
restaurant,DINER,New American,Williamsburg,Brooklyn,BK0102,40.71051055388,-73.96573682264
restaurant,DOC WINE BAR,Italian,Williamsburg,Brooklyn,BK0102,40.71964075696,-73.96062024614
restaurant,DOLLY'S SWING & DIVE,American,Williamsburg,Brooklyn,BK0102,40.72015373042,-73.95976134399
restaurant,DON PANCHO VILLA,Mexican,Williamsburg,Brooklyn,BK0102,40.71084336023,-73.95230400295
restaurant,DOS TOROS,Mexican,Williamsburg,Brooklyn,BK0102,40.71761142341,-73.95794474711
restaurant,DOUGHNUT PLANT,Donuts,Williamsburg,Brooklyn,BK0102,40.71736450109,-73.95823710313
restaurant,DRIGGS PIZZA PARLOR,Pizza,Williamsburg,Brooklyn,BK0102,40.71687807319,-73.95661048243
restaurant,DUFF'S,American,Williamsburg,Brooklyn,BK0102,40.7087759176,-73.95769064356
restaurant,DUMONT BURGER,Hamburgers,Williamsburg,Brooklyn,BK0102,40.71363562157,-73.9618574701
restaurant,DUNKIN,Donuts,Williamsburg,Brooklyn,BK0102,40.71775136152,-73.95782200607
restaurant,DUNKIN,Donuts,Williamsburg,Brooklyn,BK0102,40.70874340043,-73.95884488324
restaurant,DZIUPLA,Polish,Williamsburg,Brooklyn,BK0102,40.71746052982,-73.9581324279
restaurant,EARTHBAR,"Juice, Smoothies, Fruit Salads",Williamsburg,Brooklyn,BK0102,40.71483137843,-73.96765726509
restaurant,EAST RIVER,American,Williamsburg,Brooklyn,BK0102,40.7108039535,-73.96477719699
restaurant,EASTERN DISTRICT,Sandwiches,Williamsburg,Brooklyn,BK0102,40.71166528355,-73.9630994419
restaurant,EDITH'S SANDWICH COUNTER,Sandwiches,Williamsburg,Brooklyn,BK0102,40.71169006877,-73.948992082
restaurant,EGG SHOP,American,Williamsburg,Brooklyn,BK0102,40.71889049305,-73.95796558182
restaurant,EL EMPERADOR ELIAS,Latin American,Williamsburg,Brooklyn,BK0102,40.7087241689,-73.95879439809
restaurant,EL GRAN CANARIO,Latin American,Williamsburg,Brooklyn,BK0102,40.71068748633,-73.95371446755
restaurant,EL NICO,Mexican,Williamsburg,Brooklyn,BK0102,40.71555625795,-73.9526144529
restaurant,ENSENADA BROOKLYN,Mexican,Williamsburg,Brooklyn,BK0102,40.71067380756,-73.9538262953
restaurant,ESSE TACO,Mexican,Williamsburg,Brooklyn,BK0102,40.71659339762,-73.95872458185
restaurant,FAN FRIED RICE BAR,Asian/Asian Fusion,Williamsburg,Brooklyn,BK0102,40.71260043176,-73.96063885018
restaurant,FANDI MATA,Mediterranean,Williamsburg,Brooklyn,BK0102,40.71908458115,-73.94922810321
restaurant,FEDOROFF'S ROAST PORK,Sandwiches,Williamsburg,Brooklyn,BK0102,40.71909535518,-73.95533197953
restaurant,FIGO IL GELATO ITALIANO,Frozen Desserts,Williamsburg,Brooklyn,BK0102,40.72011912244,-73.95525192459
restaurant,FINI PIZZA,Pizza,Williamsburg,Brooklyn,BK0102,40.71350114828,-73.96191886963
restaurant,FISH CHEEKS,Thai,Williamsburg,Brooklyn,BK0102,40.71454593111,-73.95909018685
restaurant,FOOD SING,Chinese,Williamsburg,Brooklyn,BK0102,40.71439565698,-73.96106704766
restaurant,FOOLPROOF WHISKEY BAR,New American,Williamsburg,Brooklyn,BK0102,40.71884525376,-73.95449881919
restaurant,FORTUNE PLACE,Chinese,Williamsburg,Brooklyn,BK0102,40.70861426362,-73.9584770567
restaurant,FRANCIE,New French,Williamsburg,Brooklyn,BK0102,40.71031519571,-73.96416786995
restaurant,FRESH KILLS BAR,American,Williamsburg,Brooklyn,BK0102,40.71468957422,-73.96174143242
restaurant,FULL CIRCLE BAR,American,Williamsburg,Brooklyn,BK0102,40.71266759861,-73.95661323384
restaurant,FUSHIMI,Asian/Asian Fusion,Williamsburg,Brooklyn,BK0102,40.71883426753,-73.95448078931
restaurant,GABRIELA,American,Williamsburg,Brooklyn,BK0102,40.72164905399,-73.95815503993
restaurant,GARDEN CARVER,Vegan,Williamsburg,Brooklyn,BK0102,40.71427202678,-73.9607280401
restaurant,GELATERIA GENTILE,Frozen Desserts,Williamsburg,Brooklyn,BK0102,40.71623558946,-73.96393380501
restaurant,GEORGE AND JACKS TAP ROOM,American,Williamsburg,Brooklyn,BK0102,40.71909379898,-73.9584957551
restaurant,GIANDO,Italian,Williamsburg,Brooklyn,BK0102,40.71033294505,-73.96853235514
restaurant,GLAZE,Japanese,Williamsburg,Brooklyn,BK0102,40.71598148346,-73.95919752215
restaurant,GLORY DAYS,Coffee/Tea,Williamsburg,Brooklyn,BK0102,40.71731526128,-73.95167166609
restaurant,GNOCCHI ON 9TH,Other,Williamsburg,Brooklyn,BK0102,40.71486702648,-73.9589709492
restaurant,GOLDEN DRAGON,Chinese,Williamsburg,Brooklyn,BK0102,40.71405860178,-73.95506843343
restaurant,GOLDEN YEARS,American,Williamsburg,Brooklyn,BK0102,40.71441054574,-73.95666259631
restaurant,GORKHALI BROOKLYN,Other,Williamsburg,Brooklyn,BK0102,40.71135326128,-73.95770342961
restaurant,GOTTLIEB'S,Jewish/Kosher,Williamsburg,Brooklyn,BK0102,40.70773411699,-73.96111423591
restaurant,GRAN TORINO CAFE,Italian,Williamsburg,Brooklyn,BK0102,40.71842433325,-73.95921405818
restaurant,GUAC TIME,Tex-Mex,Williamsburg,Brooklyn,BK0102,40.71476649136,-73.96193257295
restaurant,GUARAPO,Latin American,Williamsburg,Brooklyn,BK0102,40.71762154195,-73.9634424435
restaurant,GUS & MARTY'S,Greek,Williamsburg,Brooklyn,BK0102,40.71942923069,-73.95286782224
restaurant,GUSTO LATINO,Latin American,Williamsburg,Brooklyn,BK0102,40.71628268893,-73.95722411997
restaurant,GYOZA SHOP,Chinese,Williamsburg,Brooklyn,BK0102,40.71700233165,-73.95862332091
restaurant,HAVE & MEYER,Italian,Williamsburg,Brooklyn,BK0102,40.71323571926,-73.95649021854
restaurant,HELLO SWEET SPOT,"Juice, Smoothies, Fruit Salads",Williamsburg,Brooklyn,BK0102,40.70812892688,-73.95265221516
restaurant,HERBIE'S BURGERS,Hamburgers,Williamsburg,Brooklyn,BK0102,40.71269857391,-73.95873421728
restaurant,HIDDEN GROUNDS,Coffee/Tea,Williamsburg,Brooklyn,BK0102,40.71228669792,-73.95132543479
restaurant,HIGH LUA VIETNAMESE KITCHEN,Southeast Asian,Williamsburg,Brooklyn,BK0102,40.71259756636,-73.96028895895
restaurant,HOLE IN THE WALL,New American,Williamsburg,Brooklyn,BK0102,40.71435459521,-73.96139172325
restaurant,HONEYBIRD COFFEE,Coffee/Tea,Williamsburg,Brooklyn,BK0102,40.72044034205,-73.96320279176
restaurant,HORSES & DIVORCES,American,Williamsburg,Brooklyn,BK0102,40.7141377973,-73.96150728058
restaurant,HOTEL DELMANO,American,Williamsburg,Brooklyn,BK0102,40.71965626596,-73.95791819913
restaurant,HUNGRY GHOST,Coffee/Tea,Williamsburg,Brooklyn,BK0102,40.71607220256,-73.9595978803
restaurant,I CAVALLINI,Italian,Williamsburg,Brooklyn,BK0102,40.71307149589,-73.95772758526
restaurant,I'MILKY,Coffee/Tea,Williamsburg,Brooklyn,BK0102,40.71766668988,-73.95896921911
restaurant,IMPACT KITCHEN,Californian,Williamsburg,Brooklyn,BK0102,40.7179865042,-73.95542291145
restaurant,INSOMNIA COOKIES,Bakery Products/Desserts,Williamsburg,Brooklyn,BK0102,40.71963076651,-73.95580059766
restaurant,IONA,American,Williamsburg,Brooklyn,BK0102,40.71431874209,-73.9608867309
restaurant,IWAK,Japanese,Williamsburg,Brooklyn,BK0102,40.71250274239,-73.95616605638
restaurant,JACK'S WIFE FREDA,Mediterranean,Williamsburg,Brooklyn,BK0102,40.71706149375,-73.96308201326
restaurant,JACKBAR,American,Williamsburg,Brooklyn,BK0102,40.71188835762,-73.95734237824
restaurant,JAJAJA MEXICANA,Mexican,Williamsburg,Brooklyn,BK0102,40.72022579137,-73.96179957061
restaurant,JANE MOTORCYCLES,Coffee/Tea,Williamsburg,Brooklyn,BK0102,40.71253625365,-73.96593777719
restaurant,JOE & THE JUICE,"Juice, Smoothies, Fruit Salads",Williamsburg,Brooklyn,BK0102,40.71603255012,-73.96416839176
restaurant,JOE'S PIZZA,Pizza,Williamsburg,Brooklyn,BK0102,40.71680752842,-73.9588326699
restaurant,JOLENE SOUND ROOM,American,Williamsburg,Brooklyn,BK0102,40.71175583536,-73.96302003542
restaurant,JUICE GENERATION,"Juice, Smoothies, Fruit Salads",Williamsburg,Brooklyn,BK0102,40.71695294533,-73.95867746239
restaurant,JUICERY KITCHEN,"Juice, Smoothies, Fruit Salads",Williamsburg,Brooklyn,BK0102,40.71748290231,-73.95217297394
restaurant,JULIETTE,French,Williamsburg,Brooklyn,BK0102,40.71693942544,-73.95924743677
restaurant,JUST SALAD,Salads,Williamsburg,Brooklyn,BK0102,40.71551461522,-73.95847995594
restaurant,K'FAR,American,Williamsburg,Brooklyn,BK0102,40.72103171132,-73.95879036696
restaurant,KABOB SHACK,Middle Eastern,Williamsburg,Brooklyn,BK0102,40.71067271475,-73.95812949372
restaurant,KAVA SOCIAL,Coffee/Tea,Williamsburg,Brooklyn,BK0102,40.71968563959,-73.95574284067
restaurant,KEG & LANTERN,American,Williamsburg,Brooklyn,BK0102,40.71221172359,-73.96382416986
restaurant,KELLOGG'S DINER,American,Williamsburg,Brooklyn,BK0102,40.7140517928,-73.95181833036
restaurant,KIJITORA,Japanese,Williamsburg,Brooklyn,BK0102,40.71805337724,-73.95807072757
restaurant,KIJITORA COFFEE,Coffee/Tea,Williamsburg,Brooklyn,BK0102,40.71640067758,-73.9571266455
restaurant,KILO BRAVO,American,Williamsburg,Brooklyn,BK0102,40.71906239688,-73.95527788928
restaurant,"KIMBAP LAB (INSIDE WHOLEFOODS, TO THE LEFT)",Korean,Williamsburg,Brooklyn,BK0102,40.71608318672,-73.95961230294
restaurant,KITH TREATS,Frozen Desserts,Williamsburg,Brooklyn,BK0102,40.72338109496,-73.95841009701
restaurant,KOKOMO,Caribbean,Williamsburg,Brooklyn,BK0102,40.72205039226,-73.95983956289
restaurant,KORN'S BAKERY,Jewish/Kosher,Williamsburg,Brooklyn,BK0102,40.70832527044,-73.96427354418
restaurant,KORN'S BAKERY,Jewish/Kosher,Williamsburg,Brooklyn,BK0102,40.70832527044,-73.96427354418
restaurant,KRU,Thai,Williamsburg,Brooklyn,BK0102,40.7229985468,-73.95567208569
restaurant,L'INDUSTRIE PIZZERIA,Pizza,Williamsburg,Brooklyn,BK0102,40.71172112803,-73.95788715718
restaurant,LA BICYCLETTE BAKERY,French,Williamsburg,Brooklyn,BK0102,40.71444441323,-73.95919846671
restaurant,LA COLOMBE / BDC CAFE,Coffee/Tea,Williamsburg,Brooklyn,BK0102,40.71463297341,-73.96499520824
restaurant,LA ISLA,Latin American,Williamsburg,Brooklyn,BK0102,40.70854006183,-73.95822101155
restaurant,LA LUZ DEL PUENTE,Latin American,Williamsburg,Brooklyn,BK0102,40.71045346794,-73.95905663795
restaurant,LA MANCHA TAPAS BAR,Tapas,Williamsburg,Brooklyn,BK0102,40.71405108991,-73.95017343729
restaurant,LA NONNA RISTORANTE & BAR,Italian,Williamsburg,Brooklyn,BK0102,40.71848348038,-73.96369809879
restaurant,LA PETITE JOIE,French,Williamsburg,Brooklyn,BK0102,40.71766956907,-73.95222695076
restaurant,LA SUPERIOR,Mexican,Williamsburg,Brooklyn,BK0102,40.71359780106,-73.96372602033
restaurant,LA TAQUERIA,Mexican,Williamsburg,Brooklyn,BK0102,40.71111926089,-73.94922697962
restaurant,LAMONTE,American,Williamsburg,Brooklyn,BK0102,40.71686983206,-73.95659245093
restaurant,LAMONTE PIZZA,Pizza,Williamsburg,Brooklyn,BK0102,40.71687807319,-73.95661048243
restaurant,LAS TAINAS,Latin American,Williamsburg,Brooklyn,BK0102,40.70773224219,-73.9559311514
restaurant,LASER WOLF,Middle Eastern,Williamsburg,Brooklyn,BK0102,40.72103171132,-73.95879036696
restaurant,LAVENDER LAKE,American,Williamsburg,Brooklyn,BK0102,40.71060686989,-73.96658081921
restaurant,LAYLA,Italian,Williamsburg,Brooklyn,BK0102,40.71226626545,-73.96272035973
restaurant,LE CROCODILE,French,Williamsburg,Brooklyn,BK0102,40.72203591267,-73.95773630794
restaurant,LE DOGGIE COOL,Coffee/Tea,Williamsburg,Brooklyn,BK0102,40.719330597,-73.9606168226
restaurant,LELLA ALIMENTARI E CUCINA,Italian,Williamsburg,Brooklyn,BK0102,40.71193775138,-73.95730988254
restaurant,LEMONS & OLIVES,American,Williamsburg,Brooklyn,BK0102,40.71227765366,-73.96400088312
restaurant,LEO,Italian,Williamsburg,Brooklyn,BK0102,40.71266759861,-73.95661323384
restaurant,LEON'S BAGELS,Bagels/Pretzels,Williamsburg,Brooklyn,BK0102,40.71936463355,-73.95608576823
restaurant,LETISH CAFE,Coffee/Tea,Williamsburg,Brooklyn,BK0102,40.71128314419,-73.96123119089
restaurant,LEUCA / LITTLE FINO / WESTLIGHT,American,Williamsburg,Brooklyn,BK0102,40.72246665921,-73.95724538927
restaurant,LEVAIN BAKERY,Bakery Products/Desserts,Williamsburg,Brooklyn,BK0102,40.71583044529,-73.95898478313
restaurant,LIGHTHOUSE,New American,Williamsburg,Brooklyn,BK0102,40.71066840785,-73.95404993547
restaurant,LILI AND CATA,Coffee/Tea,Williamsburg,Brooklyn,BK0102,40.7136919153,-73.96632315505
restaurant,LILIA,Italian,Williamsburg,Brooklyn,BK0102,40.71748016657,-73.95219462036
restaurant,LILLISTAR,Mediterranean,Williamsburg,Brooklyn,BK0102,40.71175583536,-73.96302003542
restaurant,LIMOSNEROS,Mexican,Williamsburg,Brooklyn,BK0102,40.71134243151,-73.95117102273
restaurant,LION'S MILK,Turkish,Williamsburg,Brooklyn,BK0102,40.71582646001,-73.95565162278
restaurant,LION'S MILK,Turkish,Williamsburg,Brooklyn,BK0102,40.71582646001,-73.95565162278
restaurant,LITTLE ITALY,Pizza,Williamsburg,Brooklyn,BK0102,40.71800102621,-73.95752603761
restaurant,LITTLE RUBY'S,Australian,Williamsburg,Brooklyn,BK0102,40.71910478458,-73.95851378572
restaurant,LOAF ON PAPER,Coffee/Tea,Williamsburg,Brooklyn,BK0102,40.71585163292,-73.96493684862
restaurant,LONDON TANDOORI,Indian,Williamsburg,Brooklyn,BK0102,40.71405152891,-73.95119428101
restaurant,LORA SPORTS BAR,American,Williamsburg,Brooklyn,BK0102,40.70868535218,-73.95772316364
restaurant,LOS TACOS MCONDO,Mexican,Williamsburg,Brooklyn,BK0102,40.71097446593,-73.95078173132
restaurant,LUCKY DOG,American,Williamsburg,Brooklyn,BK0102,40.71354779857,-73.96188637811
restaurant,LUCY'S VIETNAMESE,Southeast Asian,Williamsburg,Brooklyn,BK0102,40.71880297584,-73.95883504009
restaurant,MABLE'S SMOKEHOUSE & BANQUET HALL,Barbecue,Williamsburg,Brooklyn,BK0102,40.72103632885,-73.95643099229
restaurant,MACOLETTA BRICK OVEN PIZZERIA,Pizza,Williamsburg,Brooklyn,BK0102,40.72110626425,-73.96004576754
restaurant,MAISON PREMIERE,Seafood,Williamsburg,Brooklyn,BK0102,40.71419817737,-73.96149281665
restaurant,MAISON PROVENCE,Other,Williamsburg,Brooklyn,BK0102,40.71479674406,-73.95455930981
restaurant,MAMASUSHI WILLIAMSBURG,Japanese,Williamsburg,Brooklyn,BK0102,40.71041776439,-73.95192917802
restaurant,MARCY & MYRTLE,Coffee/Tea,Williamsburg,Brooklyn,BK0102,40.72068827458,-73.9578526085
restaurant,MARTHA'S COUNTRY BAKERY,Bakery Products/Desserts,Williamsburg,Brooklyn,BK0102,40.71494177619,-73.96080339665
restaurant,MARTHA'S COUNTRY BAKERY,Bakery Products/Desserts,Williamsburg,Brooklyn,BK0102,40.71809705429,-73.95742136035
restaurant,MARU COFFEE,Coffee/Tea,Williamsburg,Brooklyn,BK0102,40.71530534655,-73.96468462676
restaurant,MASQUERADE,Iranian,Williamsburg,Brooklyn,BK0102,40.70769102623,-73.95581575869
restaurant,MASTI,Indian,Williamsburg,Brooklyn,BK0102,40.71062332075,-73.95816198819
restaurant,MATCHAFUL,Coffee/Tea,Williamsburg,Brooklyn,BK0102,40.71937915393,-73.95821779828
restaurant,MCCARREN PARKHOUSE,Sandwiches,Williamsburg,Brooklyn,BK0102,40.7223543814,-73.95102583188
restaurant,MCDONALD'S,Hamburgers,Williamsburg,Brooklyn,BK0102,40.70881207007,-73.95898551126
restaurant,MEADOWSWEET,New American,Williamsburg,Brooklyn,BK0102,40.71027100447,-73.96329860267
restaurant,MEILI,Chinese,Williamsburg,Brooklyn,BK0102,40.72100300627,-73.95542810126
restaurant,MERAKI GREEK BISTRO,Greek,Williamsburg,Brooklyn,BK0102,40.71348910618,-73.95884194174
restaurant,MESIBA,Middle Eastern,Williamsburg,Brooklyn,BK0102,40.71175583536,-73.96302003542
restaurant,METROPOLITAN BAR,American,Williamsburg,Brooklyn,BK0102,40.71366095657,-73.94931521608
restaurant,MEXI,Mexican,Williamsburg,Brooklyn,BK0102,40.71919203468,-73.95693364535
restaurant,MEXICO 2000,Mexican,Williamsburg,Brooklyn,BK0102,40.7074272269,-73.95504045871
restaurant,MIDNIGHTS,American,Williamsburg,Brooklyn,BK0102,40.71743323675,-73.95855811906
restaurant,MIDO OMAKASE ROOM,Japanese,Williamsburg,Brooklyn,BK0102,40.7129567114,-73.95909477317
restaurant,MIDWAY BAR,American,Williamsburg,Brooklyn,BK0102,40.7131621687,-73.95798724409
restaurant,MILK BAR,Bakery Products/Desserts,Williamsburg,Brooklyn,BK0102,40.71406148872,-73.95543276102
restaurant,MISI,Italian,Williamsburg,Brooklyn,BK0102,40.71353025582,-73.96729717946
restaurant,MISIPASTA,Italian,Williamsburg,Brooklyn,BK0102,40.71599450872,-73.96542376245
restaurant,MISSION SANDWICH SOCIAL,Sandwiches/Salads/Mixed Buffet,Williamsburg,Brooklyn,BK0102,40.71315538743,-73.96216074858
restaurant,MIZU SUSHI,Japanese,Williamsburg,Brooklyn,BK0102,40.71335296188,-73.96201274141
restaurant,MODERN LOVE,Vegan,Williamsburg,Brooklyn,BK0102,40.70983819953,-73.95094128127
restaurant,MOGE TEE,Coffee/Tea,Williamsburg,Brooklyn,BK0102,40.71771439979,-73.96201385344
restaurant,MOLE,Mexican,Williamsburg,Brooklyn,BK0102,40.71875237589,-73.96340935353
restaurant,MON CHER MARKET,American,Williamsburg,Brooklyn,BK0102,40.70781192624,-73.95615472531
restaurant,MONARCH IZAKAYA,Japanese,Williamsburg,Brooklyn,BK0102,40.71610879153,-73.96226007077
restaurant,MONTESACRO,Italian,Williamsburg,Brooklyn,BK0102,40.7133242923,-73.95149421177
restaurant,MOONBURGER,Hamburgers,Williamsburg,Brooklyn,BK0102,40.71940853186,-73.95603884152
restaurant,MOTORINO,Pizza,Williamsburg,Brooklyn,BK0102,40.71038912727,-73.96360513438
restaurant,MR. BAO,Asian/Asian Fusion,Williamsburg,Brooklyn,BK0102,40.71700233165,-73.95862332091
restaurant,MR. MELO,Greek,Williamsburg,Brooklyn,BK0102,40.71686173554,-73.95017854277
restaurant,MUGS ALE HOUSE / RICK & PETE'S,Irish,Williamsburg,Brooklyn,BK0102,40.71956490877,-73.95584393178
restaurant,MUMBAI PLACE,Indian,Williamsburg,Brooklyn,BK0102,40.71093354983,-73.95138053251
restaurant,MUSASHI ASIAN CUISINE,Asian/Asian Fusion,Williamsburg,Brooklyn,BK0102,40.71093901335,-73.95131920859
restaurant,MUSIC HALL OF WILLIAMSBURG,American,Williamsburg,Brooklyn,BK0102,40.71932270511,-73.96162692979
restaurant,MYA & BROOKLYN,Turkish,Williamsburg,Brooklyn,BK0102,40.7174369532,-73.95391177705
restaurant,MYMOON,Spanish,Williamsburg,Brooklyn,BK0102,40.71899648021,-73.95516970894
restaurant,NAMI NORI,Japanese,Williamsburg,Brooklyn,BK0102,40.71936056401,-73.95275243062
restaurant,NAMKEEN,Chicken,Williamsburg,Brooklyn,BK0102,40.71280687419,-73.96238098364
restaurant,NAN XIANG EXPRESS,Chinese,Williamsburg,Brooklyn,BK0102,40.71463188707,-73.96160078275
restaurant,NARA CHICKEN KOREAN CUISINE,Korean,Williamsburg,Brooklyn,BK0102,40.71203379545,-73.95724849987
restaurant,NAYA,Middle Eastern,Williamsburg,Brooklyn,BK0102,40.71709012121,-73.9585042224
restaurant,NEM'S JAPANDI BISTRO / KOI BA,Japanese,Williamsburg,Brooklyn,BK0102,40.71910575087,-73.96127712796
restaurant,NEW APOLO,Chinese/Cuban,Williamsburg,Brooklyn,BK0102,40.71098538765,-73.95064826214
restaurant,NICKY'S UNISEX,American,Williamsburg,Brooklyn,BK0102,40.71236281599,-73.96423890758
restaurant,NIGHT OF JOY,American,Williamsburg,Brooklyn,BK0102,40.71692197577,-73.94984661872
restaurant,NIPPON CHA,Coffee/Tea,Williamsburg,Brooklyn,BK0102,40.71685691481,-73.95877852866
restaurant,NITEHAWK CINEMA/ LO-RES BAR,American,Williamsburg,Brooklyn,BK0102,40.71622139214,-73.96245841049
restaurant,NOODS AND CHILL,Thai,Williamsburg,Brooklyn,BK0102,40.71204071019,-73.96125960547
restaurant,NORA THAI,Thai,Williamsburg,Brooklyn,BK0102,40.71866198414,-73.95611509277
restaurant,NOZOMI,Japanese,Williamsburg,Brooklyn,BK0102,40.71498077343,-73.96250961378
restaurant,NY AXE THROWING RANGE,American,Williamsburg,Brooklyn,BK0102,40.72129194734,-73.95737601995
restaurant,NYC FILM LAB,Coffee/Tea,Williamsburg,Brooklyn,BK0102,40.70986165146,-73.96212294858
restaurant,NYLA CAFE,Coffee/Tea,Williamsburg,Brooklyn,BK0102,40.70773047577,-73.95155240106
restaurant,OASIS,Middle Eastern,Williamsburg,Brooklyn,BK0102,40.71820406805,-73.95733471296
restaurant,OBERON,American,Williamsburg,Brooklyn,BK0102,40.71860930366,-73.95475150382
restaurant,ODDFELLOWS ICE CREAM CO.,Frozen Desserts,Williamsburg,Brooklyn,BK0102,40.71665626089,-73.96630722201
restaurant,OH BOY,American,Williamsburg,Brooklyn,BK0102,40.71386413659,-73.95613629993
restaurant,OLAS COFFEE COMPANY,Coffee/Tea,Williamsburg,Brooklyn,BK0102,40.71169006877,-73.948992082
restaurant,ON TRACK BAR (OTB),New American,Williamsburg,Brooklyn,BK0102,40.71036714964,-73.96354382705
restaurant,ONTARIO,American,Williamsburg,Brooklyn,BK0102,40.71112753987,-73.94932797108
restaurant,OREGANO,Italian,Williamsburg,Brooklyn,BK0102,40.71901698591,-73.95860763538
restaurant,OSLO COFFEE ROASTERS,Coffee/Tea,Williamsburg,Brooklyn,BK0102,40.71481129827,-73.9567056219
restaurant,OSLO COFFEE ROASTERS,Coffee/Tea,Williamsburg,Brooklyn,BK0102,40.71309775918,-73.96219685313
restaurant,PADEL HAUS,"Juice, Smoothies, Fruit Salads",Williamsburg,Brooklyn,BK0102,40.7142245934,-73.96698661554
restaurant,PALOMA COFFEE & BAKERY,Coffee/Tea,Williamsburg,Brooklyn,BK0102,40.71075776344,-73.95109570476
restaurant,PAOLINA,Fusion,Williamsburg,Brooklyn,BK0102,40.7140856588,-73.96154338305
restaurant,PARIS BAGUETTE,French,Williamsburg,Brooklyn,BK0102,40.71774037582,-73.95780397593
restaurant,PARTEA XP WILLIAMSBURG,Coffee/Tea,Williamsburg,Brooklyn,BK0102,40.71435459521,-73.96139172325
restaurant,PARTNERS COFFEE,Coffee/Tea,Williamsburg,Brooklyn,BK0102,40.71782871226,-73.95919638693
restaurant,PATISSERIE TOMOKO,Bakery Products/Desserts,Williamsburg,Brooklyn,BK0102,40.71748290231,-73.95217297394
restaurant,PATRIZIA'S OF WILLIAMSBURG,Italian,Williamsburg,Brooklyn,BK0102,40.71069768297,-73.96739957165
restaurant,PEONIA PASTA,Italian,Williamsburg,Brooklyn,BK0102,40.71767452792,-73.95787616617
restaurant,PETE'S CANDY STORE,American,Williamsburg,Brooklyn,BK0102,40.71809682291,-73.95004414059
restaurant,PETER LUGER STEAKHOUSE,Steakhouse,Williamsburg,Brooklyn,BK0102,40.70997980456,-73.96251243733
restaurant,PIES-N-THIGHS,Soul Food,Williamsburg,Brooklyn,BK0102,40.71128865687,-73.96129972205
restaurant,PINKERTON WINE BAR,Italian,Williamsburg,Brooklyn,BK0102,40.7147746784,-73.95428878027
restaurant,PINKFROG CAFE,Thai,Williamsburg,Brooklyn,BK0102,40.71764577029,-73.95444913737
restaurant,PLAYA BOWLS,Jewish/Kosher,Williamsburg,Brooklyn,BK0102,40.71795163909,-73.95757657329
restaurant,POETICA COFFEE,Coffee/Tea,Williamsburg,Brooklyn,BK0102,40.71370762083,-73.94932239487
restaurant,POKE BURRITO WILLIAMSBURG,Japanese,Williamsburg,Brooklyn,BK0102,40.7147350945,-73.9584624071
restaurant,POKEBAB,Hawaiian,Williamsburg,Brooklyn,BK0102,40.71694470453,-73.95865943062
restaurant,POKEPLUS,Hawaiian,Williamsburg,Brooklyn,BK0102,40.7147350945,-73.9584624071
restaurant,POKEWORKS,Hawaiian,Williamsburg,Brooklyn,BK0102,40.71824246928,-73.95726614673
restaurant,POKITO,Fusion,Williamsburg,Brooklyn,BK0102,40.7115633678,-73.96199933689
restaurant,POPEYES,Chicken,Williamsburg,Brooklyn,BK0102,40.70872964288,-73.95875111149
restaurant,POPUP BAGELS,Bagels/Pretzels,Williamsburg,Brooklyn,BK0102,40.71454593111,-73.95909018685
restaurant,PPL COFFEE,Coffee/Tea,Williamsburg,Brooklyn,BK0102,40.71268745923,-73.95835908075
restaurant,PROPAGANDA,American,Williamsburg,Brooklyn,BK0102,40.71204947319,-73.96285755177
restaurant,PSARAKI,Greek,Williamsburg,Brooklyn,BK0102,40.70990750381,-73.96852534276
restaurant,PUEBLO QUERIDO COFFEE,Coffee/Tea,Williamsburg,Brooklyn,BK0102,40.71994884089,-73.96262224976
restaurant,PURA VIDA,American,Williamsburg,Brooklyn,BK0102,40.72338109496,-73.95841009701
restaurant,QAHWAH HOUSE,Coffee/Tea,Williamsburg,Brooklyn,BK0102,40.71846746071,-73.95705316162
restaurant,QUINOA KITCHEN,Californian,Williamsburg,Brooklyn,BK0102,40.7140856588,-73.96154338305
restaurant,RADEGAST HALL & BIERGARTEN,German,Williamsburg,Brooklyn,BK0102,40.71661916551,-73.96179803832
restaurant,RAFFAELLA,Coffee/Tea,Williamsburg,Brooklyn,BK0102,40.71101866066,-73.9584178402
restaurant,REBEN LUNCHEONETTE,Spanish,Williamsburg,Brooklyn,BK0102,40.70903994516,-73.95915129023
restaurant,RECESS GROVE,American,Williamsburg,Brooklyn,BK0102,40.71257416006,-73.95630668779
restaurant,RECETTE,French,Williamsburg,Brooklyn,BK0102,40.71323571926,-73.95649021854
restaurant,REDD'S TAVERN,American,Williamsburg,Brooklyn,BK0102,40.7110127856,-73.95053281593
restaurant,REFORESTERS LABORATORY,Coffee/Tea,Williamsburg,Brooklyn,BK0102,40.71609779464,-73.96220596702
restaurant,REUNION,Coffee/Tea,Williamsburg,Brooklyn,BK0102,40.71731526128,-73.95167166609
restaurant,REVERIE,Vegan,Williamsburg,Brooklyn,BK0102,40.71622961936,-73.96243676179
restaurant,RHYTHM ZERO,Coffee/Tea,Williamsburg,Brooklyn,BK0102,40.71883932389,-73.95340214847
restaurant,ROBERTA'S,Pizza,Williamsburg,Brooklyn,BK0102,40.71638740102,-73.96674384772
restaurant,ROCKA ROLLA,American,Williamsburg,Brooklyn,BK0102,40.71404936379,-73.95257584887
restaurant,ROEBLING PIZZERIA,Pizza,Williamsburg,Brooklyn,BK0102,40.70862885307,-73.96094057941
restaurant,ROEBLING SPORTING CLUB,American,Williamsburg,Brooklyn,BK0102,40.71695972817,-73.95482838301
restaurant,ROKA MODERN MEDITERRANEAN,Mediterranean,Williamsburg,Brooklyn,BK0102,40.71198634817,-73.96287201552
restaurant,ROSA'S PIZZA,Pizza,Williamsburg,Brooklyn,BK0102,40.7140670496,-73.95561672569
restaurant,ROSSI'S LOUNGE,American,Williamsburg,Brooklyn,BK0102,40.71075547062,-73.96792256457
restaurant,ROUND TABLE BREWERY,New American,Williamsburg,Brooklyn,BK0102,40.71253085206,-73.95793353644
restaurant,RUDE MOUTH,French,Williamsburg,Brooklyn,BK0102,40.71410289139,-73.95603153266
restaurant,SABOR LATINO,Latin American,Williamsburg,Brooklyn,BK0102,40.71071933359,-73.95108851898
restaurant,SALAD & BREAD,"Juice, Smoothies, Fruit Salads",Williamsburg,Brooklyn,BK0102,40.71214082529,-73.95720514553
restaurant,SALT + CHARCOAL,Japanese,Williamsburg,Brooklyn,BK0102,40.71459342766,-73.96150340918
restaurant,SAMURAI MAMA,Japanese,Williamsburg,Brooklyn,BK0102,40.7140962138,-73.96029888432
restaurant,SANTA FE BK,Southwestern,Williamsburg,Brooklyn,BK0102,40.71802262769,-73.95657366005
restaurant,SAUCED,New American,Williamsburg,Brooklyn,BK0102,40.71268063374,-73.96243876953
restaurant,SAVORY THAI,Thai,Williamsburg,Brooklyn,BK0102,40.71406426989,-73.95552654697
restaurant,SAZON PEREZ,Latin American,Williamsburg,Brooklyn,BK0102,40.70758755022,-73.9510872189
restaurant,SCHIMANSKI NEW YORK,American,Williamsburg,Brooklyn,BK0102,40.72223670154,-73.95889424134
restaurant,SEA THAI,Thai,Williamsburg,Brooklyn,BK0102,40.7182708831,-73.95994285771
restaurant,SELFORMER,American,Williamsburg,Brooklyn,BK0102,40.71492032349,-73.96231124807
restaurant,SETAGAYA,Asian/Asian Fusion,Williamsburg,Brooklyn,BK0102,40.71474149045,-73.96104520131
restaurant,SHAKE SHACK,Hamburgers,Williamsburg,Brooklyn,BK0102,40.71735702956,-73.96038711953
restaurant,SHALOM JAPAN,Fusion,Williamsburg,Brooklyn,BK0102,40.70920330788,-73.95559112094
restaurant,SILVER LIGHT TAVERN,American,Williamsburg,Brooklyn,BK0102,40.71750665384,-73.94994357714
restaurant,SIMPLE CAFE,French,Williamsburg,Brooklyn,BK0102,40.71242817394,-73.96261926906
restaurant,SINGAS FAMOUS PIZZA,Pizza,Williamsburg,Brooklyn,BK0102,40.71099358466,-73.95056168669
restaurant,SIPS & SALT,Jewish/Kosher,Williamsburg,Brooklyn,BK0102,40.70906081689,-73.96410722867
restaurant,SKINNY DENNIS,American,Williamsburg,Brooklyn,BK0102,40.71604287786,-73.96214106632
restaurant,SOCIAL HOUSE CAFE,Coffee/Tea,Williamsburg,Brooklyn,BK0102,40.71057388735,-73.96642573337
restaurant,SPRINGBONE KITCHEN,Soups,Williamsburg,Brooklyn,BK0102,40.71434909839,-73.96137008301
restaurant,ST. ANSELM,Steakhouse,Williamsburg,Brooklyn,BK0102,40.71412213517,-73.9561108789
restaurant,ST. MAZIE,American,Williamsburg,Brooklyn,BK0102,40.71243128576,-73.95592442553
restaurant,STARBUCKS,Coffee/Tea,Williamsburg,Brooklyn,BK0102,40.71253100835,-73.95138657708
restaurant,STRETCH PIZZA,Pizza,Williamsburg,Brooklyn,BK0102,40.71377451551,-73.96721048618
restaurant,SUGARFISH,Japanese,Williamsburg,Brooklyn,BK0102,40.71913579017,-73.96082617309
restaurant,SUMP COFFEE,Coffee/Tea,Williamsburg,Brooklyn,BK0102,40.71204946501,-73.96283230197
restaurant,SUNDAY IN BROOKLYN,American,Williamsburg,Brooklyn,BK0102,40.71416368276,-73.96520828214
restaurant,SUNGOLD / WATER TOWER BAR / ART WILLIAMSBURG / LOBBY BAR / MIRROR BAR,American,Williamsburg,Brooklyn,BK0102,40.72148168757,-73.95833191911
restaurant,SUNRISE EAST CHINESE,Chinese,Williamsburg,Brooklyn,BK0102,40.71110014472,-73.94944702505
restaurant,SUPER BURRITO,Mexican,Williamsburg,Brooklyn,BK0102,40.71347097019,-73.96196217323
restaurant,SUPREME PIZZA,Pizza,Williamsburg,Brooklyn,BK0102,40.70849884685,-73.95810200909
restaurant,SURF BAR,Seafood,Williamsburg,Brooklyn,BK0102,40.71759801897,-73.95882496493
restaurant,SUSHI AJJO,Japanese,Williamsburg,Brooklyn,BK0102,40.7142705966,-73.95675286852
restaurant,SUSHI ON ME,Japanese,Williamsburg,Brooklyn,BK0102,40.71255926889,-73.96066412457
restaurant,SUSHI SHIRO,Japanese,Williamsburg,Brooklyn,BK0102,40.71405108991,-73.95017343729
restaurant,SUSHI YOSHI,Chinese/Japanese,Williamsburg,Brooklyn,BK0102,40.71648405946,-73.95278333642
restaurant,SUZUME,Japanese,Williamsburg,Brooklyn,BK0102,40.71316411519,-73.94922902315
restaurant,SWALLOW CAFE,Coffee/Tea,Williamsburg,Brooklyn,BK0102,40.71792042101,-73.95488905575
restaurant,SWEET CHICK,American,Williamsburg,Brooklyn,BK0102,40.71830284072,-73.95723003333
restaurant,SWEETGREEN,Salads,Williamsburg,Brooklyn,BK0102,40.71586340313,-73.95904247991
restaurant,SWEETWATER,American,Williamsburg,Brooklyn,BK0102,40.71831755674,-73.9599789041
restaurant,TABARE,Latin American,Williamsburg,Brooklyn,BK0102,40.7129567114,-73.95909477317
restaurant,TABU,Latin American,Williamsburg,Brooklyn,BK0102,40.71377131585,-73.95746742079
restaurant,TACO BELL,Tex-Mex,Williamsburg,Brooklyn,BK0102,40.70864447045,-73.95851671403
restaurant,TACO SANTANA,Mexican,Williamsburg,Brooklyn,BK0102,40.70778419904,-73.9554297603
restaurant,TACOCINA,Tex-Mex,Williamsburg,Brooklyn,BK0102,40.71562177559,-73.96731779314
restaurant,TACOMBI,Tex-Mex,Williamsburg,Brooklyn,BK0102,40.71506766815,-73.95974278266
restaurant,TAIYAKI NYC,Frozen Desserts,Williamsburg,Brooklyn,BK0102,40.71430245553,-73.96142421869
restaurant,TBA BROOKLYN,American,Williamsburg,Brooklyn,BK0102,40.71112562076,-73.96654448749
restaurant,TEA BAR,Coffee/Tea,Williamsburg,Brooklyn,BK0102,40.71805783868,-73.95534710731
restaurant,TEDDY'S BAR & GRILL,American,Williamsburg,Brooklyn,BK0102,40.71926940654,-73.95833691505
restaurant,THE AM-THAI,Thai,Williamsburg,Brooklyn,BK0102,40.71291824728,-73.95899018919
restaurant,THE APARTMENT / HOX COFFEE SHOP,Coffee/Tea,Williamsburg,Brooklyn,BK0102,40.72103171132,-73.95879036696
restaurant,THE BEDFORD,American,Williamsburg,Brooklyn,BK0102,40.71996274655,-73.95544683736
restaurant,THE BIG WHISKEY,American,Williamsburg,Brooklyn,BK0102,40.7110181722,-73.95029474609
restaurant,THE BLUE BLOSSOM,Chinese/Japanese,Williamsburg,Brooklyn,BK0102,40.71693942544,-73.95924743677
restaurant,THE BUTCHER'S DAUGHTER,Vegetarian,Williamsburg,Brooklyn,BK0102,40.71470485887,-73.9583433865
restaurant,THE CACTUS SHOP,Latin American,Williamsburg,Brooklyn,BK0102,40.71672465395,-73.96554603272
restaurant,THE CHARLESTON,American,Williamsburg,Brooklyn,BK0102,40.71806139773,-73.95748992458
restaurant,THE CLONARD,Irish,Williamsburg,Brooklyn,BK0102,40.71098266305,-73.9506951559
restaurant,THE COLLECTORS,Asian/Asian Fusion,Williamsburg,Brooklyn,BK0102,40.71288464012,-73.95715777306
restaurant,THE COMMODORE,Chicken,Williamsburg,Brooklyn,BK0102,40.71407261158,-73.95580429761
restaurant,THE CRAIC,Irish,Williamsburg,Brooklyn,BK0102,40.71850230322,-73.95486701561
restaurant,THE DOZZY COFFEE,American,Williamsburg,Brooklyn,BK0102,40.7140586272,-73.95513336343
restaurant,THE EXLEY,American,Williamsburg,Brooklyn,BK0102,40.71597587377,-73.95181332677
restaurant,THE FICTION,Coffee/Tea,Williamsburg,Brooklyn,BK0102,40.70727305854,-73.95387915595
restaurant,THE FOUR HORSEMEN,New American,Williamsburg,Brooklyn,BK0102,40.7129588255,-73.9573633335
restaurant,THE GIBSON,American,Williamsburg,Brooklyn,BK0102,40.72013010854,-73.95526995495
restaurant,THE GUTTER,American,Williamsburg,Brooklyn,BK0102,40.72288319534,-73.95548816988
restaurant,THE KENT ALE HOUSE,American,Williamsburg,Brooklyn,BK0102,40.72244000312,-73.95942444419
restaurant,THE LE LABO CAFE OF WILLIAMSBURG BROOKLYN N.Y.C,Coffee/Tea,Williamsburg,Brooklyn,BK0102,40.71817476195,-73.9597877955
restaurant,THE LEVEE,American,Williamsburg,Brooklyn,BK0102,40.71610312747,-73.96173340323
restaurant,THE MCCARREN,Irish,Williamsburg,Brooklyn,BK0102,40.71810876342,-73.95230239105
restaurant,THE MOUTH,Mediterranean,Williamsburg,Brooklyn,BK0102,40.71339698776,-73.95475144868
restaurant,THE QUARTER CLUB,Other,Williamsburg,Brooklyn,BK0102,40.71285443688,-73.95712893529
restaurant,THE RESIDENCE OF MR. MOTO,Japanese,Williamsburg,Brooklyn,BK0102,40.71426379989,-73.96074968837
restaurant,THE SECOND CITY / THE BRENTWOOD,American,Williamsburg,Brooklyn,BK0102,40.72098268044,-73.95984742396
restaurant,THE SNAIL,American,Williamsburg,Brooklyn,BK0102,40.72182670854,-73.94946411074
restaurant,THE TEST BREWERY,American,Williamsburg,Brooklyn,BK0102,40.714561953,-73.95785649736
restaurant,THE WEST,Coffee/Tea,Williamsburg,Brooklyn,BK0102,40.71189692238,-73.95128243525
restaurant,THE WHISKEY BROOKLYN,American,Williamsburg,Brooklyn,BK0102,40.72103632885,-73.95643099229
restaurant,THE WOODS / DOMINGO'S,American,Williamsburg,Brooklyn,BK0102,40.71299200139,-73.96633072437
restaurant,THINK COFFEE,Bakery Products/Desserts,Williamsburg,Brooklyn,BK0102,40.71314562905,-73.95089915866
restaurant,TIPSY SCOOP,Frozen Desserts,Williamsburg,Brooklyn,BK0102,40.71470762983,-73.95841552992
restaurant,TITI'S EMPANADAS,Spanish,Williamsburg,Brooklyn,BK0102,40.71135326128,-73.95770342961
restaurant,TONCHIN BROOKLYN,Japanese,Williamsburg,Brooklyn,BK0102,40.71669056667,-73.96190982559
restaurant,TRAIF,American,Williamsburg,Brooklyn,BK0102,40.71047544797,-73.95911794388
restaurant,TULIPS AND SIPS,Coffee/Tea,Williamsburg,Brooklyn,BK0102,40.71175309873,-73.96304528663
restaurant,TURKEY'S NEST TAVERN,American,Williamsburg,Brooklyn,BK0102,40.72051695674,-73.95485121574
restaurant,TWO HANDS,Australian,Williamsburg,Brooklyn,BK0102,40.71632679288,-73.96598272806
restaurant,UME,Japanese,Williamsburg,Brooklyn,BK0102,40.71660392202,-73.96567235301
restaurant,VAN LEEUWEN ICE CREAM,Frozen Desserts,Williamsburg,Brooklyn,BK0102,40.71833187417,-73.96171768884
restaurant,VANESSA'S DUMPLING HOUSE,Chinese,Williamsburg,Brooklyn,BK0102,40.71374813306,-73.96178526135
restaurant,VELVET LOUNGE,American,Williamsburg,Brooklyn,BK0102,40.71001002647,-73.96260259534
restaurant,VERA CRUZ ON BEDFORD AVE,Mexican,Williamsburg,Brooklyn,BK0102,40.71741662012,-73.95815049261
restaurant,VINNIE'S PIZZERIA,Pizza,Williamsburg,Brooklyn,BK0102,40.71880767487,-73.95668858596
restaurant,WE GOT COMPANY,American,Williamsburg,Brooklyn,BK0102,40.7140718574,-73.95388886228
restaurant,WEEKENDS,American,Williamsburg,Brooklyn,BK0102,40.7115633678,-73.96199933689
restaurant,WEI'S WILLIAMSBURG,Chinese,Williamsburg,Brooklyn,BK0102,40.71066840785,-73.95404993547
restaurant,WENDY'S,Hamburgers,Williamsburg,Brooklyn,BK0102,40.70870766395,-73.95869341423
restaurant,WESTVILLE,Californian,Williamsburg,Brooklyn,BK0102,40.71465568964,-73.95899993783
restaurant,WILD GINGER,Vegan,Williamsburg,Brooklyn,BK0102,40.71902943856,-73.95522379908
restaurant,WILLIAMSBURG CINEMAS,American,Williamsburg,Brooklyn,BK0102,40.71397808974,-73.96001398468
restaurant,WILLIAMSBURG PIZZA,Pizza,Williamsburg,Brooklyn,BK0102,40.70804573975,-73.95065044692
restaurant,WILLIAMSBURG THAI CUISINE,Thai,Williamsburg,Brooklyn,BK0102,40.71690630247,-73.95872799471
restaurant,WING STOP,Chicken,Williamsburg,Brooklyn,BK0102,40.70863349659,-73.95853114859
restaurant,WITH OTHERS,American,Williamsburg,Brooklyn,BK0102,40.71274924587,-73.96241708781
restaurant,WONDER,American,Williamsburg,Brooklyn,BK0102,40.71798684518,-73.96423227091
restaurant,WOODHUL WINE BAR,American,Williamsburg,Brooklyn,BK0102,40.71500139701,-73.95862817512
restaurant,WORK CAFE,Coffee/Tea,Williamsburg,Brooklyn,BK0102,40.71874323285,-73.96066406823
restaurant,X-GOLF BROOKLYN,American,Williamsburg,Brooklyn,BK0102,40.72250474069,-73.95632901353
restaurant,XI'AN FAMOUS FOODS,Chinese,Williamsburg,Brooklyn,BK0102,40.71725085731,-73.95529714649
restaurant,XIXA,Mexican,Williamsburg,Brooklyn,BK0102,40.71032982527,-73.95869961916
restaurant,ZAMAAN,Middle Eastern,Williamsburg,Brooklyn,BK0102,40.70771300661,-73.95587345412
restaurant,ZEFF'S PIZZERIA,Pizza,Williamsburg,Brooklyn,BK0102,40.70968608576,-73.95481890316
restaurant,#1 GARDEN CHINESE RESTAURANT,Chinese,Windsor Terrace-South Slope,Brooklyn,BK0701,40.66015564948,-73.98055481996
restaurant,AMERICAN CHEEZ,American,Windsor Terrace-South Slope,Brooklyn,BK0701,40.66314808776,-73.98470988542
restaurant,BANGKOK BOULEVARD,Thai,Windsor Terrace-South Slope,Brooklyn,BK0701,40.65845688116,-73.98208710395
restaurant,BAROUK LEBANESE CUISINE,Middle Eastern,Windsor Terrace-South Slope,Brooklyn,BK0701,40.66444423226,-73.99029660745
restaurant,BATATA,Mediterranean,Windsor Terrace-South Slope,Brooklyn,BK0701,40.64836647814,-73.97863031245
restaurant,BAYA BAR,"Juice, Smoothies, Fruit Salads",Windsor Terrace-South Slope,Brooklyn,BK0701,40.66072923272,-73.98011492413
restaurant,BEDAWI CAFE,Mediterranean,Windsor Terrace-South Slope,Brooklyn,BK0701,40.65851176828,-73.98203302605
restaurant,BENE PIZZERIA & RESTAURANT,Pizza,Windsor Terrace-South Slope,Brooklyn,BK0701,40.65487598872,-73.97334474011
restaurant,BERRYCCINO,American,Windsor Terrace-South Slope,Brooklyn,BK0701,40.66312338427,-73.98470628665
restaurant,BLACK HORSE PUB,English,Windsor Terrace-South Slope,Brooklyn,BK0701,40.66505078047,-73.98974862543
restaurant,BRANCACCIO'S FOOD SHOP,Sandwiches,Windsor Terrace-South Slope,Brooklyn,BK0701,40.6483939145,-73.97856904142
restaurant,BUTTERLY BAKESHOP,Bakery Products/Desserts,Windsor Terrace-South Slope,Brooklyn,BK0701,40.65861055989,-73.98190324768
restaurant,BUTTERMILK,American,Windsor Terrace-South Slope,Brooklyn,BK0701,40.66483395773,-73.9899144682
restaurant,CAFE D'AVIGNON,Bakery Products/Desserts,Windsor Terrace-South Slope,Brooklyn,BK0701,40.66183347817,-73.9857915042
restaurant,CAFE ON 7TH,American,Windsor Terrace-South Slope,Brooklyn,BK0701,40.66164410846,-73.98595374167
restaurant,CENA,Mexican,Windsor Terrace-South Slope,Brooklyn,BK0701,40.65148944634,-73.97566335893
restaurant,COFFEINE,Coffee/Tea,Windsor Terrace-South Slope,Brooklyn,BK0701,40.66603086649,-73.99230775106
restaurant,CONECTICUT MUFFINS,Other,Windsor Terrace-South Slope,Brooklyn,BK0701,40.66081432336,-73.980129316
restaurant,COZIE'S PIZZERIA,Pizza,Windsor Terrace-South Slope,Brooklyn,BK0701,40.65072952785,-73.97755202078
restaurant,CUPPA HIVE COFFEE,Coffee/Tea,Windsor Terrace-South Slope,Brooklyn,BK0701,40.66189878233,-73.98176178092
restaurant,DAYTIME,Coffee/Tea,Windsor Terrace-South Slope,Brooklyn,BK0701,40.6584150004,-73.97801436672
restaurant,DELLA VALLE,Italian,Windsor Terrace-South Slope,Brooklyn,BK0701,40.65301015589,-73.97614572588
restaurant,DOG DAY AFTERNOON,Hotdogs,Windsor Terrace-South Slope,Brooklyn,BK0701,40.65851176828,-73.98203302605
restaurant,DOMINO'S,Pizza,Windsor Terrace-South Slope,Brooklyn,BK0701,40.66541855288,-73.98944217922
restaurant,DOUBLE WINDSOR,American,Windsor Terrace-South Slope,Brooklyn,BK0701,40.66045479282,-73.98033486934
restaurant,DUNKIN,Donuts,Windsor Terrace-South Slope,Brooklyn,BK0701,40.65910180676,-73.9814742094
restaurant,ELK CAFE,Coffee/Tea,Windsor Terrace-South Slope,Brooklyn,BK0701,40.65502147208,-73.97338792997
restaurant,ELORA'S,Mexican,Windsor Terrace-South Slope,Brooklyn,BK0701,40.6583498522,-73.98219886296
restaurant,EMACK & BOLIOS,Frozen Desserts,Windsor Terrace-South Slope,Brooklyn,BK0701,40.65929940331,-73.98130475455
restaurant,EMPIRE TEISHOKUYA,Chinese/Japanese,Windsor Terrace-South Slope,Brooklyn,BK0701,40.65839375744,-73.98212676718
restaurant,FARRELL'S BAR & GRILL,American,Windsor Terrace-South Slope,Brooklyn,BK0701,40.66029561294,-73.98043583697
restaurant,GIOVANNI'S BROOKLYN EATS,Italian,Windsor Terrace-South Slope,Brooklyn,BK0701,40.65999699529,-73.98407265149
restaurant,GNARLY EATS,American,Windsor Terrace-South Slope,Brooklyn,BK0701,40.66300262746,-73.98480723907
restaurant,GOOD DAY PLAY CAFE,American,Windsor Terrace-South Slope,Brooklyn,BK0701,40.66457322453,-73.99015240716
restaurant,GOOD JUDY,American,Windsor Terrace-South Slope,Brooklyn,BK0701,40.66532249062,-73.98949626313
restaurant,GREEK XPRESS,Mediterranean,Windsor Terrace-South Slope,Brooklyn,BK0701,40.65996903073,-73.98070985889
restaurant,GREENWOOD PARK,American,Windsor Terrace-South Slope,Brooklyn,BK0701,40.65972024267,-73.98791847709
restaurant,HAMILTON'S,American,Windsor Terrace-South Slope,Brooklyn,BK0701,40.64904410318,-73.97690032141
restaurant,HILLTOP TAVERN,American,Windsor Terrace-South Slope,Brooklyn,BK0701,40.65895360903,-73.98160039881
restaurant,HOLY PITA,Middle Eastern,Windsor Terrace-South Slope,Brooklyn,BK0701,40.65861055989,-73.98190324768
restaurant,HOLY PITA,Other,Windsor Terrace-South Slope,Brooklyn,BK0701,40.65861055989,-73.98190324768
restaurant,JAVA,Indonesian,Windsor Terrace-South Slope,Brooklyn,BK0701,40.66276111356,-73.98500914281
restaurant,JOE'S PIZZA,Pizza,Windsor Terrace-South Slope,Brooklyn,BK0701,40.65871758857,-73.98179148775
restaurant,JOY KITCHEN,Chinese,Windsor Terrace-South Slope,Brooklyn,BK0701,40.66154805135,-73.98603666253
restaurant,KIKU SUSHI,Japanese,Windsor Terrace-South Slope,Brooklyn,BK0701,40.66282149207,-73.98495866702
restaurant,KIKU SUSHI,Japanese,Windsor Terrace-South Slope,Brooklyn,BK0701,40.66282149207,-73.98495866702
restaurant,KRUPA GROCERY,American,Windsor Terrace-South Slope,Brooklyn,BK0701,40.65992237616,-73.98074951956
restaurant,LADYBIRD BAKERY,Bakery Products/Desserts,Windsor Terrace-South Slope,Brooklyn,BK0701,40.65905240714,-73.98151386978
restaurant,LE PADDOCK,French,Windsor Terrace-South Slope,Brooklyn,BK0701,40.65293604008,-73.97611331734
restaurant,LENNY'S PIZZERIA,Pizza,Windsor Terrace-South Slope,Brooklyn,BK0701,40.66436463978,-73.99036870957
restaurant,LITTLE HONEY,American,Windsor Terrace-South Slope,Brooklyn,BK0701,40.66178682185,-73.98583116241
restaurant,LORE,Indian,Windsor Terrace-South Slope,Brooklyn,BK0701,40.66318101787,-73.98465581094
restaurant,M.C. LUNCHEONETTE,Mexican,Windsor Terrace-South Slope,Brooklyn,BK0701,40.66483395773,-73.9899144682
restaurant,MIKHUY,Peruvian,Windsor Terrace-South Slope,Brooklyn,BK0701,40.6645238247,-73.99022450515
restaurant,MR. TONG,Chinese,Windsor Terrace-South Slope,Brooklyn,BK0701,40.64868196609,-73.97777974384
restaurant,PARK & CRISP ASIAN KITCHEN,Other,Windsor Terrace-South Slope,Brooklyn,BK0701,40.65839375744,-73.98212676718
restaurant,PICCOLI,Italian,Windsor Terrace-South Slope,Brooklyn,BK0701,40.65487598872,-73.97334474011
restaurant,PIZZA PERRON,Pizza,Windsor Terrace-South Slope,Brooklyn,BK0701,40.64840214412,-73.97854381316
restaurant,POETICA COFFEE,Coffee/Tea,Windsor Terrace-South Slope,Brooklyn,BK0701,40.65934880226,-73.98126148962
restaurant,POETICA COFFEE,Coffee/Tea,Windsor Terrace-South Slope,Brooklyn,BK0701,40.65297995731,-73.97611690546
restaurant,RULLO'S,American,Windsor Terrace-South Slope,Brooklyn,BK0701,40.66526211243,-73.98957196872
restaurant,SICILY PIZZERIA,Pizza,Windsor Terrace-South Slope,Brooklyn,BK0701,40.66294224902,-73.98485771515
restaurant,SIPS 'N BITES,Italian,Windsor Terrace-South Slope,Brooklyn,BK0701,40.66152337276,-73.98623851248
restaurant,SPUDZ SLOPE,Fusion,Windsor Terrace-South Slope,Brooklyn,BK0701,40.66030659513,-73.98045385526
restaurant,STANG THAI,Thai,Windsor Terrace-South Slope,Brooklyn,BK0701,40.64837196569,-73.97861949971
restaurant,STEEPLECHASE COFFEE,Coffee/Tea,Windsor Terrace-South Slope,Brooklyn,BK0701,40.64838842697,-73.97857985417
restaurant,SUSHI YU,Japanese,Windsor Terrace-South Slope,Brooklyn,BK0701,40.6602462186,-73.98050433324
restaurant,SYKO MARKETPLACE,Asian/Asian Fusion,Windsor Terrace-South Slope,Brooklyn,BK0701,40.6602462186,-73.98050433324
restaurant,TACOOMAR,Tex-Mex,Windsor Terrace-South Slope,Brooklyn,BK0701,40.66001568589,-73.98067380246
restaurant,TERRACE BAGELS,Bagels/Pretzels,Windsor Terrace-South Slope,Brooklyn,BK0701,40.66000471225,-73.98070624424
restaurant,TERRACE COFFEE SHOP,American,Windsor Terrace-South Slope,Brooklyn,BK0701,40.65467686193,-73.97936349921
restaurant,THE ADIRONDACK,American,Windsor Terrace-South Slope,Brooklyn,BK0701,40.65255450066,-73.97604137678
restaurant,THE CAT,Other,Windsor Terrace-South Slope,Brooklyn,BK0701,40.65301015589,-73.97614572588
restaurant,THE LONESOME CLUB,Irish,Windsor Terrace-South Slope,Brooklyn,BK0701,40.65763024824,-73.97938420703
restaurant,UNCLE LOUIE G'S,Frozen Desserts,Windsor Terrace-South Slope,Brooklyn,BK0701,40.65487598872,-73.97334474011
restaurant,WENDY'S,Hamburgers,Windsor Terrace-South Slope,Brooklyn,BK0701,40.66276935026,-73.98502716315
restaurant,WINDSOR CAFE,American,Windsor Terrace-South Slope,Brooklyn,BK0701,40.66006508887,-73.98065576663
restaurant,WINDSOR COFFEE,Coffee/Tea,Windsor Terrace-South Slope,Brooklyn,BK0701,40.64919519928,-73.97757055752
restaurant,ZAGAYA,Mediterranean,Windsor Terrace-South Slope,Brooklyn,BK0701,40.66035047946,-73.98026641837
restaurant,ZOLLER'S,Soups/Salads/Sandwiches,Windsor Terrace-South Slope,Brooklyn,BK0701,40.65915120577,-73.98143094472
