type,name,detail,neighborhood,borough,nta2020,latitude,longitude
farmers_market,JBOLC Garden Community Farmers Market,Saturday,Bedford Park,Bronx,BX0702,40.882178,-73.88691
farmers_market,Harvest Home Co-op City Farm Stand,Wednesday & Saturday,Co-op City,Bronx,BX1004,40.8702,-73.830963
farmers_market,Bronx Borough Hall Greenmarket,Tuesday,Concourse-Concourse Village,Bronx,BX0401,40.827335,-73.922911
farmers_market,BronxWorks Farm Stand,Thursday,Concourse-Concourse Village,Bronx,BX0401,40.832759,-73.919296
farmers_market,Lincoln Hospital Greenmarket,Tuesdays & Fridays,Concourse-Concourse Village,Bronx,BX0401,40.818013,-73.925185
farmers_market,New Roots Farm Stand,Saturday,Concourse-Concourse Village,Bronx,BX0401,40.821447,-73.925492
farmers_market,Harvest Home Hunts Point Farm Stand,Wednesday,Hunts Point,Bronx,BX0201,40.81894,-73.893492
farmers_market,Van Cortlandt Park Alliance Farm Stand,Wednesday,Kingsbridge Heights-Van Cortlandt Village,Bronx,BX0801,40.884532,-73.892172
farmers_market,Harvest Home St. Mary's Park Farm Stand,Thursday,Melrose,Bronx,BX0102,40.8139,-73.911812
farmers_market,Harvest Home Jacobi Hospital Farmers Market,Friday,Morris Park,Bronx,BX1102,40.8574,-73.847079
farmers_market,Mott Haven Farm Stand,Wednesday,Mott Haven-Port Morris,Bronx,BX0101,40.807883,-73.917885
farmers_market,170 Farm Stand,Wednesday,Mount Eden-Claremont (West),Bronx,BX0403,40.840138,-73.916591
farmers_market,La Familia Verde Farmers Market Highbridge Farmers Market,Wednesday,Mount Eden-Claremont (West),Bronx,BX0403,40.843627,-73.922243
farmers_market,Harvest Home North Central Bronx Farmers Market,Wednesday,Norwood,Bronx,BX0703,40.8797,-73.884661
farmers_market,Bronx Park East (BxPE) Farmers Market,Sunday,Pelham Parkway-Van Nest,Bronx,BX1101,40.851713,-73.867786
farmers_market,Riverdale Neighborhood House Youth Market,Thursday,Riverdale-Spuyten Duyvil,Bronx,BX0803,40.903039,-73.90375
farmers_market,Riverdale Y Sunday Market,Sunday,Riverdale-Spuyten Duyvil,Bronx,BX0803,40.885103,-73.911186
farmers_market,Parkchester Greenmarket,Friday,Soundview-Bruckner-Bronx River,Bronx,BX0901,40.833279,-73.862833
farmers_market,La Familia Verde Farmers Market,Tuesday,Tremont,Bronx,BX0602,40.846448,-73.893563
farmers_market,Poe Park Greenmarket,Tuesday,University Heights (North)-Fordham,Bronx,BX0701,40.86431,-73.895379
farmers_market,Bissel Gardens Farmers Market,Saturday,Wakefield-Woodlawn,Bronx,BX1203,40.900941,-73.84674
garden,Bainbridge Garden,,Bedford Park,Bronx,BX0702,40.870927,-73.883979
garden,Risse Street Community Garden,,Bedford Park,Bronx,BX0702,40.878564,-73.885289
garden,Belmont Little Farmers,,Belmont,Bronx,BX0603,40.857012,-73.884668
garden,Havemeyer Garden Association,,Castle Hill-Unionport,Bronx,BX0903,40.817606,-73.84454
garden,Karol's Urban Farm - Castle Hill Houses (NYCHA),,Castle Hill-Unionport,Bronx,BX0903,40.818149,-73.84623
garden,Flower Garden - Morris II Houses (NYCHA),,Claremont Village-Claremont (East),Bronx,BX0302,40.83634,-73.903333
garden,Jardin de la Familia,,Claremont Village-Claremont (East),Bronx,BX0302,40.837893,-73.903505
garden,Bette's Rose Garden,,Concourse-Concourse Village,Bronx,BX0401,40.828087,-73.914261
garden,Claremont Neighborhood Garden,,Concourse-Concourse Village,Bronx,BX0401,40.834136,-73.910203
garden,Little Paradise Community Garden,,Concourse-Concourse Village,Bronx,BX0401,40.830311,-73.916593
garden,New Roots Community Farm,,Concourse-Concourse Village,Bronx,BX0401,40.821447,-73.925492
garden,"Sun, Wind & Shade Oasis",,Concourse-Concourse Village,Bronx,BX0401,40.828442,-73.919291
garden,Bronx Sunshine Garden,,Crotona Park East,Bronx,BX0303,40.836679,-73.884667
garden,Cordelia’s Garden,,Crotona Park East,Bronx,BX0303,40.830931,-73.895016
garden,Freeman Garden,,Crotona Park East,Bronx,BX0303,40.829604,-73.891108
garden,Model T Community Garden,,Crotona Park East,Bronx,BX0303,40.830963,-73.894058
garden,Morning Glory Community Garden,,Crotona Park East,Bronx,BX0303,40.829456,-73.891148
garden,Paradise on Earth Community Garden,,Crotona Park East,Bronx,BX0303,40.826741,-73.894169
garden,Synergi Urban Garden,,Crotona Park East,Bronx,BX0303,40.829124,-73.89113
garden,Eastchester Road Community Garden,,Eastchester-Edenwald-Baychester,Bronx,BX1202,40.881752,-73.84848
garden,Ujamaa Northeast Community Garden,,Eastchester-Edenwald-Baychester,Bronx,BX1202,40.884047,-73.834892
garden,Creston Jungle Playground,,Fordham Heights,Bronx,BX0503,40.856629,-73.901254
garden,Jardin de las Rosas,,Fordham Heights,Bronx,BX0503,40.858114,-73.904791
garden,La Isla Youth Community Garden,,Highbridge,Bronx,BX0402,40.831909,-73.929264
garden,Las Casitas Community Garden,,Highbridge,Bronx,BX0402,40.835574,-73.925408
garden,Mosaic Success Garden,,Highbridge,Bronx,BX0402,40.840171,-73.925442
garden,Roberto Clemente Community Garden,,Highbridge,Bronx,BX0402,40.838961,-73.922408
garden,Sweetgum Community Garden,,Highbridge,Bronx,BX0402,40.83317,-73.930505
garden,Taqwa Community Farm,,Highbridge,Bronx,BX0402,40.832529,-73.928873
garden,Target Bronx (Anderson Avenue Community Garden),,Highbridge,Bronx,BX0402,40.832377,-73.927337
garden,Woodycrest Community Garden,,Highbridge,Bronx,BX0402,40.83127,-73.929398
garden,Bryant Hill Community Garden,,Hunts Point,Bronx,BX0201,40.819829,-73.887215
garden,Marble Hill Garden - Marble Hill Houses (NYCHA),,Kingsbridge-Marble Hill,Bronx,BX0802,40.874868,-73.907826
garden,Black Joy Farm,,Longwood,Bronx,BX0202,40.821981,-73.892573
garden,Demera Santiago Garden,,Longwood,Bronx,BX0202,40.815267,-73.902248
garden,Mildred T. Rhodebeck Garden (Garden of Eden),,Longwood,Bronx,BX0202,40.821509,-73.889647
garden,New Hoe Avenue Garden,,Longwood,Bronx,BX0202,40.822703,-73.890104
garden,Schomburg Arts Garden,,Longwood,Bronx,BX0202,40.823488,-73.898893
garden,The William Rainey Garden,,Longwood,Bronx,BX0202,40.815077,-73.901106
garden,Wishing Well Garden,,Longwood,Bronx,BX0202,40.819497,-73.898632
garden,Centro Cultural Rincon Criollo,,Melrose,Bronx,BX0102,40.820578,-73.912035
garden,Courtlandt Avenue Community Garden,,Melrose,Bronx,BX0102,40.822502,-73.916202
garden,Dolorinda Lisante Community Garden,,Melrose,Bronx,BX0102,40.823068,-73.916728
garden,Eagle Slope,,Melrose,Bronx,BX0102,40.815733,-73.91142
garden,El Batey Borincano,,Melrose,Bronx,BX0102,40.820768,-73.909288
garden,El Flamboyan,,Melrose,Bronx,BX0102,40.813766,-73.905927
garden,Isla Verde Garden,,Melrose,Bronx,BX0102,40.814925,-73.906829
garden,Latinos Unidos,,Melrose,Bronx,BX0102,40.821557,-73.914125
garden,Magnolia Tree Community Garden,,Melrose,Bronx,BX0102,40.817223,-73.911208
garden,Melrose Houses Community Garden - Melrose Houses (NYCHA),,Melrose,Bronx,BX0102,40.820762,-73.919546
garden,NYRP Members Garden (Dalia Group),,Melrose,Bronx,BX0102,40.820862,-73.917288
garden,Neighborhood Advisory Committee Community Garden,,Melrose,Bronx,BX0102,40.817613,-73.918473
garden,Palmas del Caribe (Eagle Avenue Community Garden),,Melrose,Bronx,BX0102,40.822044,-73.908763
garden,Rainbow Garden of Life and Health,,Melrose,Bronx,BX0102,40.821379,-73.915632
garden,Rays of Sunshine Community Garden (Family Group Garden),,Melrose,Bronx,BX0102,40.821853,-73.914118
garden,The Classics Bronx Community Garden,,Melrose,Bronx,BX0102,40.814179,-73.911053
garden,Vogue Community Garden,,Melrose,Bronx,BX0102,40.820588,-73.914676
garden,159th Street Community Garden,,Morrisania,Bronx,BX0301,40.823333,-73.91503
garden,Concrete Dreams Community Garden,,Morrisania,Bronx,BX0301,40.831977,-73.89831
garden,Damiana Pizarro Community Garden,,Morrisania,Bronx,BX0301,40.835091,-73.900646
garden,El Coqui Liberation Community Garden,,Morrisania,Bronx,BX0301,40.82489,-73.912611
garden,Franklin Memorial Garden,,Morrisania,Bronx,BX0301,40.826282,-73.905613
garden,Genesis Community Garden,,Morrisania,Bronx,BX0301,40.829635,-73.904554
garden,Jardin la Roca,,Morrisania,Bronx,BX0301,40.823206,-73.912985
garden,La Isla USA,,Morrisania,Bronx,BX0301,40.822749,-73.912426
garden,Marie Brooks Community Garden,,Morrisania,Bronx,BX0301,40.82819,-73.902651
garden,Melrose New Generation Community Garden,,Morrisania,Bronx,BX0301,40.82403,-73.914906
garden,William Hooper Garden (Jacquline Denise Davis Garden),,Morrisania,Bronx,BX0301,40.825462,-73.906662
garden,138th Street Community Garden,,Mott Haven-Port Morris,Bronx,BX0101,40.805737,-73.915623
garden,Bruckner Mott Haven Garden,,Mott Haven-Port Morris,Bronx,BX0101,40.803815,-73.914592
garden,Friends of Brook Park Community Garden,,Mott Haven-Port Morris,Bronx,BX0101,40.809599,-73.9187
garden,La Finca Del Sur,,Mott Haven-Port Morris,Bronx,BX0101,40.812889,-73.929667
garden,Padre Plaza,,Mott Haven-Port Morris,Bronx,BX0101,40.807847,-73.917799
garden,United We Stand Garden (Sunflower / Girasol),,Mott Haven-Port Morris,Bronx,BX0101,40.805441,-73.91571
garden,Wanaqua Garden,,Mott Haven-Port Morris,Bronx,BX0101,40.806735,-73.921889
garden,Willis Avenue Community Garden (Bronx Community & Cultural Garden),,Mott Haven-Port Morris,Bronx,BX0101,40.812339,-73.920141
garden,Clay Avenue Community Garden,,Mount Eden-Claremont (West),Bronx,BX0403,40.834909,-73.908897
garden,College Avenue Garden,,Mount Eden-Claremont (West),Bronx,BX0403,40.838033,-73.909923
garden,Garden of Eden,,Mount Eden-Claremont (West),Bronx,BX0403,40.843463,-73.907396
garden,Garden of Life,,Mount Eden-Claremont (West),Bronx,BX0403,40.843507,-73.907956
garden,Bean Morris Garden,,Mount Hope,Bronx,BX0502,40.854368,-73.904251
garden,Green Patch on Walton,,Mount Hope,Bronx,BX0502,40.847916,-73.909331
garden,Jardin de Ternura,,Mount Hope,Bronx,BX0502,40.852883,-73.901552
garden,Townsend Garden,,Mount Hope,Bronx,BX0502,40.846913,-73.911017
garden,Harrod Place Community Garden,,Soundview-Bruckner-Bronx River,Bronx,BX0901,40.829808,-73.873524
garden,Manor Avenue Seniors Garden,,Soundview-Bruckner-Bronx River,Bronx,BX0901,40.82467,-73.87568
garden,Harding Park Community Garden,,Soundview-Clason Point,Bronx,BX0902,40.80756,-73.857467
garden,Waterfront Community Garden,,Soundview-Clason Point,Bronx,BX0902,40.809755,-73.850548
garden,Bathgate Community Garden,,Tremont,Bronx,BX0602,40.844874,-73.897827
garden,Clinton Avenue Community Garden,,Tremont,Bronx,BX0602,40.845984,-73.887991
garden,Cook Community Farm,,Tremont,Bronx,BX0602,40.852805,-73.894269
garden,El Batey de Dona Provi,,Tremont,Bronx,BX0602,40.847974,-73.896315
garden,Farm in the Bronx,,Tremont,Bronx,BX0602,40.853797,-73.894669
garden,Garden Of Youth,,Tremont,Bronx,BX0602,40.84857,-73.885442
garden,Garden of Happiness,,Tremont,Bronx,BX0602,40.848556,-73.884968
garden,Mapes Avenue Garden,,Tremont,Bronx,BX0602,40.847126,-73.884761
garden,Miracle Garden - Bronx,,Tremont,Bronx,BX0602,40.842086,-73.887546
garden,Oasis on the Green,,Tremont,Bronx,BX0602,40.84717,-73.894249
garden,Davidson Avenue Community Garden,,University Heights (North)-Fordham,Bronx,BX0701,40.861393,-73.903539
garden,Fordham Bedford Lot-Busters,,University Heights (North)-Fordham,Bronx,BX0701,40.864227,-73.892627
garden,New Beginnings Community Garden,,University Heights (North)-Fordham,Bronx,BX0701,40.86421,-73.900849
garden,Eternal Life Community Garden,,University Heights (South)-Morris Heights,Bronx,BX0501,40.85081,-73.914818
garden,Leave It Better Community Garden,,University Heights (South)-Morris Heights,Bronx,BX0501,40.852317,-73.910507
garden,Bissel Gardens,,Wakefield-Woodlawn,Bronx,BX1203,40.899817,-73.849882
garden,Carpenter Avenue Community Garden,,Wakefield-Woodlawn,Bronx,BX1203,40.901389,-73.855808
garden,Growing Good Community Garden,,Wakefield-Woodlawn,Bronx,BX1203,40.900243,-73.863808
garden,Bronx River Community Garden,,West Farms,Bronx,BX0601,40.841952,-73.876631
garden,Hispanos Unidos,,West Farms,Bronx,BX0601,40.844078,-73.88353
garden,Hornaday Community Garden,,West Farms,Bronx,BX0601,40.847016,-73.882538
garden,Krystal Community Garden,,West Farms,Bronx,BX0601,40.843795,-73.880914
garden,Perry's Garden (Concerned Tenants of Daly Avenue),,West Farms,Bronx,BX0601,40.8459,-73.881022
garden,Glover Street Community Garden,,Westchester Square,Bronx,BX1001,40.838594,-73.852619
garden,211th Street Community Garden,,Williamsbridge-Olinville,Bronx,BX1201,40.877517,-73.863985
pops,Public plaza in Crotona Park East,Publicly Accessible Open Areas,Crotona Park East,Bronx,BX0303,40.833607,-73.884159
pops,Spofford Campus,Publicly Accessible Open Space,Hunts Point,Bronx,BX0201,40.814348,-73.890006
pops,La Central,Skate Park,Melrose,Bronx,BX0102,40.817686,-73.913747
public_art,Corporal Louis Zimmerman,Plaque,Allerton,Bronx,BX1104,40.866116,-73.868735
public_art,Phillip Mazzei Flagstaff,"Flagstaff base, plaque",Allerton,Bronx,BX1104,40.862485,-73.858314
public_art,Fort Independence Park Tablet,Plaque,Bedford Park,Bronx,BX0702,40.881358,-73.896302
public_art,Christopher Columbus,"Bust, pedestal",Belmont,Bronx,BX0603,40.853258,-73.889317
public_art,Unionport Memorial,"Stele, eternal light",Castle Hill-Unionport,Bronx,BX0903,40.829889,-73.850333
public_art,Bronx Archway,Installation,Concourse-Concourse Village,Bronx,BX0401,40.826786,-73.922389
public_art,Bronx County Building Frieze (30 panels),Frieze,Concourse-Concourse Village,Bronx,BX0401,40.826156,-73.923355
public_art,Genius of Administration,Sculpture,Concourse-Concourse Village,Bronx,BX0401,40.825933,-73.924227
public_art,Heinrich Heine Fountain,Fountain,Concourse-Concourse Village,Bronx,BX0401,40.8275,-73.923194
public_art,Louis J. Heintz Memorial,Sculpture,Concourse-Concourse Village,Bronx,BX0401,40.828035,-73.923201
public_art,"Loyalty, Valor and Sacrifice",Sculpture,Concourse-Concourse Village,Bronx,BX0401,40.82659,-73.92426
public_art,One Stone,Installation,Concourse-Concourse Village,Bronx,BX0401,40.826606,-73.919025
public_art,Spirit of Progress,Sculpture,Concourse-Concourse Village,Bronx,BX0401,40.82599,-73.923397
public_art,The Majesty of the Law,Sculpture,Concourse-Concourse Village,Bronx,BX0401,40.826704,-73.92333
public_art,The Song of Achievement,Sculpture,Concourse-Concourse Village,Bronx,BX0401,40.826257,-73.923236
public_art,Triumph of Government,Sculpture,Concourse-Concourse Village,Bronx,BX0401,40.825819,-73.923908
public_art,Triumph of Justice,Sculpture,Concourse-Concourse Village,Bronx,BX0401,40.826836,-73.9237
public_art,"Victory, Peace and Love of County",Sculpture,Concourse-Concourse Village,Bronx,BX0401,40.826361,-73.924393
public_art,Honor 2000,Mural,Fordham Heights,Bronx,BX0503,40.856117,-73.904302
public_art,Highbridge World War I Memorial,Statue,Highbridge,Bronx,BX0402,40.829757,-73.929331
public_art,Macombs Dam Park Fountain,Fountain,Highbridge,Bronx,BX0402,40.830229,-73.930386
public_art,Corporal Walter J. Fufidio Flagstaff,Flagstaff,Hunts Point,Bronx,BX0201,40.813603,-73.891268
public_art,Joseph Rodman Drake,Monolith,Hunts Point,Bronx,BX0201,40.810255,-73.882639
public_art,Fort Number Four Tablet,Plaque,Kingsbridge Heights-Van Cortlandt Village,Bronx,BX0801,40.873806,-73.898732
public_art,Puerto Rican Sun,Sculpture,Longwood,Bronx,BX0202,40.815278,-73.898444
public_art,Achilles and Odysseus,Sculpture,Melrose,Bronx,BX0102,40.815477,-73.913947
public_art,Fire hat,Relief,Melrose,Bronx,BX0102,40.820199,-73.915688
public_art,Bronx Local Board #2 World War Memorial,Column,Mott Haven-Port Morris,Bronx,BX0101,40.811501,-73.926676
public_art,Para Roberto,Sculpture,Mott Haven-Port Morris,Bronx,BX0101,40.815727,-73.91798
public_art,Private David W. Gentle,"Flagstaff base, tablet",Mott Haven-Port Morris,Bronx,BX0101,40.81178,-73.926364
public_art,Spanish War Memorial,"Column, globe, bas-relief, plaque",Mott Haven-Port Morris,Bronx,BX0101,40.810532,-73.927718
public_art,Bronx River Soldier,Statue,Norwood,Bronx,BX0703,40.877556,-73.879444
public_art,Bronx Victory Memorial,Statue,Norwood,Bronx,BX0703,40.871083,-73.881083
public_art,Neumann-Goldman,"Flagstaff base, plaque",Norwood,Bronx,BX0703,40.877249,-73.879596
public_art,City Island World War Memorial,"Stele, plaque",Pelham Bay-Country Club-City Island,Bronx,BX1003,40.846581,-73.786581
public_art,Netanyahu Memorial,"Tablet, plinth",Pelham Parkway-Van Nest,Bronx,BX1101,40.856917,-73.865694
public_art,Van Nest Memorial,Stele,Pelham Parkway-Van Nest,Bronx,BX1101,40.84299,-73.865525
public_art,Frank S. Hackett,"Plaque, natural boulder",Riverdale-Spuyten Duyvil,Bronx,BX0803,40.9014185,-73.9040965
public_art,Henry Hudson Memorial,Statue,Riverdale-Spuyten Duyvil,Bronx,BX0803,40.881873,-73.917968
public_art,Henry Hudson Memorial Park Plaque,Plaque,Riverdale-Spuyten Duyvil,Bronx,BX0803,40.881969,-73.918097
public_art,"Riverdale, Spuytenduyvil, Kingsbridge Memorial Bell Tower","Belfry tower, plaques",Riverdale-Spuyten Duyvil,Bronx,BX0803,40.889281,-73.908337
public_art,Wave Hill Landmarks Plaque,Plaque,Riverdale-Spuyten Duyvil,Bronx,BX0803,40.900093,-73.911086
public_art,Wave Hill National Parks Service Tablet,Plaque,Riverdale-Spuyten Duyvil,Bronx,BX0803,40.900093,-73.911086
public_art,Clason Point World War I Memorial,"Stele, bas-relief",Soundview-Clason Point,Bronx,BX0902,40.813472,-73.858085
public_art,Woodlawn Heights War Memorial,Plinth,Wakefield-Woodlawn,Bronx,BX1203,40.899139,-73.873083
public_art,Happy Land Memorial,Obelisk,West Farms,Bronx,BX0601,40.842974,-73.885419
public_art,Seat,Sculpture,Westchester Square,Bronx,BX1001,40.840348,-73.842834
public_art,Westchester Square Memorial,Stele,Westchester Square,Bronx,BX1001,40.841024,-73.843077
public_art,Seventh Draft Board,"Obelisk, relief",Williamsbridge-Olinville,Bronx,BX1201,40.884421,-73.866227
public_art,William White Niles Flagstaff,"Flagstaff base, plaque",Williamsbridge-Olinville,Bronx,BX1201,40.889489,-73.864417
restaurant,789 COCINA LATINA RESTAURANT INC.,Spanish,Allerton,Bronx,BX1104,40.86550256409,-73.86393538242
restaurant,ALLERTON RESTAURANT,American,Allerton,Bronx,BX1104,40.86547315768,-73.86460068964
restaurant,ASTOR BAR & GRILL,Basque,Allerton,Bronx,BX1104,40.85957126229,-73.86632994763
restaurant,BELLA NAPOLI,Pizza,Allerton,Bronx,BX1104,40.86548702179,-73.8647199719
restaurant,CEMITAS PUEBLA RESTAURANT,Spanish,Allerton,Bronx,BX1104,40.86541678911,-73.86805357738
restaurant,CHAMAN RESTAURANT,Pakistani,Allerton,Bronx,BX1104,40.86680752392,-73.86732046729
restaurant,CHINA KITCHEN,Chinese,Allerton,Bronx,BX1104,40.85959251214,-73.86572255942
restaurant,CHINA MIA,Chinese,Allerton,Bronx,BX1104,40.85847478605,-73.86755406021
restaurant,DOMINO'S,Pizza,Allerton,Bronx,BX1104,40.86638900106,-73.86154370171
restaurant,DUNKIN,Donuts,Allerton,Bronx,BX1104,40.86543502791,-73.86720752118
restaurant,DUNKIN',Donuts,Allerton,Bronx,BX1104,40.85789017577,-73.86756968914
restaurant,DUNKIN',Donuts,Allerton,Bronx,BX1104,40.86359622917,-73.86499860107
restaurant,EL RANCHO DE MEXICO,Mexican,Allerton,Bronx,BX1104,40.85957113189,-73.86621787826
restaurant,EMPANADAS MONUMENTAL,Latin American,Allerton,Bronx,BX1104,40.86546013523,-73.86519726898
restaurant,GOLDEN KRUST CARIBBEAN BAKERY & GRILL,Caribbean,Allerton,Bronx,BX1104,40.8657425874,-73.86733706217
restaurant,IHOP,Pancakes/Waffles,Allerton,Bronx,BX1104,40.86552059161,-73.86293747444
restaurant,ISIS RESTAURANT,Mexican,Allerton,Bronx,BX1104,40.86546621296,-73.86569980714
restaurant,J.E. BAKERY,Bakery Products/Desserts,Allerton,Bronx,BX1104,40.85959270631,-73.86588885597
restaurant,JUICY KING CRAB EXPRESS,Creole/Cajun,Allerton,Bronx,BX1104,40.86548341521,-73.86398965384
restaurant,KENNEDY FRIED CHICKEN,Chicken,Allerton,Bronx,BX1104,40.86541074251,-73.86756911669
restaurant,KING WOK,Chinese,Allerton,Bronx,BX1104,40.86545315115,-73.8662674625
restaurant,KUTTY,American,Allerton,Bronx,BX1104,40.86377161109,-73.86475962866
restaurant,LA PARRANDA BAR RESTAURANT,Spanish,Allerton,Bronx,BX1104,40.86569318236,-73.86733716111
restaurant,LASH SWEET AND TINGS,"Juice, Smoothies, Fruit Salads",Allerton,Bronx,BX1104,40.87135314269,-73.86293625306
restaurant,LASH WEST INDIAN & AMERICAN CUISINE,Caribbean,Allerton,Bronx,BX1104,40.87135893365,-73.8631893466
restaurant,LEE'S KITCHEN,Chinese,Allerton,Bronx,BX1104,40.87135600809,-73.86303748934
restaurant,LOS PRIMOS,Mexican,Allerton,Bronx,BX1104,40.86541342057,-73.86751126384
restaurant,LUCKY SMILE RESTAURANT,Chinese,Allerton,Bronx,BX1104,40.86548093123,-73.86421020275
restaurant,LUIGI'S PIZZA AND TACOS,Pizza,Allerton,Bronx,BX1104,40.87135320304,-73.86298687404
restaurant,MARELY'S JUICE & SMOOTHIE,"Juice, Smoothies, Fruit Salads",Allerton,Bronx,BX1104,40.86540552357,-73.86780413253
restaurant,MCDONALD'S,Hamburgers,Allerton,Bronx,BX1104,40.86366489711,-73.86739906882
restaurant,MEZAMIX SHAWARMA,Middle Eastern,Allerton,Bronx,BX1104,40.86547393092,-73.86525870393
restaurant,NATIONAL BAKERY,Bakery Products/Desserts,Allerton,Bronx,BX1104,40.86548434938,-73.86478144039
restaurant,NEW LI'S KITCHEN,Chinese,Allerton,Bronx,BX1104,40.86343444295,-73.85828520589
restaurant,NO. 8 CHINESE RESTAURANT,Chinese,Allerton,Bronx,BX1104,40.85857688573,-73.86802743358
restaurant,NORRIS INCLUSIVE CATERING CUISINES LLC,Caribbean,Allerton,Bronx,BX1104,40.86539762998,-73.86810061662
restaurant,PAK CHANDNI CHOWK RESTAURANT,Pakistani,Allerton,Bronx,BX1104,40.86407251426,-73.86159915875
restaurant,PAPA JOHN'S PIZZA,Pizza,Allerton,Bronx,BX1104,40.86585788671,-73.86735490873
restaurant,POPEYES,Chicken,Allerton,Bronx,BX1104,40.86644068855,-73.86116034805
restaurant,PREGO'S PIZZA,Pizza,Allerton,Bronx,BX1104,40.86304454033,-73.85816311841
restaurant,ROMA PIZZA,Pizza,Allerton,Bronx,BX1104,40.8654635738,-73.86579019927
restaurant,SIDE BY SIDE PIZZA & BUREK,Pizza,Allerton,Bronx,BX1104,40.85960526559,-73.86489466387
restaurant,STEVEN RESTAURANT,Latin American,Allerton,Bronx,BX1104,40.85840109028,-73.86791210102
restaurant,SUBWAY,Sandwiches,Allerton,Bronx,BX1104,40.86359622917,-73.86499860107
restaurant,TAQUERIA EL AZUL,Mexican,Allerton,Bronx,BX1104,40.86304740548,-73.85826072645
restaurant,TESSEY'S INTERNATIONAL KITCHEN,Soul Food,Allerton,Bronx,BX1104,40.86386799846,-73.86739143152
restaurant,THE HUNTING CLUB,Coffee/Tea,Allerton,Bronx,BX1104,40.86318175876,-73.85814836323
restaurant,THWAITES PLACE PELHAM PIZZA,Pizza,Allerton,Bronx,BX1104,40.85857688573,-73.86802743358
restaurant,TULCIMEX MEXICAN RESTAURANT,Mexican,Allerton,Bronx,BX1104,40.8645498618,-73.86369872139
restaurant,VERONA PIZZA,Pizza,Allerton,Bronx,BX1104,40.86359622917,-73.86499860107
restaurant,WHITE CASTLE,Hamburgers,Allerton,Bronx,BX1104,40.8656240743,-73.86225393458
restaurant,WILLIAMSBRIDGE COFFEE,Coffee/Tea,Allerton,Bronx,BX1104,40.86565122316,-73.85973750283
restaurant,YEMENI STAR RESTAURANT,Middle Eastern,Allerton,Bronx,BX1104,40.86439636713,-73.86387619245
restaurant,3131 CONVE CAFE,American,Bedford Park,Bronx,BX0702,40.87512243708,-73.88630226353
restaurant,ANBU ROOM,American,Bedford Park,Bronx,BX0702,40.86546683752,-73.89237474791
restaurant,BEDFORD CAFE & RESTAURANT,American,Bedford Park,Bronx,BX0702,40.87328909424,-73.88925236661
restaurant,BEDFORD PIZZA CAFE,Pizza,Bedford Park,Bronx,BX0702,40.86772311622,-73.88402267737
restaurant,BITES ON VALENTINE,Pizza,Bedford Park,Bronx,BX0702,40.87365024899,-73.88528148611
restaurant,BLANQUITA RESTAURANT,Latin American,Bedford Park,Bronx,BX0702,40.86538183899,-73.8924688881
restaurant,BOBO'S CRAB SHACK,Seafood,Bedford Park,Bronx,BX0702,40.87291812724,-73.88880823402
restaurant,CARIDAD RESTAURANT,Spanish,Bedford Park,Bronx,BX0702,40.8711374416,-73.8866562185
restaurant,CARMAN HALL BLDG,Other,Bedford Park,Bronx,BX0702,40.87502168976,-73.89285822916
restaurant,CHINA WOK,Chinese,Bedford Park,Bronx,BX0702,40.86696344726,-73.89615418319
restaurant,CHOI YUAN,Chinese,Bedford Park,Bronx,BX0702,40.87324240955,-73.88922713341
restaurant,CONNIE'S DELI,Mexican,Bedford Park,Bronx,BX0702,40.87420946305,-73.88457179187
restaurant,CROWN FRIED CHICKEN,Chicken,Bedford Park,Bronx,BX0702,40.86398617655,-73.89104669023
restaurant,Cooklyn Eats BK,American,Bedford Park,Bronx,BX0702,40.87517575371,-73.88748822004
restaurant,DUNKIN,Donuts,Bedford Park,Bronx,BX0702,40.87858595756,-73.88597447725
restaurant,DUNKIN',Coffee/Tea,Bedford Park,Bronx,BX0702,40.87288790031,-73.88877212601
restaurant,EL BUEN AMBIENTE,Latin American,Bedford Park,Bronx,BX0702,40.8706016345,-73.89174449597
restaurant,EL NUEVO TENAMPA RESTAURANT,Mexican,Bedford Park,Bronx,BX0702,40.86574364644,-73.88624966639
restaurant,EL RINCONCITO DEL SABOR DOMINICANO,Latin American,Bedford Park,Bronx,BX0702,40.8741212537,-73.88419588756
restaurant,EMPANADAS RD,Spanish,Bedford Park,Bronx,BX0702,40.87414606544,-73.8843043225
restaurant,Florinda Restaurant,Latin American,Bedford Park,Bronx,BX0702,40.86486232136,-73.8887819857
restaurant,HARMONY CAFE,American,Bedford Park,Bronx,BX0702,40.87502168976,-73.89285822916
restaurant,HONG KONG KITCHEN,Chinese,Bedford Park,Bronx,BX0702,40.86977964939,-73.89036102419
restaurant,HOT FLAME FRIED CHICKEN,Chicken,Bedford Park,Bronx,BX0702,40.86941400617,-73.88973973149
restaurant,HOUSE PIZZA,Pizza,Bedford Park,Bronx,BX0702,40.87417087343,-73.88440914158
restaurant,JEROME'S PIZZA & PASTA,Pizza,Bedford Park,Bronx,BX0702,40.87298132931,-73.88888406141
restaurant,JOLLY TINKER,American,Bedford Park,Bronx,BX0702,40.86733010504,-73.88351356979
restaurant,KA WAH,Chinese,Bedford Park,Bronx,BX0702,40.87374875189,-73.88497396211
restaurant,KENNEDY FRIED CHICKEN,Chicken,Bedford Park,Bronx,BX0702,40.86773133215,-73.88400458502
restaurant,KETOLAND & SERIE 54,Latin American,Bedford Park,Bronx,BX0702,40.86703144913,-73.88402750388
restaurant,KINGSBRIDGE COFFEE SHOP,Sandwiches/Salads/Mixed Buffet,Bedford Park,Bronx,BX0702,40.86729352372,-73.89694185987
restaurant,KINGSBRIDGE PIZZA,Pizza,Bedford Park,Bronx,BX0702,40.86722199863,-73.89676119287
restaurant,LA CABANA SALVADORENA,Latin American,Bedford Park,Bronx,BX0702,40.87592198863,-73.88715066063
restaurant,LAS MARAVILLAS DE MEXICO RESTAURANT,Mexican,Bedford Park,Bronx,BX0702,40.87313521192,-73.88906821358
restaurant,LECHONERA EL FOGON ALI,Latin American,Bedford Park,Bronx,BX0702,40.86480779469,-73.89204681413
restaurant,LENA'S RESTAURANT,Latin American,Bedford Park,Bronx,BX0702,40.8698896141,-73.89054524346
restaurant,LOADED PLATTERS,Chicken,Bedford Park,Bronx,BX0702,40.86998358682,-73.8912320743
restaurant,ME & MY RESTAURANT,African,Bedford Park,Bronx,BX0702,40.86584502943,-73.88607594874
restaurant,MERENGUE RESTAURANT,Spanish,Bedford Park,Bronx,BX0702,40.87393122354,-73.88911027162
restaurant,MI CASA BAKERY,Bakery Products/Desserts,Bedford Park,Bronx,BX0702,40.87298960192,-73.88892382222
restaurant,MY PLACE FAMILY PIZZA,Pizza,Bedford Park,Bronx,BX0702,40.86930678835,-73.88955912598
restaurant,NICK'S GARDEN COFFEE SHOP,Coffee/Tea,Bedford Park,Bronx,BX0702,40.86759864392,-73.88307561158
restaurant,PIQUE 86 RESTAURANT,Spanish,Bedford Park,Bronx,BX0702,40.86969991779,-73.89022014381
restaurant,PIZZERIA LAS MARGARITA’S,Pizza,Bedford Park,Bronx,BX0702,40.87556535558,-73.88733568534
restaurant,POLLO SABROSO EXPRESS RESTAURANT,Latin American,Bedford Park,Bronx,BX0702,40.8697521573,-73.89031406554
restaurant,ROCCO'S PIZZERIA,Pizza,Bedford Park,Bronx,BX0702,40.86740993267,-73.88374121073
restaurant,ROSE FLOWER KITCHEN,Chinese,Bedford Park,Bronx,BX0702,40.86769287316,-73.88397211203
restaurant,Restaurant Mi Shalon,Spanish,Bedford Park,Bronx,BX0702,40.87305603283,-73.8895022523
restaurant,SHEAS EMERALD,Bottled Beverages,Bedford Park,Bronx,BX0702,40.87282557333,-73.88960388116
restaurant,SUBWAY,Sandwiches,Bedford Park,Bronx,BX0702,40.87276795844,-73.88962928827
restaurant,TONYS PIZZERIA,Pizza,Bedford Park,Bronx,BX0702,40.86692770374,-73.89608554379
restaurant,TWO IN ONE AMERICAN AND MEXICAN FOOD,American,Bedford Park,Bronx,BX0702,40.86686996312,-73.89597355243
restaurant,UNDERGROUND LOUNGE,American,Bedford Park,Bronx,BX0702,40.87502168976,-73.89285822916
restaurant,VALBONA CAFE,Coffee/Tea,Bedford Park,Bronx,BX0702,40.87658045543,-73.88687833297
restaurant,WAI KANG CHINESE RESTAURANT,Chinese,Bedford Park,Bronx,BX0702,40.87262959499,-73.88846159572
restaurant,WEBSTER CAFE,American,Bedford Park,Bronx,BX0702,40.86719036197,-73.88374882721
restaurant,ADELA'S RESTAURANT,Mexican,Belmont,Bronx,BX0603,40.85377291139,-73.88807040421
restaurant,AJO & OREGANO RESTAURANT,Latin American,Belmont,Bronx,BX0603,40.85380525507,-73.8874630575
restaurant,ANN & TONY'S RESTAURANT,Italian,Belmont,Bronx,BX0603,40.85578686471,-73.88737293304
restaurant,ANTONIO'S TRATTORIA,Italian,Belmont,Bronx,BX0603,40.8542025342,-73.88674302648
restaurant,APPLEBEES NEIGHBORHOOD GRILL AND BAR,American,Belmont,Bronx,BX0603,40.86020663237,-73.89099506303
restaurant,AQUA BAR & GRILL,Spanish,Belmont,Bronx,BX0603,40.85437404871,-73.89390016531
restaurant,ARTHUR AVENUE CATERS,Italian,Belmont,Bronx,BX0603,40.85366580706,-73.8880091331
restaurant,ARTUSO PASTRY SHOP,Bakery Products/Desserts,Belmont,Bronx,BX0603,40.85431063286,-73.88504024197
restaurant,ASIA LATINA/MAMA SUSHI/PICHIRRI,Asian/Asian Fusion,Belmont,Bronx,BX0603,40.85540528003,-73.88730489819
restaurant,ATOMIC WINGS,Chicken,Belmont,Bronx,BX0603,40.85948489571,-73.89113001083
restaurant,AZGARDZ OF NEW YORK,American,Belmont,Bronx,BX0603,40.85402071236,-73.88886886644
restaurant,BELLA PIZZA OF BRONX,Pizza,Belmont,Bronx,BX0603,40.85473582086,-73.89040760775
restaurant,BOCA RESTAURANT & STEAK HOUSE,American,Belmont,Bronx,BX0603,40.86011241191,-73.89295825953
restaurant,BRASAS RESTAURANT & BAR,Latin American,Belmont,Bronx,BX0603,40.85372943008,-73.88299525671
restaurant,BURNING BEAKS,Chicken,Belmont,Bronx,BX0603,40.85691398048,-73.88638773609
restaurant,CACHAPAS Y MAS,Latin American,Belmont,Bronx,BX0603,40.8553218853,-73.88904381487
restaurant,CAFFE EGIDIO,Bakery Products/Desserts,Belmont,Bronx,BX0603,40.85512201856,-73.88674145472
restaurant,CAKOR RESTAURANT,Eastern European,Belmont,Bronx,BX0603,40.85412588464,-73.88694920403
restaurant,CHIPOTLE MEXICAN GRILL,Tex-Mex,Belmont,Bronx,BX0603,40.86040684309,-73.89083204989
restaurant,CKA KA QELLU,Mediterranean,Belmont,Bronx,BX0603,40.85380856118,-73.88803781048
restaurant,CLINTON HALL,American,Belmont,Bronx,BX0603,40.85732246875,-73.88590623718
restaurant,COLIMA TAQUERIA,Mexican,Belmont,Bronx,BX0603,40.85537777956,-73.88725072118
restaurant,Cravings Nyc,Latin American,Belmont,Bronx,BX0603,40.85717338139,-73.89065662691
restaurant,DAGGER JOHNS AT MCGINLEY FORDHAM UNIVERSITY,American,Belmont,Bronx,BX0603,40.86072673616,-73.88953366191
restaurant,DE LILLO PASTRY SHOP,Bakery Products/Desserts,Belmont,Bronx,BX0603,40.85535027905,-73.8871965442
restaurant,DEA AN AUTHENTIC EATERY,Bakery Products/Desserts,Belmont,Bronx,BX0603,40.85353176526,-73.88847205647
restaurant,DOMINICK'S BAR & RESTAURANT,Italian,Belmont,Bronx,BX0603,40.85418802545,-73.88874929561
restaurant,DOMINOS,Pizza,Belmont,Bronx,BX0603,40.85868343166,-73.89112771276
restaurant,DUNKIN,Donuts,Belmont,Bronx,BX0603,40.84867637777,-73.88300056479
restaurant,DUNKIN,Donuts,Belmont,Bronx,BX0603,40.85836450326,-73.88493921561
restaurant,DUNKIN PC 364658,Coffee/Tea,Belmont,Bronx,BX0603,40.85944921082,-73.89112645433
restaurant,EL LIDER RESTAURANT,Latin American,Belmont,Bronx,BX0603,40.85566210803,-73.89474761229
restaurant,EMILIA'S RESTAURANT,Italian,Belmont,Bronx,BX0603,40.85412494915,-73.88880362429
restaurant,ESTRELLA AZTECA,Mexican,Belmont,Bronx,BX0603,40.8539905448,-73.88889422095
restaurant,El BRASERIO TAQUERIA,Mexican,Belmont,Bronx,BX0603,40.8512537794,-73.88862047856
restaurant,FAMOSA PIZZA,Pizza,Belmont,Bronx,BX0603,40.85515223195,-73.88676309252
restaurant,FAST FOOD,American,Belmont,Bronx,BX0603,40.8537080785,-73.88914411777
restaurant,FIESTA LOUNGE & RESTAURANT,Spanish,Belmont,Bronx,BX0603,40.8564134177,-73.89100130383
restaurant,FIESTA MEXICANAS RESTAURANT & BAR,Mexican,Belmont,Bronx,BX0603,40.85568988142,-73.88644044425
restaurant,FORDHAM POD EXPRESS AT KEATING HALL,Coffee/Tea,Belmont,Bronx,BX0603,40.86072673616,-73.88953366191
restaurant,FORDHAM U - A CRUST & BOAR'S HEAD,Sandwiches/Salads/Mixed Buffet,Belmont,Bronx,BX0603,40.86072673616,-73.88953366191
restaurant,FORDHAM U - COSI AT CAMPBELL HALL,Middle Eastern,Belmont,Bronx,BX0603,40.86072673616,-73.88953366191
restaurant,FORDHAM U - SALT & SESAME AT FACULTY MEMORIAL HALL,Coffee/Tea,Belmont,Bronx,BX0603,40.86072673616,-73.88953366191
restaurant,FRANKIE'S RESTAURANT,Italian,Belmont,Bronx,BX0603,40.85504363312,-73.88797788497
restaurant,FRESH & HEALTHY 187,"Juice, Smoothies, Fruit Salads",Belmont,Bronx,BX0603,40.85515223195,-73.88676309252
restaurant,FULL MOON PIZZA,Pizza,Belmont,Bronx,BX0603,40.85548778131,-73.88746742952
restaurant,FUNICI A'PIZZA & O'CCAFFE,Italian,Belmont,Bronx,BX0603,40.85424010181,-73.88867329616
restaurant,GINO'S PASTRY SHOP & CAFE,Bakery Products/Desserts,Belmont,Bronx,BX0603,40.8558067559,-73.88806696827
restaurant,GONG CHA,Coffee/Tea,Belmont,Bronx,BX0603,40.8551192275,-73.88669446572
restaurant,GRAB & GO,Sandwiches,Belmont,Bronx,BX0603,40.86072673616,-73.88953366191
restaurant,GREAT WALL CHINESE RESTAURNAT,Chinese,Belmont,Bronx,BX0603,40.85374327144,-73.88311090685
restaurant,GURRA CAFE,Coffee/Tea,Belmont,Bronx,BX0603,40.85403170875,-73.88888692223
restaurant,HALAL FRIED CHICKEN & PIZZA,Chicken,Belmont,Bronx,BX0603,40.85426533157,-73.89210375469
restaurant,HOWL AT THE MOON BAR & GRILL,American,Belmont,Bronx,BX0603,40.85760021265,-73.88643716989
restaurant,HUNGRY BIRD,Indian,Belmont,Bronx,BX0603,40.8553218853,-73.88904381487
restaurant,IHOP,Pancakes/Waffles,Belmont,Bronx,BX0603,40.86036974744,-73.8922420358
restaurant,ISLAND FOODIE BX,Caribbean,Belmont,Bronx,BX0603,40.8553218853,-73.88904381487
restaurant,IVANA PIZZA,Pizza,Belmont,Bronx,BX0603,40.85505462966,-73.88799594089
restaurant,JAMROCK JERK,Caribbean,Belmont,Bronx,BX0603,40.8553218853,-73.88904381487
restaurant,JOE'S LITTLE ITALY PIZZA,Pizza,Belmont,Bronx,BX0603,40.85401043677,-73.88402499135
restaurant,KENBEDY FRIED CHICKEN,Chicken,Belmont,Bronx,BX0603,40.8546654167,-73.88575537279
restaurant,KENNEDY CHICKEN & BURGERS,Chicken,Belmont,Bronx,BX0603,40.86191668673,-73.8910862465
restaurant,KENNEDY FRIED CHICKEN,American,Belmont,Bronx,BX0603,40.8546654167,-73.88575537279
restaurant,KENNEDY'S FRIED CHICKEN & BURGERS,Chicken,Belmont,Bronx,BX0603,40.85754433852,-73.89109704927
restaurant,KENNEDY’S CHICKEN & PIZZA,Other,Belmont,Bronx,BX0603,40.85141223059,-73.88507780303
restaurant,King Chef,Chinese,Belmont,Bronx,BX0603,40.85572080421,-73.8959079141
restaurant,LA COCINA DE YALA,Latin American,Belmont,Bronx,BX0603,40.8553218853,-73.88904381487
restaurant,LAS CHATAS TAQUERIA & DELI GROCERY,Mexican,Belmont,Bronx,BX0603,40.85370857596,-73.8896610374
restaurant,LEE'S RESTAURANT,Chinese/Japanese,Belmont,Bronx,BX0603,40.8550890141,-73.88667282796
restaurant,LOS CATRACHOS,Spanish,Belmont,Bronx,BX0603,40.85371229825,-73.88783554274
restaurant,LOS GIRASOLES RESTAURANT,Mexican,Belmont,Bronx,BX0603,40.86292267071,-73.88968907482
restaurant,LUCCHESE FOOD SERVICE,American,Belmont,Bronx,BX0603,40.85981106092,-73.88779991124
restaurant,LUCKY COMING,Chinese,Belmont,Bronx,BX0603,40.85738543159,-73.8914009729
restaurant,LUCKY RESTAURANT,Chinese,Belmont,Bronx,BX0603,40.85114654906,-73.88842908031
restaurant,LUNA CAFE,Mediterranean,Belmont,Bronx,BX0603,40.85550149433,-73.88745656145
restaurant,M & G RESTAURANT,American,Belmont,Bronx,BX0603,40.855287713,-73.88777142216
restaurant,M AND G RESTAURANT,American,Belmont,Bronx,BX0603,40.85713337279,-73.88619937907
restaurant,MAJESTIC RESTAURANT,Spanish,Belmont,Bronx,BX0603,40.85406821463,-73.88416225445
restaurant,MARIO'S RESTAURANT,Italian,Belmont,Bronx,BX0603,40.85420993779,-73.88870226569
restaurant,MARIOS HOMEMADE CUISINE,Pizza,Belmont,Bronx,BX0603,40.85418388974,-73.88455607137
restaurant,MARKETPLACE AT MCGINLEY CENTER FORDHAM UNIVERSITY,American,Belmont,Bronx,BX0603,40.86072673616,-73.88953366191
restaurant,MAYAS SNACK BAR,Mexican,Belmont,Bronx,BX0603,40.85987163834,-73.89085100763
restaurant,MCDONALD'S,Hamburgers,Belmont,Bronx,BX0603,40.85651031918,-73.88078520685
restaurant,MICHAEL ANGELO'S BRICK OVEN,Italian,Belmont,Bronx,BX0603,40.85716630596,-73.88619570748
restaurant,MIKE'S DELI,Italian,Belmont,Bronx,BX0603,40.85424010181,-73.88867329616
restaurant,MOISE'S RISTORANTE,Italian,Belmont,Bronx,BX0603,40.85529048244,-73.88779672187
restaurant,MORRONE PASTRY SHOP & CAFE,Bakery Products/Desserts,Belmont,Bronx,BX0603,40.85440741469,-73.88855372444
restaurant,MUG-Z'S SPORTS BAR,American,Belmont,Bronx,BX0603,40.85722113249,-73.88612692792
restaurant,NATURAL SQUEEZE,"Juice, Smoothies, Fruit Salads",Belmont,Bronx,BX0603,40.8553218853,-73.88904381487
restaurant,NEW DRAGON SEA CHINESE RESTAURANT,Chinese,Belmont,Bronx,BX0603,40.85213352572,-73.88450903737
restaurant,NEW ORIENTAL HOUSE,Chinese,Belmont,Bronx,BX0603,40.85450784962,-73.89024170072
restaurant,NO FORK,Pizza,Belmont,Bronx,BX0603,40.85358644917,-73.88825507512
restaurant,NORTH STAR CAFE,American,Belmont,Bronx,BX0603,40.86184590797,-73.89170457443
restaurant,NOYA CAFE,American,Belmont,Bronx,BX0603,40.85368616598,-73.88919114719
restaurant,ORBITALS KITCHEN 9ROOM 109-106),Other,Belmont,Bronx,BX0603,40.8553218853,-73.88904381487
restaurant,PALACE CLUB,Other,Belmont,Bronx,BX0603,40.85832600829,-73.88487059594
restaurant,"PANERA, LLC",Coffee/Tea,Belmont,Bronx,BX0603,40.86060430885,-73.8906690403
restaurant,PARISIENNE CAFE,Coffee/Tea,Belmont,Bronx,BX0603,40.85425109823,-73.88869135197
restaurant,PASQUALE'S RIGOLETTO RESTAURANT,Italian,Belmont,Bronx,BX0603,40.85381231545,-73.88907887636
restaurant,PEACHWAVE FROZEN YOGURT,Frozen Desserts,Belmont,Bronx,BX0603,40.85546028091,-73.88741325236
restaurant,PETE'S CAFE,American,Belmont,Bronx,BX0603,40.85877161708,-73.88583505458
restaurant,PIATTINI CAFE BAR OSTERIA,Other,Belmont,Bronx,BX0603,40.85490927872,-73.888119093
restaurant,PICK UP POLLO,Chicken,Belmont,Bronx,BX0603,40.85432709401,-73.88503298368
restaurant,PIZZA SQUAD,Pizza,Belmont,Bronx,BX0603,40.86193861714,-73.89105728823
restaurant,PRINCE COFFEE HOUSE,Coffee/Tea,Belmont,Bronx,BX0603,40.853645002,-73.88919844568
restaurant,PUGSLEY PIZZA,Pizza,Belmont,Bronx,BX0603,40.85906971364,-73.88475361968
restaurant,RANCHO ESTRELLA RESTAURANT,Mexican,Belmont,Bronx,BX0603,40.85527052212,-73.88703400888
restaurant,ROBERTO'S,Italian,Belmont,Bronx,BX0603,40.85357011427,-73.88839246586
restaurant,ROOTS COFFEE & WINE,Other,Belmont,Bronx,BX0603,40.85355910726,-73.88836356584
restaurant,SAKE II SUSHI & HIBACHI INC.,Other,Belmont,Bronx,BX0603,40.85419221105,-73.88464281339
restaurant,SAN GENNARO,Italian,Belmont,Bronx,BX0603,40.8540947816,-73.88882897886
restaurant,SHILA BAR & WINE,Coffee/Tea,Belmont,Bronx,BX0603,40.85384899007,-73.88727862657
restaurant,SIMON'S,Sandwiches/Salads/Mixed Buffet,Belmont,Bronx,BX0603,40.85719921764,-73.88617034582
restaurant,SKY ZONE BRONX NY,Pizza,Belmont,Bronx,BX0603,40.85941078463,-73.89112651748
restaurant,STARBUCKS,Coffee/Tea,Belmont,Bronx,BX0603,40.86098800174,-73.89007189488
restaurant,STARBUCKS (Fordham University),Coffee/Tea,Belmont,Bronx,BX0603,40.86072673616,-73.88953366191
restaurant,SUBWAY,Sandwiches,Belmont,Bronx,BX0603,40.86098800174,-73.89007189488
restaurant,TACOS AZTECA,Tex-Mex,Belmont,Bronx,BX0603,40.85503282917,-73.89101441977
restaurant,TAQUERIA EMILIO 2,Mexican,Belmont,Bronx,BX0603,40.8546654167,-73.88575537279
restaurant,TERIYAKI ONE,Japanese,Belmont,Bronx,BX0603,40.86093575852,-73.88997437056
restaurant,THE BRONX BEER HALL,Italian,Belmont,Bronx,BX0603,40.85424010181,-73.88867329616
restaurant,THE BRONX BURGER CO/GAI CHICKEN,Fusion,Belmont,Bronx,BX0603,40.8553218853,-73.88904381487
restaurant,TINA RESTAURANT,American,Belmont,Bronx,BX0603,40.85651867972,-73.89202055547
restaurant,TINOS DELICATESSEN,Sandwiches,Belmont,Bronx,BX0603,40.85581426594,-73.8873258922
restaurant,TORTILLERIA Y TAQUERIA LENCHITA,Mexican,Belmont,Bronx,BX0603,40.85284837309,-73.88852019895
restaurant,TRA DI NOI,Italian,Belmont,Bronx,BX0603,40.85512201856,-73.88674145472
restaurant,Tacos Supreme,Mexican,Belmont,Bronx,BX0603,40.85788876577,-73.88679818095
restaurant,UNIVERSITY DELIGHTS,Other,Belmont,Bronx,BX0603,40.8586863688,-73.88567252197
restaurant,URBAN KITCHEN,American,Belmont,Bronx,BX0603,40.86072673616,-73.88953366191
restaurant,VIVIR LOUNGE,American,Belmont,Bronx,BX0603,40.85382712083,-73.88736903465
restaurant,WHITE CASTLE,Hamburgers,Belmont,Bronx,BX0603,40.85918135812,-73.8866188311
restaurant,YOPCITY,African,Belmont,Bronx,BX0603,40.85392747192,-73.88895216416
restaurant,ZERO OTTO NOVE TRATTORIA,Italian,Belmont,Bronx,BX0603,40.85453356704,-73.88844506604
restaurant,ZHONG ZHONG NOODLES,Asian/Asian Fusion,Belmont,Bronx,BX0603,40.85658263764,-73.88440729226
restaurant,APPLEBEES NEIGHBORHOOD BAR & GRILL,American,Castle Hill-Unionport,Bronx,BX0903,40.8236780373,-73.83642005125
restaurant,Asadero Dona Pula,Spanish,Castle Hill-Unionport,Bronx,BX0903,40.83131438977,-73.85088455309
restaurant,BANGLA GARDEN RESTAURANT,Bangladeshi,Castle Hill-Unionport,Bronx,BX0903,40.83275169376,-73.86337022282
restaurant,BARRIO BX,Latin American,Castle Hill-Unionport,Bronx,BX0903,40.83307433614,-73.85132146551
restaurant,BLIMPIE,Sandwiches,Castle Hill-Unionport,Bronx,BX0903,40.83421083379,-73.85145623916
restaurant,BRISAS DEL CARIBE,Spanish,Castle Hill-Unionport,Bronx,BX0903,40.83216554817,-73.85110668479
restaurant,CAPT LOUI,Seafood,Castle Hill-Unionport,Bronx,BX0903,40.8236780373,-73.83642005125
restaurant,CAYENA LOUNGE,Latin American,Castle Hill-Unionport,Bronx,BX0903,40.83087784082,-73.85078074125
restaurant,CHARLEYS PHILLY CHEESE STEAK&WINGS,American,Castle Hill-Unionport,Bronx,BX0903,40.8236780373,-73.83642005125
restaurant,CHINA KING RESTAURANT,Chinese,Castle Hill-Unionport,Bronx,BX0903,40.83353559644,-73.85143245642
restaurant,CHIPOTLE MEXICAN GRILL,Tex-Mex,Castle Hill-Unionport,Bronx,BX0903,40.8236780373,-73.83642005125
restaurant,CIRCLE PIZZA & RESTAURANT,Pizza,Castle Hill-Unionport,Bronx,BX0903,40.83263989717,-73.85943154104
restaurant,CREPE HOUSE,Frozen Desserts,Castle Hill-Unionport,Bronx,BX0903,40.8322451408,-73.85110289233
restaurant,CROSS BRONX PIZZERIA,Pizza,Castle Hill-Unionport,Bronx,BX0903,40.829889459,-73.85056976804
restaurant,Carvel,Other,Castle Hill-Unionport,Bronx,BX0903,40.83348616786,-73.85141449858
restaurant,"D'ANGELO'S PIZZA, PANCHO'S MEXICAN RESTAURANT",Mexican,Castle Hill-Unionport,Bronx,BX0903,40.83048776804,-73.85700417686
restaurant,DPIKETE SABOR Y MAS,"Juice, Smoothies, Fruit Salads",Castle Hill-Unionport,Bronx,BX0903,40.83244010593,-73.85117111408
restaurant,DRAGON KING,Chinese,Castle Hill-Unionport,Bronx,BX0903,40.82634767031,-73.84975029801
restaurant,DUNKIN,Donuts,Castle Hill-Unionport,Bronx,BX0903,40.82646564109,-73.85834979133
restaurant,"DUNKIN', BASKIN ROBBINS",Coffee/Tea,Castle Hill-Unionport,Bronx,BX0903,40.83411046173,-73.85237435961
restaurant,EL CHILTEPIN INC,Mexican,Castle Hill-Unionport,Bronx,BX0903,40.8340535083,-73.85290932275
restaurant,EL SAZON DE OLGA RESTAURANT,Latin American,Castle Hill-Unionport,Bronx,BX0903,40.82799227235,-73.85013320687
restaurant,EMPIRE WOK,Chinese,Castle Hill-Unionport,Bronx,BX0903,40.83275032647,-73.8512210091
restaurant,FIVE GUYS BURGERS AND FRIES,American,Castle Hill-Unionport,Bronx,BX0903,40.8236780373,-73.83642005125
restaurant,GENERAL TSO'S,Chinese,Castle Hill-Unionport,Bronx,BX0903,40.83110034489,-73.86189927938
restaurant,GENERAL TSO'S CHINESE RESTAURANT,Chinese,Castle Hill-Unionport,Bronx,BX0903,40.83110034489,-73.86189927938
restaurant,GOLDEN PALACE CHINESE RESTAURANT,Chinese,Castle Hill-Unionport,Bronx,BX0903,40.82073840624,-73.8484189634
restaurant,GP SMOOTHIES & GIFTSHOP,"Juice, Smoothies, Fruit Salads",Castle Hill-Unionport,Bronx,BX0903,40.83100688561,-73.85081297306
restaurant,GREAT WALL RESTAURANT,Chinese,Castle Hill-Unionport,Bronx,BX0903,40.83072116499,-73.85707955843
restaurant,HALAL MUNCHIES,Middle Eastern,Castle Hill-Unionport,Bronx,BX0903,40.83360427554,-73.85147928101
restaurant,HOUSE OF MANDI RESTAURANT,German,Castle Hill-Unionport,Bronx,BX0903,40.8308352529,-73.85394994958
restaurant,JENNY'S ROTI SHOP,Caribbean,Castle Hill-Unionport,Bronx,BX0903,40.83363170887,-73.85146837833
restaurant,JIMMY'S GRAND CAFE,American,Castle Hill-Unionport,Bronx,BX0903,40.82769849601,-73.85006521626
restaurant,JUICES FOR LIFE,"Juice, Smoothies, Fruit Salads",Castle Hill-Unionport,Bronx,BX0903,40.82821463838,-73.85016522505
restaurant,KENTUCKY FRIED CHICKEN (KFC),Chicken,Castle Hill-Unionport,Bronx,BX0903,40.82652000482,-73.8579196868
restaurant,LITTLE CAESARS,Pizza,Castle Hill-Unionport,Bronx,BX0903,40.83373056602,-73.8515042942
restaurant,LUCKY STAR CHINESE RESTAURANT,Chinese,Castle Hill-Unionport,Bronx,BX0903,40.83265368715,-73.85948571702
restaurant,LULU'S COFFEE SHOP,Coffee/Tea,Castle Hill-Unionport,Bronx,BX0903,40.8317070369,-73.8509993059
restaurant,MCDONALD'S,Hamburgers,Castle Hill-Unionport,Bronx,BX0903,40.8334892997,-73.85823720948
restaurant,MELANIE'S ROTI & GRILL RESTAURANT,Asian/Asian Fusion,Castle Hill-Unionport,Bronx,BX0903,40.83325551667,-73.85134274137
restaurant,MR CAKE BAKERY & DESSERT,Bakery Products/Desserts,Castle Hill-Unionport,Bronx,BX0903,40.83139401053,-73.85090244203
restaurant,NATIONAL BAKERY,Bakery Products/Desserts,Castle Hill-Unionport,Bronx,BX0903,40.83424333089,-73.85111647203
restaurant,POPEYES,Chicken,Castle Hill-Unionport,Bronx,BX0903,40.8236780373,-73.83642005125
restaurant,RANCH JAMAICAN RESTAURANT,Caribbean,Castle Hill-Unionport,Bronx,BX0903,40.8313638372,-73.85091696435
restaurant,SABROSURA,Spanish,Castle Hill-Unionport,Bronx,BX0903,40.8320309859,-73.85105278236
restaurant,SALOME LATIN CUISINE,Latin American,Castle Hill-Unionport,Bronx,BX0903,40.83408336233,-73.85264545199
restaurant,SARKU JAPAN,Japanese,Castle Hill-Unionport,Bronx,BX0903,40.8236780373,-73.83642005125
restaurant,SHORE HAVEN DINER,American,Castle Hill-Unionport,Bronx,BX0903,40.81943699464,-73.84811483741
restaurant,SPICE UP SWEETS AND RESTAURANT,Bangladeshi,Castle Hill-Unionport,Bronx,BX0903,40.83409420217,-73.85253701507
restaurant,STARBUCKS COFFEE,Coffee/Tea,Castle Hill-Unionport,Bronx,BX0903,40.8236780373,-73.83642005125
restaurant,SUBWAY,Sandwiches,Castle Hill-Unionport,Bronx,BX0903,40.82414743868,-73.83645502508
restaurant,SUNDAY'S BAKERY & JUICE BAR,Bakery Products/Desserts,Castle Hill-Unionport,Bronx,BX0903,40.83263989717,-73.85943154104
restaurant,TAQUERIA MEXICANA LA CASA DEL TACO,Mexican,Castle Hill-Unionport,Bronx,BX0903,40.83068015886,-73.85073420983
restaurant,TEXAS CHICKEN & BURGER,Chicken,Castle Hill-Unionport,Bronx,BX0903,40.8341050419,-73.85242857811
restaurant,THE 6,Caribbean,Castle Hill-Unionport,Bronx,BX0903,40.82817894268,-73.85015446543
restaurant,THE NEW SOUL CAFE,Soul Food,Castle Hill-Unionport,Bronx,BX0903,40.82857433541,-73.85026920228
restaurant,THE NEW STARLING ATHLETIC CLUB OF THE BRONX,American,Castle Hill-Unionport,Bronx,BX0903,40.83061012212,-73.84964668267
restaurant,THE WAY CAFE,Coffee/Tea,Castle Hill-Unionport,Bronx,BX0903,40.82795383662,-73.85012606692
restaurant,VIDAELVA,Mexican,Castle Hill-Unionport,Bronx,BX0903,40.83181851885,-73.85664355578
restaurant,WENDYS,Hamburgers,Castle Hill-Unionport,Bronx,BX0903,40.8340318463,-73.8531406513
restaurant,WUARACHE RESTAURANT,Mexican,Castle Hill-Unionport,Bronx,BX0903,40.83280526795,-73.85125702267
restaurant,ADAYA AFRICAN AMERICAN RESTAURANT,African,Claremont Village-Claremont (East),Bronx,BX0302,40.84356257185,-73.90327121783
restaurant,ANTOJITOS DEL MANGU RESTAURANT 3RD,Spanish,Claremont Village-Claremont (East),Bronx,BX0302,40.83146574315,-73.905652176
restaurant,EVENTS BY YUDY,Latin American,Claremont Village-Claremont (East),Bronx,BX0302,40.83160841263,-73.90898373257
restaurant,GRIN AFRICAN AMERICAN RESTAURANT,African,Claremont Village-Claremont (East),Bronx,BX0302,40.83159077833,-73.90752385383
restaurant,JIMMY 2.0 ON THE GO,American,Claremont Village-Claremont (East),Bronx,BX0302,40.83086709603,-73.90529528355
restaurant,KENNEDY CHICKEN & PIZZA,American,Claremont Village-Claremont (East),Bronx,BX0302,40.8360470825,-73.90280154282
restaurant,KENNEDY FRIED CHICKEN,Chicken,Claremont Village-Claremont (East),Bronx,BX0302,40.83293142685,-73.90564286218
restaurant,"KFC, TACO BELL",Tex-Mex,Claremont Village-Claremont (East),Bronx,BX0302,40.84400152205,-73.90302480482
restaurant,Kennedy Fried Chicken,Chicken,Claremont Village-Claremont (East),Bronx,BX0302,40.83121138684,-73.91020567473
restaurant,MCDONALD'S,American,Claremont Village-Claremont (East),Bronx,BX0302,40.8416942796,-73.90431482649
restaurant,MELA'S CAFE,Spanish,Claremont Village-Claremont (East),Bronx,BX0302,40.84314828166,-73.90025392237
restaurant,NO 1 WOK,Chinese,Claremont Village-Claremont (East),Bronx,BX0302,40.83568773278,-73.90305142513
restaurant,NO. 1 WOK CHINESE RESTAURANT,Chinese,Claremont Village-Claremont (East),Bronx,BX0302,40.83568773278,-73.90305142513
restaurant,PAPA JOHN'S PIZZA,Pizza,Claremont Village-Claremont (East),Bronx,BX0302,40.83613486206,-73.9027399783
restaurant,PRIVITY RESTAURANT & LOUNGE,Caribbean,Claremont Village-Claremont (East),Bronx,BX0302,40.83926350899,-73.90560493427
restaurant,WENDY'S,Hamburgers,Claremont Village-Claremont (East),Bronx,BX0302,40.84268258925,-73.89816560044
restaurant,XING LONG CHINESE RESTAURANT,Chinese,Claremont Village-Claremont (East),Bronx,BX0302,40.83243334575,-73.90409330801
restaurant,ANDY'S TERIYAKI & TACO,Tex-Mex,Co-op City,Bronx,BX1004,40.86437129946,-73.82327153879
restaurant,AUNTIE ANNES,Hotdogs/Pretzels,Co-op City,Bronx,BX1004,40.86590540979,-73.83042974792
restaurant,Auntie Anne's,Hotdogs/Pretzels,Co-op City,Bronx,BX1004,40.86590540979,-73.83042974792
restaurant,BAGELS ON BARTOW,Bagels/Pretzels,Co-op City,Bronx,BX1004,40.8692831903,-73.829763047
restaurant,BED STUY FISH FRY,Caribbean,Co-op City,Bronx,BX1004,40.86928964754,-73.82492524677
restaurant,BILLY BEEZ,American,Co-op City,Bronx,BX1004,40.86590540979,-73.83042974792
restaurant,BUFFALO WILD WINGS,Chicken,Co-op City,Bronx,BX1004,40.86948416492,-73.82832710026
restaurant,BURGER KING,Hamburgers,Co-op City,Bronx,BX1004,40.86931455921,-73.82506257694
restaurant,CAPRI II PIZZA,Pizza,Co-op City,Bronx,BX1004,40.87645270534,-73.82995073585
restaurant,CAPRI IV DELI,Latin American,Co-op City,Bronx,BX1004,40.86951918126,-73.82788227898
restaurant,CHARLEYS PHILLY STEAK,American,Co-op City,Bronx,BX1004,40.86590540979,-73.83042974792
restaurant,CHICK-FIL-A AT 2276 BARTOW AVENUE,American,Co-op City,Bronx,BX1004,40.86918444347,-73.82433255374
restaurant,CHICKENOW,Chicken,Co-op City,Bronx,BX1004,40.86590540979,-73.83042974792
restaurant,CHIP CITY,Other,Co-op City,Bronx,BX1004,40.86590540979,-73.83042974792
restaurant,CHIPOTLEMEXICAN GRILL #2659,Tex-Mex,Co-op City,Bronx,BX1004,40.86920658352,-73.82445181242
restaurant,CINNABON,Bakery Products/Desserts,Co-op City,Bronx,BX1004,40.86941988561,-73.82573843283
restaurant,COLD STONE CREAMERY/WETZEL'S PRETZELS,Frozen Desserts,Co-op City,Bronx,BX1004,40.86950839179,-73.82800885633
restaurant,CREPES NYC,"Juice, Smoothies, Fruit Salads",Co-op City,Bronx,BX1004,40.86590540979,-73.83042974792
restaurant,CRUMBL,Bakery Products/Desserts,Co-op City,Bronx,BX1004,40.86875840943,-73.82215705974
restaurant,DALLAS BBQ,American,Co-op City,Bronx,BX1004,40.86941988561,-73.82573843283
restaurant,DRAGON CITY,Chinese,Co-op City,Bronx,BX1004,40.8694004971,-73.82562278178
restaurant,DUNKIN,Donuts,Co-op City,Bronx,BX1004,40.86930226409,-73.82966899021
restaurant,FROZEN D LITE,Frozen Desserts,Co-op City,Bronx,BX1004,40.86590540979,-73.83042974792
restaurant,GOLDEN KRUST CARIBBEAN BAKERY & GRILL,Caribbean,Co-op City,Bronx,BX1004,40.87977903912,-73.82428998805
restaurant,GOURMET TO GO,American,Co-op City,Bronx,BX1004,40.87617003669,-73.82997677398
restaurant,GUANG HUI,Chinese,Co-op City,Bronx,BX1004,40.8767686743,-73.82832268369
restaurant,GUANG HUI RESTAURANT,Chinese,Co-op City,Bronx,BX1004,40.8767686743,-73.82832268369
restaurant,JADE PALACE,Chinese,Co-op City,Bronx,BX1004,40.86406277086,-73.82254566688
restaurant,K POT KOREAN BBQ & HOT POT,Korean,Co-op City,Bronx,BX1004,40.86590540979,-73.83042974792
restaurant,KAIJIN SEAFOOD,Seafood,Co-op City,Bronx,BX1004,40.87977903912,-73.82428998805
restaurant,KOI SUSHI,Japanese,Co-op City,Bronx,BX1004,40.86590540979,-73.83042974792
restaurant,MAMA G'S HALAL KITCHEN,Middle Eastern,Co-op City,Bronx,BX1004,40.86590540979,-73.83042974792
restaurant,MASTER WOK,Chinese,Co-op City,Bronx,BX1004,40.86590540979,-73.83042974792
restaurant,MCDONALD'S,Hamburgers,Co-op City,Bronx,BX1004,40.86905393682,-73.83064585958
restaurant,MOE'S SOUTHWEST GRILL,Mexican,Co-op City,Bronx,BX1004,40.86590540979,-73.83042974792
restaurant,NATHAN'S FAMOUS,American,Co-op City,Bronx,BX1004,40.86590540979,-73.83042974792
restaurant,NOCHES DE COLOMBIA,Latin American,Co-op City,Bronx,BX1004,40.86590540979,-73.83042974792
restaurant,NOCHES DE COLOMBIA,Bakery Products/Desserts,Co-op City,Bronx,BX1004,40.86590540979,-73.83042974792
restaurant,OLIVE GARDEN,Italian,Co-op City,Bronx,BX1004,40.86590540979,-73.83042974792
restaurant,ORION'S,Other,Co-op City,Bronx,BX1004,40.88228189879,-73.82769722198
restaurant,PANERA BREAD,Sandwiches,Co-op City,Bronx,BX1004,40.86777302899,-73.83124570827
restaurant,PIZZA CHOP,Pizza,Co-op City,Bronx,BX1004,40.8693839244,-73.82920958788
restaurant,POPEYES,Chicken,Co-op City,Bronx,BX1004,40.86814659239,-73.83143638448
restaurant,RANCH CARIBBEAN VYBEZ RESTAURANT,Caribbean,Co-op City,Bronx,BX1004,40.87643686011,-73.82852242776
restaurant,RED LOBSTER,Seafood,Co-op City,Bronx,BX1004,40.86950905074,-73.82662042782
restaurant,SANGRIA CAFE,Latin American,Co-op City,Bronx,BX1004,40.86953999962,-73.82712292863
restaurant,SARKU JAPAN,Japanese,Co-op City,Bronx,BX1004,40.86590540979,-73.83042974792
restaurant,SBARRO,Pizza,Co-op City,Bronx,BX1004,40.86590540979,-73.83042974792
restaurant,SECTION 5 PIZZA,American,Co-op City,Bronx,BX1004,40.86431989708,-73.82197735843
restaurant,SHAKE SHACK,Hamburgers,Co-op City,Bronx,BX1004,40.86781698701,-73.83127452111
restaurant,STARBUCKS COFFEE #49450,Coffee/Tea,Co-op City,Bronx,BX1004,40.86783896071,-73.83128531195
restaurant,STARBUCKS-BAYPLAZA MALL,Coffee/Tea,Co-op City,Bronx,BX1004,40.86590540979,-73.83042974792
restaurant,SWEET & SOUR,Pancakes/Waffles,Co-op City,Bronx,BX1004,40.86590540979,-73.83042974792
restaurant,TACO BELL,Mexican,Co-op City,Bronx,BX1004,40.88275955882,-73.82412295795
restaurant,TEPPANYAKI ONE,Japanese,Co-op City,Bronx,BX1004,40.86777302899,-73.83124570827
restaurant,THAI MAX,Thai,Co-op City,Bronx,BX1004,40.86590540979,-73.83042974792
restaurant,Tiger King,Coffee/Tea,Co-op City,Bronx,BX1004,40.86590540979,-73.83042974792
restaurant,UGLY DUMPLING,Chinese,Co-op City,Bronx,BX1004,40.86634485862,-73.83062747673
restaurant,XIN HI CHINESE BUFFETT,Chinese,Co-op City,Bronx,BX1004,40.86946797723,-73.82851515822
restaurant,161 BAR & GRILL,Latin American,Concourse-Concourse Village,Bronx,BX0401,40.82734876626,-73.92438623467
restaurant,165 Carribean Best Bites,Caribbean,Concourse-Concourse Village,Bronx,BX0401,40.82923427584,-73.9162862476
restaurant,167 DOMINICAN DELI GROCERY INC,Spanish,Concourse-Concourse Village,Bronx,BX0401,40.8350058175,-73.91921698259
restaurant,167 EMPANADAS RD,Sandwiches/Salads/Mixed Buffet,Concourse-Concourse Village,Bronx,BX0401,40.83497001892,-73.91905079119
restaurant,3 BROS PIZZA & TACOS CORP.,Pizza,Concourse-Concourse Village,Bronx,BX0401,40.82696032736,-73.9264101639
restaurant,A & S Cucina (Boogie Down Food Hall inside Food Bazar Market at Bronx Terminal Market),Italian,Concourse-Concourse Village,Bronx,BX0401,40.82138301405,-73.93083151959
restaurant,AMINAS CAFE,American,Concourse-Concourse Village,Bronx,BX0401,40.82605448245,-73.91817641601
restaurant,APPLEBEES NEIGHBORHOOD GRILL AND BAR,American,Concourse-Concourse Village,Bronx,BX0401,40.82138301405,-73.93083151959
restaurant,ASAP SNACK BAR,American,Concourse-Concourse Village,Bronx,BX0401,40.82747792629,-73.92055227374
restaurant,BILLY'S SPORT BAR RESTAURANT & LOUNGE,American,Concourse-Concourse Village,Bronx,BX0401,40.82723744175,-73.926247254
restaurant,BLAZIN CHICKEN & GYRO,Chicken,Concourse-Concourse Village,Bronx,BX0401,40.83592715841,-73.92189734155
restaurant,BLIMPIE TWIN DONUT,Sandwiches/Salads/Mixed Buffet,Concourse-Concourse Village,Bronx,BX0401,40.82642445138,-73.92128704425
restaurant,BRONX BURGER CO.,American,Concourse-Concourse Village,Bronx,BX0401,40.82138301405,-73.93083151959
restaurant,BRONX DRAFTHOUSE,American,Concourse-Concourse Village,Bronx,BX0401,40.82792535138,-73.92467465057
restaurant,BUBBLE TEA 101,Coffee/Tea,Concourse-Concourse Village,Bronx,BX0401,40.82138301405,-73.93083151959
restaurant,BULLPEN DELI TWIN DONUT,American,Concourse-Concourse Village,Bronx,BX0401,40.82759912152,-73.92527845959
restaurant,BURGER KING,Hamburgers,Concourse-Concourse Village,Bronx,BX0401,40.81905041364,-73.92709095087
restaurant,CAFE ROYALE,American,Concourse-Concourse Village,Bronx,BX0401,40.81905661311,-73.92821818046
restaurant,CAKES BY ALEJANDRO 1,Bakery Products/Desserts,Concourse-Concourse Village,Bronx,BX0401,40.83392491129,-73.91611409048
restaurant,CHECKERS,Hamburgers,Concourse-Concourse Village,Bronx,BX0401,40.82567890436,-73.91881282016
restaurant,CHIPOTLE MEXICAN GRILL #2838,Tex-Mex,Concourse-Concourse Village,Bronx,BX0401,40.82567890436,-73.91881282016
restaurant,CHIPOTLE MEXICAN GRILL #3056,Mexican,Concourse-Concourse Village,Bronx,BX0401,40.81905041364,-73.92709095087
restaurant,CHOCOLATE HOUSE,Frozen Desserts,Concourse-Concourse Village,Bronx,BX0401,40.82733230258,-73.92439348022
restaurant,CHOICE EATING TREE,Caribbean,Concourse-Concourse Village,Bronx,BX0401,40.82802412406,-73.9246167235
restaurant,CHRIS SUPER DELI,Sandwiches/Salads/Mixed Buffet,Concourse-Concourse Village,Bronx,BX0401,40.82708558082,-73.92077315989
restaurant,CHUCK E. CHEESE,Pizza,Concourse-Concourse Village,Bronx,BX0401,40.82346088499,-73.93099917073
restaurant,COCO ROSA RESTAURANT,Spanish,Concourse-Concourse Village,Bronx,BX0401,40.83042949718,-73.9106692694
restaurant,CONCOURSE JAMAICAN BAKERY,Caribbean,Concourse-Concourse Village,Bronx,BX0401,40.83283943898,-73.91435198411
restaurant,COURT DELI RESTAURANT,American,Concourse-Concourse Village,Bronx,BX0401,40.82730204144,-73.92428872653
restaurant,DARUMA,Japanese,Concourse-Concourse Village,Bronx,BX0401,40.82703619545,-73.9208021259
restaurant,DOMINO'S,Pizza,Concourse-Concourse Village,Bronx,BX0401,40.83559985487,-73.92090392147
restaurant,DOMINO'S (#3321),Pizza,Concourse-Concourse Village,Bronx,BX0401,40.82609702929,-73.92013117028
restaurant,DOUBLE DRAGON,Fusion,Concourse-Concourse Village,Bronx,BX0401,40.83159109694,-73.91884171437
restaurant,DRAGON CONCOURSE,Chinese,Concourse-Concourse Village,Bronx,BX0401,40.83526159905,-73.91996111792
restaurant,DUGOUTBX - YANKEE STADIUM,American,Concourse-Concourse Village,Bronx,BX0401,40.82832670248,-73.92562452986
restaurant,DUNKIN,Donuts,Concourse-Concourse Village,Bronx,BX0401,40.82138301405,-73.93083151959
restaurant,DUNKIN,Donuts,Concourse-Concourse Village,Bronx,BX0401,40.82771189497,-73.92564690018
restaurant,DUNKIN - BASKIN ROBBINS,Donuts,Concourse-Concourse Village,Bronx,BX0401,40.83555584945,-73.92077387586
restaurant,DUNKIN',Donuts,Concourse-Concourse Village,Bronx,BX0401,40.82567890436,-73.91881282016
restaurant,DUNKIN' DONUTS,Coffee/Tea,Concourse-Concourse Village,Bronx,BX0401,40.81924983774,-73.92998831559
restaurant,"DUNKIN', BASKIN ROBBINS",Donuts,Concourse-Concourse Village,Bronx,BX0401,40.83109617843,-73.91029617066
restaurant,EASTERN CHINESE RESTAURANT,Chinese,Concourse-Concourse Village,Bronx,BX0401,40.83390746954,-73.91479148108
restaurant,EL GRECO,Greek,Concourse-Concourse Village,Bronx,BX0401,40.82138301405,-73.93083151959
restaurant,EL JUSTINE RESTAURANT,Spanish,Concourse-Concourse Village,Bronx,BX0401,40.83563839799,-73.92107372602
restaurant,EL MOLINA TEO RESTAURANT,Latin American,Concourse-Concourse Village,Bronx,BX0401,40.83068452982,-73.91037622637
restaurant,EL NUEVO VALLE III,Latin American,Concourse-Concourse Village,Bronx,BX0401,40.83331966553,-73.91421404235
restaurant,EL SAZON DEL MUJERON RESTAURANT,Spanish,Concourse-Concourse Village,Bronx,BX0401,40.82396169798,-73.92429976819
restaurant,EQUIS PICA POLLO RESTAURANT,Latin American,Concourse-Concourse Village,Bronx,BX0401,40.82849909792,-73.91685448813
restaurant,EXPRESS AFRICAN HALAL RESTAURANT,African,Concourse-Concourse Village,Bronx,BX0401,40.82923427584,-73.9162862476
restaurant,FLAVAS INTERNATIONAL GRILL,Caribbean,Concourse-Concourse Village,Bronx,BX0401,40.82699798836,-73.92522493669
restaurant,GIOVANNI RESTAURANT,Italian,Concourse-Concourse Village,Bronx,BX0401,40.8193001094,-73.92697144888
restaurant,GIOVANNI'S,Pizza,Concourse-Concourse Village,Bronx,BX0401,40.83525059996,-73.91993222064
restaurant,GLACKS BAR AND GRILL,American,Concourse-Concourse Village,Bronx,BX0401,40.81887014419,-73.92849657775
restaurant,GLEN ROY BAR AND GRILL,American,Concourse-Concourse Village,Bronx,BX0401,40.81874633746,-73.92802703165
restaurant,GREAT WALL,Chinese,Concourse-Concourse Village,Bronx,BX0401,40.81970619542,-73.92675783614
restaurant,GUACTIME MEXICAN GRILL,Mexican,Concourse-Concourse Village,Bronx,BX0401,40.83583091052,-73.92163002994
restaurant,HAAGEN DAZS,Frozen Desserts,Concourse-Concourse Village,Bronx,BX0401,40.81923151152,-73.92700404097
restaurant,HALAL FRESH FOOD & COFFEE,African,Concourse-Concourse Village,Bronx,BX0401,40.83223442433,-73.91648843662
restaurant,HAPPY GARDEN,Chinese,Concourse-Concourse Village,Bronx,BX0401,40.83018837223,-73.91861216512
restaurant,HIBACHI GRILL CONCOURSE,Chinese,Concourse-Concourse Village,Bronx,BX0401,40.82619332331,-73.92045986696
restaurant,HOOK & REEL CAJUN SEAFOOD & BAR,Seafood,Concourse-Concourse Village,Bronx,BX0401,40.82595948245,-73.91968689843
restaurant,HOUSE OF CHENG,Chinese,Concourse-Concourse Village,Bronx,BX0401,40.83155229973,-73.92227469954
restaurant,HUNGRY BIRD,Indian,Concourse-Concourse Village,Bronx,BX0401,40.82842774518,-73.91686903143
restaurant,HUNNY,Korean,Concourse-Concourse Village,Bronx,BX0401,40.82138301405,-73.93083151959
restaurant,Hot Fresh Pizza,Pizza,Concourse-Concourse Village,Bronx,BX0401,40.83517359349,-73.91971187089
restaurant,ICHI HIBACHI JAPANESE RESTAURANT,Japanese,Concourse-Concourse Village,Bronx,BX0401,40.82706932571,-73.9251851091
restaurant,IMPERIAL RESTAURANT CAFE & BAR,Fusion,Concourse-Concourse Village,Bronx,BX0401,40.81974461029,-73.92673972883
restaurant,KENNEDY FRIED CHICKEN,Chicken,Concourse-Concourse Village,Bronx,BX0401,40.83349018369,-73.91467637838
restaurant,KENNEDY FRIED CHICKEN,Chicken,Concourse-Concourse Village,Bronx,BX0401,40.82736869551,-73.91745211555
restaurant,KENNEDY FRIED CHICKEN & PIZZA,Chicken,Concourse-Concourse Village,Bronx,BX0401,40.83416693172,-73.91677871624
restaurant,KUMASI RESTURANT,African,Concourse-Concourse Village,Bronx,BX0401,40.82977041187,-73.91754668949
restaurant,Kennedy Chicken and Sandwhich,Hamburgers,Concourse-Concourse Village,Bronx,BX0401,40.83504978663,-73.91929281899
restaurant,Kennedy Fried Chicken and Pizza,Chicken,Concourse-Concourse Village,Bronx,BX0401,40.830083885,-73.9183485051
restaurant,LA FONDA DE OFE,Mexican,Concourse-Concourse Village,Bronx,BX0401,40.83428240668,-73.91704960381
restaurant,LECHONERA Y POLLO SABROSO RESTAURANT,Southwestern,Concourse-Concourse Village,Bronx,BX0401,40.82692939809,-73.92526837447
restaurant,LIFESTYLE 1104 JUICE BAR,"Juice, Smoothies, Fruit Salads",Concourse-Concourse Village,Bronx,BX0401,40.83600690786,-73.92212130698
restaurant,LITTLE CAESARS,Pizza,Concourse-Concourse Village,Bronx,BX0401,40.83589687287,-73.92176005074
restaurant,LOJA'S PIZZA,Pizza,Concourse-Concourse Village,Bronx,BX0401,40.83426594087,-73.91705323819
restaurant,LOS ALTOS CAFE & RESTAURANT,Latin American,Concourse-Concourse Village,Bronx,BX0401,40.83553384668,-73.92070885312
restaurant,MARINELL BAKERY,Spanish,Concourse-Concourse Village,Bronx,BX0401,40.83336643121,-73.91435491681
restaurant,MARISCO CENTRO SEAFOOD RESTAURANT & BAR,Seafood,Concourse-Concourse Village,Bronx,BX0401,40.82138301405,-73.93083151959
restaurant,MCDONALD'S,Hamburgers,Concourse-Concourse Village,Bronx,BX0401,40.81985438151,-73.92671070367
restaurant,MCDONALD'S,Hamburgers,Concourse-Concourse Village,Bronx,BX0401,40.82775311982,-73.9257299624
restaurant,MCDONALDS,American,Concourse-Concourse Village,Bronx,BX0401,40.8351955943,-73.91977327913
restaurant,MI PUEBLITO COMIDA TIPICA MEXICANA,Mexican,Concourse-Concourse Village,Bronx,BX0401,40.83495076501,-73.91899299385
restaurant,NB. NATIONAL BAKERY,Bakery Products/Desserts,Concourse-Concourse Village,Bronx,BX0401,40.83470971782,-73.9196907501
restaurant,NEW LUCKY HOUSE RESTAURANT,Chinese,Concourse-Concourse Village,Bronx,BX0401,40.83407893763,-73.91655477383
restaurant,NEW SHENG LI CHINESE RESTAURANT,Chinese,Concourse-Concourse Village,Bronx,BX0401,40.83087437753,-73.91096859711
restaurant,NEW SUNFLOWER,Chinese,Concourse-Concourse Village,Bronx,BX0401,40.82812563908,-73.92455517971
restaurant,NOODLE CRAFT,Chinese,Concourse-Concourse Village,Bronx,BX0401,40.82138301405,-73.93083151959
restaurant,OCKY FRIED CHICKEN & PIZZA,Chicken,Concourse-Concourse Village,Bronx,BX0401,40.81866379327,-73.92770557177
restaurant,PA-COMER,Spanish,Concourse-Concourse Village,Bronx,BX0401,40.83129382287,-73.9215811906
restaurant,PAPA YE RESTAURANT,African,Concourse-Concourse Village,Bronx,BX0401,40.83264430522,-73.91775632124
restaurant,PG PIZZA,Pizza,Concourse-Concourse Village,Bronx,BX0401,40.82629866895,-73.91804242128
restaurant,PIZZA,Pizza,Concourse-Concourse Village,Bronx,BX0401,40.83338564976,-73.91436211942
restaurant,POPEYES,Chicken,Concourse-Concourse Village,Bronx,BX0401,40.81905041364,-73.92709095087
restaurant,REGAL CONCOURSE 10,American,Concourse-Concourse Village,Bronx,BX0401,40.82620983427,-73.92052127371
restaurant,ROKSTAR CHICKEN,Chicken,Concourse-Concourse Village,Bronx,BX0401,40.82138301405,-73.93083151959
restaurant,SAN JOSE RESTAURANT,Mexican,Concourse-Concourse Village,Bronx,BX0401,40.82392567066,-73.92803224765
restaurant,SIDEBAR CAFE,Other,Concourse-Concourse Village,Bronx,BX0401,40.82677554478,-73.92094697166
restaurant,SLAP BURGER,Hamburgers,Concourse-Concourse Village,Bronx,BX0401,40.8273790653,-73.92454880269
restaurant,SOBREDOSIS D' AMOR RESTAURANT,Spanish,Concourse-Concourse Village,Bronx,BX0401,40.83396341672,-73.91622245426
restaurant,STAN'S SPORTS BAR,American,Concourse-Concourse Village,Bronx,BX0401,40.82689173433,-73.92644998706
restaurant,STARBUCKS,Coffee/Tea,Concourse-Concourse Village,Bronx,BX0401,40.82567890436,-73.91881282016
restaurant,SUBWAY,Sandwiches,Concourse-Concourse Village,Bronx,BX0401,40.82741203302,-73.92459573927
restaurant,Smiling Coast Cuisine,Fusion,Concourse-Concourse Village,Bronx,BX0401,40.83455886808,-73.9123332713
restaurant,TACO BELL CANTINA,Tex-Mex,Concourse-Concourse Village,Bronx,BX0401,40.82832670248,-73.92562452986
restaurant,TEPPYAKI,Japanese,Concourse-Concourse Village,Bronx,BX0401,40.82567890436,-73.91881282016
restaurant,TERIYAKI GO (inside Boogie Down Food Hall),Asian/Asian Fusion,Concourse-Concourse Village,Bronx,BX0401,40.82138301405,-73.93083151959
restaurant,THE CLUBHOUSE CAFE,Coffee/Tea,Concourse-Concourse Village,Bronx,BX0401,40.82613172518,-73.92689526909
restaurant,TIME DELIGHT RESTAURANT,Caribbean,Concourse-Concourse Village,Bronx,BX0401,40.83475361593,-73.91966540035
restaurant,TONY'S BILLARD CAFE,Spanish,Concourse-Concourse Village,Bronx,BX0401,40.83434291339,-73.91721937532
restaurant,US FRIED CHICKEN,Chicken,Concourse-Concourse Village,Bronx,BX0401,40.82710225081,-73.92516700506
restaurant,VEGA ALTA SPORTS BAR,Latin American,Concourse-Concourse Village,Bronx,BX0401,40.8278759674,-73.92470722745
restaurant,WINGSTOP,Chicken,Concourse-Concourse Village,Bronx,BX0401,40.82138301405,-73.93083151959
restaurant,YANKEE TAVERN,American,Concourse-Concourse Village,Bronx,BX0401,40.82755786104,-73.92514119688
restaurant,YANKEE TWIN EATERY,Sandwiches,Concourse-Concourse Village,Bronx,BX0401,40.82702891806,-73.92636672729
restaurant,YANKEE'S 99 CENTS HOT PIZZA,Pizza,Concourse-Concourse Village,Bronx,BX0401,40.82769814086,-73.9255999413
restaurant,BIARRITZ BAKERY,Bakery Products/Desserts,Crotona Park East,Bronx,BX0303,40.82678503441,-73.88924334533
restaurant,BURGER KING,Hamburgers,Crotona Park East,Bronx,BX0303,40.83643409372,-73.8849736758
restaurant,D'MORENA RESTAURANT CORP,Spanish,Crotona Park East,Bronx,BX0303,40.82832531163,-73.89561488662
restaurant,DAISY'S PIZZA,Pizza,Crotona Park East,Bronx,BX0303,40.83730398434,-73.88755251471
restaurant,DUNKIN,Donuts,Crotona Park East,Bronx,BX0303,40.8377952565,-73.88751554155
restaurant,DUNKIN',Donuts,Crotona Park East,Bronx,BX0303,40.8377952565,-73.88751554155
restaurant,HAPPY WOK NO.1,Chinese,Crotona Park East,Bronx,BX0303,40.83034741092,-73.89181024312
restaurant,IHOP,Pancakes/Waffles,Crotona Park East,Bronx,BX0303,40.83643409372,-73.8849736758
restaurant,KENNEDY CHICKEN AND GRILL,Chicken,Crotona Park East,Bronx,BX0303,40.8373260094,-73.8876211421
restaurant,KENNEDY FRIED CHICKEN & SANDWICHES,American,Crotona Park East,Bronx,BX0303,40.83032271509,-73.89181751054
restaurant,KEUR AISHA SANTE YALLAH AFRICAN RESTAURANT,African,Crotona Park East,Bronx,BX0303,40.83410527043,-73.89510347076
restaurant,LECHONERA POLLO SABROSO DEL VALLE,Spanish,Crotona Park East,Bronx,BX0303,40.83729027128,-73.88756337977
restaurant,LORENZO'S PIZZERIA,Pizza,Crotona Park East,Bronx,BX0303,40.829205658,-73.89187353614
restaurant,MCDONALD'S,Hamburgers,Crotona Park East,Bronx,BX0303,40.83582483393,-73.89067016562
restaurant,MILANO PIZZA & FRIED CHICKEN,Chicken,Crotona Park East,Bronx,BX0303,40.83299780407,-73.88509889161
restaurant,NEW SHENG CHINESE RESTAURANT,Chinese,Crotona Park East,Bronx,BX0303,40.82675952397,-73.88840870209
restaurant,PIZZERIA RESTAURANT PEREZ,Pizza,Crotona Park East,Bronx,BX0303,40.82675952397,-73.88840870209
restaurant,POPEYES,Chicken,Crotona Park East,Bronx,BX0303,40.83672863467,-73.88582965947
restaurant,RANCH RESTAURANT,Caribbean,Crotona Park East,Bronx,BX0303,40.83778702938,-73.88752278343
restaurant,RED STAR CHINESE RESTAURANT,Chinese,Crotona Park East,Bronx,BX0303,40.83630196591,-73.8845944478
restaurant,TACO BELL,American,Crotona Park East,Bronx,BX0303,40.83643409372,-73.8849736758
restaurant,UMI HOTPOT SUSHI & SEAFOOD BUFFET,Asian/Asian Fusion,Crotona Park East,Bronx,BX0303,40.83643409372,-73.8849736758
restaurant,ZHU'S KITCHEN,Chinese,Crotona Park East,Bronx,BX0303,40.82679249802,-73.89131017504
restaurant,BEST CHINESE RESTAURANT,Chinese,Eastchester-Edenwald-Baychester,Bronx,BX1202,40.88443594343,-73.8328921584
restaurant,BLUE MOUNTAIN CUISINE RESTAURANT,Caribbean,Eastchester-Edenwald-Baychester,Bronx,BX1202,40.88305079788,-73.84946976609
restaurant,BOSTON ROAD CHINA,Chinese,Eastchester-Edenwald-Baychester,Bronx,BX1202,40.87680340251,-73.84709011215
restaurant,BOWLER LAND,American,Eastchester-Edenwald-Baychester,Bronx,BX1202,40.88587555189,-73.82280909406
restaurant,BURGER KING,Hamburgers,Eastchester-Edenwald-Baychester,Bronx,BX1202,40.87706574288,-73.8462252572
restaurant,Bambino's Best Pizza,Pizza,Eastchester-Edenwald-Baychester,Bronx,BX1202,40.87656011078,-73.84783558592
restaurant,CHINA KING,Chinese,Eastchester-Edenwald-Baychester,Bronx,BX1202,40.88862692675,-73.84246232111
restaurant,CHINA WOK,Chinese,Eastchester-Edenwald-Baychester,Bronx,BX1202,40.87602428311,-73.84946042284
restaurant,COZY COTTAGE RESTAURANT,American,Eastchester-Edenwald-Baychester,Bronx,BX1202,40.88612707854,-73.82757510289
restaurant,DACKS CUISINE,Caribbean,Eastchester-Edenwald-Baychester,Bronx,BX1202,40.87765377454,-73.84671930285
restaurant,DELICIAS DEL VALLE 3452 RESTAURANT,Latin American,Eastchester-Edenwald-Baychester,Bronx,BX1202,40.87631674752,-73.84853042947
restaurant,DOMINO'S,Pizza,Eastchester-Edenwald-Baychester,Bronx,BX1202,40.87681152602,-73.84700692328
restaurant,DUNKIN,Donuts,Eastchester-Edenwald-Baychester,Bronx,BX1202,40.86808149595,-73.83385539754
restaurant,DUNKIN,Donuts,Eastchester-Edenwald-Baychester,Bronx,BX1202,40.88135607553,-73.83845462912
restaurant,DUNKIN',Coffee/Tea,Eastchester-Edenwald-Baychester,Bronx,BX1202,40.88577969543,-73.82837527222
restaurant,DYRE AVENUE DINER,American,Eastchester-Edenwald-Baychester,Bronx,BX1202,40.88803195299,-73.83129896697
restaurant,EASTWOOD MANOR,American,Eastchester-Edenwald-Baychester,Bronx,BX1202,40.87646992567,-73.84606753327
restaurant,EAZY LIFE RESTAURANT,African,Eastchester-Edenwald-Baychester,Bronx,BX1202,40.87904323848,-73.84311795432
restaurant,FAITHY'S KITCHEN,Caribbean,Eastchester-Edenwald-Baychester,Bronx,BX1202,40.88943996533,-73.83127729608
restaurant,FAMILIA PIZZA RESTAURANT,Pizza,Eastchester-Edenwald-Baychester,Bronx,BX1202,40.87917828078,-73.83758481533
restaurant,FISH N TING RESTAURANT,Caribbean,Eastchester-Edenwald-Baychester,Bronx,BX1202,40.88543513741,-73.82923329087
restaurant,FRECKLE JUICE,"Juice, Smoothies, Fruit Salads",Eastchester-Edenwald-Baychester,Bronx,BX1202,40.8882899297,-73.83128022618
restaurant,GOLDEN KRUST CARIBBEAN BAKERY & GRILL,Caribbean,Eastchester-Edenwald-Baychester,Bronx,BX1202,40.87007115071,-73.84546411423
restaurant,GOLDEN KRUST CARIBBEAN BAKERY & GRILL,Caribbean,Eastchester-Edenwald-Baychester,Bronx,BX1202,40.88819111995,-73.83128047792
restaurant,GOOD TASTE CHINESE RESTAURANT,Chinese,Eastchester-Edenwald-Baychester,Bronx,BX1202,40.87577255327,-73.85006125679
restaurant,GOOD VIBES CARIBBEAN CUSINE,Soul Food,Eastchester-Edenwald-Baychester,Bronx,BX1202,40.87484664158,-73.84934377188
restaurant,GUN POST LANES SNACK BAR,American,Eastchester-Edenwald-Baychester,Bronx,BX1202,40.87279708409,-73.85203864271
restaurant,Garden Parish,Caribbean,Eastchester-Edenwald-Baychester,Bronx,BX1202,40.87669132058,-73.84743028293
restaurant,HONEYBEE BAKERY,Bakery Products/Desserts,Eastchester-Edenwald-Baychester,Bronx,BX1202,40.87062978248,-73.84654753732
restaurant,Hummingbird Grill & Bar,Caribbean,Eastchester-Edenwald-Baychester,Bronx,BX1202,40.87059951329,-73.8464897554
restaurant,IHOP,Pancakes/Waffles,Eastchester-Edenwald-Baychester,Bronx,BX1202,40.89012510384,-73.81973789263
restaurant,IRIE CORNER DUMPLIN SHOP,Caribbean,Eastchester-Edenwald-Baychester,Bronx,BX1202,40.88023858358,-73.83817890132
restaurant,Ikon Caterers,Caribbean,Eastchester-Edenwald-Baychester,Bronx,BX1202,40.86979544994,-73.84455359874
restaurant,J.R'S CABARET,American,Eastchester-Edenwald-Baychester,Bronx,BX1202,40.88882652928,-73.82850119553
restaurant,JERRY'S PIZZA,Pizza,Eastchester-Edenwald-Baychester,Bronx,BX1202,40.87602148156,-73.84941703662
restaurant,JUICI PATTIES,Caribbean,Eastchester-Edenwald-Baychester,Bronx,BX1202,40.88449047481,-73.83264248146
restaurant,KENNEDY FRIED CHICKEN,Other,Eastchester-Edenwald-Baychester,Bronx,BX1202,40.87590663857,-73.84974997361
restaurant,KENNEDY FRIED CHICKEN,Chicken,Eastchester-Edenwald-Baychester,Bronx,BX1202,40.87053071167,-73.84635251638
restaurant,KENNEDY FRIED CHICKEN,Chicken,Eastchester-Edenwald-Baychester,Bronx,BX1202,40.88858282291,-73.8423249901
restaurant,KENNEDY'S FRIED CHICKEN,Chicken,Eastchester-Edenwald-Baychester,Bronx,BX1202,40.87590663857,-73.84974997361
restaurant,KFC,Chicken,Eastchester-Edenwald-Baychester,Bronx,BX1202,40.88103614962,-73.8393160944
restaurant,KLASSIQUE,Caribbean,Eastchester-Edenwald-Baychester,Bronx,BX1202,40.8814627941,-73.83822292263
restaurant,KORI'S EAT,Caribbean,Eastchester-Edenwald-Baychester,Bronx,BX1202,40.88098966623,-73.8394427784
restaurant,LITTLE NEGRIL JAMAICAN CUISINE,Caribbean,Eastchester-Edenwald-Baychester,Bronx,BX1202,40.87659011596,-73.84769448988
restaurant,LUNA PIZZA,Pizza,Eastchester-Edenwald-Baychester,Bronx,BX1202,40.88444412501,-73.83285597266
restaurant,MAMMA LORNA'S RESTAURANT,Caribbean,Eastchester-Edenwald-Baychester,Bronx,BX1202,40.86963384656,-73.8427822848
restaurant,MARIBELLA SPORTS BAR,Latin American,Eastchester-Edenwald-Baychester,Bronx,BX1202,40.8760898389,-73.84921799833
restaurant,MARIO'S ITALIAN PIZZERIA,Pizza,Eastchester-Edenwald-Baychester,Bronx,BX1202,40.88824875897,-73.83128033107
restaurant,MARTIN'S FOODZ 2 GO,Caribbean,Eastchester-Edenwald-Baychester,Bronx,BX1202,40.88836678173,-73.83128003037
restaurant,MCDONALD'S,Hamburgers,Eastchester-Edenwald-Baychester,Bronx,BX1202,40.88529230497,-73.82732411737
restaurant,MINGLES,Caribbean,Eastchester-Edenwald-Baychester,Bronx,BX1202,40.88446867495,-73.83275103188
restaurant,NEW YORK CHICKEN & GRILL,Chicken,Eastchester-Edenwald-Baychester,Bronx,BX1202,40.88817190694,-73.83128052687
restaurant,NO 1 CHINESE RESTAURANT,Chinese,Eastchester-Edenwald-Baychester,Bronx,BX1202,40.86961458899,-73.84274978922
restaurant,PIZZA HUT/WING STREET,Pizza,Eastchester-Edenwald-Baychester,Bronx,BX1202,40.86937126961,-73.83368222527
restaurant,POPEYES,American,Eastchester-Edenwald-Baychester,Bronx,BX1202,40.87675691702,-73.8451700762
restaurant,POPEYES,Chicken,Eastchester-Edenwald-Baychester,Bronx,BX1202,40.88876747635,-73.84287791244
restaurant,S.G.S CATERING & PRIVATE CHEF SERVICES,Caribbean,Eastchester-Edenwald-Baychester,Bronx,BX1202,40.87822701267,-73.84437108232
restaurant,SMASHBURGER,Hamburgers,Eastchester-Edenwald-Baychester,Bronx,BX1202,40.88995819745,-73.82007109368
restaurant,STALLY & JOSIE'S CARIBBEAN KITCHEN,Bakery Products/Desserts,Eastchester-Edenwald-Baychester,Bronx,BX1202,40.88874542471,-73.84280924662
restaurant,SUNRISING FOOD HUT RESTAURANT INC,Caribbean,Eastchester-Edenwald-Baychester,Bronx,BX1202,40.87696740642,-73.84657986335
restaurant,THE 6 CARRIBEAN,Caribbean,Eastchester-Edenwald-Baychester,Bronx,BX1202,40.87659011596,-73.84769448988
restaurant,THE DUMPLING COVE,Caribbean,Eastchester-Edenwald-Baychester,Bronx,BX1202,40.87633901684,-73.83672753762
restaurant,THE PALMS WEST INDIAN & AMERICAN CUISINE,Caribbean,Eastchester-Edenwald-Baychester,Bronx,BX1202,40.87574889498,-73.85086406982
restaurant,TRIPLE DEUCE,Caribbean,Eastchester-Edenwald-Baychester,Bronx,BX1202,40.87915858576,-73.84316830818
restaurant,TRIPLE JS RESTAURANT,Caribbean,Eastchester-Edenwald-Baychester,Bronx,BX1202,40.87822701267,-73.84437108232
restaurant,UPCAKE SUPPLIES AND TREAT SHOP,Bakery Products/Desserts,Eastchester-Edenwald-Baychester,Bronx,BX1202,40.87720252371,-73.84588502498
restaurant,WELL DONE CUISINE,Caribbean,Eastchester-Edenwald-Baychester,Bronx,BX1202,40.87150761441,-73.8482521624
restaurant,WENDY'S,American,Eastchester-Edenwald-Baychester,Bronx,BX1202,40.88998551439,-73.81998783275
restaurant,WENDY'S,Hamburgers,Eastchester-Edenwald-Baychester,Bronx,BX1202,40.87965424231,-73.84233539757
restaurant,WHITE CASTLE,Hamburgers,Eastchester-Edenwald-Baychester,Bronx,BX1202,40.8800157851,-73.84178124801
restaurant,WINGSTOP,Chicken,Eastchester-Edenwald-Baychester,Bronx,BX1202,40.86937126961,-73.83368222527
restaurant,XING LUNG CHINESE RESTAURANT,Chinese,Eastchester-Edenwald-Baychester,Bronx,BX1202,40.8882899297,-73.83128022618
restaurant,1.50 PIZZA,Pizza,Fordham Heights,Bronx,BX0503,40.86265561631,-73.90084277025
restaurant,ANTOJITOS LA GARNACHA,Spanish,Fordham Heights,Bronx,BX0503,40.85861760785,-73.90346975813
restaurant,BEST ITALIAN PIZZA,Pizza,Fordham Heights,Bronx,BX0503,40.8622736617,-73.89722081609
restaurant,BOBO'S CRAB SHACK,Seafood,Fordham Heights,Bronx,BX0503,40.86111319952,-73.89784805157
restaurant,CAKAO JUICE BAR,"Juice, Smoothies, Fruit Salads",Fordham Heights,Bronx,BX0503,40.86222833317,-73.89872123294
restaurant,CARIB SEAFOOD RESTAURANT & BAR,Caribbean,Fordham Heights,Bronx,BX0503,40.8613409156,-73.89174516761
restaurant,CARIDAD RESTAURANT,Latin American,Fordham Heights,Bronx,BX0503,40.85606269122,-73.90075141852
restaurant,CARVEL,Frozen Desserts,Fordham Heights,Bronx,BX0503,40.85607094102,-73.90076948094
restaurant,CHINA CITY RESTAURANT,Chinese,Fordham Heights,Bronx,BX0503,40.86066335058,-73.89511926353
restaurant,CHIPOTLE MEXICAN GRILL,Tex-Mex,Fordham Heights,Bronx,BX0503,40.86184995908,-73.89310006298
restaurant,CRIS JUICE BAR CORP.,"Juice, Smoothies, Fruit Salads",Fordham Heights,Bronx,BX0503,40.86012963495,-73.89377164687
restaurant,D MARTE,Coffee/Tea,Fordham Heights,Bronx,BX0503,40.85992915275,-73.90295087825
restaurant,DELICIAS RESTAURANT & SEAFOOD,Latin American,Fordham Heights,Bronx,BX0503,40.86063312562,-73.89813439306
restaurant,DELY.CIOSOS,"Juice, Smoothies, Fruit Salads",Fordham Heights,Bronx,BX0503,40.85981710491,-73.90031197479
restaurant,DQ Pizzeria,Pizza,Fordham Heights,Bronx,BX0503,40.86131349556,-73.89177413436
restaurant,DUNKIN,Donuts,Fordham Heights,Bronx,BX0503,40.86269138194,-73.9009403303
restaurant,DUNKIN,Donuts,Fordham Heights,Bronx,BX0503,40.85989072655,-73.90295093454
restaurant,DUNKIN',Donuts,Fordham Heights,Bronx,BX0503,40.85916537593,-73.89890667158
restaurant,EL AZTECA RESTAURANT,Other,Fordham Heights,Bronx,BX0503,40.85850535283,-73.90380250991
restaurant,EL VALLE RENACER,Latin American,Fordham Heights,Bronx,BX0503,40.86226090103,-73.90145434581
restaurant,ELSA LA REINA DEL CHICHARRON 3,Latin American,Fordham Heights,Bronx,BX0503,40.85866159029,-73.9035492262
restaurant,ESTRELLA MEXICANA RESTAURANT,Mexican,Fordham Heights,Bronx,BX0503,40.85800127479,-73.90168481552
restaurant,EXPRESS FORDHAM FRIED SEAFOOD,Seafood,Fordham Heights,Bronx,BX0503,40.86167090785,-73.89844370991
restaurant,FAMILY'S CAFE,Mexican,Fordham Heights,Bronx,BX0503,40.86101824621,-73.90228408114
restaurant,FORDHAM HOT PIZZA,Pizza,Fordham Heights,Bronx,BX0503,40.86184888407,-73.89195040809
restaurant,FORDHAM SEAFOOD & CHICKEN,Chicken,Fordham Heights,Bronx,BX0503,40.86166736742,-73.89754713031
restaurant,GALLEGO SEAFOOD,Seafood,Fordham Heights,Bronx,BX0503,40.85800953372,-73.90171372376
restaurant,GRAND HOT PIZZA,Pizza,Fordham Heights,Bronx,BX0503,40.85618613847,-73.90067531937
restaurant,GREAT WALL RESTAURANT,Chinese,Fordham Heights,Bronx,BX0503,40.85899256926,-73.89903346433
restaurant,GYRO KING,Greek,Fordham Heights,Bronx,BX0503,40.86198566232,-73.90056539648
restaurant,HALAL KING PIZZA,Pizza,Fordham Heights,Bronx,BX0503,40.85576645999,-73.90098321843
restaurant,HOT DOLLAR PIZZA,Pizza,Fordham Heights,Bronx,BX0503,40.86158780898,-73.89759063644
restaurant,JADE LOUNGE CORP,Other,Fordham Heights,Bronx,BX0503,40.85802053736,-73.90174262794
restaurant,JUICE BAR TROPPI FRUTTI STREET FOOD,Fruits/Vegetables,Fordham Heights,Bronx,BX0503,40.85769496438,-73.89978014118
restaurant,KENNEDY CHICKEN & PIZZA,Chicken,Fordham Heights,Bronx,BX0503,40.85915716718,-73.89893560511
restaurant,KENNEDY FRIED CHICKEN,Chicken,Fordham Heights,Bronx,BX0503,40.85864800305,-73.90371192535
restaurant,KENNEDY FRIED CHICKEN,Chicken,Fordham Heights,Bronx,BX0503,40.8619208217,-73.89860601422
restaurant,KENNEDY FRIED CHICKEN,Chicken,Fordham Heights,Bronx,BX0503,40.85779097944,-73.89972215512
restaurant,KENNEDY FRIED CHICKEN,Chicken,Fordham Heights,Bronx,BX0503,40.86113438939,-73.8969875934
restaurant,KIWI JUICE BAR EMPANADAS,Spanish,Fordham Heights,Bronx,BX0503,40.8623967532,-73.89675063585
restaurant,LEE'S DELI,Sandwiches/Salads/Mixed Buffet,Fordham Heights,Bronx,BX0503,40.86117845396,-73.89715382572
restaurant,LEGACY SMOOTHIE & CAFE,"Juice, Smoothies, Fruit Salads",Fordham Heights,Bronx,BX0503,40.86184123735,-73.89862059711
restaurant,LIBERATO RESTAURANT,Latin American,Fordham Heights,Bronx,BX0503,40.858417727,-73.90404846289
restaurant,LOS BALBUENA RESTAURANT,Latin American,Fordham Heights,Bronx,BX0503,40.85929638853,-73.89807499112
restaurant,LOS MUNCHIES,Latin American,Fordham Heights,Bronx,BX0503,40.85786089996,-73.90122591192
restaurant,LULO RESTAURANT BRONX,Spanish,Fordham Heights,Bronx,BX0503,40.85680887277,-73.9003056561
restaurant,LUPITA'S MEXICAN FOOD,Mexican,Fordham Heights,Bronx,BX0503,40.85908582014,-73.89895378955
restaurant,M LOUNGE RESTAURANT,Latin American,Fordham Heights,Bronx,BX0503,40.86021443642,-73.90275162529
restaurant,MALINA'S KITCHEN,African,Fordham Heights,Bronx,BX0503,40.85978924178,-73.90303423187
restaurant,MAMA BAKERY,Bakery Products/Desserts,Fordham Heights,Bronx,BX0503,40.86076480846,-73.89806188632
restaurant,MANOS AMIGAS NUTRITION,"Juice, Smoothies, Fruit Salads",Fordham Heights,Bronx,BX0503,40.85823236839,-73.90231349557
restaurant,MC BAKERY AND COFFEE SHOP II,Bakery Products/Desserts,Fordham Heights,Bronx,BX0503,40.86187687751,-73.9017332931
restaurant,MERRYLAND BUFFET,Chinese,Fordham Heights,Bronx,BX0503,40.86167502351,-73.8938848573
restaurant,MONTE PIZZA,Pizza,Fordham Heights,Bronx,BX0503,40.86020388284,-73.89392336549
restaurant,NEW CHINA HOUSE,Chinese,Fordham Heights,Bronx,BX0503,40.85851952907,-73.90434475285
restaurant,NEW PEKING RESTAURANT,Chinese,Fordham Heights,Bronx,BX0503,40.85852406817,-73.9032096079
restaurant,NINJA JAPAN TERIYAKI & SUSHI,Japanese,Fordham Heights,Bronx,BX0503,40.86208809471,-73.90158475312
restaurant,NUEVO THREE WAY RESTAURANT,Spanish,Fordham Heights,Bronx,BX0503,40.86002513796,-73.89355851923
restaurant,NUTRICION PILAR,"Juice, Smoothies, Fruit Salads",Fordham Heights,Bronx,BX0503,40.85979784163,-73.90025416122
restaurant,PAPAYE DINER,African,Fordham Heights,Bronx,BX0503,40.85746177897,-73.89991425012
restaurant,PARRILLA LATINA,Spanish,Fordham Heights,Bronx,BX0503,40.86104750859,-73.89204209581
restaurant,PEACHWAVE,Frozen Desserts,Fordham Heights,Bronx,BX0503,40.8593272322,-73.8988124311
restaurant,POPEYES,Chicken,Fordham Heights,Bronx,BX0503,40.85571434127,-73.90101944569
restaurant,QUE SABROSURA!,Latin American,Fordham Heights,Bronx,BX0503,40.85833146695,-73.90265316697
restaurant,RANCHO RESTAURANT AND BAR,Spanish,Fordham Heights,Bronx,BX0503,40.86172225875,-73.89754343015
restaurant,REPOSTERIA  NITIN,Bakery Products/Desserts,Fordham Heights,Bronx,BX0503,40.85782115569,-73.89970403419
restaurant,SALVATORE'S NY PIZZA,Pizza,Fordham Heights,Bronx,BX0503,40.85789392055,-73.90132346921
restaurant,TACOS EL CHULETON,Mexican,Fordham Heights,Bronx,BX0503,40.85984299889,-73.89853689099
restaurant,TACOS PUEBLA RESTAURANT,Tex-Mex,Fordham Heights,Bronx,BX0503,40.85533030919,-73.90128752322
restaurant,TAQUERIA SAN LUCAS,Mexican,Fordham Heights,Bronx,BX0503,40.86098258319,-73.90230582509
restaurant,TAQUERIA SAN LUCAS,Mexican,Fordham Heights,Bronx,BX0503,40.86098258319,-73.90230582509
restaurant,TROPILYZ B RESTAURANT,Spanish,Fordham Heights,Bronx,BX0503,40.86154666062,-73.89761600683
restaurant,WENDY'S RESTAURANT #19406,Sandwiches,Fordham Heights,Bronx,BX0503,40.86186930322,-73.89324102743
restaurant,YANG'S GOOD TASTE,Chinese,Fordham Heights,Bronx,BX0503,40.85729680512,-73.89958191716
restaurant,BLAZIN TREATZ,Other,Highbridge,Bronx,BX0402,40.83655326207,-73.92234472622
restaurant,CHECKERS,Hamburgers,Highbridge,Bronx,BX0402,40.83594686549,-73.92262731767
restaurant,CHINA KING OGDEN RESTAURANT,Chinese,Highbridge,Bronx,BX0402,40.84199476119,-73.92448879155
restaurant,CREDIT LIFE BAR & GRILL,American,Highbridge,Bronx,BX0402,40.83802159076,-73.92218760493
restaurant,DE LA GINA RESTAURANT,Latin American,Highbridge,Bronx,BX0402,40.84015920107,-73.92551366989
restaurant,DONG KING GARDEN,Chinese,Highbridge,Bronx,BX0402,40.83394065761,-73.92712516309
restaurant,Don Sazon Restaurant,Latin American,Highbridge,Bronx,BX0402,40.83352356286,-73.92729185309
restaurant,GOLDEN TAQUITOS 1,Mexican,Highbridge,Bronx,BX0402,40.83526970251,-73.92806329517
restaurant,GUERRERO'S PIZZERIA,Pizza,Highbridge,Bronx,BX0402,40.84205237211,-73.92444535561
restaurant,Generations,Fusion,Highbridge,Bronx,BX0402,40.8363693745,-73.92235939721
restaurant,Highbridge Hotel Cafe,Other,Highbridge,Bronx,BX0402,40.837453494,-73.92228223439
restaurant,J C GREEN LIFE NYC,American,Highbridge,Bronx,BX0402,40.8410262884,-73.92512959698
restaurant,JOHNNY'S FRIED CHICKEN,Chicken,Highbridge,Bronx,BX0402,40.84058522264,-73.92225687702
restaurant,KENNEDY FRIED CHICKEN,Chicken,Highbridge,Bronx,BX0402,40.83459473642,-73.92844708891
restaurant,NEW HAPPY GARDEN,Chinese,Highbridge,Bronx,BX0402,40.83655376845,-73.92731382595
restaurant,NO. 1 CHINA GARDEN KITCHEN,Chinese,Highbridge,Bronx,BX0402,40.84068642206,-73.92173271139
restaurant,PIZZA HUT,Pizza,Highbridge,Bronx,BX0402,40.83400206631,-73.92875851142
restaurant,ROMANS PIZZA,Pizza,Highbridge,Bronx,BX0402,40.8373333444,-73.92742500288
restaurant,TIAGO'S PIZZA,Pizza,Highbridge,Bronx,BX0402,40.83614309632,-73.92466531058
restaurant,VOGUE RESTAURANT & LOUNGE,Spanish,Highbridge,Bronx,BX0402,40.84402805047,-73.92364072869
restaurant,WAH YONG KITCHEN,Chinese,Highbridge,Bronx,BX0402,40.83830039496,-73.92456528066
restaurant,ALBERT'S COFFEE SHOP,American,Hunts Point,Bronx,BX0201,40.8097427988,-73.88090181063
restaurant,ALLEN RESTAURANT,Latin American,Hunts Point,Bronx,BX0201,40.8115363274,-73.89038509058
restaurant,BALDOR BISTRO,American,Hunts Point,Bronx,BX0201,40.80972021444,-73.87264383442
restaurant,BASCOM CATERING & EVENTS,American,Hunts Point,Bronx,BX0201,40.81821203808,-73.89089792176
restaurant,BEST BITE PIZZA,Pizza,Hunts Point,Bronx,BX0201,40.81907528434,-73.8894874545
restaurant,CAFE ITALIA,American,Hunts Point,Bronx,BX0201,40.80990567391,-73.89009879132
restaurant,DIAMOND CLUB,Bottled Beverages,Hunts Point,Bronx,BX0201,40.81387799916,-73.88517899321
restaurant,DON CHILE MEXICAN GRILL,Mexican,Hunts Point,Bronx,BX0201,40.81644923228,-73.89608518588
restaurant,DUNKIN,Donuts,Hunts Point,Bronx,BX0201,40.81675321638,-73.89236351193
restaurant,DUNKIN,Donuts,Hunts Point,Bronx,BX0201,40.82042712939,-73.89098460145
restaurant,EMPANADAS RD,Latin American,Hunts Point,Bronx,BX0201,40.81782577585,-73.89463787955
restaurant,FRATILLI'S PIZZA & CAFE,Pizza,Hunts Point,Bronx,BX0201,40.8096136272,-73.88073948355
restaurant,FULTON CAFE,Coffee/Tea,Hunts Point,Bronx,BX0201,40.80524764679,-73.876412712
restaurant,HAPPY GARDEN,Chinese,Hunts Point,Bronx,BX0201,40.81403047085,-73.88951753987
restaurant,HUNTS POINT CHINESE RESTAURANT,Chinese,Hunts Point,Bronx,BX0201,40.81954237294,-73.89289370205
restaurant,HUNTS POINT JUICE BAR & DELI,Spanish,Hunts Point,Bronx,BX0201,40.81258240587,-73.88788345149
restaurant,JAY'S SPANISH RESTAURANT,Spanish,Hunts Point,Bronx,BX0201,40.81926751693,-73.8895919096
restaurant,JIMBO'S HAMBURGER PALACE,Hamburgers,Hunts Point,Bronx,BX0201,40.82098524351,-73.89197004459
restaurant,JOHNNY'S CAFE,Mexican,Hunts Point,Bronx,BX0201,40.8117380536,-73.8889433536
restaurant,KENNEDY FRIED CHICKEN,Chicken,Hunts Point,Bronx,BX0201,40.8187264552,-73.88923151864
restaurant,LA POSADA MEXICANA,Mexican,Hunts Point,Bronx,BX0201,40.82058613095,-73.88793133621
restaurant,LUCKY STAR,Chinese,Hunts Point,Bronx,BX0201,40.81658085885,-73.89595130582
restaurant,MARKET RESTAURANT (C-D BLOCK),American,Hunts Point,Bronx,BX0201,40.80760818725,-73.87146305158
restaurant,MCDONALD'S,Hamburgers,Hunts Point,Bronx,BX0201,40.81676695362,-73.89237794088
restaurant,MCDONALD'S,Hamburgers,Hunts Point,Bronx,BX0201,40.82042712939,-73.89098460145
restaurant,METRO CAFE,American,Hunts Point,Bronx,BX0201,40.80792109287,-73.89892339514
restaurant,MILLY'S CORNER RESTAURANT AND BAR,Latin American,Hunts Point,Bronx,BX0201,40.81462698851,-73.89338213193
restaurant,NEW PEPERONI'S PIZZA,Pizza,Hunts Point,Bronx,BX0201,40.81683829809,-73.8866515086
restaurant,OASIS COFFEE SHOP,Mexican,Hunts Point,Bronx,BX0201,40.80761597204,-73.88949210531
restaurant,POP N WAFFLE,American,Hunts Point,Bronx,BX0201,40.8189003139,-73.89021033225
restaurant,RANDALL RESTAURANT,Spanish,Hunts Point,Bronx,BX0201,40.81245795914,-73.88417715544
restaurant,RUTA 55 RESTAURANT,Spanish,Hunts Point,Bronx,BX0201,40.81689284296,-73.88629735888
restaurant,SNACK BAR (LOCATED BETWEEN A-B BETWEEN FANCY FOOD AND MASTERS),American,Hunts Point,Bronx,BX0201,40.80760818725,-73.87146305158
restaurant,SOUTHSIDE CAFE (Produce Market),Latin American,Hunts Point,Bronx,BX0201,40.81035473741,-73.87815162537
restaurant,TERIYAKI ONE,Japanese,Hunts Point,Bronx,BX0201,40.82042712939,-73.89098460145
restaurant,THE BOOGIE DOWN GRIND CAFE,Coffee/Tea,Hunts Point,Bronx,BX0201,40.81860552274,-73.88906191374
restaurant,THE POINT CAFE & GRILL,Sandwiches,Hunts Point,Bronx,BX0201,40.80959439149,-73.88071784361
restaurant,VALENCIA COFFEE ROOM,Coffee/Tea,Hunts Point,Bronx,BX0201,40.81765304936,-73.88347079646
restaurant,XIN RONG,Chinese,Hunts Point,Bronx,BX0201,40.81557324659,-73.88693185321
restaurant,XIN RONG CHINESE RESTAURANT,Chinese,Hunts Point,Bronx,BX0201,40.81557324659,-73.88693185321
restaurant,BAILEY SEAFOOD MARKET & RESTAURANT,Spanish,Kingsbridge Heights-Van Cortlandt Village,Bronx,BX0801,40.87813201823,-73.90274339788
restaurant,CARIDAD RESTAURANT,Latin American,Kingsbridge Heights-Van Cortlandt Village,Bronx,BX0801,40.86904168247,-73.90298091563
restaurant,EL NUEVO TROPICAL RESTAURANT,Latin American,Kingsbridge Heights-Van Cortlandt Village,Bronx,BX0801,40.86995312935,-73.90321460211
restaurant,FLORIDITA RESTAURANT,Spanish,Kingsbridge Heights-Van Cortlandt Village,Bronx,BX0801,40.87830253597,-73.9031517747
restaurant,FOO-HING KITCHEN,Chinese,Kingsbridge Heights-Van Cortlandt Village,Bronx,BX0801,40.87494412822,-73.90126190827
restaurant,KENNEDY CHICKEN & SANDWICHES,Chicken,Kingsbridge Heights-Van Cortlandt Village,Bronx,BX0801,40.86809242206,-73.90025974956
restaurant,KENNEDY CHICKEN PIZZA & BURGER,Chicken,Kingsbridge Heights-Van Cortlandt Village,Bronx,BX0801,40.86896196328,-73.90283640599
restaurant,KHALLE BAR AND GRILL,Spanish,Kingsbridge Heights-Van Cortlandt Village,Bronx,BX0801,40.88343672217,-73.89858392261
restaurant,LITTLE CAESARS,Pizza,Kingsbridge Heights-Van Cortlandt Village,Bronx,BX0801,40.86862104998,-73.90216801236
restaurant,LUCKY STAR,Chinese,Kingsbridge Heights-Van Cortlandt Village,Bronx,BX0801,40.86944838862,-73.90355882982
restaurant,LUEN HING RESTAURANT,Chinese,Kingsbridge Heights-Van Cortlandt Village,Bronx,BX0801,40.87649697935,-73.90371490588
restaurant,MADISON'S DELICIOUS PIZZA CAFE,Pizza,Kingsbridge Heights-Van Cortlandt Village,Bronx,BX0801,40.8728339191,-73.90509787762
restaurant,MEI CHUNG MEI RESTAURANT,Chinese,Kingsbridge Heights-Van Cortlandt Village,Bronx,BX0801,40.87825852287,-73.9030361217
restaurant,MOCHA CAFE,American,Kingsbridge Heights-Van Cortlandt Village,Bronx,BX0801,40.86944838862,-73.90355882982
restaurant,MONTEZUMA RESTAURANT,Mexican,Kingsbridge Heights-Van Cortlandt Village,Bronx,BX0801,40.86862104998,-73.90216801236
restaurant,NEW YUNG HONG,Chinese,Kingsbridge Heights-Van Cortlandt Village,Bronx,BX0801,40.87285041132,-73.90512678097
restaurant,OAXAQUENO LOS MELIZOS DELI,Mexican,Kingsbridge Heights-Van Cortlandt Village,Bronx,BX0801,40.87006643568,-73.90413644525
restaurant,PAPA JOHN'S PIZZA,Pizza,Kingsbridge Heights-Van Cortlandt Village,Bronx,BX0801,40.87830253597,-73.9031517747
restaurant,PERISTA RESTAURANT,American,Kingsbridge Heights-Van Cortlandt Village,Bronx,BX0801,40.86837613929,-73.90143078591
restaurant,PICANTE PICANTE RESTAURANT,Mexican,Kingsbridge Heights-Van Cortlandt Village,Bronx,BX0801,40.8782255496,-73.90299277598
restaurant,POPEYES,Chicken,Kingsbridge Heights-Van Cortlandt Village,Bronx,BX0801,40.86862104998,-73.90216801236
restaurant,PUENTE DEL REY PIZZA Y PICA POLLO RESTAURANT,Spanish,Kingsbridge Heights-Van Cortlandt Village,Bronx,BX0801,40.8728339191,-73.90509787762
restaurant,SAZON STIZZY LLC,Spanish,Kingsbridge Heights-Van Cortlandt Village,Bronx,BX0801,40.88334814799,-73.89774504284
restaurant,SEDGWICK PIZZA,Pizza,Kingsbridge Heights-Van Cortlandt Village,Bronx,BX0801,40.88278426678,-73.89338813329
restaurant,THE BRONX PUBLIC,American,Kingsbridge Heights-Van Cortlandt Village,Bronx,BX0801,40.87835484698,-73.90334335537
restaurant,TILIA LA CASITA AZUL,Spanish,Kingsbridge Heights-Van Cortlandt Village,Bronx,BX0801,40.88346688857,-73.8985549448
restaurant,TROPICAL ROTTISSERIE,Latin American,Kingsbridge Heights-Van Cortlandt Village,Bronx,BX0801,40.86995312935,-73.90321460211
restaurant,APPLEBEES NEIGHBORHOOD GRILL AND BAR,American,Kingsbridge-Marble Hill,Bronx,BX0802,40.87428925572,-73.90927944742
restaurant,AROMA RESTAURAT & BAR,Spanish,Kingsbridge-Marble Hill,Bronx,BX0802,40.87751701486,-73.90581800896
restaurant,ARTURO'S PIZZA,Pizza,Kingsbridge-Marble Hill,Bronx,BX0802,40.87437774867,-73.91012184383
restaurant,AUNTIE ANNES,Hotdogs/Pretzels,Kingsbridge-Marble Hill,Bronx,BX0802,40.87751098138,-73.90515626636
restaurant,BABY CRAB SEAFOOD & GRILL,Seafood,Kingsbridge-Marble Hill,Bronx,BX0802,40.88286054679,-73.90199870448
restaurant,BAKERY ROSARINA CORP,Bakery Products/Desserts,Kingsbridge-Marble Hill,Bronx,BX0802,40.87493432853,-73.90935811557
restaurant,BINGO,American,Kingsbridge-Marble Hill,Bronx,BX0802,40.87873990675,-73.9042974686
restaurant,BROADWAY PIZZA & PASTA,Pizza,Kingsbridge-Marble Hill,Bronx,BX0802,40.87878396066,-73.90446374997
restaurant,BRONX ALEHOUSE,American,Kingsbridge-Marble Hill,Bronx,BX0802,40.88475227812,-73.89953305339
restaurant,BUFFALO WILD WINGS,Chicken,Kingsbridge-Marble Hill,Bronx,BX0802,40.88424820193,-73.90062961601
restaurant,CARVEL,Frozen Desserts,Kingsbridge-Marble Hill,Bronx,BX0802,40.88360121652,-73.90152385227
restaurant,CHARLIE'S PIZZA,Pizza,Kingsbridge-Marble Hill,Bronx,BX0802,40.87903420971,-73.90504198258
restaurant,CHEF ROSE CARIBBEAN RESTAURANT,Spanish,Kingsbridge-Marble Hill,Bronx,BX0802,40.87904792436,-73.90503111428
restaurant,CHICK-FIL-A,Chicken,Kingsbridge-Marble Hill,Bronx,BX0802,40.87405295506,-73.90895795261
restaurant,CHIPOTLE MEXICAN GRILL,Tex-Mex,Kingsbridge-Marble Hill,Bronx,BX0802,40.88424820193,-73.90062961601
restaurant,CHIPOTLE MEXICAN GRILL #4066,Tex-Mex,Kingsbridge-Marble Hill,Bronx,BX0802,40.87875920405,-73.90439869418
restaurant,CHOCO LAND PRINCESOSNY,Bakery Products/Desserts,Kingsbridge-Marble Hill,Bronx,BX0802,40.87514271337,-73.90908663061
restaurant,DALE DINER,American,Kingsbridge-Marble Hill,Bronx,BX0802,40.87873990675,-73.9042974686
restaurant,DOMINO'S,Pizza,Kingsbridge-Marble Hill,Bronx,BX0802,40.8842165711,-73.90215220703
restaurant,DUNKIN,Donuts,Kingsbridge-Marble Hill,Bronx,BX0802,40.87909741295,-73.9051322973
restaurant,DUNKIN',Donuts,Kingsbridge-Marble Hill,Bronx,BX0802,40.87453127771,-73.90989744575
restaurant,"DUNKIN', 'BASKIN ROBBINS",American,Kingsbridge-Marble Hill,Bronx,BX0802,40.88424820193,-73.90062961601
restaurant,DUNKIN/BASKIN ROBBINS,Donuts,Kingsbridge-Marble Hill,Bronx,BX0802,40.87701234351,-73.90625627462
restaurant,EL ECONOMICO RESTAURANT,Latin American,Kingsbridge-Marble Hill,Bronx,BX0802,40.87917658202,-73.90461506477
restaurant,FLAME HIBACHI AND SUSHI,Japanese,Kingsbridge-Marble Hill,Bronx,BX0802,40.88286054679,-73.90199870448
restaurant,GEISHA/ GEISHA EXPRESS,Japanese,Kingsbridge-Marble Hill,Bronx,BX0802,40.87875920405,-73.90439869418
restaurant,GODWIN COFFEE & TEX-MEX EATS,American,Kingsbridge-Marble Hill,Bronx,BX0802,40.87958681928,-73.90616222468
restaurant,GOLD MINE CAFE,Greek,Kingsbridge-Marble Hill,Bronx,BX0802,40.87899002788,-73.90472020346
restaurant,GOLDEN GATE EXPRESS,Chinese,Kingsbridge-Marble Hill,Bronx,BX0802,40.88088150074,-73.9085399227
restaurant,HEALTHY IN DYCKMAN,American,Kingsbridge-Marble Hill,Bronx,BX0802,40.88010358763,-73.90709810597
restaurant,HOME THE BRONX STEAKHOUSE,American,Kingsbridge-Marble Hill,Bronx,BX0802,40.88485964078,-73.89989815987
restaurant,IHOP,Pancakes/Waffles,Kingsbridge-Marble Hill,Bronx,BX0802,40.88029028833,-73.90383234465
restaurant,JOE'S BRICK OVEN PIZZA,Pizza,Kingsbridge-Marble Hill,Bronx,BX0802,40.87903420971,-73.90504198258
restaurant,KEENANS,Irish,Kingsbridge-Marble Hill,Bronx,BX0802,40.87916833285,-73.90459699557
restaurant,KFC,American,Kingsbridge-Marble Hill,Bronx,BX0802,40.8798541343,-73.9041403596
restaurant,KINGSBRIDGE SOCIAL CLUB,Pizza,Kingsbridge-Marble Hill,Bronx,BX0802,40.8844578784,-73.90188422905
restaurant,KUNG FU TEA,Coffee/Tea,Kingsbridge-Marble Hill,Bronx,BX0802,40.88090624062,-73.90858690059
restaurant,LA COCINA Z. SANCHEZ MEXICN FOOD,Mexican,Kingsbridge-Marble Hill,Bronx,BX0802,40.88354109555,-73.90183134043
restaurant,LA VILLA RESTAURANT,Mexican,Kingsbridge-Marble Hill,Bronx,BX0802,40.87961706138,-73.90622365794
restaurant,LECHE Y MIEL RESTAURANT,Latin American,Kingsbridge-Marble Hill,Bronx,BX0802,40.88363962092,-73.90149847993
restaurant,MAREA FISH MARKET,Seafood,Kingsbridge-Marble Hill,Bronx,BX0802,40.87500562003,-73.90926761827
restaurant,MCDONALD'S,Hamburgers,Kingsbridge-Marble Hill,Bronx,BX0802,40.88371917752,-73.90145134755
restaurant,MI LINDO SAN MIGUELITO,Mexican,Kingsbridge-Marble Hill,Bronx,BX0802,40.87998539199,-73.90688491232
restaurant,MON AMOUR COFFEE & WINE,Coffee/Tea,Kingsbridge-Marble Hill,Bronx,BX0802,40.88493671306,-73.90015120064
restaurant,"MY KITCHEN FLAVOR CATERING, LLC.",Latin American,Kingsbridge-Marble Hill,Bronx,BX0802,40.8801613144,-73.90720651313
restaurant,NEW KENNEDY CHICKEN & GYRO,Chicken,Kingsbridge-Marble Hill,Bronx,BX0802,40.87960999565,-73.9043106763
restaurant,NEW PIONEER CHINESE RESTAURANT,Chinese,Kingsbridge-Marble Hill,Bronx,BX0802,40.87927061935,-73.90548282281
restaurant,PANADERIA IXTAPAN,Bakery Products/Desserts,Kingsbridge-Marble Hill,Bronx,BX0802,40.87912215722,-73.90518288886
restaurant,PANDA RESTAURANT,Chinese,Kingsbridge-Marble Hill,Bronx,BX0802,40.8798541343,-73.9041403596
restaurant,PANERA BREAD #6366,American,Kingsbridge-Marble Hill,Bronx,BX0802,40.87365975164,-73.90806897766
restaurant,PLAYOFFS SPORTS LOUNGE,Latin American,Kingsbridge-Marble Hill,Bronx,BX0802,40.8811159275,-73.90320913813
restaurant,PUNTO DE SABOR EXPRESS,Latin American,Kingsbridge-Marble Hill,Bronx,BX0802,40.87898472104,-73.90494079973
restaurant,RIVERDALE THAI & INDIAN EATERY,Indian,Kingsbridge-Marble Hill,Bronx,BX0802,40.88110689225,-73.90894825593
restaurant,SAM'S PIZZA,Pizza,Kingsbridge-Marble Hill,Bronx,BX0802,40.87949609278,-73.90597792524
restaurant,SHAKE SHACK #1646,American,Kingsbridge-Marble Hill,Bronx,BX0802,40.87718510755,-73.90606799243
restaurant,SLURP & SWIRL,Frozen Desserts,Kingsbridge-Marble Hill,Bronx,BX0802,40.88360121652,-73.90152385227
restaurant,SMASHBURGER,American,Kingsbridge-Marble Hill,Bronx,BX0802,40.88424820193,-73.90062961601
restaurant,SPEEDY TACOS AND CHICKEN,Mexican,Kingsbridge-Marble Hill,Bronx,BX0802,40.88498350824,-73.90030664109
restaurant,STARBUCKS,Coffee/Tea,Kingsbridge-Marble Hill,Bronx,BX0802,40.87739630925,-73.90589411913
restaurant,SUBWAY,Sandwiches,Kingsbridge-Marble Hill,Bronx,BX0802,40.87817808604,-73.90532165457
restaurant,SUGAR BOY BAKERY II,Bakery Products/Desserts,Kingsbridge-Marble Hill,Bronx,BX0802,40.87931099535,-73.90452084934
restaurant,TACO BELL,Tex-Mex,Kingsbridge-Marble Hill,Bronx,BX0802,40.8798541343,-73.9041403596
restaurant,TAQUERIA SINALOENSE,Mexican,Kingsbridge-Marble Hill,Bronx,BX0802,40.87452374009,-73.91079059895
restaurant,TERIYAKI ONE,Japanese,Kingsbridge-Marble Hill,Bronx,BX0802,40.88424820193,-73.90062961601
restaurant,THE PUNCH BOWL,American,Kingsbridge-Marble Hill,Bronx,BX0802,40.88520606228,-73.90057393055
restaurant,TIBBETT DINER,American,Kingsbridge-Marble Hill,Bronx,BX0802,40.8800092038,-73.9092029034
restaurant,TIJUANA NITES,Peruvian,Kingsbridge-Marble Hill,Bronx,BX0802,40.88953310332,-73.89898328264
restaurant,TINA JUICE BAR,"Juice, Smoothies, Fruit Salads",Kingsbridge-Marble Hill,Bronx,BX0802,40.88093097761,-73.90863026221
restaurant,TINA RIVERDALE RESTAURANT,Latin American,Kingsbridge-Marble Hill,Bronx,BX0802,40.88098045441,-73.90872060185
restaurant,WENDY'S,American,Kingsbridge-Marble Hill,Bronx,BX0802,40.88471226254,-73.90086399351
restaurant,WINGLAND & PIZZA,Indian,Kingsbridge-Marble Hill,Bronx,BX0802,40.875109811,-73.90913006772
restaurant,WingStop,Chicken,Kingsbridge-Marble Hill,Bronx,BX0802,40.8798541343,-73.9041403596
restaurant,1.50 SOUTHERN PIZZA,Pizza,Longwood,Bronx,BX0202,40.81229742763,-73.90351913722
restaurant,3-J RESTAURANT AND PIZZA,Latin American,Longwood,Bronx,BX0202,40.81239423976,-73.90441130237
restaurant,99 CENT SOUTHERN PIZZA,Pizza,Longwood,Bronx,BX0202,40.82147354183,-73.89168742933
restaurant,99 SUPREME PIZZA,Pizza,Longwood,Bronx,BX0202,40.82099544134,-73.8911426408
restaurant,ALDUS PIZZA,Pizza,Longwood,Bronx,BX0202,40.82364204266,-73.8918500927
restaurant,BAR MIX LATINO RESTAURANT,Latin American,Longwood,Bronx,BX0202,40.82099738543,-73.89620812587
restaurant,BB PIZZA & DINE,Pizza,Longwood,Bronx,BX0202,40.81264501768,-73.90234454003
restaurant,BRIANNAS PIZZERIA AND SPANISH FOOD,Spanish,Longwood,Bronx,BX0202,40.82262873318,-73.90040403222
restaurant,BURGER KING,Hamburgers,Longwood,Bronx,BX0202,40.8222723224,-73.89175116021
restaurant,CANTINA EL CHICANITO,Mexican,Longwood,Bronx,BX0202,40.8164688206,-73.89650062688
restaurant,CHICKEN & SMASH BURGER,Chicken,Longwood,Bronx,BX0202,40.81586514333,-73.89668582033
restaurant,CHILITO LINDO MEXICAN RESTAURANT,Latin American,Longwood,Bronx,BX0202,40.82099738543,-73.89620812587
restaurant,CHIPOTLE MEXICAN GRILL #3056,Mexican,Longwood,Bronx,BX0202,40.82387809023,-73.89184970758
restaurant,COLONY FRIED CHICKEN,Chicken,Longwood,Bronx,BX0202,40.82023889683,-73.90137229447
restaurant,Cantina Tarasca,Mexican,Longwood,Bronx,BX0202,40.81246983194,-73.90290836044
restaurant,DAISY'S PIZZA WINGS & BURGERS,Chicken,Longwood,Bronx,BX0202,40.81714230533,-73.89764123101
restaurant,DOMINO'S,Pizza,Longwood,Bronx,BX0202,40.82147626612,-73.89166574646
restaurant,DOMY PIZZA,Pizza,Longwood,Bronx,BX0202,40.81644363647,-73.9022161094
restaurant,DULCIES DELI JAMAICAN RESTAURANT,Caribbean,Longwood,Bronx,BX0202,40.81736771155,-73.89802023185
restaurant,DUNKIN,Donuts,Longwood,Bronx,BX0202,40.82461380269,-73.89197858392
restaurant,DUNKIN,Donuts,Longwood,Bronx,BX0202,40.82473593166,-73.89952646014
restaurant,DUNKIN DONUTS,Donuts,Longwood,Bronx,BX0202,40.81536055499,-73.89718155165
restaurant,EAST STAR RESTAURANT,Chinese,Longwood,Bronx,BX0202,40.82333161863,-73.89451350668
restaurant,EL CARNALITO BARRAGAN RESTAURANT & DELI,Mexican,Longwood,Bronx,BX0202,40.82231821713,-73.89688532363
restaurant,EL VALLE RESTAURANT,Latin American,Longwood,Bronx,BX0202,40.8160049723,-73.89651580213
restaurant,EL VALLE RESTAURANT,Other,Longwood,Bronx,BX0202,40.82408234089,-73.89306702699
restaurant,FLORINDA RESTAURANT,Spanish,Longwood,Bronx,BX0202,40.81542078056,-73.90331950379
restaurant,FOOD BO GARDEN,Chinese,Longwood,Bronx,BX0202,40.82098125265,-73.8965802946
restaurant,GEORGINA RESTAURANT,Latin American,Longwood,Bronx,BX0202,40.82097811773,-73.89315513445
restaurant,GIRALDA BAKERY,Bakery Products/Desserts,Longwood,Bronx,BX0202,40.82099286083,-73.89131607117
restaurant,GOOD TASTE GARDEN,Chinese,Longwood,Bronx,BX0202,40.81174314114,-73.90370057081
restaurant,GOOD TASTE RESTAURANT,Chinese,Longwood,Bronx,BX0202,40.82219730901,-73.89673014799
restaurant,GREAT WALL KITCHEN,Chinese,Longwood,Bronx,BX0202,40.82330918079,-73.90011756942
restaurant,KENNEDY CHICKEN AND PIZZA,Chicken,Longwood,Bronx,BX0202,40.82115994983,-73.89690157754
restaurant,KENNEDY FRIED CHICKEN & PIZZA,Chicken,Longwood,Bronx,BX0202,40.81487722997,-73.90000744095
restaurant,KETSIE GROCERY,Latin American,Longwood,Bronx,BX0202,40.81169643202,-73.90364283806
restaurant,KING SUNSHINE #2 JERK CENTER,Caribbean,Longwood,Bronx,BX0202,40.82733150481,-73.88670221905
restaurant,KING'S CHEF CHINESE RESTAURANT,Chinese,Longwood,Bronx,BX0202,40.82584714551,-73.89906227229
restaurant,LA CUEVA,Mexican,Longwood,Bronx,BX0202,40.81529186512,-73.90021274135
restaurant,LA NUEVA GIRALDA BAKERY,Bakery Products/Desserts,Longwood,Bronx,BX0202,40.82429877421,-73.89263670414
restaurant,LA PATRONA,Mexican,Longwood,Bronx,BX0202,40.81236584262,-73.90327699523
restaurant,LA PLAZA DEL POLLO,Mexican,Longwood,Bronx,BX0202,40.82541105702,-73.89043079865
restaurant,LECHONERA POLLO SABROSO RESTAURANT,Latin American,Longwood,Bronx,BX0202,40.8258241883,-73.89192963842
restaurant,LITTLE CAESARS,Pizza,Longwood,Bronx,BX0202,40.82433649907,-73.89188870515
restaurant,LULU JUICY FRUIT,"Juice, Smoothies, Fruit Salads",Longwood,Bronx,BX0202,40.81231931879,-73.9034396288
restaurant,La Churreria Don Julio,Latin American,Longwood,Bronx,BX0202,40.81183930704,-73.90381964511
restaurant,MAMi CHEFI DELI JUICE,"Juice, Smoothies, Fruit Salads",Longwood,Bronx,BX0202,40.82677912245,-73.89167875966
restaurant,MARGARITA'S,Spanish,Longwood,Bronx,BX0202,40.81577172652,-73.9028673971
restaurant,MARIO'S PIZZA 2,Pizza,Longwood,Bronx,BX0202,40.8240604166,-73.89310319447
restaurant,MIRELI RESTAURANT,Latin American,Longwood,Bronx,BX0202,40.82544667312,-73.89036208733
restaurant,MORENITA RESTAURANT,Mexican,Longwood,Bronx,BX0202,40.81746391853,-73.89817904932
restaurant,NATIONAL BAKERY,Bakery Products/Desserts,Longwood,Bronx,BX0202,40.82127246148,-73.89687611114
restaurant,NEW LITTLE CHOPSTICKS,Chinese,Longwood,Bronx,BX0202,40.81533579982,-73.90023435164
restaurant,NOCHES DE PALENQUE,Mexican,Longwood,Bronx,BX0202,40.81239326267,-73.90324444205
restaurant,PAPI'S CHEESE STEAKS,Steakhouse,Longwood,Bronx,BX0202,40.81473993309,-73.89993900667
restaurant,PARILLA AZTECA,Mexican,Longwood,Bronx,BX0202,40.82726849694,-73.8868251819
restaurant,PICA POLLO/LA FINCA BAR & GRILL,Latin American,Longwood,Bronx,BX0202,40.82393016406,-73.89472212003
restaurant,POPEYES,American,Longwood,Bronx,BX0202,40.82255228243,-73.89174708991
restaurant,SABOR DE MI ABUELA MAR Y TIERRA RESTAURANT,Spanish,Longwood,Bronx,BX0202,40.82100052762,-73.89664891237
restaurant,SEIS VECINOS RESTAURANT,Spanish,Longwood,Bronx,BX0202,40.81522047822,-73.90339566321
restaurant,SUBWAY,Sandwiches,Longwood,Bronx,BX0202,40.82099535913,-73.89105592787
restaurant,SUGAR RESTAURANT,Spanish,Longwood,Bronx,BX0202,40.8234992856,-73.89181780699
restaurant,T-BROTHERS PIZZERIA,Pizza,Longwood,Bronx,BX0202,40.82311973278,-73.8909946259
restaurant,TACO BELL,Tex-Mex,Longwood,Bronx,BX0202,40.82441335857,-73.89189580626
restaurant,TACO TEK MEXICAN GRILL,Tex-Mex,Longwood,Bronx,BX0202,40.82195663988,-73.89171193165
restaurant,TAQUERIA EL CEBOLLIN,Spanish,Longwood,Bronx,BX0202,40.81254103018,-73.90271317668
restaurant,TEQUILA & MEZCAL,Mexican,Longwood,Bronx,BX0202,40.82731233084,-73.88674199911
restaurant,TEXAS CHICKEN & BURGERS,Chicken,Longwood,Bronx,BX0202,40.82411247246,-73.89300194053
restaurant,WESTCHESTER LATIN RESTAURANT,Latin American,Longwood,Bronx,BX0202,40.8239520259,-73.89461730235
restaurant,WHITE CASTLE,Hamburgers,Longwood,Bronx,BX0202,40.82186028562,-73.89737741637
restaurant,YUMMI BAKERY,Bakery Products/Desserts,Longwood,Bronx,BX0202,40.82195663988,-73.89171193165
restaurant,$1.50 PIZZA,Pizza,Melrose,Bronx,BX0102,40.81622566828,-73.91833305846
restaurant,150 JACKSON PIZZA,Pizza,Melrose,Bronx,BX0102,40.81598765352,-73.90844519886
restaurant,619 BAR & RESTAURANT EL SALVADORENO,Latin American,Melrose,Bronx,BX0102,40.81761391394,-73.91750039073
restaurant,7TH STREET BURGER,Hamburgers,Melrose,Bronx,BX0102,40.81616787179,-73.91811275007
restaurant,99 CENT SUPREME PIZZA,Pizza,Melrose,Bronx,BX0102,40.8161678254,-73.91804772009
restaurant,ADOBO MEXICAN GRILL,Mexican,Melrose,Bronx,BX0102,40.81664950808,-73.91996552479
restaurant,AICHA ORGANIC JUICE BAR,"Juice, Smoothies, Fruit Salads",Melrose,Bronx,BX0102,40.8177276263,-73.91534698157
restaurant,BAMBU JUICE BAR,Latin American,Melrose,Bronx,BX0102,40.81619535011,-73.91815606951
restaurant,BETO'S RESTAURANT,Mexican,Melrose,Bronx,BX0102,40.81523490987,-73.90424102097
restaurant,BONA PIZZA,Pizza,Melrose,Bronx,BX0102,40.81782697258,-73.90547649157
restaurant,BRONX NUTRITION SPOT (HERBALIFE),"Juice, Smoothies, Fruit Salads",Melrose,Bronx,BX0102,40.81996782072,-73.91600529753
restaurant,BURGER KING,Hamburgers,Melrose,Bronx,BX0102,40.81471035342,-73.91427063675
restaurant,CAPRI CAKES,Bakery Products/Desserts,Melrose,Bronx,BX0102,40.81697150467,-73.92121156027
restaurant,CARVEL,Frozen Desserts,Melrose,Bronx,BX0102,40.81788090398,-73.92251833961
restaurant,CARVEL/AUNTIE ANNE'S/CINNABON,Frozen Desserts,Melrose,Bronx,BX0102,40.81622771791,-73.91736121721
restaurant,CHANO'S FRESH BREAD,Bakery Products/Desserts,Melrose,Bronx,BX0102,40.81691505852,-73.92297107103
restaurant,CHICANITO,Mexican,Melrose,Bronx,BX0102,40.81869133343,-73.91575762357
restaurant,CHIPOTLE MEXICAN GRILL #3957,Mexican,Melrose,Bronx,BX0102,40.81686378686,-73.9163777378
restaurant,COME AND GET SUM,Seafood,Melrose,Bronx,BX0102,40.82069254182,-73.9022640373
restaurant,DAISY'S PIZZA,Pizza,Melrose,Bronx,BX0102,40.821013679,-73.91247764105
restaurant,DELICIOSO RESTAURANT,Latin American,Melrose,Bronx,BX0102,40.81579378028,-73.91698964387
restaurant,DOMINO'S,Pizza,Melrose,Bronx,BX0102,40.81969690711,-73.91340791352
restaurant,DRAGON YUAN,Chinese,Melrose,Bronx,BX0102,40.81700286119,-73.9229276151
restaurant,DUNKIN,Donuts,Melrose,Bronx,BX0102,40.82006056931,-73.9014664976
restaurant,DUNKIN,Donuts,Melrose,Bronx,BX0102,40.81234237177,-73.90475095894
restaurant,DUNKIN',American,Melrose,Bronx,BX0102,40.82032508133,-73.91291572403
restaurant,"DUNKIN',' BASKIN ROBBINS",Donuts,Melrose,Bronx,BX0102,40.81731824892,-73.92254428712
restaurant,EL CHICANO,Bottled Beverages,Melrose,Bronx,BX0102,40.81869133343,-73.91575762357
restaurant,EL DESPERTAR MARLENE,Latin American,Melrose,Bronx,BX0102,40.82016483226,-73.90142298665
restaurant,EL RINCON BORICUA,Latin American,Melrose,Bronx,BX0102,40.81783584489,-73.91695457101
restaurant,EL VALLE RESTAURANT,Latin American,Melrose,Bronx,BX0102,40.81842302601,-73.91668648062
restaurant,FRANCO'S,Sandwiches/Salads/Mixed Buffet,Melrose,Bronx,BX0102,40.81704301152,-73.9214210193
restaurant,GOLDEN KRUST RESTAURANT,Caribbean,Melrose,Bronx,BX0102,40.81644309582,-73.91917095908
restaurant,GUACADO MEXICAN GRILL,Mexican,Melrose,Bronx,BX0102,40.81581577216,-73.91703658222
restaurant,Giovani’s Big Pizza,Pizza,Melrose,Bronx,BX0102,40.82006056931,-73.9014664976
restaurant,HERBALIFE,"Juice, Smoothies, Fruit Salads",Melrose,Bronx,BX0102,40.81789072144,-73.91692921215
restaurant,HING WONG RESTAURANT,Chinese,Melrose,Bronx,BX0102,40.81754742704,-73.90598630283
restaurant,HONG KONG JACKIE CHINESE RESTAURANT,Chinese,Melrose,Bronx,BX0102,40.81736664795,-73.91716831665
restaurant,IHOP,Pancakes/Waffles,Melrose,Bronx,BX0102,40.81763467047,-73.92370364543
restaurant,INDIA PASSAGE,Bangladeshi,Melrose,Bronx,BX0102,40.82106405644,-73.91749970997
restaurant,Italian Pizzeria,Pizza,Melrose,Bronx,BX0102,40.81892111007,-73.91847786801
restaurant,JIMBO'S HAMBURGER PLACE,Hamburgers,Melrose,Bronx,BX0102,40.81975378636,-73.91608144121
restaurant,JOLLIBEE,Chicken,Melrose,Bronx,BX0102,40.81637025966,-73.91710453135
restaurant,JS PERRY'S DINER,American,Melrose,Bronx,BX0102,40.81484070012,-73.91993519407
restaurant,JUICI PATTIES,Caribbean,Melrose,Bronx,BX0102,40.81774199542,-73.9241262272
restaurant,KENNEDY FRIED CHICKEN,Chicken,Melrose,Bronx,BX0102,40.81711185452,-73.92174970535
restaurant,KENNEDY FRIED CHICKEN,Chicken,Melrose,Bronx,BX0102,40.81599825716,-73.90797552395
restaurant,KENNEDY FRIED CHICKEN,Chicken,Melrose,Bronx,BX0102,40.8187594134,-73.91882129438
restaurant,KENNEDY FRIED CHICKEN,Chicken,Melrose,Bronx,BX0102,40.82027844538,-73.91294830233
restaurant,KFC,Chicken,Melrose,Bronx,BX0102,40.81633571173,-73.91869058904
restaurant,KIM HUA,Chinese,Melrose,Bronx,BX0102,40.818451895,-73.91866992896
restaurant,KIN WAH CHINESE RESTAURANT,Chinese,Melrose,Bronx,BX0102,40.81967292509,-73.9181337112
restaurant,KN BAKERY,Bakery Products/Desserts,Melrose,Bronx,BX0102,40.81774199542,-73.9241262272
restaurant,KN MI DELICIA BAKERY,Bakery Products/Desserts,Melrose,Bronx,BX0102,40.81485166398,-73.91991350458
restaurant,KRISTY'S RESTAURANT,Chinese,Melrose,Bronx,BX0102,40.8227130116,-73.91661966547
restaurant,Kennedy Chicken,Chicken,Melrose,Bronx,BX0102,40.81711185452,-73.92174970535
restaurant,LA ISLA RESTAURANT,Spanish,Melrose,Bronx,BX0102,40.81729898454,-73.92246843995
restaurant,LA PASTORA BAKERY,Bakery Products/Desserts,Melrose,Bronx,BX0102,40.81599825716,-73.90797552395
restaurant,LA PERLA MEXICANA,Mexican,Melrose,Bronx,BX0102,40.81714208113,-73.92180024934
restaurant,LAILEILEI JUICE & SNACK BAR,Latin American,Melrose,Bronx,BX0102,40.81944349708,-73.90204548829
restaurant,LINCOLN HOT PIZZA,Pizza,Melrose,Bronx,BX0102,40.81759339364,-73.9235447272
restaurant,LITTLE CAESARS,Pizza,Melrose,Bronx,BX0102,40.81235890012,-73.90482318666
restaurant,LOS HERMANOS SALAZAR RESTAURANT,Mexican,Melrose,Bronx,BX0102,40.81888818342,-73.91849236021
restaurant,LOS MUNCHIES,Latin American,Melrose,Bronx,BX0102,40.82074303064,-73.91765185674
restaurant,MAMA TALA RESTAURANT,Spanish,Melrose,Bronx,BX0102,40.8181251104,-73.9224060547
restaurant,MAMARBARI INDIAN CUISINE,Indian,Melrose,Bronx,BX0102,40.8177276263,-73.91534698157
restaurant,MCDONALD'S,Hamburgers,Melrose,Bronx,BX0102,40.81639216282,-73.91702863532
restaurant,MCDONALD'S,Hamburgers,Melrose,Bronx,BX0102,40.81957506266,-73.90183212886
restaurant,MCDONALD'S,Hamburgers,Melrose,Bronx,BX0102,40.81715583927,-73.92185081278
restaurant,MERRY LAND BUFFET,Chinese,Melrose,Bronx,BX0102,40.81683385211,-73.92060838355
restaurant,METATE and Parmesan Pizza,Mexican,Melrose,Bronx,BX0102,40.81674222667,-73.91529766049
restaurant,NO. 1 KITCHEN,Chinese,Melrose,Bronx,BX0102,40.82006056931,-73.9014664976
restaurant,NUTRICION SIEMPRE SALUDABLE,"Juice, Smoothies, Fruit Salads",Melrose,Bronx,BX0102,40.81859863441,-73.91661038875
restaurant,PARRILLA LATINA SPORTS BAR,Latin American,Melrose,Bronx,BX0102,40.81761084916,-73.91705601291
restaurant,PASTELES CAPY,Bakery Products/Desserts,Melrose,Bronx,BX0102,40.81628346692,-73.91855698002
restaurant,PEPE JOE'S PIZZA,Pizza,Melrose,Bronx,BX0102,40.8207101067,-73.91766996277
restaurant,PITUSA BAKERY,Bakery Products/Desserts,Melrose,Bronx,BX0102,40.81243331296,-73.9051915627
restaurant,PIZZA HUT,Pizza,Melrose,Bronx,BX0102,40.81597310025,-73.91088022583
restaurant,POPEYES,American,Melrose,Bronx,BX0102,40.81499967567,-73.91962069575
restaurant,POPEYES,Chicken,Melrose,Bronx,BX0102,40.81232858511,-73.90467511475
restaurant,REY TACOS TAQUERIA,Mexican,Melrose,Bronx,BX0102,40.81794559798,-73.91690385325
restaurant,SUBWAY,Sandwiches,Melrose,Bronx,BX0102,40.82006056931,-73.9014664976
restaurant,SUBWAY,Sandwiches,Melrose,Bronx,BX0102,40.82032508133,-73.91291572403
restaurant,SUPREME PIZZA,Pizza,Melrose,Bronx,BX0102,40.81729898454,-73.92246843995
restaurant,Slaps Burger,American,Melrose,Bronx,BX0102,40.8167210172,-73.92017498146
restaurant,TACO BELL,Tex-Mex,Melrose,Bronx,BX0102,40.81762091075,-73.92364946838
restaurant,TACOS EL TORITO VERSATILE,Tex-Mex,Melrose,Bronx,BX0102,40.81734469783,-73.91717918261
restaurant,TERIYAKI ONE,Japanese,Melrose,Bronx,BX0102,40.81759339364,-73.9235447272
restaurant,TERIYAKI R US,Japanese,Melrose,Bronx,BX0102,40.8162972316,-73.9186147677
restaurant,TRIPLE 8 RESTAURANT,Chinese,Melrose,Bronx,BX0102,40.81595141106,-73.90774437178
restaurant,TROPILYZ III RESTAURANT,Latin American,Melrose,Bronx,BX0102,40.81644309582,-73.91917095908
restaurant,US KENNEDY FRIED CHICKEN PIZZA,Chicken,Melrose,Bronx,BX0102,40.82000348914,-73.91598718739
restaurant,WENDY'S,Sandwiches,Melrose,Bronx,BX0102,40.81625314139,-73.91836915247
restaurant,WINGSTOP,Chicken,Melrose,Bronx,BX0102,40.8164568602,-73.91922874703
restaurant,XOCHIMILCO FAMILY REST,Mexican,Melrose,Bronx,BX0102,40.81854926053,-73.91665380578
restaurant,2123 FRESH TORTILLAS,Japanese,Morris Park,Bronx,BX1102,40.85588855524,-73.85558651918
restaurant,ADDEOS OF THE BRONX,Pizza,Morris Park,Bronx,BX1102,40.84893187103,-73.85437995624
restaurant,ANA'S BAKERY & CAFE,Bakery Products/Desserts,Morris Park,Bronx,BX1102,40.85590778196,-73.85559732212
restaurant,BETTER GOURMET HEALTH KITCHEN,American,Morris Park,Bronx,BX1102,40.85018271244,-73.85164092611
restaurant,CARVEL,Frozen Desserts,Morris Park,Bronx,BX1102,40.85476229241,-73.85485515177
restaurant,CHINA PAVILION RESTAURANT,Chinese,Morris Park,Bronx,BX1102,40.85619993218,-73.84392395765
restaurant,D'MELTING POT,American,Morris Park,Bronx,BX1102,40.85479800583,-73.85488037776
restaurant,DUNKIN,Donuts,Morris Park,Bronx,BX1102,40.85150392403,-73.84409768129
restaurant,DUNKIN,Donuts,Morris Park,Bronx,BX1102,40.84939716503,-73.85334877401
restaurant,DUNKIN' BASKIN ROBBINS,American,Morris Park,Bronx,BX1102,40.85608080877,-73.85568370405
restaurant,EDGE RESTAURANT & LOUNGE,Fusion,Morris Park,Bronx,BX1102,40.85428084196,-73.84354168805
restaurant,EL RANCHO D'PIKETE,Spanish,Morris Park,Bronx,BX1102,40.84269747771,-73.85138300239
restaurant,EMILIO'S,Pizza,Morris Park,Bronx,BX1102,40.84887444228,-73.85454635252
restaurant,ENZO'S RESTAURANT,Italian,Morris Park,Bronx,BX1102,40.85390506778,-73.85417020981
restaurant,Eagle bites,Other,Morris Park,Bronx,BX1102,40.84699019878,-73.84923722621
restaurant,F & J PINE RESTAURANT,Italian,Morris Park,Bronx,BX1102,40.84894409238,-73.86206089136
restaurant,HEALTHY FRESH,"Juice, Smoothies, Fruit Salads",Morris Park,Bronx,BX1102,40.85152037768,-73.84408679844
restaurant,HEALTHY FRESH 3,"Juice, Smoothies, Fruit Salads",Morris Park,Bronx,BX1102,40.8486116879,-73.8551324868
restaurant,HONG KONG RESTAURANT,Chinese,Morris Park,Bronx,BX1102,40.85072626677,-73.8517156171
restaurant,JAY'S TAVERN,Bottled Beverages,Morris Park,Bronx,BX1102,40.84624495393,-73.84815820907
restaurant,KIRAKU SUSHI JAPANESE RESTAURANT,Japanese,Morris Park,Bronx,BX1102,40.85321545167,-73.85362950707
restaurant,LEANDRO'S KITCHEN & WINE,Latin American,Morris Park,Bronx,BX1102,40.84813264062,-73.85615283053
restaurant,LIAM'S CAFE,Coffee/Tea,Morris Park,Bronx,BX1102,40.8474047194,-73.84928688591
restaurant,LIBERTY DINER,American,Morris Park,Bronx,BX1102,40.85488592383,-73.85494886819
restaurant,LIN'S ASIAN CUISINE,Asian/Asian Fusion,Morris Park,Bronx,BX1102,40.84258814676,-73.85388067639
restaurant,LUCIANO'S PIZZA,Pizza,Morris Park,Bronx,BX1102,40.84820385875,-73.85603701096
restaurant,M & R DELI & HERO SHOP,Sandwiches,Morris Park,Bronx,BX1102,40.85106797315,-73.84854838678
restaurant,MCDONALD'S,Hamburgers,Morris Park,Bronx,BX1102,40.84476340762,-73.84655322122
restaurant,MCDONALD'S,Hamburgers,Morris Park,Bronx,BX1102,40.849542641,-73.84498787386
restaurant,MICHAEL ANGELO’S WOOD FIRED PIZZA & PASTA,Italian,Morris Park,Bronx,BX1102,40.85571553289,-73.85550375269
restaurant,MONTE GRAB & GO MARKET,American,Morris Park,Bronx,BX1102,40.84864789341,-73.8450152689
restaurant,MORRIS PARK BAKE SHOP,Bakery Products/Desserts,Morris Park,Bronx,BX1102,40.84823122453,-73.85597188993
restaurant,MORRIS PARK INN,American,Morris Park,Bronx,BX1102,40.84850214915,-73.85533152633
restaurant,MR. Q'S,Chinese,Morris Park,Bronx,BX1102,40.85580067398,-73.85554694634
restaurant,NPR FOOD SOLUTIONS,American,Morris Park,Bronx,BX1102,40.846745229,-73.84871368817
restaurant,ORIGINAL JOE'S PIZZA,Pizza,Morris Park,Bronx,BX1102,40.85604507737,-73.85564401734
restaurant,ORIGINAL JOE'S PIZZERIA,Pizza,Morris Park,Bronx,BX1102,40.85604507737,-73.85564401734
restaurant,OSAKA SUSHI,Asian/Asian Fusion,Morris Park,Bronx,BX1102,40.84869379725,-73.85494796488
restaurant,PASTA PASTA RESTAURANT,Italian,Morris Park,Bronx,BX1102,40.85456997418,-73.85470736309
restaurant,PATRICIA'S,Italian,Morris Park,Bronx,BX1102,40.8493095734,-73.85353692658
restaurant,PATSY'S PIZZERIA,Pizza,Morris Park,Bronx,BX1102,40.84784797424,-73.85678237335
restaurant,PEACHWAVE FROZEN YOGURT,Frozen Desserts,Morris Park,Bronx,BX1102,40.85590778196,-73.85559732212
restaurant,PK&BL,Coffee/Tea,Morris Park,Bronx,BX1102,40.84922355747,-73.85496849271
restaurant,PLAYA BOWLS,"Juice, Smoothies, Fruit Salads",Morris Park,Bronx,BX1102,40.85293795766,-73.85341323278
restaurant,PORTOFINO CAFE,Bottled Beverages,Morris Park,Bronx,BX1102,40.85445455387,-73.85459555519
restaurant,POUR CHOICES,Bottled Beverages,Morris Park,Bronx,BX1102,40.85277824207,-73.84264154108
restaurant,PRIZRENI GRILL,Eastern European,Morris Park,Bronx,BX1102,40.84929042017,-73.85358395858
restaurant,QUALITY CHEF,Chinese,Morris Park,Bronx,BX1102,40.84681123572,-73.8488147422
restaurant,SCAGLIONE BROTHERS BAKERY,Sandwiches,Morris Park,Bronx,BX1102,40.8492685222,-73.85363099661
restaurant,STARBUCKS COFFEE COMPANY,Coffee/Tea,Morris Park,Bronx,BX1102,40.85148747037,-73.84410856414
restaurant,SUBWAY,Sandwiches,Morris Park,Bronx,BX1102,40.84763995043,-73.85724547887
restaurant,SUNDAY'S BAKERY 2,Bakery Products/Desserts,Morris Park,Bronx,BX1102,40.84272462094,-73.85114801646
restaurant,TANA THAI RESTAURANT,Thai,Morris Park,Bronx,BX1102,40.85152037768,-73.84408679844
restaurant,TASTY PICKS,American,Morris Park,Bronx,BX1102,40.85742008863,-73.84707700765
restaurant,THERE SHOULD ALWAYS BE CAKE,Bakery Products/Desserts,Morris Park,Bronx,BX1102,40.84272462094,-73.85114801646
restaurant,UNIVERSE CAFE,Coffee/Tea,Morris Park,Bronx,BX1102,40.84715825548,-73.85835977428
restaurant,VPHO PIZZERIA & RESTAURANT,Pizza,Morris Park,Bronx,BX1102,40.85441883582,-73.85456671462
restaurant,XOKOTL,Mexican,Morris Park,Bronx,BX1102,40.84739651365,-73.84930859149
restaurant,4 W PARRILLA RESTAURANT,Spanish,Morrisania,Bronx,BX0301,40.82924627454,-73.89725034897
restaurant,A1 WINGS AND SEAFOOD,Seafood,Morrisania,Bronx,BX0301,40.82384341241,-73.90882457407
restaurant,ADUANIPA AFRICAN CARIBBEAN,African,Morrisania,Bronx,BX0301,40.82838721542,-73.90363664133
restaurant,AMOR BAKERY NO 2,Bakery Products/Desserts,Morrisania,Bronx,BX0301,40.82181109464,-73.90074489099
restaurant,AU BON PAIN,Sandwiches,Morrisania,Bronx,BX0301,40.83171394055,-73.90375466795
restaurant,CEDEAO AFRICAN DINER,African,Morrisania,Bronx,BX0301,40.8243215115,-73.90947429693
restaurant,CINCO DE MAYO,Mexican,Morrisania,Bronx,BX0301,40.82242657583,-73.91163391827
restaurant,D GIOVANIS BIG PIZZA,Pizza,Morrisania,Bronx,BX0301,40.83104175706,-73.90085393004
restaurant,DANBAKO BBQ RESTAURANT,African,Morrisania,Bronx,BX0301,40.83192155069,-73.90257993365
restaurant,DUNKIN,Donuts,Morrisania,Bronx,BX0301,40.82430225275,-73.90941651165
restaurant,DUNKIN'-BASKIN-ROBBINS-JIMMY JOHN'S,Donuts,Morrisania,Bronx,BX0301,40.82365687328,-73.90895490544
restaurant,EL MACO RESTAURANT,Spanish,Morrisania,Bronx,BX0301,40.83207565032,-73.90304586773
restaurant,EMPIRE KING CHINESE (STORE B),Chinese,Morrisania,Bronx,BX0301,40.83246409351,-73.89835475694
restaurant,GOLDEN KRUST CARIBBEAN BAKERY & GRILL,Caribbean,Morrisania,Bronx,BX0301,40.83133494039,-73.90027170065
restaurant,JALLOH FAMILY RESTAURANT,African,Morrisania,Bronx,BX0301,40.82789881434,-73.90716766276
restaurant,JEN'S FRENCH TOAST,Spanish,Morrisania,Bronx,BX0301,40.83186370872,-73.90234151867
restaurant,JOHNNY'S BAKERY,Bakery Products/Desserts,Morrisania,Bronx,BX0301,40.83056087445,-73.89710376842
restaurant,JOHNSON BAR-B-Q,Soul Food,Morrisania,Bronx,BX0301,40.82258675311,-73.90266230195
restaurant,K & L RESTAURANT AND CATERING SERVICE,Caribbean,Morrisania,Bronx,BX0301,40.82285020268,-73.9093137147
restaurant,KENNEDY FRIED CHICKEN,Chicken,Morrisania,Bronx,BX0301,40.82172603579,-73.90077753611
restaurant,KENNEDY FRIED CHICKEN,Chicken,Morrisania,Bronx,BX0301,40.83107742929,-73.9008430359
restaurant,KENNEDY FRIED CHICKEN,Chicken,Morrisania,Bronx,BX0301,40.82919450188,-73.89767320768
restaurant,KENNEDY FRIED CHICKEN & PIZZA,Chicken,Morrisania,Bronx,BX0301,40.82326728041,-73.90915777791
restaurant,LECHONERA & POLLO SABROSO RESTAURANT,Spanish,Morrisania,Bronx,BX0301,40.82626895456,-73.907809505
restaurant,MCDONALD'S,Hamburgers,Morrisania,Bronx,BX0301,40.82508361766,-73.90829894454
restaurant,MERRY LAND BUFFET,Chinese,Morrisania,Bronx,BX0301,40.82432976565,-73.90949957824
restaurant,MERRY LAND BUFFET,Chinese,Morrisania,Bronx,BX0301,40.82432976565,-73.90949957824
restaurant,MINATO,Mexican,Morrisania,Bronx,BX0301,40.8240748036,-73.91344916631
restaurant,NABAYA AFRICAN AMERICAN RESTUARANT,African,Morrisania,Bronx,BX0301,40.8236004815,-73.91413990403
restaurant,NEW GOLDEN DRAGON CHINESE,Chinese,Morrisania,Bronx,BX0301,40.82698048127,-73.90522134251
restaurant,PANDA CHINESE RESTAURANT,Chinese,Morrisania,Bronx,BX0301,40.82333586747,-73.90911793904
restaurant,PERRY'S COFFEE SHOP,American,Morrisania,Bronx,BX0301,40.82323550832,-73.91064283253
restaurant,PIZZA EXPRESS,Pizza,Morrisania,Bronx,BX0301,40.82384341241,-73.90882457407
restaurant,POPEYES,Chicken,Morrisania,Bronx,BX0301,40.82435728133,-73.90958625811
restaurant,PORTO SALVO,Italian,Morrisania,Bronx,BX0301,40.82390974243,-73.91295075992
restaurant,PROSPECT COFFEE SHOP,American,Morrisania,Bronx,BX0301,40.82804213259,-73.89814834579
restaurant,SABOR DE MI ABUELA RESTAURANT 1,Spanish,Morrisania,Bronx,BX0301,40.82468393952,-73.91318821735
restaurant,SUBWAY,Sandwiches,Morrisania,Bronx,BX0301,40.82305934568,-73.91000354139
restaurant,WANG EASTERN OF ZHANG,Chinese,Morrisania,Bronx,BX0301,40.8226693887,-73.90300904158
restaurant,1.50 HOT PIZZA,Pizza,Mott Haven-Port Morris,Bronx,BX0101,40.81564902268,-73.91798333188
restaurant,2M DELI,Latin American,Mott Haven-Port Morris,Bronx,BX0101,40.81175006872,-73.92390188194
restaurant,787 COFFEE,Coffee/Tea,Mott Haven-Port Morris,Bronx,BX0101,40.80875135082,-73.93025588011
restaurant,ANGIE'S CAFE PIZZA,Pizza,Mott Haven-Port Morris,Bronx,BX0101,40.81136778203,-73.92694767363
restaurant,African Restaurant Le Dekar,African,Mott Haven-Port Morris,Bronx,BX0101,40.81495305295,-73.91967494298
restaurant,BEATSTRO,American,Mott Haven-Port Morris,Bronx,BX0101,40.80730020373,-73.92716166842
restaurant,BOBA TEA TIME,Coffee/Tea,Mott Haven-Port Morris,Bronx,BX0101,40.81545012611,-73.91621694758
restaurant,BOCA CAFE & ROTISSERIE CHICKEN,Spanish,Mott Haven-Port Morris,Bronx,BX0101,40.80918229849,-73.90370790269
restaurant,BROOK AVENUE DELI & PIZZA,Pizza,Mott Haven-Port Morris,Bronx,BX0101,40.810022144,-73.91777354582
restaurant,BX Eatery,American,Mott Haven-Port Morris,Bronx,BX0101,40.80804881005,-73.93044446065
restaurant,Bar 47,American,Mott Haven-Port Morris,Bronx,BX0101,40.80661113042,-73.92693846534
restaurant,CARIDAD EXPRESS RESTAURANT,Latin American,Mott Haven-Port Morris,Bronx,BX0101,40.8049271488,-73.9130370879
restaurant,CHARLIES BAR & KITCHEN,American,Mott Haven-Port Morris,Bronx,BX0101,40.80788897337,-73.92939344072
restaurant,CHEN'S GARDEN,Chinese,Mott Haven-Port Morris,Bronx,BX0101,40.81055196282,-73.92182247212
restaurant,CHICKEN SPOT,American,Mott Haven-Port Morris,Bronx,BX0101,40.80775358759,-73.91968005268
restaurant,CHINA HOUSE,Chinese,Mott Haven-Port Morris,Bronx,BX0101,40.80809177677,-73.92052131821
restaurant,COFFEE DELIGHT,American,Mott Haven-Port Morris,Bronx,BX0101,40.81510316102,-73.91846449922
restaurant,DON PICHON RESTAURANT,Latin American,Mott Haven-Port Morris,Bronx,BX0101,40.80721249862,-73.90819361858
restaurant,DRAGON KING,Chinese,Mott Haven-Port Morris,Bronx,BX0101,40.81244216365,-73.92453690107
restaurant,DUNKIN,Donuts,Mott Haven-Port Morris,Bronx,BX0101,40.80515607655,-73.91090921341
restaurant,DUNKIN,American,Mott Haven-Port Morris,Bronx,BX0101,40.8074676597,-73.91900489783
restaurant,DUNKIN,Donuts,Mott Haven-Port Morris,Bronx,BX0101,40.80999140313,-73.92499124592
restaurant,DUNKIN' BASKIN-ROBBINS',Other,Mott Haven-Port Morris,Bronx,BX0101,40.81534289376,-73.9159605789
restaurant,EL BARRIL RESTAURANT,Not Listed/Not Applicable,Mott Haven-Port Morris,Bronx,BX0101,40.80877632921,-73.92214245498
restaurant,EL TAMALITO,Mexican,Mott Haven-Port Morris,Bronx,BX0101,40.80709925948,-73.91815284837
restaurant,EL TAQUITOS,Mexican,Mott Haven-Port Morris,Bronx,BX0101,40.81032559235,-73.92823847067
restaurant,EL VIEJO GRAN CAFE,Spanish,Mott Haven-Port Morris,Bronx,BX0101,40.80771512831,-73.91963313911
restaurant,ESTRELLA DEL CARIBE RESTAURANT BAR,Latin American,Mott Haven-Port Morris,Bronx,BX0101,40.80320060801,-73.91291292968
restaurant,El Crucero Restaurant & Grill,Spanish,Mott Haven-Port Morris,Bronx,BX0101,40.80988693978,-73.9247421059
restaurant,El TIO MEXICAN RESTAURANT,Mexican,Mott Haven-Port Morris,Bronx,BX0101,40.80877080053,-73.92208466344
restaurant,FIVE STAR KENNEDY,Chicken,Mott Haven-Port Morris,Bronx,BX0101,40.80952044315,-73.92256784646
restaurant,FOO HING KITCHEN,Chinese,Mott Haven-Port Morris,Bronx,BX0101,40.8072917407,-73.91864388308
restaurant,FOO HING KITCHEN,Chinese,Mott Haven-Port Morris,Bronx,BX0101,40.81367022954,-73.92216922153
restaurant,FRANCO BAKERY,Bakery Products/Desserts,Mott Haven-Port Morris,Bronx,BX0101,40.80712400336,-73.91821061442
restaurant,FRESCA PIZZA,Pizza,Mott Haven-Port Morris,Bronx,BX0101,40.81436927857,-73.91330287895
restaurant,FRESH HOT J PIZZA,Pizza,Mott Haven-Port Morris,Bronx,BX0101,40.80740995889,-73.91891827304
restaurant,FUH WAH RESTAURANT,Chinese,Mott Haven-Port Morris,Bronx,BX0101,40.81291009987,-73.90757881151
restaurant,Fresh Direct Cafeteria,American,Mott Haven-Port Morris,Bronx,BX0101,40.80231420982,-73.92070523253
restaurant,GINBO'S HAMBURGER HOUSE,Hamburgers,Mott Haven-Port Morris,Bronx,BX0101,40.80711235165,-73.91727143425
restaurant,GIO'S PIZZA & RESTAURANT,Pizza,Mott Haven-Port Morris,Bronx,BX0101,40.81223069718,-73.92435290094
restaurant,GOLDEN PIZZA,Pizza,Mott Haven-Port Morris,Bronx,BX0101,40.80764089873,-73.91945983795
restaurant,GREKA BY MONTUNO COFFEE,Coffee/Tea,Mott Haven-Port Morris,Bronx,BX0101,40.81340194169,-73.92742591188
restaurant,GRILL CAFE,Other,Mott Haven-Port Morris,Bronx,BX0101,40.81574728094,-73.92521594995
restaurant,HACIENDA AGAVE,Mexican,Mott Haven-Port Morris,Bronx,BX0101,40.80773987144,-73.91969090625
restaurant,HALAL SAUCED UP,Middle Eastern,Mott Haven-Port Morris,Bronx,BX0101,40.80991442982,-73.9248070986
restaurant,HUDSON SMOKEHOUSE,Barbecue,Mott Haven-Port Morris,Bronx,BX0101,40.80697123351,-73.92779417858
restaurant,Halal Crunchies,American,Mott Haven-Port Morris,Bronx,BX0101,40.8059793043,-73.91425664003
restaurant,INTERNATIONAL 9 BISTRO,American,Mott Haven-Port Morris,Bronx,BX0101,40.80653690725,-73.92675793438
restaurant,JAH LION,"Juice, Smoothies, Fruit Salads",Mott Haven-Port Morris,Bronx,BX0101,40.80118963386,-73.9141436386
restaurant,JALISCO TACO'S,Tex-Mex,Mott Haven-Port Morris,Bronx,BX0101,40.806344194,-73.9177889437
restaurant,JIMBO'S HAMBURGERS,Hamburgers,Mott Haven-Port Morris,Bronx,BX0101,40.80854104455,-73.92327701368
restaurant,JING XIN CHINESE FOOD TAKE OUT,Chinese,Mott Haven-Port Morris,Bronx,BX0101,40.80952681406,-73.92388637161
restaurant,JUANITO RESTAURANT,Spanish,Mott Haven-Port Morris,Bronx,BX0101,40.80776461455,-73.91974867344
restaurant,KENNEDY FRIED CHICKEN,American,Mott Haven-Port Morris,Bronx,BX0101,40.80696182625,-73.91787848485
restaurant,KENNEDY FRIED CHICKEN,Chicken,Mott Haven-Port Morris,Bronx,BX0101,40.81312502234,-73.90861894494
restaurant,KENNEDYY FRIED CHICKEN,American,Mott Haven-Port Morris,Bronx,BX0101,40.80696182625,-73.91787848485
restaurant,KJ DELI & JUICE BAR,American,Mott Haven-Port Morris,Bronx,BX0101,40.81268966085,-73.90651701705
restaurant,KOFEE,Coffee/Tea,Mott Haven-Port Morris,Bronx,BX0101,40.808348325,-73.93100406125
restaurant,Kori's Eat,Caribbean,Mott Haven-Port Morris,Bronx,BX0101,40.81037221235,-73.92817339586
restaurant,LA IGUANA,American,Mott Haven-Port Morris,Bronx,BX0101,40.80852340215,-73.9215394873
restaurant,LA JEFA RESTAURANT,Mexican,Mott Haven-Port Morris,Bronx,BX0101,40.80920496776,-73.92282108294
restaurant,LA MORADA RESTAURANT,Mexican,Mott Haven-Port Morris,Bronx,BX0101,40.81061505995,-73.92177543552
restaurant,LA PATRONA RESTOBAR,Mexican,Mott Haven-Port Morris,Bronx,BX0101,40.80766564195,-73.91951760496
restaurant,LIANG'S GARDEN,Chinese,Mott Haven-Port Morris,Bronx,BX0101,40.80749928053,-73.91343829281
restaurant,LIT. BOOKBAR,American,Mott Haven-Port Morris,Bronx,BX0101,40.80724807648,-73.92719784863
restaurant,LITTLE CEASARS,Pizza,Mott Haven-Port Morris,Bronx,BX0101,40.81080278336,-73.92760938137
restaurant,LOK HIN,Chinese,Mott Haven-Port Morris,Bronx,BX0101,40.80905915628,-73.91835994773
restaurant,LOS 2 SABORES RESTAURANT,Mexican,Mott Haven-Port Morris,Bronx,BX0101,40.80625669737,-73.9182586434
restaurant,LOS MANGOS BAR & GRILL,Spanish,Mott Haven-Port Morris,Bronx,BX0101,40.80744865502,-73.91930113005
restaurant,LOS NISPEROS PERUVIAN RESTAURANT,Peruvian,Mott Haven-Port Morris,Bronx,BX0101,40.81482317575,-73.9146570505
restaurant,MADISON CAFE,American,Mott Haven-Port Morris,Bronx,BX0101,40.81398939753,-73.91931845707
restaurant,MAE MAE CAFE,Vegetarian,Mott Haven-Port Morris,Bronx,BX0101,40.80848535774,-73.93066435671
restaurant,MAISONETTA,Mexican,Mott Haven-Port Morris,Bronx,BX0101,40.80846512482,-73.92899546756
restaurant,MAS ALLA DEL SOL MEXICAN RESTAURANT,Mexican,Mott Haven-Port Morris,Bronx,BX0101,40.80973298968,-73.92437020044
restaurant,MBJ FOOD SERVICES,Coffee/Tea,Mott Haven-Port Morris,Bronx,BX0101,40.81807904256,-73.92751472661
restaurant,MCDONALD'S,Hamburgers,Mott Haven-Port Morris,Bronx,BX0101,40.8061355576,-73.92579752369
restaurant,MEXICOCIANA,Mexican,Mott Haven-Port Morris,Bronx,BX0101,40.81205801809,-73.90950549196
restaurant,MI ROMANCE ECUATORIANO,Spanish,Mott Haven-Port Morris,Bronx,BX0101,40.81456828138,-73.91515231758
restaurant,MILK BURGER,American,Mott Haven-Port Morris,Bronx,BX0101,40.80369161906,-73.92004979518
restaurant,MOLCAJETE TAQUERIA,Mexican,Mott Haven-Port Morris,Bronx,BX0101,40.815163512,-73.91841745957
restaurant,MORA BAKERY,Bakery Products/Desserts,Mott Haven-Port Morris,Bronx,BX0101,40.80709929294,-73.91819980804
restaurant,MOTTLEY KITCHEN,Moroccan,Mott Haven-Port Morris,Bronx,BX0101,40.81015092933,-73.92138222584
restaurant,NEW WOK,Chinese,Mott Haven-Port Morris,Bronx,BX0101,40.81333368651,-73.91588726064
restaurant,NO.1 WOK,Chinese,Mott Haven-Port Morris,Bronx,BX0101,40.80594912558,-73.91427474017
restaurant,NOCHES MEXICANAS,Mexican,Mott Haven-Port Morris,Bronx,BX0101,40.81456828138,-73.91515231758
restaurant,NOURISH CAFE,Coffee/Tea,Mott Haven-Port Morris,Bronx,BX0101,40.80737976466,-73.92710378421
restaurant,PAPA JOHN'S,Pizza,Mott Haven-Port Morris,Bronx,BX0101,40.81431859894,-73.91907961961
restaurant,PIO PIO,Peruvian,Mott Haven-Port Morris,Bronx,BX0101,40.80600948301,-73.91423853987
restaurant,POPEYES,Chicken,Mott Haven-Port Morris,Bronx,BX0101,40.81123914298,-73.92752220465
restaurant,POUR BX WINE BAR,American,Mott Haven-Port Morris,Bronx,BX0101,40.80641319979,-73.92645464217
restaurant,RAY'S PIZZA RESTUARANT,Pizza,Mott Haven-Port Morris,Bronx,BX0101,40.80696454257,-73.91783874642
restaurant,RELISH CATERERS,American,Mott Haven-Port Morris,Bronx,BX0101,40.81020218032,-73.92840116471
restaurant,RINCONCITO TEPEYAC,Mexican,Mott Haven-Port Morris,Bronx,BX0101,40.8093316226,-73.92341337032
restaurant,ROSA'S AT PARK,Latin American,Mott Haven-Port Morris,Bronx,BX0101,40.81318042294,-73.92871224601
restaurant,ROYAL CAFE RESTAURANT & BAR,Tex-Mex,Mott Haven-Port Morris,Bronx,BX0101,40.80740995889,-73.91891827304
restaurant,RUINAS DE COPAN,Spanish,Mott Haven-Port Morris,Bronx,BX0101,40.81338032862,-73.91586191307
restaurant,SALIMAR,Latin American,Mott Haven-Port Morris,Bronx,BX0101,40.8095460536,-73.92392608613
restaurant,SALSA ZONE,American,Mott Haven-Port Morris,Bronx,BX0101,40.81445919598,-73.91995733092
restaurant,SOBRO GARDEN,Latin American,Mott Haven-Port Morris,Bronx,BX0101,40.80720766381,-73.92840439837
restaurant,SQUARE ONE DOMINICAN RESTAURANT,Spanish,Mott Haven-Port Morris,Bronx,BX0101,40.80790795174,-73.91675026602
restaurant,SQUEEZEMEPLZ,"Juice, Smoothies, Fruit Salads",Mott Haven-Port Morris,Bronx,BX0101,40.80732763972,-73.92714357679
restaurant,TACO BELL,Tex-Mex,Mott Haven-Port Morris,Bronx,BX0101,40.81535664126,-73.91599307609
restaurant,TACO EXPRESS MEXICAN GRILL,Mexican,Mott Haven-Port Morris,Bronx,BX0101,40.80868095891,-73.92317570536
restaurant,TACO VELOZ MX RESTAURANT,Mexican,Mott Haven-Port Morris,Bronx,BX0101,40.80708004627,-73.91815287209
restaurant,TACO VELOZ VIP,Tex-Mex,Mott Haven-Port Morris,Bronx,BX0101,40.80952681406,-73.92388637161
restaurant,TALVERA CANTINA,Mexican,Mott Haven-Port Morris,Bronx,BX0101,40.80666335635,-73.92705761243
restaurant,TAQUERIA ATLIXCO,Mexican,Mott Haven-Port Morris,Bronx,BX0101,40.81268966085,-73.90651701705
restaurant,TAQUERIA EL TANQUE,Mexican,Mott Haven-Port Morris,Bronx,BX0101,40.8080055838,-73.91893921867
restaurant,TEPANGOS PIZZA & MEXICAN FOOD,Pizza,Mott Haven-Port Morris,Bronx,BX0101,40.80951031686,-73.92384304154
restaurant,TEXAS CHICKEN & BURGERS,Chicken,Mott Haven-Port Morris,Bronx,BX0101,40.81294106674,-73.92356815532
restaurant,TEXAS CHICKEN & BURGERS,Chicken,Mott Haven-Port Morris,Bronx,BX0101,40.80769557025,-73.91914188751
restaurant,THE BEST ITALIAN PIZZA,Pizza,Mott Haven-Port Morris,Bronx,BX0101,40.81580480884,-73.91705827251
restaurant,THE BRONX BREWERY-TAP ROOM,American,Mott Haven-Port Morris,Bronx,BX0101,40.80197993908,-73.91031388755
restaurant,Twisted Wings,Chicken,Mott Haven-Port Morris,Bronx,BX0101,40.81449031938,-73.91366398955
restaurant,VENICE,Italian,Mott Haven-Port Morris,Bronx,BX0101,40.81286877158,-73.90738378868
restaurant,VIDA VERDE CAFE,Coffee/Tea,Mott Haven-Port Morris,Bronx,BX0101,40.80615496928,-73.91801674909
restaurant,VILLA TAPIA RESTAURANT,Latin American,Mott Haven-Port Morris,Bronx,BX0101,40.80788487874,-73.91902967446
restaurant,VILLANO PIZZA,Pizza,Mott Haven-Port Morris,Bronx,BX0101,40.80851360917,-73.92329510724
restaurant,VIVA CAFE MEXICAN RESTAURANT,Mexican,Mott Haven-Port Morris,Bronx,BX0101,40.81482317575,-73.9146570505
restaurant,WALNUT BUS STOP RESTAURANT,American,Mott Haven-Port Morris,Bronx,BX0101,40.80034434618,-73.9106700677
restaurant,WORSHIP SUPER HEROES,Chinese,Mott Haven-Port Morris,Bronx,BX0101,40.8066538855,-73.91714196486
restaurant,XIME RESTAURANT,Mexican,Mott Haven-Port Morris,Bronx,BX0101,40.80844367854,-73.92135535133
restaurant,Xolo Mexican Grill,Mexican,Mott Haven-Port Morris,Bronx,BX0101,40.80722338751,-73.92721954949
restaurant,YUMYUM,American,Mott Haven-Port Morris,Bronx,BX0101,40.8071112288,-73.91955440079
restaurant,1 BANANA QUEEN,"Juice, Smoothies, Fruit Salads",Mount Eden-Claremont (West),Bronx,BX0403,40.84424396299,-73.91453603111
restaurant,27 SPORTS BAR & CAFE,Latin American,Mount Eden-Claremont (West),Bronx,BX0403,40.84439794972,-73.91491533605
restaurant,ANGEL'S CAFE,Tex-Mex,Mount Eden-Claremont (West),Bronx,BX0403,40.83914709069,-73.91845660166
restaurant,ANGIOLINA'S RESTAURANT,Spanish,Mount Eden-Claremont (West),Bronx,BX0403,40.83852708998,-73.9188946584
restaurant,ANTOJITOS RESTAURANT & JUICE BAR,Latin American,Mount Eden-Claremont (West),Bronx,BX0403,40.83724246962,-73.90786290484
restaurant,AT LINS GARDEN RESTAURANT,Chinese,Mount Eden-Claremont (West),Bronx,BX0403,40.83735961676,-73.910222642
restaurant,AU BON PAIN,Other,Mount Eden-Claremont (West),Bronx,BX0403,40.84346241324,-73.91182995207
restaurant,BB JUICE BAR,"Juice, Smoothies, Fruit Salads",Mount Eden-Claremont (West),Bronx,BX0403,40.83983472521,-73.91665233446
restaurant,BETTER HEALTH CLUB,"Juice, Smoothies, Fruit Salads",Mount Eden-Claremont (West),Bronx,BX0403,40.83826285738,-73.91410283812
restaurant,BIG CHEESE PIZZA,Pizza,Mount Eden-Claremont (West),Bronx,BX0403,40.83910873648,-73.91477395148
restaurant,BURGER KING,Hamburgers,Mount Eden-Claremont (West),Bronx,BX0403,40.83984389068,-73.91794616029
restaurant,CHIPOTLE MEXICAN GRILL #3584,Mexican,Mount Eden-Claremont (West),Bronx,BX0403,40.84004100356,-73.91723755624
restaurant,COFFEE & DONUTS,Coffee/Tea,Mount Eden-Claremont (West),Bronx,BX0403,40.83728264546,-73.91007096115
restaurant,CONEJA JUICE BAR,"Juice, Smoothies, Fruit Salads",Mount Eden-Claremont (West),Bronx,BX0403,40.84479686922,-73.90896923258
restaurant,DAKAR GRILL RESTAURANT,African,Mount Eden-Claremont (West),Bronx,BX0403,40.84416422308,-73.91434457571
restaurant,DOMINICAN BAR & RESTAURANT,Spanish,Mount Eden-Claremont (West),Bronx,BX0403,40.83983472521,-73.91665233446
restaurant,DOMINICANA POLLO SABROSO RESTAURANT,Latin American,Mount Eden-Claremont (West),Bronx,BX0403,40.84352899585,-73.91275873139
restaurant,DOMINO'S,Pizza,Mount Eden-Claremont (West),Bronx,BX0403,40.83525535607,-73.9079596267
restaurant,DUNKIN,Donuts,Mount Eden-Claremont (West),Bronx,BX0403,40.83908127036,-73.9147486886
restaurant,EL CALDERO RESTAURANT & SPORT BAR,Spanish,Mount Eden-Claremont (West),Bronx,BX0403,40.83735070728,-73.92048261543
restaurant,EL FOGON DOMINICANO RESTAURANT,Latin American,Mount Eden-Claremont (West),Bronx,BX0403,40.83818927406,-73.911182837
restaurant,EL MACO RESTAURANT,Latin American,Mount Eden-Claremont (West),Bronx,BX0403,40.84170662915,-73.91664275179
restaurant,EL NUEVO PATIO,Spanish,Mount Eden-Claremont (West),Bronx,BX0403,40.84150469173,-73.92223049922
restaurant,EL PATRON NIGHTCLUB CABARET-RESTAURANT,American,Mount Eden-Claremont (West),Bronx,BX0403,40.84105646171,-73.91710617913
restaurant,EL TIMBIRICHI RESTAURANT,Spanish,Mount Eden-Claremont (West),Bronx,BX0403,40.84480520929,-73.90910295176
restaurant,EMERGENCY KITCHEN & BAR,Other,Mount Eden-Claremont (West),Bronx,BX0403,40.84063115433,-73.9211870455
restaurant,ESTRELLA BAR & RESTAURANT,Latin American,Mount Eden-Claremont (West),Bronx,BX0403,40.84160785278,-73.91668986021
restaurant,FRESCO & RAPIDO,Spanish,Mount Eden-Claremont (West),Bronx,BX0403,40.84486091984,-73.9101401923
restaurant,FRESH 99 CENTS HOT PIZZA,Pizza,Mount Eden-Claremont (West),Bronx,BX0403,40.83964777307,-73.91622611048
restaurant,GINBO'S HAMBURGER HOUSE,Hamburgers,Mount Eden-Claremont (West),Bronx,BX0403,40.83930402684,-73.91533387677
restaurant,GREAT WALL,Chinese,Mount Eden-Claremont (West),Bronx,BX0403,40.83839920731,-73.91292449993
restaurant,KALOPSIA,Bottled Beverages,Mount Eden-Claremont (West),Bronx,BX0403,40.8385600115,-73.91887293411
restaurant,KENNEDY FRIED CHICKEN,Chicken,Mount Eden-Claremont (West),Bronx,BX0403,40.83980173068,-73.91657286644
restaurant,KENNEDY FRIED CHICKEN,Chicken,Mount Eden-Claremont (West),Bronx,BX0403,40.83759331914,-73.91073550608
restaurant,KENNEDY FRIED CHICKEN,American,Mount Eden-Claremont (West),Bronx,BX0403,40.83759331914,-73.91073550608
restaurant,KENNEDY FRIED CHICKEN,Chicken,Mount Eden-Claremont (West),Bronx,BX0403,40.83828922314,-73.91266805141
restaurant,KENNEDY FRIED CHICKEN,Chicken,Mount Eden-Claremont (West),Bronx,BX0403,40.84481077877,-73.9092041457
restaurant,KING DRAGON,Chinese,Mount Eden-Claremont (West),Bronx,BX0403,40.84343553755,-73.91257814108
restaurant,Kennedy Fried Chicken,Chicken,Mount Eden-Claremont (West),Bronx,BX0403,40.84418068609,-73.91433732581
restaurant,LITTLE CAESARS,Pizza,Mount Eden-Claremont (West),Bronx,BX0403,40.84441994772,-73.91496952261
restaurant,LOS MUNCHIES,Latin American,Mount Eden-Claremont (West),Bronx,BX0403,40.84067542096,-73.92170019734
restaurant,MARY'S PALACE,Latin American,Mount Eden-Claremont (West),Bronx,BX0403,40.84151253964,-73.9177344728
restaurant,MCDONALD'S,Hamburgers,Mount Eden-Claremont (West),Bronx,BX0403,40.83950474041,-73.91580706121
restaurant,NEW CHINA CHINESE RESTAURANT,Chinese,Mount Eden-Claremont (West),Bronx,BX0403,40.84469931679,-73.90711159786
restaurant,NEW WO KAI,Chinese,Mount Eden-Claremont (West),Bronx,BX0403,40.83606194573,-73.90750677341
restaurant,NUEVO TULCINGO AZTECA,Mexican,Mount Eden-Claremont (West),Bronx,BX0403,40.83910602123,-73.91481370931
restaurant,PANADERIA TULARCITO,Bakery Products/Desserts,Mount Eden-Claremont (West),Bronx,BX0403,40.83862585197,-73.91882587145
restaurant,PLAZA CAFE,American,Mount Eden-Claremont (West),Bronx,BX0403,40.84347950002,-73.91263952566
restaurant,PLAZA TULCINGO RESTAURANT,Mexican,Mount Eden-Claremont (West),Bronx,BX0403,40.83817825543,-73.91853730129
restaurant,POPEYES,Chicken,Mount Eden-Claremont (West),Bronx,BX0403,40.83984389068,-73.91794616029
restaurant,REY SMOOTHIE,"Juice, Smoothies, Fruit Salads",Mount Eden-Claremont (West),Bronx,BX0403,40.84421643496,-73.91442763733
restaurant,REY'S SMOOTHIE,"Juice, Smoothies, Fruit Salads",Mount Eden-Claremont (West),Bronx,BX0403,40.83849416846,-73.91891638267
restaurant,SANTI & TITO EMPANADAS Y MAS,Latin American,Mount Eden-Claremont (West),Bronx,BX0403,40.8365750585,-73.92210618378
restaurant,SERIE 69 BAR & RESTAURANT,Latin American,Mount Eden-Claremont (West),Bronx,BX0403,40.83847070451,-73.9131014918
restaurant,SOSUA SEAFOOD,Seafood,Mount Eden-Claremont (West),Bronx,BX0403,40.84038389713,-73.92085122824
restaurant,SUBWAY,Sandwiches,Mount Eden-Claremont (West),Bronx,BX0403,40.84006300568,-73.91729896817
restaurant,SUN FUNG CHINESE RESTAURANT,Chinese,Mount Eden-Claremont (West),Bronx,BX0403,40.83887253758,-73.91834490492
restaurant,SUPER TACOS EL REY,Mexican,Mount Eden-Claremont (West),Bronx,BX0403,40.83983472521,-73.91665233446
restaurant,SUYO GASTROFUSION,Latin American,Mount Eden-Claremont (West),Bronx,BX0403,40.84049443418,-73.91800318051
restaurant,TACO AL PASTOR,Other,Mount Eden-Claremont (West),Bronx,BX0403,40.83907298518,-73.91468003271
restaurant,TACO BELL,Tex-Mex,Mount Eden-Claremont (West),Bronx,BX0403,40.83975776767,-73.9165078686
restaurant,TACOS EL COYOTE RESTAURANT,Mexican,Mount Eden-Claremont (West),Bronx,BX0403,40.83849416846,-73.91891638267
restaurant,TAQUERIA MUNOZ,Mexican,Mount Eden-Claremont (West),Bronx,BX0403,40.83912248428,-73.91480646009
restaurant,TIGRE'S PIZZA & RESTAURANT,American,Mount Eden-Claremont (West),Bronx,BX0403,40.84470770277,-73.90729953161
restaurant,VARGAS ANTOJITOS,Spanish,Mount Eden-Claremont (West),Bronx,BX0403,40.84053880467,-73.91864282285
restaurant,WENDY'S,American,Mount Eden-Claremont (West),Bronx,BX0403,40.84029397044,-73.91786609292
restaurant,WING LING,Chinese,Mount Eden-Claremont (West),Bronx,BX0403,40.83909773341,-73.91474143936
restaurant,AA CHINESE RESTAURANT,Chinese,Mount Hope,Bronx,BX0502,40.85204642958,-73.903128702
restaurant,AFRICAN HOME RESTAURANT,African,Mount Hope,Bronx,BX0502,40.85328814796,-73.90780082899
restaurant,BEVERLY HILL MANOR (Entrance on Clifford Place),Spanish,Mount Hope,Bronx,BX0502,40.84661159713,-73.91310527363
restaurant,BURGER KING,Hamburgers,Mount Hope,Bronx,BX0502,40.84764734952,-73.90076763749
restaurant,CARIDAD SEAFOOD RESTAURANT,Latin American,Mount Hope,Bronx,BX0502,40.84758946634,-73.90048579364
restaurant,CASA DE MAMA RESTAURANT,Latin American,Mount Hope,Bronx,BX0502,40.84716467834,-73.90123462705
restaurant,CASA DEL MAR RESTAURANT,Seafood,Mount Hope,Bronx,BX0502,40.84539244026,-73.9022420645
restaurant,CEVICHES Y COCTELES,Mexican,Mount Hope,Bronx,BX0502,40.85448275702,-73.90195392204
restaurant,CONCOURSE PIZZA & PASTA,Pizza,Mount Hope,Bronx,BX0502,40.84798496917,-73.90736362255
restaurant,Castle Chicken Halal Kitchen,Chicken,Mount Hope,Bronx,BX0502,40.8521019525,-73.90387687201
restaurant,D'BLASS,Latin American,Mount Hope,Bronx,BX0502,40.8496565925,-73.91093613126
restaurant,DON VILLA BAKERY,Bakery Products/Desserts,Mount Hope,Bronx,BX0502,40.85009138381,-73.90547022605
restaurant,DUNKIN',Donuts,Mount Hope,Bronx,BX0502,40.84588351651,-73.90197025996
restaurant,EL CARIDAD RESTAURANT,Latin American,Mount Hope,Bronx,BX0502,40.85322342469,-73.90583446726
restaurant,EL GRAN VALLE RESTAURANT,Latin American,Mount Hope,Bronx,BX0502,40.84884185385,-73.91151555627
restaurant,EL GRAND CHEF,Latin American,Mount Hope,Bronx,BX0502,40.84895433598,-73.90458989351
restaurant,EL HOYITO VIP RESTAURANT,American,Mount Hope,Bronx,BX0502,40.84739578394,-73.90187404615
restaurant,EL JOBO RESTAURANT,Latin American,Mount Hope,Bronx,BX0502,40.85526445735,-73.90456273215
restaurant,EL PALENQUE,Spanish,Mount Hope,Bronx,BX0502,40.84742593895,-73.90183062768
restaurant,EL PUNTO DEL SALMON RESTAURANT,Latin American,Mount Hope,Bronx,BX0502,40.84732656161,-73.90116932513
restaurant,EQUIS PICA POLLO RESTAURANT,Spanish,Mount Hope,Bronx,BX0502,40.85351114306,-73.90525207285
restaurant,ESTRELLA BRONX RESTAURANT,Latin American,Mount Hope,Bronx,BX0502,40.85128239447,-73.89878495508
restaurant,El CIBAO BAR AND RESTAURANT,Latin American,Mount Hope,Bronx,BX0502,40.85014763003,-73.91058846646
restaurant,GALAGALA NY RESTAURANT,African,Mount Hope,Bronx,BX0502,40.84756597502,-73.91206666283
restaurant,GOLDEN DRAGON RESTAURANT,Chinese,Mount Hope,Bronx,BX0502,40.85045225262,-73.90707461578
restaurant,GOTTA GETTA PIZZA,Pizza,Mount Hope,Bronx,BX0502,40.84709355383,-73.9116407827
restaurant,HOP WONG RESTAURANT,Chinese,Mount Hope,Bronx,BX0502,40.84639233934,-73.90652007277
restaurant,KEE WANG RESTAURANT,Chinese,Mount Hope,Bronx,BX0502,40.85364625148,-73.8995151534
restaurant,KENNEDY CHICKEN & GRILL,Chicken,Mount Hope,Bronx,BX0502,40.84730492536,-73.90817421637
restaurant,KENNEDY CHICKEN & GRILL,Chicken,Mount Hope,Bronx,BX0502,40.85164496773,-73.90894898009
restaurant,KENNEDY FRIED CHICKEN,Chicken,Mount Hope,Bronx,BX0502,40.8488964682,-73.90431526989
restaurant,KENNEDY FRIED CHICKEN,Chicken,Mount Hope,Bronx,BX0502,40.85439772897,-73.9020227303
restaurant,LA ESPERANZA MEXICAN DELI GROCERY & VEGETABLES,Mexican,Mount Hope,Bronx,BX0502,40.85195383674,-73.90399637304
restaurant,LA ESQUINITA DEL SAZON JUICE BAR,Latin American,Mount Hope,Bronx,BX0502,40.84759006494,-73.90778345591
restaurant,LA ESTRELLA RESTAURANT,Latin American,Mount Hope,Bronx,BX0502,40.85410148281,-73.90224005933
restaurant,LA MONEDA RESTAURANT,Latin American,Mount Hope,Bronx,BX0502,40.84644974802,-73.9132247621
restaurant,LOS MUNCHIES,Latin American,Mount Hope,Bronx,BX0502,40.84770827191,-73.90139285484
restaurant,MADISON CAFE,American,Mount Hope,Bronx,BX0502,40.85285484787,-73.90488430367
restaurant,MAMA DORA RESTAURANT,Latin American,Mount Hope,Bronx,BX0502,40.85157652415,-73.90247151152
restaurant,MAMADORA VIP,Latin American,Mount Hope,Bronx,BX0502,40.85157625774,-73.90883340375
restaurant,NICKS PIZZA LOUNGE,Pizza,Mount Hope,Bronx,BX0502,40.85104345523,-73.90177827714
restaurant,OLI 99¢ FRESH PIZZA,Pizza,Mount Hope,Bronx,BX0502,40.85375152736,-73.90720373725
restaurant,OUTSIDE LOOKING IN RESTAURANT & LOUNGE,Spanish,Mount Hope,Bronx,BX0502,40.84739578394,-73.90187404615
restaurant,PEKING,Chinese,Mount Hope,Bronx,BX0502,40.84902874627,-73.90495485818
restaurant,POPEYES,Chicken,Mount Hope,Bronx,BX0502,40.84764734952,-73.90076763749
restaurant,Route Bar Restaurant,Spanish,Mount Hope,Bronx,BX0502,40.85092301917,-73.89899515525
restaurant,SIRENAS,Tex-Mex,Mount Hope,Bronx,BX0502,40.85009002159,-73.91062830512
restaurant,SUBWAY,Sandwiches,Mount Hope,Bronx,BX0502,40.85412741812,-73.90703331282
restaurant,TACO BELL,Tex-Mex,Mount Hope,Bronx,BX0502,40.85342528292,-73.90767411974
restaurant,TACOS SAN LUCAS II,Mexican,Mount Hope,Bronx,BX0502,40.85296211942,-73.90515887349
restaurant,TEAFUL,Coffee/Tea,Mount Hope,Bronx,BX0502,40.84649061254,-73.90927413265
restaurant,THE POINT AFRICAN RESTAURANT,African,Mount Hope,Bronx,BX0502,40.85101630507,-73.89895525155
restaurant,VICTOR'S BAKERY & COFFEE SHOP,Bakery Products/Desserts,Mount Hope,Bronx,BX0502,40.8519785212,-73.90397464887
restaurant,WHITE CASTLE,Hamburgers,Mount Hope,Bronx,BX0502,40.84626485224,-73.90175644495
restaurant,WINGSTOP,Chicken,Mount Hope,Bronx,BX0502,40.85323442138,-73.90585614045
restaurant,$1 SLICE PIZZA,Pizza,Norwood,Bronx,BX0703,40.88125348496,-73.88289961869
restaurant,5 STAR PIZZA,Pizza,Norwood,Bronx,BX0703,40.87918621163,-73.87462213105
restaurant,ACE SHAWARMA,Sandwiches/Salads/Mixed Buffet,Norwood,Bronx,BX0703,40.88155507962,-73.88258084675
restaurant,AMAN RESTAURANT,Indian,Norwood,Bronx,BX0703,40.88533112756,-73.87926138738
restaurant,AMAZING CHICKEN & GYRO,Chicken,Norwood,Bronx,BX0703,40.88238023531,-73.88159934109
restaurant,B.F. NATIONAL BAKERY,Bakery Products/Desserts,Norwood,Bronx,BX0703,40.88232540792,-73.88166453414
restaurant,BAINBRIDGE BAKERY,Bakery Products/Desserts,Norwood,Bronx,BX0703,40.8744319137,-73.87934995831
restaurant,BURGER KING,Hamburgers,Norwood,Bronx,BX0703,40.88160987796,-73.88248672446
restaurant,CAPITOL DINER,American,Norwood,Bronx,BX0703,40.87280604725,-73.87841279327
restaurant,CARIDAD RESTAURANT,Latin American,Norwood,Bronx,BX0703,40.88241233862,-73.8807928275
restaurant,CHEERS SMOOTHIES AND JUICES,"Juice, Smoothies, Fruit Salads",Norwood,Bronx,BX0703,40.88010497201,-73.8764900033
restaurant,CHINA ONE CHINESE RESTAURANT,Chinese,Norwood,Bronx,BX0703,40.87880862225,-73.87319806335
restaurant,CHIPOTLE MEXICAN GRILL #4602,Other,Norwood,Bronx,BX0703,40.88130286045,-73.88287060071
restaurant,CHOCOLATE HOUSE,Pancakes/Waffles,Norwood,Bronx,BX0703,40.88115481858,-73.88304082989
restaurant,CORNER PIZZA SHOP,Pizza,Norwood,Bronx,BX0703,40.88051330574,-73.88378330257
restaurant,CRAFT EMPANADAS BY S&R,Latin American,Norwood,Bronx,BX0703,40.87971429386,-73.87563006471
restaurant,CRAZY FRUITS,"Juice, Smoothies, Fruit Salads",Norwood,Bronx,BX0703,40.87424249368,-73.87931775979
restaurant,CRAZY FRUITS,"Juice, Smoothies, Fruit Salads",Norwood,Bronx,BX0703,40.87424249368,-73.87931775979
restaurant,DOMINO'S,Pizza,Norwood,Bronx,BX0703,40.87273733353,-73.87832252271
restaurant,DRAGON GARDEN,Chinese,Norwood,Bronx,BX0703,40.87539272584,-73.87950008067
restaurant,DUNKIN,Donuts,Norwood,Bronx,BX0703,40.87010281158,-73.87871786024
restaurant,DUNKIN,Donuts,Norwood,Bronx,BX0703,40.88206314649,-73.88020398665
restaurant,EL CLUB VALLE RESTAURANT,Spanish,Norwood,Bronx,BX0703,40.87875875385,-73.87277868003
restaurant,EL VALLE JEROME,Latin American,Norwood,Bronx,BX0703,40.88239945952,-73.88161015591
restaurant,EMPANADAS ON THE HILL,Latin American,Norwood,Bronx,BX0703,40.87881676864,-73.87311849136
restaurant,ESTRELLITA POBLANA,Mexican,Norwood,Bronx,BX0703,40.87153123513,-73.87722915035
restaurant,GALAXY COFFEE SHOP,Coffee/Tea,Norwood,Bronx,BX0703,40.87508252672,-73.87945725306
restaurant,GARY AND GINO'S,Pizza,Norwood,Bronx,BX0703,40.8867380812,-73.87822808214
restaurant,GEORGIE'S PIZZA AND RESTAURANT,Pizza,Norwood,Bronx,BX0703,40.8751649063,-73.87949326313
restaurant,GOOD FELLAS PISTERIA,Pizza,Norwood,Bronx,BX0703,40.88125348496,-73.88289961869
restaurant,GUAC TIME,Mexican,Norwood,Bronx,BX0703,40.87286649234,-73.87847053631
restaurant,HALAL BROS GRILL,Chicken,Norwood,Bronx,BX0703,40.88210609059,-73.88191807253
restaurant,HALAL MUNCHIES,Middle Eastern,Norwood,Bronx,BX0703,40.88178548434,-73.87977775825
restaurant,HAPPY DRAGON,Chinese,Norwood,Bronx,BX0703,40.88054069445,-73.88372539382
restaurant,JIMY'S PIZZA,Pizza,Norwood,Bronx,BX0703,40.88063350548,-73.88322256542
restaurant,JOHN'S LUNCHEONETTE,American,Norwood,Bronx,BX0703,40.87883616116,-73.87328118324
restaurant,JUICI PATTIES,Caribbean,Norwood,Bronx,BX0703,40.88057855963,-73.88317203417
restaurant,KENNEDY FRIED CHICKEN & SALAD BAR,Chicken,Norwood,Bronx,BX0703,40.88111369559,-73.88308791473
restaurant,KFC,Other,Norwood,Bronx,BX0703,40.88065035153,-73.88359501453
restaurant,LA CASA DE FRIDA,Mexican,Norwood,Bronx,BX0703,40.8728692103,-73.8784452202
restaurant,LA MADRINA,Mexican,Norwood,Bronx,BX0703,40.87880862225,-73.87319806335
restaurant,LA NUEVA ESTRELLA (LNE),Latin American,Norwood,Bronx,BX0703,40.87131968272,-73.87703428978
restaurant,LONA PIZZA,Pizza,Norwood,Bronx,BX0703,40.87156692426,-73.87723631581
restaurant,LOS MUNCHIES,Latin American,Norwood,Bronx,BX0703,40.88119868259,-73.88299012381
restaurant,LOVE & SOUL FOOD,Caribbean,Norwood,Bronx,BX0703,40.88259654193,-73.8810890412
restaurant,MAR Y TIERRA RESTAURANT & LOUNGE,Latin American,Norwood,Bronx,BX0703,40.87638921526,-73.87964652648
restaurant,MARCONIS PIZZA,Pizza,Norwood,Bronx,BX0703,40.8808696643,-73.8780435912
restaurant,MAYA'S PIZZA,Mexican,Norwood,Bronx,BX0703,40.87326763027,-73.87885670123
restaurant,MCDONALD'S,Hamburgers,Norwood,Bronx,BX0703,40.87911678746,-73.87140744639
restaurant,MCDONALD'S,Hamburgers,Norwood,Bronx,BX0703,40.87295715991,-73.87855715106
restaurant,MEXICAN TACO RICO,Mexican,Norwood,Bronx,BX0703,40.8796593251,-73.87556145927
restaurant,MEXICANA DELI GROCERY,Mexican,Norwood,Bronx,BX0703,40.87221531841,-73.87783534338
restaurant,MOSHOLU CAFE,American,Norwood,Bronx,BX0703,40.8814070345,-73.88274746089
restaurant,NICKY'S COFFEE SHOP,American,Norwood,Bronx,BX0703,40.87462407843,-73.87938215201
restaurant,NO 1 CHINESE RESTAURANT,Chinese,Norwood,Bronx,BX0703,40.8729681197,-73.87853905157
restaurant,PAPA JOHN'S,Pizza,Norwood,Bronx,BX0703,40.87169059118,-73.87738071903
restaurant,PIQUITOS DE AZUCAR,Bakery Products/Desserts,Norwood,Bronx,BX0703,40.8788278672,-73.87322695611
restaurant,PIZZA HUT,Pizza,Norwood,Bronx,BX0703,40.87286649234,-73.87847053631
restaurant,POPEYES,American,Norwood,Bronx,BX0703,40.88109176357,-73.88311326771
restaurant,POPEYES,Chicken,Norwood,Bronx,BX0703,40.87283624303,-73.87841635371
restaurant,QUEEN OF TACOS,Tex-Mex,Norwood,Bronx,BX0703,40.8800767049,-73.88359602276
restaurant,RANCHO TULCINGO RESTAURANT,Mexican,Norwood,Bronx,BX0703,40.87279433197,-73.87771856762
restaurant,SING FEI CHINESE RESTAURANT,Chinese,Norwood,Bronx,BX0703,40.87968954051,-73.87558309998
restaurant,SING WOK KITCHEN,Chinese,Norwood,Bronx,BX0703,40.87201201276,-73.87765131111
restaurant,STARBUCKS,Coffee/Tea,Norwood,Bronx,BX0703,40.88068598896,-73.88355155628
restaurant,SUBWAY,Sandwiches,Norwood,Bronx,BX0703,40.87280327193,-73.87838387139
restaurant,SUBWAY,Sandwiches,Norwood,Bronx,BX0703,40.88136314479,-73.88277285296
restaurant,TACO BELL,Mexican,Norwood,Bronx,BX0703,40.88229799422,-73.88169713063
restaurant,TACO EXPRESS MEXICAN GRILL,Tex-Mex,Norwood,Bronx,BX0703,40.88062570762,-73.88365291861
restaurant,TACO INN,Mexican,Norwood,Bronx,BX0703,40.88060876258,-73.88318282978
restaurant,TASTY CARIBBEAN BUFFET & MORE,Caribbean,Norwood,Bronx,BX0703,40.88128226686,-73.87888905357
restaurant,TASTY PICKS II,Sandwiches,Norwood,Bronx,BX0703,40.88170025802,-73.87964410776
restaurant,TASTY PICS I,American,Norwood,Bronx,BX0703,40.88067024106,-73.88156985139
restaurant,TEN TAN,Chinese,Norwood,Bronx,BX0703,40.88260656712,-73.88017045603
restaurant,TERIYAKI ONE,Japanese,Norwood,Bronx,BX0703,40.88066652658,-73.8833056821
restaurant,TEXAS CHICKEN AND BURGERS,Chicken,Norwood,Bronx,BX0703,40.8749457221,-73.87986972465
restaurant,WOK WOK RESTAURANT,Chinese,Norwood,Bronx,BX0703,40.88065824469,-73.88325868479
restaurant,ADDA,Bangladeshi,Parkchester,Bronx,BX0904,40.83403475726,-73.85327074012
restaurant,AJO & OREGANO RESTAURANT,Spanish,Parkchester,Bronx,BX0904,40.83940821916,-73.86381548358
restaurant,AL AQSA PARTY HALL,Asian/Asian Fusion,Parkchester,Bronx,BX0904,40.83486524336,-73.85450843585
restaurant,AL-AQSA CHINESE,Chinese,Parkchester,Bronx,BX0904,40.83490098439,-73.85455533685
restaurant,AL-AQSA RESTAURANT,Bangladeshi,Parkchester,Bronx,BX0904,40.83608702029,-73.85479847713
restaurant,Auntie Anne's / Cinnabon / Carvel,Bakery Products/Desserts,Parkchester,Bronx,BX0904,40.83499959378,-73.86104552296
restaurant,BRISAS EXPRESS,Latin American,Parkchester,Bronx,BX0904,40.83498003985,-73.86304761387
restaurant,BUFFALO WILD WINGS GO,Chicken,Parkchester,Bronx,BX0904,40.8366105647,-73.8608867477
restaurant,"BURGER KING, POPEYES",Hamburgers,Parkchester,Bronx,BX0904,40.83775374789,-73.85975679257
restaurant,CHAN'S VILLAGE,Chinese,Parkchester,Bronx,BX0904,40.83394267417,-73.86088512003
restaurant,CHIPOTLE MEXICAN GRILL #3056,Tex-Mex,Parkchester,Bronx,BX0904,40.83359942472,-73.86075574611
restaurant,CHOCOLATE PARK,Frozen Desserts,Parkchester,Bronx,BX0904,40.83961552327,-73.85820603436
restaurant,CROWN FRIED CHICKEN,Chicken,Parkchester,Bronx,BX0904,40.83539315441,-73.85523727092
restaurant,DOMINO'S,Pizza,Parkchester,Bronx,BX0904,40.83366585165,-73.85674074466
restaurant,DON EMILIO DINER RESTAURANT,Latin American,Parkchester,Bronx,BX0904,40.8346285746,-73.85187450253
restaurant,DUNKIN' DONUTS,Donuts,Parkchester,Bronx,BX0904,40.83505175248,-73.86105264123
restaurant,ELLIE'S DINER & RESTAURANT,American,Parkchester,Bronx,BX0904,40.83775373024,-73.85974233677
restaurant,FRESH WEY JUICE BAR,"Juice, Smoothies, Fruit Salads",Parkchester,Bronx,BX0904,40.83491964276,-73.86303689726
restaurant,GOLDEN KRUST CARIBBEAN BAKERY & GRILL,Caribbean,Parkchester,Bronx,BX0904,40.83618249555,-73.86097799309
restaurant,GOLDEN PALACE,Bangladeshi,Parkchester,Bronx,BX0904,40.83536841082,-73.85520480049
restaurant,Great Wall,Chinese,Parkchester,Bronx,BX0904,40.83719001117,-73.86342973742
restaurant,HALAL MUSA CHINESE FOOD,Chinese,Parkchester,Bronx,BX0904,40.83366042075,-73.85678773498
restaurant,HALALBEE'S,American,Parkchester,Bronx,BX0904,40.83343791501,-73.85885888003
restaurant,HASAN HALAL CHINESE,Pakistani,Parkchester,Bronx,BX0904,40.83549045443,-73.85622002199
restaurant,HOOK & REEL CAJUN SEAFOOD & BAR,Seafood,Parkchester,Bronx,BX0904,40.83827080444,-73.86061582756
restaurant,JERRY'S PIZZA,Pizza,Parkchester,Bronx,BX0904,40.83600799302,-73.8552503834
restaurant,KENNEDY CHICKEN,Chicken,Parkchester,Bronx,BX0904,40.83384110148,-73.86087087825
restaurant,KISMET CATERERS,American,Parkchester,Bronx,BX0904,40.83353020297,-73.85802029821
restaurant,L&Y WING HING CHINESE RESTAURANT,Chinese,Parkchester,Bronx,BX0904,40.84045217983,-73.85560931522
restaurant,LAVA ROCK KITCHEN,Italian,Parkchester,Bronx,BX0904,40.83611142578,-73.85456352206
restaurant,MANNAN BAKERY & GRILL,Bangladeshi,Parkchester,Bronx,BX0904,40.83534894702,-73.85500608242
restaurant,MR. PIZZA,Pizza,Parkchester,Bronx,BX0904,40.83623663202,-73.86035267879
restaurant,NEEROB RESTAURANT,Bangladeshi,Parkchester,Bronx,BX0904,40.8360107241,-73.85523953584
restaurant,NEW DYNASTY CHINESE RESTAURANT,Chinese,Parkchester,Bronx,BX0904,40.83673868097,-73.86015647007
restaurant,NEW FIVE STAR KACCHI BIRYANI HOUSE,Bangladeshi,Parkchester,Bronx,BX0904,40.83538215271,-73.85521922579
restaurant,PARKCHESTER FISH & CHIPS,Seafood,Parkchester,Bronx,BX0904,40.83786790026,-73.86337774496
restaurant,PIZZA HUT,Pizza,Parkchester,Bronx,BX0904,40.83365229463,-73.85687448222
restaurant,PREMIUM SWEETS & RESTAURANT,Indian,Parkchester,Bronx,BX0904,40.8360596871,-73.85488888371
restaurant,SABOR LATINO SEAFOOD RESTAURANT,Seafood,Parkchester,Bronx,BX0904,40.83627146606,-73.85307063863
restaurant,SIRENAS MEXICAN RESTAURANT BAR,Mexican,Parkchester,Bronx,BX0904,40.83367941303,-73.85661062078
restaurant,STARBUCKS COFFEE # 7745,Coffee/Tea,Parkchester,Bronx,BX0904,40.83360236643,-73.86091835793
restaurant,STEP IN RESTAURANT & LOUNGE,American,Parkchester,Bronx,BX0904,40.83393995568,-73.86090680825
restaurant,SUBWAY,Sandwiches,Parkchester,Bronx,BX0904,40.83623663202,-73.86035267879
restaurant,TANDOORI PLACE,Indian,Parkchester,Bronx,BX0904,40.83619261598,-73.85365626123
restaurant,TAQUERIA TLAXCALLI,Mexican,Parkchester,Bronx,BX0904,40.83607072992,-73.85493945369
restaurant,THE PIZZA PLACE,Pizza,Parkchester,Bronx,BX0904,40.84046577628,-73.85550809056
restaurant,VENICE PIZZA,Pizza,Parkchester,Bronx,BX0904,40.83676247418,-73.85718578919
restaurant,WONDER,Fusion,Parkchester,Bronx,BX0904,40.83725795391,-73.86058181843
restaurant,XIN XING RESTAURANT,Chinese,Parkchester,Bronx,BX0904,40.83944567511,-73.85847022358
restaurant,ZAITOON KITCHEN,Afghan,Parkchester,Bronx,BX0904,40.83552869519,-73.85607177164
restaurant,ZARO,Bakery Products/Desserts,Parkchester,Bronx,BX0904,40.83393995568,-73.86090680825
restaurant,ADDEO'S OF THE BRONX,Pizza,Pelham Bay-Country Club-City Island,Bronx,BX1003,40.84628802524,-73.83178475711
restaurant,ARCHIE'S TAP AND TABLE,American,Pelham Bay-Country Club-City Island,Bronx,BX1003,40.85280595022,-73.7896234336
restaurant,ATIK RESTAURANT,Mediterranean,Pelham Bay-Country Club-City Island,Bronx,BX1003,40.85359200527,-73.79020292531
restaurant,AUGIES DELI & PIZZERIA,Sandwiches,Pelham Bay-Country Club-City Island,Bronx,BX1003,40.85252012814,-73.78942191393
restaurant,BARINO'S MARKET CATERING,Italian,Pelham Bay-Country Club-City Island,Bronx,BX1003,40.84617607462,-73.81950685045
restaurant,BASES LOADED SPORTS BAR,American,Pelham Bay-Country Club-City Island,Bronx,BX1003,40.84710377531,-73.83216943475
restaurant,BURGER KING,Hamburgers,Pelham Bay-Country Club-City Island,Bronx,BX1003,40.85249931883,-73.82804216382
restaurant,CARIBE RESTAURANT,Latin American,Pelham Bay-Country Club-City Island,Bronx,BX1003,40.84631275426,-73.83180276647
restaurant,CHIRPING CHICKEN,Chicken,Pelham Bay-Country Club-City Island,Bronx,BX1003,40.84753271546,-73.83081652709
restaurant,CITY ISLAND CHINESE RESTAURANT,Chinese,Pelham Bay-Country Club-City Island,Bronx,BX1003,40.84005404288,-73.7837982442
restaurant,"CITY ISLAND DINER , SNUG BAR",American,Pelham Bay-Country Club-City Island,Bronx,BX1003,40.84704703857,-73.78640676415
restaurant,CITY ISLAND LOBSTER HOUSE,Seafood,Pelham Bay-Country Club-City Island,Bronx,BX1003,40.85667265939,-73.79078241484
restaurant,CITY ISLAND PIZZA COMPANY,Pizza,Pelham Bay-Country Club-City Island,Bronx,BX1003,40.84621758001,-73.78611305472
restaurant,CITY ISLAND YACHT CLUB,American,Pelham Bay-Country Club-City Island,Bronx,BX1003,40.84093887079,-73.78580843343
restaurant,CLIPPER COFFEE,Coffee/Tea,Pelham Bay-Country Club-City Island,Bronx,BX1003,40.84627247453,-73.78611287753
restaurant,COUNTRY BAY PIZZA,Pizza,Pelham Bay-Country Club-City Island,Bronx,BX1003,40.84619824243,-73.81964052374
restaurant,COUNTRY BAY PIZZA,Pizza,Pelham Bay-Country Club-City Island,Bronx,BX1003,40.84619824243,-73.81964052374
restaurant,CRAB SHANTY,Seafood,Pelham Bay-Country Club-City Island,Bronx,BX1003,40.84864561614,-73.78701970096
restaurant,CROSBY PIZZA STOP,Pizza,Pelham Bay-Country Club-City Island,Bronx,BX1003,40.84591715322,-73.83155799092
restaurant,DAVES SMASH BURGERS,American,Pelham Bay-Country Club-City Island,Bronx,BX1003,40.84723255576,-73.83201730046
restaurant,DUNKIN,Donuts,Pelham Bay-Country Club-City Island,Bronx,BX1003,40.855581534,-73.79148715834
restaurant,DUNKIN,Coffee/Tea,Pelham Bay-Country Club-City Island,Bronx,BX1003,40.8527346287,-73.82754994312
restaurant,DUNKIN',Donuts,Pelham Bay-Country Club-City Island,Bronx,BX1003,40.84619186446,-73.83171994162
restaurant,FELLA'S BAR,American,Pelham Bay-Country Club-City Island,Bronx,BX1003,40.85255585592,-73.78944710379
restaurant,"FRANK'S PIZZERIA, DA FRANCO AND TONY RESTAURANT",Italian,Pelham Bay-Country Club-City Island,Bronx,BX1003,40.84347248852,-73.83597361881
restaurant,FROZEN D LITE,Frozen Desserts,Pelham Bay-Country Club-City Island,Bronx,BX1003,40.84630454652,-73.83182085945
restaurant,GEORGE'S FAMILY RESTAURANT,American,Pelham Bay-Country Club-City Island,Bronx,BX1003,40.84704059903,-73.83213706455
restaurant,GOLDEN CHEF,Chinese,Pelham Bay-Country Club-City Island,Bronx,BX1003,40.84474121931,-73.83075136719
restaurant,ILIOS TAVERNA,Greek,Pelham Bay-Country Club-City Island,Bronx,BX1003,40.84393616558,-73.83017874976
restaurant,ILLUSIONS HOOKAH & MIXOLOGY LOUNGE,Not Listed/Not Applicable,Pelham Bay-Country Club-City Island,Bronx,BX1003,40.85204792196,-73.82903738932
restaurant,JOE'S PIZZA,Pizza,Pelham Bay-Country Club-City Island,Bronx,BX1003,40.84397439408,-73.83004492265
restaurant,JOHNNY'S REEF RESTAURANT,Seafood,Pelham Bay-Country Club-City Island,Bronx,BX1003,40.83766441882,-73.78289893551
restaurant,JP'S RESTAURANT,Seafood,Pelham Bay-Country Club-City Island,Bronx,BX1003,40.85725113072,-73.79041547017
restaurant,KAFJA MADHE,Coffee/Tea,Pelham Bay-Country Club-City Island,Bronx,BX1003,40.8519795349,-73.82919299951
restaurant,KENNEDY FRIED CHICKEN,Chicken,Pelham Bay-Country Club-City Island,Bronx,BX1003,40.85266074879,-73.82770195598
restaurant,KING HING,Chinese,Pelham Bay-Country Club-City Island,Bronx,BX1003,40.85202876801,-73.82907720089
restaurant,LEE XING RESTAURANT,Chinese,Pelham Bay-Country Club-City Island,Bronx,BX1003,40.85173861063,-73.82960569922
restaurant,LILI'S BUREK,Mediterranean,Pelham Bay-Country Club-City Island,Bronx,BX1003,40.84473301174,-73.83076945987
restaurant,LITTLE FRIDA'S EATERY,Mexican,Pelham Bay-Country Club-City Island,Bronx,BX1003,40.85008791446,-73.78772714882
restaurant,LITTLE GREECE,Mediterranean,Pelham Bay-Country Club-City Island,Bronx,BX1003,40.84772825427,-73.78668650009
restaurant,LORETTA'S PIZZA,Pizza,Pelham Bay-Country Club-City Island,Bronx,BX1003,40.83557337778,-73.81792033743
restaurant,MAN OVERBOARD,American,Pelham Bay-Country Club-City Island,Bronx,BX1003,40.84539633458,-73.78580848294
restaurant,MORRIS YACHT & BEACH CLUB,American,Pelham Bay-Country Club-City Island,Bronx,BX1003,40.83842530229,-73.7832108612
restaurant,ORRICO'S ITALIAN RESTAURANT,Italian,Pelham Bay-Country Club-City Island,Bronx,BX1003,40.84734215463,-73.83188690117
restaurant,PELHAM BAY LOUNGE,Coffee/Tea,Pelham Bay-Country Club-City Island,Bronx,BX1003,40.84599551629,-73.8325915134
restaurant,POPEYES LOUISIANA KITCHEN,Chicken,Pelham Bay-Country Club-City Island,Bronx,BX1003,40.85292919494,-73.82734339369
restaurant,QUALITY GRILL & GYRO,Greek,Pelham Bay-Country Club-City Island,Bronx,BX1003,40.84744996988,-73.83241434328
restaurant,RAY'S CAFE AND RESTAURANT,Spanish,Pelham Bay-Country Club-City Island,Bronx,BX1003,40.84396533366,-73.78527819119
restaurant,SALOTTO DORATO,American,Pelham Bay-Country Club-City Island,Bronx,BX1003,40.84619824243,-73.81964052374
restaurant,SAMMY'S FISHBOX,Seafood,Pelham Bay-Country Club-City Island,Bronx,BX1003,40.83898288426,-73.7834222652
restaurant,SAMMY'S ORIGINAL SHRIMP BOX,Seafood,Pelham Bay-Country Club-City Island,Bronx,BX1003,40.83959260883,-73.78362988845
restaurant,SCAVELLO'S ON THE ISLAND,Italian,Pelham Bay-Country Club-City Island,Bronx,BX1003,40.84069680533,-73.78405997848
restaurant,SEA BREEE DELI,Sandwiches,Pelham Bay-Country Club-City Island,Bronx,BX1003,40.84767880895,-73.78666497222
restaurant,SEAFOOD CITY,Seafood,Pelham Bay-Country Club-City Island,Bronx,BX1003,40.85113502105,-73.78846480687
restaurant,SEASHORE RESTAURANT,Seafood,Pelham Bay-Country Club-City Island,Bronx,BX1003,40.85411692667,-73.79057359358
restaurant,SHAMROCK INN,Irish,Pelham Bay-Country Club-City Island,Bronx,BX1003,40.84589242416,-73.83153998176
restaurant,SUBWAY,Sandwiches,Pelham Bay-Country Club-City Island,Bronx,BX1003,40.85244604695,-73.82729404599
restaurant,Sushi Q,Japanese,Pelham Bay-Country Club-City Island,Bronx,BX1003,40.84421663498,-73.83052139089
restaurant,TAQUERIA GUERRERO,Mexican,Pelham Bay-Country Club-City Island,Bronx,BX1003,40.84627981751,-73.83180285008
restaurant,THE ALLEY PIZZA LOUNGE,Pizza,Pelham Bay-Country Club-City Island,Bronx,BX1003,40.85176051485,-73.82956949563
restaurant,THE BLACK WHALE,American,Pelham Bay-Country Club-City Island,Bronx,BX1003,40.84636590957,-73.78617402135
restaurant,THE ELEANOR'S EK RESTAURANT & BAR,African,Pelham Bay-Country Club-City Island,Bronx,BX1003,40.85292919494,-73.82734339369
restaurant,THE SILENT SEA,Seafood,Pelham Bay-Country Club-City Island,Bronx,BX1003,40.85553212897,-73.79148731382
restaurant,TIPSY BAR & LOUNGE,American,Pelham Bay-Country Club-City Island,Bronx,BX1003,40.85009611525,-73.78770904936
restaurant,TONY'S PIER RESTAURANT,Seafood,Pelham Bay-Country Club-City Island,Bronx,BX1003,40.83765897033,-73.78292063713
restaurant,TULCINGO CAFE,Mexican,Pelham Bay-Country Club-City Island,Bronx,BX1003,40.84745074582,-73.83106975073
restaurant,TWO BROTHERS PIZZA,Pizza,Pelham Bay-Country Club-City Island,Bronx,BX1003,40.84743706999,-73.83110231601
restaurant,VISTAMAR RESTAURANT,Seafood,Pelham Bay-Country Club-City Island,Bronx,BX1003,40.85373766697,-73.79030729438
restaurant,WEY'S WAY JUICE BAR,"Juice, Smoothies, Fruit Salads",Pelham Bay-Country Club-City Island,Bronx,BX1003,40.84800577545,-73.83147316211
restaurant,CARIDAD & LOUIE'S RESTAURANT,Latin American,Pelham Gardens,Bronx,BX1103,40.86601748112,-73.83771470099
restaurant,CENTRAL CARIBBEAN BAKERY,Bakery Products/Desserts,Pelham Gardens,Bronx,BX1103,40.87127649852,-73.84782964447
restaurant,CHUCK E. CHEESE,American,Pelham Gardens,Bronx,BX1103,40.86379668518,-73.8336600669
restaurant,CODE RED,Caribbean,Pelham Gardens,Bronx,BX1103,40.87137831632,-73.84802827931
restaurant,COUNTRY JAMM,Caribbean,Pelham Gardens,Bronx,BX1103,40.87309753895,-73.85303595685
restaurant,DELIA RESTAURANT,Spanish,Pelham Gardens,Bronx,BX1103,40.86168029885,-73.84328560537
restaurant,DUNKIN,Donuts,Pelham Gardens,Bronx,BX1103,40.87090307193,-73.85624801262
restaurant,DUNKIN,Donuts,Pelham Gardens,Bronx,BX1103,40.8654943321,-73.85937628769
restaurant,DUNKIN DONUTS,Coffee/Tea,Pelham Gardens,Bronx,BX1103,40.86415440793,-73.83428824864
restaurant,DUNKIN',Donuts,Pelham Gardens,Bronx,BX1103,40.86183680732,-73.84332861844
restaurant,EMILIO'S ORIGINAL GOURMET PIZZA,Pizza,Pelham Gardens,Bronx,BX1103,40.86549031323,-73.85833865544
restaurant,FRATELLI RESTAURANT,Italian,Pelham Gardens,Bronx,BX1103,40.86303365512,-73.84343424817
restaurant,HAPPY GARDENS,Other,Pelham Gardens,Bronx,BX1103,40.86130914053,-73.85757393365
restaurant,KARAHI KING,Pakistani,Pelham Gardens,Bronx,BX1103,40.86545801444,-73.85663945293
restaurant,MAMA G AFRICAN KITCHEN,African,Pelham Gardens,Bronx,BX1103,40.87127649852,-73.84782964447
restaurant,MAMMA ROSA'S,Sandwiches,Pelham Gardens,Bronx,BX1103,40.86549319158,-73.85844711348
restaurant,MCDONALD'S,Hamburgers,Pelham Gardens,Bronx,BX1103,40.87281368734,-73.85214346594
restaurant,NICK'S PIZZA,Pizza,Pelham Gardens,Bronx,BX1103,40.87036840542,-73.8460780966
restaurant,NORA PIZZA,Pizza,Pelham Gardens,Bronx,BX1103,40.86191913429,-73.84331757791
restaurant,OSU-R.E GRILL,African,Pelham Gardens,Bronx,BX1103,40.87072615161,-73.84677510693
restaurant,RED BEAR LOUNGE,Coffee/Tea,Pelham Gardens,Bronx,BX1103,40.86275974333,-73.84384704258
restaurant,SAL & DOMS PASTRY SHOP,Bakery Products/Desserts,Pelham Gardens,Bronx,BX1103,40.86542074325,-73.85537050379
restaurant,SCOOP N SIP,Frozen Desserts,Pelham Gardens,Bronx,BX1103,40.8694547912,-73.84432299396
restaurant,SONIC DRIVE IN,American,Pelham Gardens,Bronx,BX1103,40.87279718467,-73.85426601984
restaurant,TAICHI BUBBLE TEA,Japanese,Pelham Gardens,Bronx,BX1103,40.86229251049,-73.84338538554
restaurant,VENEZIA PIZZA,Pizza,Pelham Gardens,Bronx,BX1103,40.85973919353,-73.85540821307
restaurant,VILLA MARIA PIZZERIA,Pizza,Pelham Gardens,Bronx,BX1103,40.86170500631,-73.84328916219
restaurant,VYBES CUISINE,Caribbean,Pelham Gardens,Bronx,BX1103,40.87182160278,-73.84907946572
restaurant,YUMMY HOUSE,Chinese,Pelham Gardens,Bronx,BX1103,40.86186697465,-73.84331047071
restaurant,YUMMY KITCHEN FOOD SERVICES,Caribbean,Pelham Gardens,Bronx,BX1103,40.87065626379,-73.85642210449
restaurant,ZAXBYS,Chicken,Pelham Gardens,Bronx,BX1103,40.87279718467,-73.85426601984
restaurant,98K CHICKEN & BURGERS,Chicken,Pelham Parkway-Van Nest,Bronx,BX1101,40.85445495094,-73.86622097893
restaurant,ALWAHA RESTAURANT,Middle Eastern,Pelham Parkway-Van Nest,Bronx,BX1101,40.84761622483,-73.86721792898
restaurant,ARTH ALGANATIN,Middle Eastern,Pelham Parkway-Van Nest,Bronx,BX1101,40.84750052372,-73.86685309723
restaurant,ARTH ALSAEEDAH RESTAURANT,Middle Eastern,Pelham Parkway-Van Nest,Bronx,BX1101,40.84510410512,-73.86662659328
restaurant,ASEER TIME,"Juice, Smoothies, Fruit Salads",Pelham Parkway-Van Nest,Bronx,BX1101,40.84464498663,-73.86835878392
restaurant,AZAL,Other,Pelham Parkway-Van Nest,Bronx,BX1101,40.84533345809,-73.86559242101
restaurant,AZUL TEQUILA MEXICAN RESTAURANT,Mexican,Pelham Parkway-Van Nest,Bronx,BX1101,40.85443915176,-73.8644497247
restaurant,Auntie Anne’s/ Cinnabon/ Carvel,Frozen Desserts,Pelham Parkway-Van Nest,Bronx,BX1101,40.85547764737,-73.86765042473
restaurant,BAB AL YEMEN,Middle Eastern,Pelham Parkway-Van Nest,Bronx,BX1101,40.84254197012,-73.86788227022
restaurant,BORA BORA SMOOTHIE CAFE,"Juice, Smoothies, Fruit Salads",Pelham Parkway-Van Nest,Bronx,BX1101,40.84484484604,-73.86791743666
restaurant,CAFE COLONIAL RESTAURANT & GRILL,Latin American,Pelham Parkway-Van Nest,Bronx,BX1101,40.85259304977,-73.86775378544
restaurant,CHIPOTLE MEXICAN GRILL #3706,Tex-Mex,Pelham Parkway-Van Nest,Bronx,BX1101,40.85609243734,-73.86762389192
restaurant,CREPE HOUSE,Pancakes/Waffles,Pelham Parkway-Van Nest,Bronx,BX1101,40.84491858359,-73.86759561253
restaurant,DAMASCUS SWEETS,Middle Eastern,Pelham Parkway-Van Nest,Bronx,BX1101,40.845104189,-73.86669888032
restaurant,DESI KABAB & CURRY,Bangladeshi,Pelham Parkway-Van Nest,Bronx,BX1101,40.85206545508,-73.86487389062
restaurant,DOMINICAN FLAVOR AND PIZZERIA,Pizza,Pelham Parkway-Van Nest,Bronx,BX1101,40.85405477082,-73.86669533211
restaurant,DOMINO'S,Pizza,Pelham Parkway-Van Nest,Bronx,BX1101,40.84550259223,-73.86470655432
restaurant,DUKAGJINI BUREKTORE,Eastern European,Pelham Parkway-Van Nest,Bronx,BX1101,40.8544402353,-73.86537151427
restaurant,"DUNKIN','PIZZA HUT',' NATHANS",Pizza,Pelham Parkway-Van Nest,Bronx,BX1101,40.85501929854,-73.86766941482
restaurant,DUNKIN'/BASKIN ROBBINS,Donuts,Pelham Parkway-Van Nest,Bronx,BX1101,40.84528161229,-73.86585276082
restaurant,EKOSFERE BAKERY & COFFEE SHOP,Bakery Products/Desserts,Pelham Parkway-Van Nest,Bronx,BX1101,40.8544344661,-73.86513294461
restaurant,EL NUEVO POLLO RESTURANT #2,Latin American,Pelham Parkway-Van Nest,Bronx,BX1101,40.84490492655,-73.86765346941
restaurant,GOLDEN CORRAL,American,Pelham Parkway-Van Nest,Bronx,BX1101,40.84225502323,-73.85525119489
restaurant,GOLDEN EAGLE II,American,Pelham Parkway-Van Nest,Bronx,BX1101,40.84511228896,-73.86658320448
restaurant,GUSTITOS LATINO RESTAURANT,Spanish,Pelham Parkway-Van Nest,Bronx,BX1101,40.85417004523,-73.86669148532
restaurant,HAPPY GARDEN,Chinese,Pelham Parkway-Van Nest,Bronx,BX1101,40.84527331479,-73.86579856207
restaurant,HEMO'S SPOT 3,"Juice, Smoothies, Fruit Salads",Pelham Parkway-Van Nest,Bronx,BX1101,40.84534438627,-73.86554902637
restaurant,ISTANBUL CAFE OF WHITE PLAINS,Coffee/Tea,Pelham Parkway-Van Nest,Bronx,BX1101,40.84757780695,-73.86722523495
restaurant,JOHN & JOE PIZZERIA & RESTAURANT,Pizza,Pelham Parkway-Van Nest,Bronx,BX1101,40.85446554646,-73.86589200427
restaurant,JOY GARDEN RESTAURANT,Chinese,Pelham Parkway-Van Nest,Bronx,BX1101,40.84517242106,-73.86636622156
restaurant,KENNEDY FRIED CHICKEN,Chicken,Pelham Parkway-Van Nest,Bronx,BX1101,40.84513139713,-73.86649280696
restaurant,KENNEDY FRIED CHICKEN,Chicken,Pelham Parkway-Van Nest,Bronx,BX1101,40.85449739166,-73.86731619968
restaurant,KYAN,Coffee/Tea,Pelham Parkway-Van Nest,Bronx,BX1101,40.84518606483,-73.86629752112
restaurant,LOTUS LOUNGE,Middle Eastern,Pelham Parkway-Van Nest,Bronx,BX1101,40.84555927259,-73.86623170917
restaurant,LYDIG COFFEE HOUSE,American,Pelham Parkway-Van Nest,Bronx,BX1101,40.85447729122,-73.86654988715
restaurant,MAESTRO CATERERS,American,Pelham Parkway-Van Nest,Bronx,BX1101,40.84539109823,-73.85872860356
restaurant,MCDONALD'S,Hamburgers,Pelham Parkway-Van Nest,Bronx,BX1101,40.85558194288,-73.86764660146
restaurant,MORRIS PARK PIZZA,Pizza,Pelham Parkway-Van Nest,Bronx,BX1101,40.84492667612,-73.86747270844
restaurant,NEW SPRING GARDEN,Chinese,Pelham Parkway-Van Nest,Bronx,BX1101,40.85217798898,-73.86487366112
restaurant,New Boe Lee,Chinese,Pelham Parkway-Van Nest,Bronx,BX1101,40.85446851039,-73.86607997158
restaurant,PANDA EXPRESS,Chinese,Pelham Parkway-Van Nest,Bronx,BX1101,40.85614183829,-73.86762017825
restaurant,PANDA RESTAURANT,Chinese,Pelham Parkway-Van Nest,Bronx,BX1101,40.85443340628,-73.86423284429
restaurant,PEKING KITCHEN,Chinese,Pelham Parkway-Van Nest,Bronx,BX1101,40.85446082285,-73.86654992032
restaurant,PITUSA,Bakery Products/Desserts,Pelham Parkway-Van Nest,Bronx,BX1101,40.85441693791,-73.86423287804
restaurant,POPEYES,Chicken,Pelham Parkway-Van Nest,Bronx,BX1101,40.85568349366,-73.86764278366
restaurant,PRIMAVERA PIZZERIA,Pizza,Pelham Parkway-Van Nest,Bronx,BX1101,40.8456882693,-73.86388932256
restaurant,REEF ALYEMEN RESTAURANT,Middle Eastern,Pelham Parkway-Van Nest,Bronx,BX1101,40.84492949587,-73.86753776111
restaurant,SHAKING CRAB,Seafood,Pelham Parkway-Van Nest,Bronx,BX1101,40.85575213268,-73.86766072125
restaurant,SHAWARMA MOCCI,Mediterranean,Pelham Parkway-Van Nest,Bronx,BX1101,40.84615493772,-73.86164381048
restaurant,SHEEL & MASHI GRAB & GO GRILL,Middle Eastern,Pelham Parkway-Van Nest,Bronx,BX1101,40.84544537786,-73.86506810904
restaurant,STARBUCKS,Coffee/Tea,Pelham Parkway-Van Nest,Bronx,BX1101,40.85604029167,-73.86762761106
restaurant,SUBWAY,Sandwiches,Pelham Parkway-Van Nest,Bronx,BX1101,40.85560392152,-73.86766463222
restaurant,TACO BELL,Tex-Mex,Pelham Parkway-Van Nest,Bronx,BX1101,40.85540631357,-73.86767587168
restaurant,TASTY CHOICE,Middle Eastern,Pelham Parkway-Van Nest,Bronx,BX1101,40.84526240339,-73.86585641407
restaurant,TERIYAKI BOWL,Japanese,Pelham Parkway-Van Nest,Bronx,BX1101,40.85535690846,-73.86767597036
restaurant,THE GRILL HOUSE,Middle Eastern,Pelham Parkway-Van Nest,Bronx,BX1101,40.84993249812,-73.86462160209
restaurant,THE LITTLE CUPCAKE PASTRY SHOP,Bakery Products/Desserts,Pelham Parkway-Van Nest,Bronx,BX1101,40.8500352283,-73.86562264455
restaurant,WINGSTOP,Chicken,Pelham Parkway-Van Nest,Bronx,BX1101,40.85531025224,-73.86767967845
restaurant,YUMMY DIPS,Coffee/Tea,Pelham Parkway-Van Nest,Bronx,BX1101,40.85449172263,-73.86716077152
restaurant,YUMMY JUICE BAR,"Juice, Smoothies, Fruit Salads",Pelham Parkway-Van Nest,Bronx,BX1101,40.8544713646,-73.86617395246
restaurant,19 EMPIRE RESTAURANT,Chinese,Riverdale-Spuyten Duyvil,Bronx,BX0803,40.87869530948,-73.91759065156
restaurant,ADDEO'S RIVERDALE PIZZERIA,Pizza,Riverdale-Spuyten Duyvil,Bronx,BX0803,40.90555871799,-73.90447214244
restaurant,AN BEAL BOCHT CAFE,American,Riverdale-Spuyten Duyvil,Bronx,BX0803,40.88727380716,-73.90496506786
restaurant,ANISE,Chinese,Riverdale-Spuyten Duyvil,Bronx,BX0803,40.88587524397,-73.909921794
restaurant,AOYU SUSHI,Japanese,Riverdale-Spuyten Duyvil,Bronx,BX0803,40.88602614687,-73.90984925692
restaurant,ARNAUD STEAK & SEAFOOD,Latin American,Riverdale-Spuyten Duyvil,Bronx,BX0803,40.90642856918,-73.90420317704
restaurant,ARTIZEN,Coffee/Tea,Riverdale-Spuyten Duyvil,Bronx,BX0803,40.88668538374,-73.90703462328
restaurant,BAGEL CORNER,Bagels/Pretzels,Riverdale-Spuyten Duyvil,Bronx,BX0803,40.88588162307,-73.91106462572
restaurant,BECCOFINO,Italian,Riverdale-Spuyten Duyvil,Bronx,BX0803,40.90549489763,-73.90042046058
restaurant,BLACKSTONE BAR AND GRILL,American,Riverdale-Spuyten Duyvil,Bronx,BX0803,40.88720421753,-73.9071351613
restaurant,BOKAGUA,Fusion,Riverdale-Spuyten Duyvil,Bronx,BX0803,40.88609249507,-73.90699928963
restaurant,BRONX BURGER HOUSE,American,Riverdale-Spuyten Duyvil,Bronx,BX0803,40.90463791775,-73.8965979372
restaurant,CARLOS AND GABBY'S,Jewish/Kosher,Riverdale-Spuyten Duyvil,Bronx,BX0803,40.90648072474,-73.90421033699
restaurant,COCINA CHENTE MEXICAN CUISINE,Mexican,Riverdale-Spuyten Duyvil,Bronx,BX0803,40.88605132428,-73.90699934744
restaurant,COLLEGE OF MOUNT SAINT VINCENT,American,Riverdale-Spuyten Duyvil,Bronx,BX0803,40.91282232639,-73.90250429237
restaurant,COLLEGE OF MOUNT SAINT VINCENT (Mag's Kitchen),Coffee/Tea,Riverdale-Spuyten Duyvil,Bronx,BX0803,40.91282232639,-73.90250429237
restaurant,COLLEGE OF MOUNT ST.VINCENT (HUDSON HEIGHTS; 1ST FL),American,Riverdale-Spuyten Duyvil,Bronx,BX0803,40.91282232639,-73.90250429237
restaurant,COTE WINE BAR,Other,Riverdale-Spuyten Duyvil,Bronx,BX0803,40.90482385947,-73.90207110402
restaurant,D KITCHEN,American,Riverdale-Spuyten Duyvil,Bronx,BX0803,40.91001188081,-73.90267123702
restaurant,DINO'S PIZZA,Pizza,Riverdale-Spuyten Duyvil,Bronx,BX0803,40.9050184533,-73.90174161191
restaurant,DOWNEY'S BAR & GRILL,American,Riverdale-Spuyten Duyvil,Bronx,BX0803,40.90537991568,-73.89763142601
restaurant,DUNKIN DONUTS,Donuts,Riverdale-Spuyten Duyvil,Bronx,BX0803,40.8857383979,-73.91042106759
restaurant,DUNKIN DONUTS BASKIN ROBBINS,Coffee/Tea,Riverdale-Spuyten Duyvil,Bronx,BX0803,40.90688981631,-73.90436530753
restaurant,EARLY BIRD COFFE,Coffee/Tea,Riverdale-Spuyten Duyvil,Bronx,BX0803,40.90459083871,-73.90240065083
restaurant,FAMOUS PIZZA EXPRESS,Pizza,Riverdale-Spuyten Duyvil,Bronx,BX0803,40.8788209649,-73.91675515354
restaurant,FEI THAI HIBACHI SUSHI,Thai,Riverdale-Spuyten Duyvil,Bronx,BX0803,40.88716368288,-73.90456016067
restaurant,FRIDA TACOS,Mexican,Riverdale-Spuyten Duyvil,Bronx,BX0803,40.90541020728,-73.89774352635
restaurant,GOLDEN PHOENIX,Chinese,Riverdale-Spuyten Duyvil,Bronx,BX0803,40.9054187797,-73.90452299148
restaurant,GOODFELLA'S,Pizza,Riverdale-Spuyten Duyvil,Bronx,BX0803,40.88679033499,-73.9044811328
restaurant,GREEK EXPRESS,Greek,Riverdale-Spuyten Duyvil,Bronx,BX0803,40.88758035498,-73.90727206754
restaurant,GREYSTONE COFFEE,Coffee/Tea,Riverdale-Spuyten Duyvil,Bronx,BX0803,40.90477805732,-73.89677498153
restaurant,GRUENEBAUM'S BAKERY & CAFE,Jewish/Kosher,Riverdale-Spuyten Duyvil,Bronx,BX0803,40.90609654933,-73.90431218811
restaurant,GUERRERO'S JUICE BAR,American,Riverdale-Spuyten Duyvil,Bronx,BX0803,40.90722435772,-73.90398857829
restaurant,ISCREAM,Frozen Desserts,Riverdale-Spuyten Duyvil,Bronx,BX0803,40.8857218732,-73.91034875845
restaurant,JAKE'S STEAKHOUSE,Steakhouse,Riverdale-Spuyten Duyvil,Bronx,BX0803,40.89179870188,-73.89724371098
restaurant,JARTO E SUSHI,Fusion,Riverdale-Spuyten Duyvil,Bronx,BX0803,40.90542397908,-73.89779776985
restaurant,JOHNSON DINER,American,Riverdale-Spuyten Duyvil,Bronx,BX0803,40.8860289086,-73.90987095271
restaurant,KAI FAN ASIAN CUISINE,Jewish/Kosher,Riverdale-Spuyten Duyvil,Bronx,BX0803,40.88726736068,-73.90715315605
restaurant,KELLY COMMONS/ KELLY RETAIL,American,Riverdale-Spuyten Duyvil,Bronx,BX0803,40.88914874541,-73.90204364996
restaurant,LADY SANDIA,"Juice, Smoothies, Fruit Salads",Riverdale-Spuyten Duyvil,Bronx,BX0803,40.90722435772,-73.90398857829
restaurant,LAVA HOUSE CREPES & CAFE,Bakery Products/Desserts,Riverdale-Spuyten Duyvil,Bronx,BX0803,40.88734267285,-73.90526515211
restaurant,LIEBMAN'S DELI,Jewish/Kosher,Riverdale-Spuyten Duyvil,Bronx,BX0803,40.88557857867,-73.90962202246
restaurant,MENCHIES,Frozen Desserts,Riverdale-Spuyten Duyvil,Bronx,BX0803,40.88618257321,-73.90982011117
restaurant,METATE MEXICAN RESTAURANT,Mexican,Riverdale-Spuyten Duyvil,Bronx,BX0803,40.88590268267,-73.90991090693
restaurant,MOON STAR GRILL,Asian/Asian Fusion,Riverdale-Spuyten Duyvil,Bronx,BX0803,40.8859301242,-73.90990363642
restaurant,MOSS CAFE,Jewish/Kosher,Riverdale-Spuyten Duyvil,Bronx,BX0803,40.8852907545,-73.91009618348
restaurant,MR. VIGG'S,American,Riverdale-Spuyten Duyvil,Bronx,BX0803,40.90528980816,-73.90130709188
restaurant,MU CAFE 1853 (Thomas Hall),American,Riverdale-Spuyten Duyvil,Bronx,BX0803,40.88914874541,-73.90204364996
restaurant,MU LOCKES LOFT (Thomas hall),American,Riverdale-Spuyten Duyvil,Bronx,BX0803,40.88914874541,-73.90204364996
restaurant,Marianne Pizza Cafe,Pizza,Riverdale-Spuyten Duyvil,Bronx,BX0803,40.91047336183,-73.90310832775
restaurant,NEEM INDIAN CUISINE,Indian,Riverdale-Spuyten Duyvil,Bronx,BX0803,40.88614141376,-73.90983463361
restaurant,NEW CHINA,Chinese,Riverdale-Spuyten Duyvil,Bronx,BX0803,40.90543487964,-73.90084381616
restaurant,NONIS COFFEE SHOP,American,Riverdale-Spuyten Duyvil,Bronx,BX0803,40.90732865074,-73.90398119152
restaurant,PALACE OF JAPAN,Japanese,Riverdale-Spuyten Duyvil,Bronx,BX0803,40.88583408451,-73.90993631631
restaurant,PEARL DYNASTEA,Coffee/Tea,Riverdale-Spuyten Duyvil,Bronx,BX0803,40.88674852106,-73.90704538454
restaurant,PIZZA CHEF,Pizza,Riverdale-Spuyten Duyvil,Bronx,BX0803,40.88570809318,-73.91027644562
restaurant,RIVERDALE BAGELS,American,Riverdale-Spuyten Duyvil,Bronx,BX0803,40.90549012121,-73.90449756501
restaurant,RIVERDALE SECOND HELPING,Jewish/Kosher,Riverdale-Spuyten Duyvil,Bronx,BX0803,40.88602614687,-73.90984925692
restaurant,RIVERDALE STEAK HOUSE,Steakhouse,Riverdale-Spuyten Duyvil,Bronx,BX0803,40.90671944236,-73.90412316626
restaurant,RIVERDALE YACHT CLUB,American,Riverdale-Spuyten Duyvil,Bronx,BX0803,40.90312107034,-73.91450343973
restaurant,ROLEN BAGEL,Bagels/Pretzels,Riverdale-Spuyten Duyvil,Bronx,BX0803,40.88668265657,-73.90705632688
restaurant,SALVATORE'S OF SOHO,Italian,Riverdale-Spuyten Duyvil,Bronx,BX0803,40.88777529417,-73.9073513617
restaurant,SAVOR COFFEE AND MORE,Sandwiches,Riverdale-Spuyten Duyvil,Bronx,BX0803,40.88739090516,-73.90719276617
restaurant,SAWA MEDITERRANEAN CUISINE,Mediterranean,Riverdale-Spuyten Duyvil,Bronx,BX0803,40.88671834084,-73.90705989342
restaurant,SKYCLUB CAFE,Bottled Beverages,Riverdale-Spuyten Duyvil,Bronx,BX0803,40.90664757078,-73.9068437944
restaurant,SUBWAY,Sandwiches,Riverdale-Spuyten Duyvil,Bronx,BX0803,40.8859822427,-73.90986378304
restaurant,Sheza Coffee House,Coffee/Tea,Riverdale-Spuyten Duyvil,Bronx,BX0803,40.9098230115,-73.90328293842
restaurant,TCR CAFE,American,Riverdale-Spuyten Duyvil,Bronx,BX0803,40.87873783789,-73.91567763245
restaurant,THE BARBECUE PIT,Barbecue,Riverdale-Spuyten Duyvil,Bronx,BX0803,40.90539643224,-73.89768566522
restaurant,"THE CORNER CAFE & BAKERY, PIZZA PLUS",Jewish/Kosher,Riverdale-Spuyten Duyvil,Bronx,BX0803,40.88726459551,-73.90712784331
restaurant,THE EGAN PAVILLION,American,Riverdale-Spuyten Duyvil,Bronx,BX0803,40.90566506034,-73.90696455981
restaurant,THE JOHN J O'CONNOR RESIDENCE,American,Riverdale-Spuyten Duyvil,Bronx,BX0803,40.90566506034,-73.90696455981
restaurant,THE PIZZA BLOCK,Jewish/Kosher,Riverdale-Spuyten Duyvil,Bronx,BX0803,40.90634077454,-73.9042467165
restaurant,TIN MARIN RESTAURANT & LOUNGE,Latin American,Riverdale-Spuyten Duyvil,Bronx,BX0803,40.88693792716,-73.90707043517
restaurant,TINY'S DINER,American,Riverdale-Spuyten Duyvil,Bronx,BX0803,40.88669089072,-73.90705631532
restaurant,TOBALA,Mexican,Riverdale-Spuyten Duyvil,Bronx,BX0803,40.88745952606,-73.90719628667
restaurant,TOKYO HOUSE JAPANESE RESTAURANT,Japanese,Riverdale-Spuyten Duyvil,Bronx,BX0803,40.90545445196,-73.90451208707
restaurant,TORTOISE & HARE,American,Riverdale-Spuyten Duyvil,Bronx,BX0803,40.89438633742,-73.8965343709
restaurant,WAVE HILL,American,Riverdale-Spuyten Duyvil,Bronx,BX0803,40.90012133687,-73.91120104508
restaurant,YO-BURGER,American,Riverdale-Spuyten Duyvil,Bronx,BX0803,40.88737715821,-73.90716385211
restaurant,A DAUGHTER AND TWO SON'S,American,Soundview-Bruckner-Bronx River,Bronx,BX0901,40.83753720794,-73.86692732337
restaurant,ARCHER SPORTS BAR,American,Soundview-Bruckner-Bronx River,Bronx,BX0901,40.83842542032,-73.86366210132
restaurant,AZTECA BAKERY,Bakery Products/Desserts,Soundview-Bruckner-Bronx River,Bronx,BX0901,40.83223766111,-73.86504440652
restaurant,BRAVO AFRICAN RESTAURANT,African,Soundview-Bruckner-Bronx River,Bronx,BX0901,40.82840754755,-73.88136692926
restaurant,BURGER KING,Hamburgers,Soundview-Bruckner-Bronx River,Bronx,BX0901,40.82932326346,-73.87521511483
restaurant,BURGER KING,Hamburgers,Soundview-Bruckner-Bronx River,Bronx,BX0901,40.82590815269,-73.86261830654
restaurant,BX FRIED CHICKEN & PIZZA,Chicken,Soundview-Bruckner-Bronx River,Bronx,BX0901,40.83263150026,-73.86385470376
restaurant,CACHAPA CACHAPA 2,Latin American,Soundview-Bruckner-Bronx River,Bronx,BX0901,40.83195616697,-73.86608209535
restaurant,CARIDAD & LOUIE'S RESTAURANT,Caribbean,Soundview-Bruckner-Bronx River,Bronx,BX0901,40.82913997311,-73.87577555073
restaurant,CASA TK,Coffee/Tea,Soundview-Bruckner-Bronx River,Bronx,BX0901,40.82849429974,-73.88032609931
restaurant,CEA LO CAFE,Soul Food,Soundview-Bruckner-Bronx River,Bronx,BX0901,40.82499718309,-73.86993705415
restaurant,CHINA HOUSE,Chinese,Soundview-Bruckner-Bronx River,Bronx,BX0901,40.83382993757,-73.87758808765
restaurant,DANNY'S ATHENS RESTAURANT,American,Soundview-Bruckner-Bronx River,Bronx,BX0901,40.82954204328,-73.87448116016
restaurant,DOMINO'S,Pizza,Soundview-Bruckner-Bronx River,Bronx,BX0901,40.82837754187,-73.88154765533
restaurant,DRAGON KING RESTAURANT,Chinese,Soundview-Bruckner-Bronx River,Bronx,BX0901,40.83132946946,-73.8750306573
restaurant,DRAGON VILLAGE,Chinese,Soundview-Bruckner-Bronx River,Bronx,BX0901,40.83180308815,-73.86662083626
restaurant,DUNKIN,Donuts,Soundview-Bruckner-Bronx River,Bronx,BX0901,40.82912083417,-73.87584424288
restaurant,DUNKIN,Donuts,Soundview-Bruckner-Bronx River,Bronx,BX0901,40.83567196081,-73.8703569944
restaurant,DUNKIN DONUTS,Donuts,Soundview-Bruckner-Bronx River,Bronx,BX0901,40.83176755335,-73.86674738493
restaurant,"DUNKIN',' BASKIN ROBBINS",Donuts,Soundview-Bruckner-Bronx River,Bronx,BX0901,40.8240351172,-73.87359551158
restaurant,EDISON RESTAURANT,Latin American,Soundview-Bruckner-Bronx River,Bronx,BX0901,40.82915717412,-73.87645485465
restaurant,EL AGUACATE BAR RESTAURANT,Mexican,Soundview-Bruckner-Bronx River,Bronx,BX0901,40.82980574315,-73.87466856412
restaurant,EL MOLCAJETE RESTAURANT.,Mexican,Soundview-Bruckner-Bronx River,Bronx,BX0901,40.82852388811,-73.87974789302
restaurant,EL NUEVO POLLO RESTAURANT,Spanish,Soundview-Bruckner-Bronx River,Bronx,BX0901,40.82645251142,-73.87544454647
restaurant,EL PUNTO DE LA CHAMA RESTAURANT & BAR,Other,Soundview-Bruckner-Bronx River,Bronx,BX0901,40.83477587066,-73.86920594604
restaurant,ELY'S PIZZA,Pizza,Soundview-Bruckner-Bronx River,Bronx,BX0901,40.83408725305,-73.87953181463
restaurant,ESTRELLITA MIXTECA,Mexican,Soundview-Bruckner-Bronx River,Bronx,BX0901,40.83203543962,-73.8658036843
restaurant,FIVE STAR RESTAURANT,Chinese,Soundview-Bruckner-Bronx River,Bronx,BX0901,40.8346106752,-73.87118301401
restaurant,FLORES COFFEE SHOP AND RESTAURANT,Mexican,Soundview-Bruckner-Bronx River,Bronx,BX0901,40.82605209074,-73.87829620904
restaurant,FLYING DRAGON CHINESE RESTAURANT,Chinese,Soundview-Bruckner-Bronx River,Bronx,BX0901,40.82797999548,-73.87421672466
restaurant,FOUTA HALAL FOOD,African,Soundview-Bruckner-Bronx River,Bronx,BX0901,40.83140662935,-73.86794421657
restaurant,GOLD SPOON RESTAURANT LOUNGE & JERK CENTER,Caribbean,Soundview-Bruckner-Bronx River,Bronx,BX0901,40.83243730778,-73.86443328982
restaurant,GREAT WALL CHINESE RESTAURANT,Chinese,Soundview-Bruckner-Bronx River,Bronx,BX0901,40.82610668272,-73.87801065623
restaurant,GUATELINDA,Spanish,Soundview-Bruckner-Bronx River,Bronx,BX0901,40.8314476383,-73.86780320386
restaurant,HALAL GYRO KING 6/SYLHETI SWEETS,Bangladeshi,Soundview-Bruckner-Bronx River,Bronx,BX0901,40.83150778529,-73.86759710762
restaurant,HEALTH IS LIFE (HERBALIFE),"Juice, Smoothies, Fruit Salads",Soundview-Bruckner-Bronx River,Bronx,BX0901,40.83772978594,-73.86495732946
restaurant,IHOP,Pancakes/Waffles,Soundview-Bruckner-Bronx River,Bronx,BX0901,40.82658825759,-73.85985629675
restaurant,ISLA CAFE,Latin American,Soundview-Bruckner-Bronx River,Bronx,BX0901,40.83259594285,-73.86395957348
restaurant,JACQUELINE'S BAKERY RESTAURANT,Bakery Products/Desserts,Soundview-Bruckner-Bronx River,Bronx,BX0901,40.82894317398,-73.87653836353
restaurant,JADE JOY,Chinese,Soundview-Bruckner-Bronx River,Bronx,BX0901,40.82402148095,-73.87367502821
restaurant,JAQUELINE'S LOUNGE,Bottled Beverages,Soundview-Bruckner-Bronx River,Bronx,BX0901,40.82910501246,-73.87644411141
restaurant,JO JO PIZZA,Pizza,Soundview-Bruckner-Bronx River,Bronx,BX0901,40.82868667458,-73.87794809244
restaurant,JOE'S PIZZA,Pizza,Soundview-Bruckner-Bronx River,Bronx,BX0901,40.83774315666,-73.86465734362
restaurant,JOHN'S DINER,American,Soundview-Bruckner-Bronx River,Bronx,BX0901,40.83170460874,-73.86690651118
restaurant,KENEDY CHICKEN & PIZZA,Chicken,Soundview-Bruckner-Bronx River,Bronx,BX0901,40.82628356615,-73.87658306399
restaurant,KENNEDY FRIED CHICKEN,Chicken,Soundview-Bruckner-Bronx River,Bronx,BX0901,40.83182214599,-73.86648709338
restaurant,KENNEDY FRIED CHICKEN,Chicken,Soundview-Bruckner-Bronx River,Bronx,BX0901,40.83382993757,-73.87758808765
restaurant,KENNEDY FRIED CHICKEN,Chicken,Soundview-Bruckner-Bronx River,Bronx,BX0901,40.83758582422,-73.86624780309
restaurant,LA CLAVE RESTAURANT,Mexican,Soundview-Bruckner-Bronx River,Bronx,BX0901,40.82780320801,-73.88088742657
restaurant,LA COCINA SALVADORENA,Spanish,Soundview-Bruckner-Bronx River,Bronx,BX0901,40.8318986833,-73.86621591618
restaurant,LA FONDITA,Mexican,Soundview-Bruckner-Bronx River,Bronx,BX0901,40.83254398104,-73.86411868186
restaurant,LA PRINCESA DEL RODEO,Mexican,Soundview-Bruckner-Bronx River,Bronx,BX0901,40.82770614913,-73.87993366053
restaurant,LINCOLN FRIED CHICKEN,Chicken,Soundview-Bruckner-Bronx River,Bronx,BX0901,40.82846448349,-73.88068749836
restaurant,LINCOLN FRIED CHICKEN,Chicken,Soundview-Bruckner-Bronx River,Bronx,BX0901,40.82965414646,-73.87408707448
restaurant,LITTLE CAESARS,Pizza,Soundview-Bruckner-Bronx River,Bronx,BX0901,40.82404328779,-73.87353768462
restaurant,La Cucharita Paisa Bar Restaurant,Spanish,Soundview-Bruckner-Bronx River,Bronx,BX0901,40.83192056121,-73.86614721284
restaurant,MCDONALD'S,Hamburgers,Soundview-Bruckner-Bronx River,Bronx,BX0901,40.82600607064,-73.86187375983
restaurant,MCDONALD'S,Hamburgers,Soundview-Bruckner-Bronx River,Bronx,BX0901,40.82388526147,-73.87460388095
restaurant,MCDONALD'S,Hamburgers,Soundview-Bruckner-Bronx River,Bronx,BX0901,40.82865938068,-73.87809268122
restaurant,MIRADOR RESTAURANT,Latin American,Soundview-Bruckner-Bronx River,Bronx,BX0901,40.82833154644,-73.88219454415
restaurant,MIS ANTOJITOS AND NATURAL JUICE BAR,"Juice, Smoothies, Fruit Salads",Soundview-Bruckner-Bronx River,Bronx,BX0901,40.83130750371,-73.8750234715
restaurant,MOMENTO COFFEE SHOP,Coffee/Tea,Soundview-Bruckner-Bronx River,Bronx,BX0901,40.83752364324,-73.86706468059
restaurant,MONTESPINO RESTAURANT,Latin American,Soundview-Bruckner-Bronx River,Bronx,BX0901,40.83164917506,-73.88145146771
restaurant,NACIONAL BAKERY #1,Bakery Products/Desserts,Soundview-Bruckner-Bronx River,Bronx,BX0901,40.82844260063,-73.88075980677
restaurant,NATIONAL BAKERY,Bakery Products/Desserts,Soundview-Bruckner-Bronx River,Bronx,BX0901,40.82944086258,-73.87482463482
restaurant,NATIONAL BAKERY,Bakery Products/Desserts,Soundview-Bruckner-Bronx River,Bronx,BX0901,40.82858076122,-73.87901787121
restaurant,NEW GARDEN,Chinese,Soundview-Bruckner-Bronx River,Bronx,BX0901,40.82864602459,-73.87843959815
restaurant,NEW HONG KONG KITCHEN,Chinese,Soundview-Bruckner-Bronx River,Bronx,BX0901,40.84054218797,-73.86648759589
restaurant,NEW NO.1 CHINESE RESTAURANT,Chinese,Soundview-Bruckner-Bronx River,Bronx,BX0901,40.83235253622,-73.86470087443
restaurant,NEW WAH KITCHEN,Chinese,Soundview-Bruckner-Bronx River,Bronx,BX0901,40.82839378654,-73.88133081941
restaurant,NEW YANKEE SK PIZZA,Pizza,Soundview-Bruckner-Bronx River,Bronx,BX0901,40.82942711921,-73.87480659325
restaurant,NUEVO BANI RESTAURANT,Latin American,Soundview-Bruckner-Bronx River,Bronx,BX0901,40.82545560831,-73.88273442203
restaurant,OLIVIA'S RESTAURANT & LOUNGE,Latin American,Soundview-Bruckner-Bronx River,Bronx,BX0901,40.83258767868,-73.86393429469
restaurant,OMAR CAKES,Bakery Products/Desserts,Soundview-Bruckner-Bronx River,Bronx,BX0901,40.8376210887,-73.86588995065
restaurant,PA' CALETA BAR AND GRILL,Latin American,Soundview-Bruckner-Bronx River,Bronx,BX0901,40.83251478365,-73.8697163224
restaurant,PABELLON,Chinese,Soundview-Bruckner-Bronx River,Bronx,BX0901,40.82852411863,-73.87996831339
restaurant,PAPA JOHN'S PIZZA,Pizza,Soundview-Bruckner-Bronx River,Bronx,BX0901,40.8285726107,-73.87909738217
restaurant,PIKASSO EMPANADAS Y MAS,"Juice, Smoothies, Fruit Salads",Soundview-Bruckner-Bronx River,Bronx,BX0901,40.82834798151,-73.88216199393
restaurant,PIKINE AFRICAN RESTAURANT,African,Soundview-Bruckner-Bronx River,Bronx,BX0901,40.82851847427,-73.87982017195
restaurant,POPEYES,Chicken,Soundview-Bruckner-Bronx River,Bronx,BX0901,40.82389888257,-73.87450991189
restaurant,PUPUSERIA SALVADORENA,Spanish,Soundview-Bruckner-Bronx River,Bronx,BX0901,40.83219665131,-73.86518180897
restaurant,RESTAURANTE ECUATORIANO EL PAN DE VIDA,Latin American,Soundview-Bruckner-Bronx River,Bronx,BX0901,40.82877916375,-73.87716741273
restaurant,RICURAS ECUDORIAN BAKERY,Spanish,Soundview-Bruckner-Bronx River,Bronx,BX0901,40.82635162831,-73.87606623004
restaurant,SABANA LOUNGE,Spanish,Soundview-Bruckner-Bronx River,Bronx,BX0901,40.82835314066,-73.88184038807
restaurant,SABBA'S CHICKEN,Chicken,Soundview-Bruckner-Bronx River,Bronx,BX0901,40.82851847427,-73.87982017195
restaurant,SABOR A CIELO,Latin American,Soundview-Bruckner-Bronx River,Bronx,BX0901,40.83983656259,-73.86867191756
restaurant,SABROSURA 2 RESTAURANT,Chinese/Cuban,Soundview-Bruckner-Bronx River,Bronx,BX0901,40.83195882322,-73.86600620347
restaurant,SAINT LAWRENCE DEVIL PIZZA,Pizza,Soundview-Bruckner-Bronx River,Bronx,BX0901,40.83172648707,-73.86683780826
restaurant,SIENTASE DE MARAVILLA,Coffee/Tea,Soundview-Bruckner-Bronx River,Bronx,BX0901,40.82633530014,-73.87619634068
restaurant,SOLIMAR GRILL,Spanish,Soundview-Bruckner-Bronx River,Bronx,BX0901,40.83711481162,-73.86718114623
restaurant,STAR BILLIARDS,American,Soundview-Bruckner-Bronx River,Bronx,BX0901,40.82910169519,-73.87591293499
restaurant,SUBWAY,Sandwiches,Soundview-Bruckner-Bronx River,Bronx,BX0901,40.82402692671,-73.87363527252
restaurant,Salcedo Cafeteria & Restaurant,Latin American,Soundview-Bruckner-Bronx River,Bronx,BX0901,40.82969422226,-73.87560106302
restaurant,TACO BELL,Mexican,Soundview-Bruckner-Bronx River,Bronx,BX0901,40.82617734744,-73.86051479135
restaurant,TEHUACAN DELI GROCERY & TAQUERIA,Mexican,Soundview-Bruckner-Bronx River,Bronx,BX0901,40.83233066343,-73.86477319236
restaurant,THAI CUISINE,Thai,Soundview-Bruckner-Bronx River,Bronx,BX0901,40.83838149601,-73.86365496369
restaurant,THE NEW RANCH,American,Soundview-Bruckner-Bronx River,Bronx,BX0901,40.82946273383,-73.87474509636
restaurant,TRIPLE J PIZZERIA,Pizza,Soundview-Bruckner-Bronx River,Bronx,BX0901,40.83253931406,-73.86956449983
restaurant,VISTA HERMOSA RESTAURANT,Mexican,Soundview-Bruckner-Bronx River,Bronx,BX0901,40.82849232804,-73.88107047432
restaurant,WHITE CASTLE,Hamburgers,Soundview-Bruckner-Bronx River,Bronx,BX0901,40.82481418293,-73.87073232905
restaurant,WILLIE'S STEAK HOUSE,Latin American,Soundview-Bruckner-Bronx River,Bronx,BX0901,40.83227592177,-73.86490339584
restaurant,YANKEE HOT PIZZA & EMPANADAS,Pizza,Soundview-Bruckner-Bronx River,Bronx,BX0901,40.82927677553,-73.87537419621
restaurant,YANKEE'S PIZZA,Pizza,Soundview-Bruckner-Bronx River,Bronx,BX0901,40.82917832516,-73.87570682252
restaurant,1930 LECHONERA EL SAZON CRIOLLO,Latin American,Soundview-Clason Point,Bronx,BX0902,40.81362238017,-73.85566774866
restaurant,DUNKIN',Coffee/Tea,Soundview-Clason Point,Bronx,BX0902,40.82411752615,-73.85947851943
restaurant,FUGGEDABOUTIT PIZZERIA CAFE,Pizza,Soundview-Clason Point,Bronx,BX0902,40.81219083811,-73.85663903301
restaurant,GOLDEN CITY RESTAURANT GAO,Chinese,Soundview-Clason Point,Bronx,BX0902,40.8212076159,-73.86596651333
restaurant,JIMBO'S HAMBURGER PALACE,Hamburgers,Soundview-Clason Point,Bronx,BX0902,40.82331261552,-73.86814822614
restaurant,JIMMY'S PIZZERIA,Pizza,Soundview-Clason Point,Bronx,BX0902,40.82412841226,-73.8594026188
restaurant,KENNEDY CHICKEN AND HALAL EXPRESS,Chicken,Soundview-Clason Point,Bronx,BX0902,40.82283995128,-73.86765416526
restaurant,MS CARIDAD RESTAURANT,Latin American,Soundview-Clason Point,Bronx,BX0902,40.82260367464,-73.86745591466
restaurant,NEW KING DRAGON RESTAURANT,Chinese,Soundview-Clason Point,Bronx,BX0902,40.81668894204,-73.86526392537
restaurant,POPEYES,Chicken,Soundview-Clason Point,Bronx,BX0902,40.82411752615,-73.85947851943
restaurant,ROB'S KITCHEN,Caribbean,Soundview-Clason Point,Bronx,BX0902,40.82092525312,-73.86626335369
restaurant,SMASHBURGER #1714,American,Soundview-Clason Point,Bronx,BX0902,40.82285295522,-73.85786251003
restaurant,STARBUCKS COFFEE #83164,Coffee/Tea,Soundview-Clason Point,Bronx,BX0902,40.82372402684,-73.85866277153
restaurant,Soundview Slices NYC,Pizza,Soundview-Clason Point,Bronx,BX0902,40.8165549554,-73.86108057059
restaurant,TERIYAKI ONE JAPANESE GRILL,Japanese,Soundview-Clason Point,Bronx,BX0902,40.82285295522,-73.85786251003
restaurant,WINGSTOP,Chicken,Soundview-Clason Point,Bronx,BX0902,40.82445168879,-73.85891053319
restaurant,YUMMY YUMMY CHINESE KITCHEN,Chinese,Soundview-Clason Point,Bronx,BX0902,40.81708354147,-73.86240537262
restaurant,AGUA E' COCO BAR & GRILL,American,Throgs Neck-Schuylerville,Bronx,BX1002,40.83803368535,-73.83494625462
restaurant,BARRIO BX,Spanish,Throgs Neck-Schuylerville,Bronx,BX1002,40.82581555369,-73.82125332198
restaurant,BREWSKI'S BAR & GRILL,American,Throgs Neck-Schuylerville,Bronx,BX1002,40.82666794658,-73.82223385683
restaurant,BRIDGES BAR,American,Throgs Neck-Schuylerville,Bronx,BX1002,40.81881816524,-73.81711370617
restaurant,BRONX WICKED WOLF,American,Throgs Neck-Schuylerville,Bronx,BX1002,40.81958463626,-73.81754514832
restaurant,BURGER KING,Hamburgers,Throgs Neck-Schuylerville,Bronx,BX1002,40.84307298256,-73.83683479957
restaurant,CARVEL,Frozen Desserts,Throgs Neck-Schuylerville,Bronx,BX1002,40.83224521214,-73.82759964094
restaurant,CESTRA'S BAKERY,Bakery Products/Desserts,Throgs Neck-Schuylerville,Bronx,BX1002,40.82822130941,-73.82390994175
restaurant,CESTRA'S PIZZERIA & RESTAURANT,Pizza,Throgs Neck-Schuylerville,Bronx,BX1002,40.82832576436,-73.82401084081
restaurant,CHICKEN SHACK,Chicken,Throgs Neck-Schuylerville,Bronx,BX1002,40.82007915904,-73.81784005319
restaurant,CHIMOLI COCINA,Mexican,Throgs Neck-Schuylerville,Bronx,BX1002,40.83336355202,-73.82842066074
restaurant,CHINA PALACE,Chinese,Throgs Neck-Schuylerville,Bronx,BX1002,40.84404259501,-73.82976283193
restaurant,CHINA WOK,Chinese,Throgs Neck-Schuylerville,Bronx,BX1002,40.82398013547,-73.82001893961
restaurant,COLIMA TAQUERIA,Mexican,Throgs Neck-Schuylerville,Bronx,BX1002,40.83326612273,-73.82751025614
restaurant,COUSINS' PIZZA & PASTA,Pizza,Throgs Neck-Schuylerville,Bronx,BX1002,40.82942798684,-73.82504499117
restaurant,CROSSTOWN DINER,American,Throgs Neck-Schuylerville,Bronx,BX1002,40.83263384665,-73.82868634865
restaurant,D-ROMANO PIZZA,Pizza,Throgs Neck-Schuylerville,Bronx,BX1002,40.82942798684,-73.82504499117
restaurant,DAKOTA'S ON THE COVE,Other,Throgs Neck-Schuylerville,Bronx,BX1002,40.81694020135,-73.80671755225
restaurant,DESSERT HOUSE,Indian,Throgs Neck-Schuylerville,Bronx,BX1002,40.8259915314,-73.82145519343
restaurant,DOMINO'S,Pizza,Throgs Neck-Schuylerville,Bronx,BX1002,40.82704188951,-73.82265923264
restaurant,DUNKIN,Donuts,Throgs Neck-Schuylerville,Bronx,BX1002,40.82647546825,-73.82201034546
restaurant,DUNKIN,Donuts,Throgs Neck-Schuylerville,Bronx,BX1002,40.83266016529,-73.82793102056
restaurant,DUNKIN,Donuts,Throgs Neck-Schuylerville,Bronx,BX1002,40.83654856241,-73.8386578104
restaurant,DUNKIN,Donuts,Throgs Neck-Schuylerville,Bronx,BX1002,40.81995465798,-73.81044459845
restaurant,DUNKIN,Donuts,Throgs Neck-Schuylerville,Bronx,BX1002,40.83618618155,-73.83860448446
restaurant,EL PAISANO PIZZERIA,Pizza,Throgs Neck-Schuylerville,Bronx,BX1002,40.83221223196,-73.82757081745
restaurant,EMPIRE EXPRESS KITCHEN,Seafood,Throgs Neck-Schuylerville,Bronx,BX1002,40.83144272304,-73.82691875447
restaurant,FIORENTINA STEAKHOUSE,Steakhouse,Throgs Neck-Schuylerville,Bronx,BX1002,40.8286638589,-73.82433154168
restaurant,FRANK`S PIZZA,Pizza,Throgs Neck-Schuylerville,Bronx,BX1002,40.81875497301,-73.8170741383
restaurant,FROZEN HORIZONS,Other,Throgs Neck-Schuylerville,Bronx,BX1002,40.83736307606,-73.83432632702
restaurant,GARDEN BAR & GRILL,Latin American,Throgs Neck-Schuylerville,Bronx,BX1002,40.83348993384,-73.82850344934
restaurant,GUACADO MEXICAN GRILL,Mexican,Throgs Neck-Schuylerville,Bronx,BX1002,40.83258045976,-73.82785895388
restaurant,GUERRERO'S JUCE BAR III,"Juice, Smoothies, Fruit Salads",Throgs Neck-Schuylerville,Bronx,BX1002,40.82458719146,-73.82031719066
restaurant,HAVANA CAFE,Latin American,Throgs Neck-Schuylerville,Bronx,BX1002,40.83770105303,-73.83458568716
restaurant,HEALTHY FRESH 4,"Juice, Smoothies, Fruit Salads",Throgs Neck-Schuylerville,Bronx,BX1002,40.83252003772,-73.82783381508
restaurant,HK KITCHEN & DRAFT HOUSE,American,Throgs Neck-Schuylerville,Bronx,BX1002,40.82890849365,-73.82456215606
restaurant,IKKO HIBACHI SUSHI ASIAN BISTRO,Japanese,Throgs Neck-Schuylerville,Bronx,BX1002,40.82126602878,-73.81855940458
restaurant,JEN'S RESTAURANT,Chinese,Throgs Neck-Schuylerville,Bronx,BX1002,40.83843507983,-73.83540784678
restaurant,JUICES FOR LIFE,"Juice, Smoothies, Fruit Salads",Throgs Neck-Schuylerville,Bronx,BX1002,40.8319703535,-73.82734378696
restaurant,JUN BO RESTAURANT,Chinese,Throgs Neck-Schuylerville,Bronx,BX1002,40.82697040366,-73.82257992965
restaurant,K-SOUL,Japanese,Throgs Neck-Schuylerville,Bronx,BX1002,40.82470531114,-73.82037829575
restaurant,LA MASA,Spanish,Throgs Neck-Schuylerville,Bronx,BX1002,40.83332780032,-73.82837377492
restaurant,LA SALLE BAKERY,Bakery Products/Desserts,Throgs Neck-Schuylerville,Bronx,BX1002,40.83791541774,-73.83477669255
restaurant,LAVIEMEX,French,Throgs Neck-Schuylerville,Bronx,BX1002,40.82036762553,-73.81800907223
restaurant,LEGENDARY BAR & GRILL,American,Throgs Neck-Schuylerville,Bronx,BX1002,40.83086552199,-73.82638545091
restaurant,LENA TRATTORIA,Italian,Throgs Neck-Schuylerville,Bronx,BX1002,40.8317725208,-73.8272033705
restaurant,LIGHT & SWEET,Frozen Desserts,Throgs Neck-Schuylerville,Bronx,BX1002,40.82666034907,-73.8226458
restaurant,LOCUST POINT YACHT CLUB,American,Throgs Neck-Schuylerville,Bronx,BX1002,40.81357086319,-73.80259089546
restaurant,LOUIE & ERNIE'S,Pizza,Throgs Neck-Schuylerville,Bronx,BX1002,40.83813998475,-73.82880944672
restaurant,MADE IN PUERTO RICO,Latin American,Throgs Neck-Schuylerville,Bronx,BX1002,40.83444073638,-73.82925626939
restaurant,MAMA SUSHI,Japanese,Throgs Neck-Schuylerville,Bronx,BX1002,40.8314949383,-73.82696198157
restaurant,MAMAJUANA CAFE,Spanish,Throgs Neck-Schuylerville,Bronx,BX1002,40.83581618128,-73.83321712625
restaurant,MARINA DEL REY,American,Throgs Neck-Schuylerville,Bronx,BX1002,40.81453854978,-73.81505543619
restaurant,MCDONALD'S,Hamburgers,Throgs Neck-Schuylerville,Bronx,BX1002,40.8275780594,-73.82327207745
restaurant,MIRADOR RESTAURANT,Latin American,Throgs Neck-Schuylerville,Bronx,BX1002,40.83248152479,-73.82777609632
restaurant,MR.PIZZERIA,Pizza,Throgs Neck-Schuylerville,Bronx,BX1002,40.82602728034,-73.82149845702
restaurant,MSMA PUEBLA,Mexican,Throgs Neck-Schuylerville,Bronx,BX1002,40.83194012341,-73.82731857019
restaurant,MUSCLE MAKER GRILL,American,Throgs Neck-Schuylerville,Bronx,BX1002,40.81950770902,-73.81749839146
restaurant,NEW GREEN DRAGON,Chinese,Throgs Neck-Schuylerville,Bronx,BX1002,40.81871922238,-73.81703088184
restaurant,NEW PEARL OF CHINA,Chinese,Throgs Neck-Schuylerville,Bronx,BX1002,40.84346629116,-73.83547847872
restaurant,NUEVO SAZON DE MAMA,Latin American,Throgs Neck-Schuylerville,Bronx,BX1002,40.825262944,-73.82066584722
restaurant,P.J. BRADY'S TAVERN,American,Throgs Neck-Schuylerville,Bronx,BX1002,40.83061373774,-73.81799177936
restaurant,PADDY'S ON THE BAY,American,Throgs Neck-Schuylerville,Bronx,BX1002,40.80991106766,-73.80358437791
restaurant,PATRICIA'S,Italian,Throgs Neck-Schuylerville,Bronx,BX1002,40.82320278028,-73.81964166744
restaurant,PETE'S RESTAURANT & DONUT SHOP,Coffee/Tea,Throgs Neck-Schuylerville,Bronx,BX1002,40.82636544362,-73.82185888055
restaurant,PINK SWEETS,Coffee/Tea,Throgs Neck-Schuylerville,Bronx,BX1002,40.8326024447,-73.82787696519
restaurant,PJ'S GRILL,Caribbean,Throgs Neck-Schuylerville,Bronx,BX1002,40.82394443126,-73.82000458371
restaurant,QUALITY FOOD CHINESE RESTAURANT,Chinese,Throgs Neck-Schuylerville,Bronx,BX1002,40.82954892568,-73.82515669091
restaurant,REDWOOD PLEASURE CLUB,American,Throgs Neck-Schuylerville,Bronx,BX1002,40.81323610925,-73.82285511755
restaurant,REINA'S RESTAURANT,Latin American,Throgs Neck-Schuylerville,Bronx,BX1002,40.82262785121,-73.81883027559
restaurant,ROYAL FUSION,Fusion,Throgs Neck-Schuylerville,Bronx,BX1002,40.83719825138,-73.8342291629
restaurant,S & D CATERERS,Sandwiches,Throgs Neck-Schuylerville,Bronx,BX1002,40.84261587024,-73.8301279198
restaurant,SIX HAPPINESS CHINESE RESTA,Chinese,Throgs Neck-Schuylerville,Bronx,BX1002,40.84024905602,-73.82955573098
restaurant,SUBWAY,Sandwiches,Throgs Neck-Schuylerville,Bronx,BX1002,40.82694840114,-73.82255108155
restaurant,SUNDAYS OFF CAFE,Coffee/Tea,Throgs Neck-Schuylerville,Bronx,BX1002,40.84247034609,-73.83009215064
restaurant,SUNY MARITIME NEXT TO THE LIBRARY (NEAR PARKING LOT 11),Coffee/Tea,Throgs Neck-Schuylerville,Bronx,BX1002,40.80910283829,-73.80124954763
restaurant,Selfcare Sips,Coffee/Tea,Throgs Neck-Schuylerville,Bronx,BX1002,40.83221223196,-73.82757081745
restaurant,T'arte,French,Throgs Neck-Schuylerville,Bronx,BX1002,40.84375882418,-73.83090206214
restaurant,T. OLOGY,"Juice, Smoothies, Fruit Salads",Throgs Neck-Schuylerville,Bronx,BX1002,40.83256122497,-73.82784454912
restaurant,TAQUERIA LUPITA,Mexican,Throgs Neck-Schuylerville,Bronx,BX1002,40.83011244174,-73.82571169046
restaurant,TERESA'S GOURMET,Bakery Products/Desserts,Throgs Neck-Schuylerville,Bronx,BX1002,40.83809328123,-73.82878065552
restaurant,THE BLVD,American,Throgs Neck-Schuylerville,Bronx,BX1002,40.83324423539,-73.82755729141
restaurant,THE NOODLE WAY,Korean,Throgs Neck-Schuylerville,Bronx,BX1002,40.83007671086,-73.82567926252
restaurant,THE ORIGINAL EMILIO'S PIZZA,Pizza,Throgs Neck-Schuylerville,Bronx,BX1002,40.82390872139,-73.81998661464
restaurant,THE RUGELACH SHOP,Coffee/Tea,Throgs Neck-Schuylerville,Bronx,BX1002,40.83081072236,-73.81759013054
restaurant,THE SUNY MARITIME U. VANDERCLUTE - (MESSDECK IN LOT 6),American,Throgs Neck-Schuylerville,Bronx,BX1002,40.80910283829,-73.80124954763
restaurant,TOMMY'S PIZZA,Pizza,Throgs Neck-Schuylerville,Bronx,BX1002,40.81955991067,-73.81753076449
restaurant,TRAVESIAS,Fusion,Throgs Neck-Schuylerville,Bronx,BX1002,40.82448010157,-73.82028857504
restaurant,TREMONT DINER,American,Throgs Neck-Schuylerville,Bronx,BX1002,40.84020294646,-73.8375140876
restaurant,TURNER CATERING,American,Throgs Neck-Schuylerville,Bronx,BX1002,40.83039054719,-73.81572668905
restaurant,Travel 43 Restaurant,Latin American,Throgs Neck-Schuylerville,Bronx,BX1002,40.82448010157,-73.82028857504
restaurant,UNCLE LOUIE G'S,Frozen Desserts,Throgs Neck-Schuylerville,Bronx,BX1002,40.82025223782,-73.81794074184
restaurant,VILLA BARONE MANOR,American,Throgs Neck-Schuylerville,Bronx,BX1002,40.82883152687,-73.81917828009
restaurant,WHITE CROSS FISHING CLUB BAR & GRILL,American,Throgs Neck-Schuylerville,Bronx,BX1002,40.8304180293,-73.81574829402
restaurant,WINGSTOP,Chicken,Throgs Neck-Schuylerville,Bronx,BX1002,40.82455697677,-73.82030281959
restaurant,XING HUI LINDA KITCHEN,Chinese,Throgs Neck-Schuylerville,Bronx,BX1002,40.82020557158,-73.817937257
restaurant,10 02 LOUNGE AND RESTAURANT,Caribbean,Tremont,Bronx,BX0602,40.84366635188,-73.88761761841
restaurant,ADOM CUISINE,African,Tremont,Bronx,BX0602,40.84622390553,-73.89279635923
restaurant,BELLA ITALY PIZZA,Pizza,Tremont,Bronx,BX0602,40.8422619577,-73.88575868494
restaurant,CACHAPA CACHAPA,Latin American,Tremont,Bronx,BX0602,40.84714725509,-73.89702018104
restaurant,CHINA WOK KING CORP,Chinese,Tremont,Bronx,BX0602,40.85089423654,-73.89445516797
restaurant,CHUITO BAR RESTAURANT,Spanish,Tremont,Bronx,BX0602,40.85135065536,-73.89532196881
restaurant,COSMOS RESTAURANT,American,Tremont,Bronx,BX0602,40.8449891669,-73.89030445346
restaurant,DARY'S RESTAURANT BAR,Latin American,Tremont,Bronx,BX0602,40.85088044979,-73.89438651113
restaurant,DRAGON SEA,Chinese,Tremont,Bronx,BX0602,40.84803145807,-73.88861866586
restaurant,DUNKIN' DONUTS,Coffee/Tea,Tremont,Bronx,BX0602,40.84427688837,-73.88885629267
restaurant,"DUNKIN', BASKIN ROBBINS",Donuts,Tremont,Bronx,BX0602,40.84455368335,-73.89724829991
restaurant,DYNASTY TASTE LAM,Chinese,Tremont,Bronx,BX0602,40.84659445929,-73.89579574498
restaurant,EL CATRACHITO,Latin American,Tremont,Bronx,BX0602,40.84617439913,-73.89268800681
restaurant,EL NUEVO BOHIO RESTAURANT,Latin American,Tremont,Bronx,BX0602,40.84399083669,-73.88823872743
restaurant,EL VALLE RESTAURANT,Latin American,Tremont,Bronx,BX0602,40.84479662421,-73.88987466547
restaurant,GRAND SLAM BANQUET HALL,American,Tremont,Bronx,BX0602,40.84694475829,-73.89770724295
restaurant,J & J RESTAURANT & CUCHIFRITOS,Latin American,Tremont,Bronx,BX0602,40.84509092194,-73.89051391779
restaurant,JIMBO'S HAMBURGER PALACE,American,Tremont,Bronx,BX0602,40.84520638307,-73.89070528834
restaurant,JOHNNY'S PIZZA RESTAURANT,Pizza,Tremont,Bronx,BX0602,40.85059448149,-73.89382669491
restaurant,JUMBO KITCHEN,Chinese,Tremont,Bronx,BX0602,40.84153748813,-73.88590088627
restaurant,KENNEDY CHICKEN,American,Tremont,Bronx,BX0602,40.84725786667,-73.89794170054
restaurant,KENNEDY FRIED CHICKEN,Chicken,Tremont,Bronx,BX0602,40.84407612711,-73.88844821316
restaurant,KENNEDY FRIED CHICKEN,Chicken,Tremont,Bronx,BX0602,40.84279999726,-73.88583004206
restaurant,Kennedy Fried Chicken,Chicken,Tremont,Bronx,BX0602,40.84593237544,-73.89216792457
restaurant,LA BELLA ROSA BAKERY,Bakery Products/Desserts,Tremont,Bronx,BX0602,40.84634501711,-73.8931648348
restaurant,LA CASA DE LA EMPANADA,Spanish,Tremont,Bronx,BX0602,40.84465429225,-73.89028693613
restaurant,LA CASA DE LA MORENA,Spanish,Tremont,Bronx,BX0602,40.8486076014,-73.89718418076
restaurant,LINDA'S PIZZA,Pizza,Tremont,Bronx,BX0602,40.84497812929,-73.89024302774
restaurant,LIOPO PICA POLLO AND TACOS,Latin American,Tremont,Bronx,BX0602,40.84462340425,-73.88956050638
restaurant,LOS AMIGOS RESTAURANT,Spanish,Tremont,Bronx,BX0602,40.84840001663,-73.88940963034
restaurant,MARIEL'S JUICE BAR & RESTAURANT,Latin American,Tremont,Bronx,BX0602,40.84679578997,-73.89686530585
restaurant,MCDONALD'S,Hamburgers,Tremont,Bronx,BX0602,40.84643042254,-73.89350806806
restaurant,MUNCH N' GRUB CHICKEN,Chicken,Tremont,Bronx,BX0602,40.84804250004,-73.88868370865
restaurant,NATIONAL BURGER HOUSE,American,Tremont,Bronx,BX0602,40.84698336455,-73.89790959317
restaurant,NORTH STAR CAFE,American,Tremont,Bronx,BX0602,40.84319607248,-73.88667148112
restaurant,PAPA JOHN'S PIZZA,Pizza,Tremont,Bronx,BX0602,40.8429485535,-73.88617313908
restaurant,PIKASSO Y MAS,Caribbean,Tremont,Bronx,BX0602,40.84630921117,-73.89303115882
restaurant,PIZZA HUT,Pizza,Tremont,Bronx,BX0602,40.84638356426,-73.89329489208
restaurant,PIZZERIA SAN DIEGO,Pizza,Tremont,Bronx,BX0602,40.8509547268,-73.89457074131
restaurant,POPEYES LOUISIANA KITCHEN,Chicken,Tremont,Bronx,BX0602,40.84607813415,-73.8924749124
restaurant,QUIET BAR & BISTRO,Latin American,Tremont,Bronx,BX0602,40.8466165318,-73.89592221571
restaurant,RICHIE'S PIZZA SHOP,American,Tremont,Bronx,BX0602,40.84650298739,-73.89481276251
restaurant,ROY'S RESTAURNT & BAR,Latin American,Tremont,Bronx,BX0602,40.84278354323,-73.88584452734
restaurant,SANBRA DOOR RESTAURANT,African,Tremont,Bronx,BX0602,40.84306401831,-73.88636088164
restaurant,SEAFOOD SOUL AND TINGZ,American,Tremont,Bronx,BX0602,40.84650298739,-73.89481276251
restaurant,UNCHIN CHIN,Latin American,Tremont,Bronx,BX0602,40.85226506636,-73.88989117048
restaurant,ADOBO MEXICAN GRILL,Mexican,University Heights (North)-Fordham,Bronx,BX0701,40.86272388188,-73.90365538678
restaurant,ANTOJITOS DEL MANGU RESTAURANT,Spanish,University Heights (North)-Fordham,Bronx,BX0701,40.86811728131,-73.90044049284
restaurant,AUNTIE ANNE'S/CINNABON,Hotdogs/Pretzels,University Heights (North)-Fordham,Bronx,BX0701,40.86241046059,-73.89673253798
restaurant,BELLA CHICKEN AND BURGER,Chicken,University Heights (North)-Fordham,Bronx,BX0701,40.86276910537,-73.90195611962
restaurant,BOCAO,Mexican,University Heights (North)-Fordham,Bronx,BX0701,40.86273741437,-73.90342760192
restaurant,BRICK BY BRICK,American,University Heights (North)-Fordham,Bronx,BX0701,40.86345133107,-73.90054511977
restaurant,BRYAN'S BAKERY,Bakery Products/Desserts,University Heights (North)-Fordham,Bronx,BX0701,40.86274949444,-73.90474717647
restaurant,BURGER KING,Hamburgers,University Heights (North)-Fordham,Bronx,BX0701,40.86237183931,-73.89651568014
restaurant,CAPITAL ONE THE BRONX,Coffee/Tea,University Heights (North)-Fordham,Bronx,BX0701,40.86270708582,-73.89694899474
restaurant,CAPY,Bakery Products/Desserts,University Heights (North)-Fordham,Bronx,BX0701,40.8625427669,-73.90047779286
restaurant,CARVEL ICE CREAM,Frozen Desserts,University Heights (North)-Fordham,Bronx,BX0701,40.86208112292,-73.89375405656
restaurant,CHECKERS,Hamburgers,University Heights (North)-Fordham,Bronx,BX0701,40.86186802916,-73.89187807139
restaurant,CHICK-FIL-A,American,University Heights (North)-Fordham,Bronx,BX0701,40.86241873374,-73.89677590872
restaurant,COM TAM NINH KIEU RESTAURANT,Asian/Asian Fusion,University Heights (North)-Fordham,Bronx,BX0701,40.86683600955,-73.89790069089
restaurant,CORKY'S DINER,American,University Heights (North)-Fordham,Bronx,BX0701,40.86327759927,-73.89651426526
restaurant,CRAFFLE,American,University Heights (North)-Fordham,Bronx,BX0701,40.86755515981,-73.89793573831
restaurant,DIAMANTE POBLANO RESTAURANT,Mexican,University Heights (North)-Fordham,Bronx,BX0701,40.86207988529,-73.90161368759
restaurant,DOUBLE DRAGON CHINESE RESTAURANT,Chinese,University Heights (North)-Fordham,Bronx,BX0701,40.8669484662,-73.89781374435
restaurant,"DUNKIN',' BASKIN ROBBINS",Donuts,University Heights (North)-Fordham,Bronx,BX0701,40.86226790797,-73.89390921469
restaurant,"DUNKIN',' BASKIN ROBBINS",Donuts,University Heights (North)-Fordham,Bronx,BX0701,40.86739534724,-73.89724179417
restaurant,FORDHAM PIZZA & EMPANDAS,Pizza,University Heights (North)-Fordham,Bronx,BX0701,40.8627209946,-73.90348547097
restaurant,FRUIT PARADISE II,"Juice, Smoothies, Fruit Salads",University Heights (North)-Fordham,Bronx,BX0701,40.85881392792,-73.90520472307
restaurant,GONG CHA,Coffee/Tea,University Heights (North)-Fordham,Bronx,BX0701,40.86208112292,-73.89375405656
restaurant,GUAC TIME,Mexican,University Heights (North)-Fordham,Bronx,BX0701,40.86240218742,-73.89668916724
restaurant,HAPPY GARDEN,Chinese,University Heights (North)-Fordham,Bronx,BX0701,40.86364881219,-73.89423961734
restaurant,INSOMNIA COOKIES,Other,University Heights (North)-Fordham,Bronx,BX0701,40.86186805297,-73.89190337827
restaurant,KFC,Chicken,University Heights (North)-Fordham,Bronx,BX0701,40.86186535243,-73.89195038123
restaurant,KRISPY KREME DOUGHNUTS,Donuts,University Heights (North)-Fordham,Bronx,BX0701,40.86185733892,-73.89218538704
restaurant,LA SORPRESA,Spanish,University Heights (North)-Fordham,Bronx,BX0701,40.8673073154,-73.89701776538
restaurant,LIN HOME CHINESE RESTAURANT,Chinese,University Heights (North)-Fordham,Bronx,BX0701,40.86437368686,-73.90392052772
restaurant,LITTLE CAESARS,Pizza,University Heights (North)-Fordham,Bronx,BX0701,40.86206536686,-73.89157768073
restaurant,MAMADORA BAR & LOUNGE,Latin American,University Heights (North)-Fordham,Bronx,BX0701,40.8671615237,-73.89666005138
restaurant,MAMBO BUFFET,Latin American,University Heights (North)-Fordham,Bronx,BX0701,40.86811728131,-73.90044049284
restaurant,MANGUITO'S SNACK BAR,"Juice, Smoothies, Fruit Salads",University Heights (North)-Fordham,Bronx,BX0701,40.8587836673,-73.90512161896
restaurant,MARIA BONITA BAKERY JUICE BAR,Bakery Products/Desserts,University Heights (North)-Fordham,Bronx,BX0701,40.8626931395,-73.90300105894
restaurant,MC BAKERY AND COFFEE SHOP,Bakery Products/Desserts,University Heights (North)-Fordham,Bronx,BX0701,40.86794099344,-73.89972125249
restaurant,MCDONALD'S,Hamburgers,University Heights (North)-Fordham,Bronx,BX0701,40.86699507188,-73.89775220806
restaurant,MCDONALDS,American,University Heights (North)-Fordham,Bronx,BX0701,40.86268476485,-73.9028347666
restaurant,MEXICAN FAST FOOD,Mexican,University Heights (North)-Fordham,Bronx,BX0701,40.86689084303,-73.89783191098
restaurant,MIRADOR RESTAURANT,Latin American,University Heights (North)-Fordham,Bronx,BX0701,40.86782254339,-73.89923332606
restaurant,Mario's Pizza,Italian,University Heights (North)-Fordham,Bronx,BX0701,40.8627300443,-73.90446159417
restaurant,NEW NO. 1 CHINA WOK,Chinese,University Heights (North)-Fordham,Bronx,BX0701,40.86797404048,-73.89984774868
restaurant,NO.8 CHINESE RESTAURANT,Chinese,University Heights (North)-Fordham,Bronx,BX0701,40.86276630419,-73.90854685551
restaurant,OC SPORT LIFE,"Juice, Smoothies, Fruit Salads",University Heights (North)-Fordham,Bronx,BX0701,40.86717337931,-73.89763985039
restaurant,OSCAR'S KITCHEN,Spanish,University Heights (North)-Fordham,Bronx,BX0701,40.86686890129,-73.89785002255
restaurant,PANDA EXPRESS,Chinese,University Heights (North)-Fordham,Bronx,BX0701,40.86277674224,-73.90125835106
restaurant,PATTIE SHAKE,Mexican,University Heights (North)-Fordham,Bronx,BX0701,40.86491959988,-73.9035762692
restaurant,PEREZ BAKERY,Bakery Products/Desserts,University Heights (North)-Fordham,Bronx,BX0701,40.86277995157,-73.90180064469
restaurant,POPEYES,Chicken,University Heights (North)-Fordham,Bronx,BX0701,40.86237183931,-73.89651568014
restaurant,QDOBA,Tex-Mex,University Heights (North)-Fordham,Bronx,BX0701,40.86277674224,-73.90125835106
restaurant,SALSA CON FUEGO,American,University Heights (North)-Fordham,Bronx,BX0701,40.8622194059,-73.91115785116
restaurant,SUPER KENNEDY'S CHICKEN & SANDWICH,Chicken,University Heights (North)-Fordham,Bronx,BX0701,40.8618527733,-73.90572458922
restaurant,TACO BELL,Mexican,University Heights (North)-Fordham,Bronx,BX0701,40.86277149779,-73.90154396934
restaurant,TACO BELL CANTINA,Tex-Mex,University Heights (North)-Fordham,Bronx,BX0701,40.86184665462,-73.89249993311
restaurant,TACOS EL PAISANITO RESTAURANT,Tex-Mex,University Heights (North)-Fordham,Bronx,BX0701,40.86258026714,-73.90930994306
restaurant,TAQUERIA LOS ANGELES,Mexican,University Heights (North)-Fordham,Bronx,BX0701,40.86343392168,-73.89637302207
restaurant,TEPPANYAKI ONE JAPANESE GRILL,Japanese,University Heights (North)-Fordham,Bronx,BX0701,40.86297678995,-73.90088928887
restaurant,TERIYAKI R US,Japanese,University Heights (North)-Fordham,Bronx,BX0701,40.86239665897,-73.89664579224
restaurant,TWIN DONUTS,American,University Heights (North)-Fordham,Bronx,BX0701,40.8627823,-73.90133787988
restaurant,Texas Chicken and Burger,Chicken,University Heights (North)-Fordham,Bronx,BX0701,40.86712576096,-73.89656971817
restaurant,WING STOP,American,University Heights (North)-Fordham,Bronx,BX0701,40.86221904198,-73.89449497033
restaurant,ACCRA RESTAURANT,African,University Heights (South)-Morris Heights,Bronx,BX0501,40.85385684175,-73.90846878221
restaurant,ANTOJITOS D' JULIANGIE,Latin American,University Heights (South)-Morris Heights,Bronx,BX0501,40.8568294563,-73.90855505041
restaurant,BENVENUTO,Pizza,University Heights (South)-Morris Heights,Bronx,BX0501,40.85872592945,-73.9050024033
restaurant,CAFE BRONCO,Coffee/Tea,University Heights (South)-Morris Heights,Bronx,BX0501,40.85738753963,-73.90969662903
restaurant,CAMPESINO DOMINICANO RESTAURANT,Spanish,University Heights (South)-Morris Heights,Bronx,BX0501,40.85454545831,-73.91157662174
restaurant,CASA CLEMA RESTAURANT & BAR,Latin American,University Heights (South)-Morris Heights,Bronx,BX0501,40.84978150071,-73.91644824822
restaurant,CHINESE GOURMET,Chinese,University Heights (South)-Morris Heights,Bronx,BX0501,40.85268259151,-73.92017864847
restaurant,Capitol Diner,American,University Heights (South)-Morris Heights,Bronx,BX0501,40.85192264235,-73.90952695532
restaurant,DE TODO UN POCO RESTAURANT,Latin American,University Heights (South)-Morris Heights,Bronx,BX0501,40.85384200592,-73.91414047825
restaurant,DELI CASTILLO DE HIERRO,Spanish,University Heights (South)-Morris Heights,Bronx,BX0501,40.85399348254,-73.91483433177
restaurant,DIEGO'S PIZZA & RESTAURANT,Pizza,University Heights (South)-Morris Heights,Bronx,BX0501,40.85281916639,-73.90826055852
restaurant,DOMINO'S,Pizza,University Heights (South)-Morris Heights,Bronx,BX0501,40.85444834072,-73.90677259204
restaurant,DOMINO'S,Pizza,University Heights (South)-Morris Heights,Bronx,BX0501,40.84816466387,-73.91619004114
restaurant,DUNKIN DONUTS,Donuts,University Heights (South)-Morris Heights,Bronx,BX0501,40.85380503368,-73.90889901887
restaurant,DUNKIN',Donuts,University Heights (South)-Morris Heights,Bronx,BX0501,40.84988843478,-73.91629629939
restaurant,"DUNKIN',' BASKIN ROBBINS",American,University Heights (South)-Morris Heights,Bronx,BX0501,40.84739893244,-73.91257291214
restaurant,EL SAZON IDEAL RESTAURANT,Latin American,University Heights (South)-Morris Heights,Bronx,BX0501,40.85391645841,-73.9146030811
restaurant,ELENA'S RESTUARANT,Mexican,University Heights (South)-Morris Heights,Bronx,BX0501,40.85192264235,-73.90952695532
restaurant,EMPIRE CHINESE RESTAURANT ZHENG,Chinese,University Heights (South)-Morris Heights,Bronx,BX0501,40.84620926906,-73.91841538136
restaurant,GABI JUICE BAR,"Juice, Smoothies, Fruit Salads",University Heights (South)-Morris Heights,Bronx,BX0501,40.85380159216,-73.90802423413
restaurant,GOOD TASTE,Chinese,University Heights (South)-Morris Heights,Bronx,BX0501,40.85410903121,-73.91519928299
restaurant,GREAT WALL NYC,Chinese,University Heights (South)-Morris Heights,Bronx,BX0501,40.85063177075,-73.91563026305
restaurant,HAPPY CAKE BAKERY,Bakery Products/Desserts,University Heights (South)-Morris Heights,Bronx,BX0501,40.8522404626,-73.90880718663
restaurant,HUARACHE TAQUERIA,Mexican,University Heights (South)-Morris Heights,Bronx,BX0501,40.84863399467,-73.91616414567
restaurant,ITALIAN LOVERS PIZZA,Pizza,University Heights (South)-Morris Heights,Bronx,BX0501,40.84622018637,-73.91832862188
restaurant,JOBITO BRONX,Latin American,University Heights (South)-Morris Heights,Bronx,BX0501,40.85290967611,-73.90817729317
restaurant,KENNEDY CHICKEN & PIZZA,Chicken,University Heights (South)-Morris Heights,Bronx,BX0501,40.84855030249,-73.91809803351
restaurant,KRAZY GRILL,Chicken,University Heights (South)-Morris Heights,Bronx,BX0501,40.8501872938,-73.91586216565
restaurant,LA MESA DEL REY,Latin American,University Heights (South)-Morris Heights,Bronx,BX0501,40.84861337463,-73.91801843548
restaurant,MCDONALD'S,Hamburgers,University Heights (South)-Morris Heights,Bronx,BX0501,40.85011600747,-73.91596708048
restaurant,MCDONALDS,Hamburgers,University Heights (South)-Morris Heights,Bronx,BX0501,40.85430571731,-73.90689931282
restaurant,MELAOS DOMINICAN FAST FOOD,American,University Heights (South)-Morris Heights,Bronx,BX0501,40.85196396399,-73.90971847971
restaurant,MG 54 BAR AND LOUNGE,Spanish,University Heights (South)-Morris Heights,Bronx,BX0501,40.84588232449,-73.92190367996
restaurant,MI BAKERY & CAFE,Bakery Products/Desserts,University Heights (South)-Morris Heights,Bronx,BX0501,40.85908082871,-73.9060105131
restaurant,MICHELY,"Juice, Smoothies, Fruit Salads",University Heights (South)-Morris Heights,Bronx,BX0501,40.8508542451,-73.91583601605
restaurant,MING WONG,Chinese,University Heights (South)-Morris Heights,Bronx,BX0501,40.85381319619,-73.90880863682
restaurant,MORENA RESTAURANT,Latin American,University Heights (South)-Morris Heights,Bronx,BX0501,40.85584713753,-73.90552708296
restaurant,MY PIZZA,Pizza,University Heights (South)-Morris Heights,Bronx,BX0501,40.84963069793,-73.91666531465
restaurant,MY VALLE,Spanish,University Heights (South)-Morris Heights,Bronx,BX0501,40.84639503965,-73.91719709036
restaurant,NO. 1 CHINESE RESTAURANT,Chinese,University Heights (South)-Morris Heights,Bronx,BX0501,40.85194742173,-73.90962451923
restaurant,PAPA JOHN'S PIZZA,Pizza,University Heights (South)-Morris Heights,Bronx,BX0501,40.8522404626,-73.90880718663
restaurant,PIKASSO EMPANADAS Y MAS,"Juice, Smoothies, Fruit Salads",University Heights (South)-Morris Heights,Bronx,BX0501,40.85381803739,-73.90799529263
restaurant,PIZZERIA LA ESTRELLA,Pizza,University Heights (South)-Morris Heights,Bronx,BX0501,40.8540099911,-73.9148885332
restaurant,POPEYES LOUISIANA KITCHEN,Chicken,University Heights (South)-Morris Heights,Bronx,BX0501,40.84841667315,-73.91184504706
restaurant,REYNA RESTAURANT,Spanish,University Heights (South)-Morris Heights,Bronx,BX0501,40.85431783456,-73.91182273604
restaurant,SABOR TO GO RESTAURANT,Latin American,University Heights (South)-Morris Heights,Bronx,BX0501,40.8538179708,-73.90791215156
restaurant,TAMAL EXPRESS,Mexican,University Heights (South)-Morris Heights,Bronx,BX0501,40.85923764102,-73.90645495153
restaurant,TEXAS CHICKEN & BURGERS,Chicken,University Heights (South)-Morris Heights,Bronx,BX0501,40.85381830027,-73.90832424211
restaurant,THE FAMOUS JIMBO'S HAMBURGER PALACE,Hamburgers,University Heights (South)-Morris Heights,Bronx,BX0501,40.85215269715,-73.9088904465
restaurant,U.S KENNEDY FRIED CHICKEN,Chicken,University Heights (South)-Morris Heights,Bronx,BX0501,40.84611981601,-73.92001306207
restaurant,XING SHENG,Chinese,University Heights (South)-Morris Heights,Bronx,BX0501,40.84615464832,-73.91880219101
restaurant,XING WANG NO.1,Chinese,University Heights (South)-Morris Heights,Bronx,BX0501,40.85423946497,-73.90986720306
restaurant,YOLY RESTAURANT,Spanish,University Heights (South)-Morris Heights,Bronx,BX0501,40.84608127641,-73.9198504601
restaurant,#1 SABOR LATINO RESTAURANT,Latin American,Wakefield-Woodlawn,Bronx,BX1203,40.89117578373,-73.8585911415
restaurant,241ST CAFE RESTAURANT,American,Wakefield-Woodlawn,Bronx,BX1203,40.90360429746,-73.85024783736
restaurant,AAA CARIDAD RESTAURANT,Latin American,Wakefield-Woodlawn,Bronx,BX1203,40.89280237284,-73.85555303469
restaurant,ALI ROTI SHOP,Caribbean,Wakefield-Woodlawn,Bronx,BX1203,40.89426422996,-73.8568845351
restaurant,AROMA CAFE,Coffee/Tea,Wakefield-Woodlawn,Bronx,BX1203,40.89977475623,-73.86761252133
restaurant,BEHAN'S PUBLIC HOUSE,Irish,Wakefield-Woodlawn,Bronx,BX1203,40.89858054333,-73.8673870205
restaurant,BELLA NAPOLI PIZZERIA,Pizza,Wakefield-Woodlawn,Bronx,BX1203,40.90111008639,-73.86180027828
restaurant,BENVENUTI'S PIZZA,Pizza,Wakefield-Woodlawn,Bronx,BX1203,40.8999202302,-73.86761584781
restaurant,BIG DADDY'S CARIBBEAN TASTE,Caribbean,Wakefield-Woodlawn,Bronx,BX1203,40.89885518785,-73.85393736805
restaurant,BRONX BURGER COMPANY,Hamburgers,Wakefield-Woodlawn,Bronx,BX1203,40.90378251988,-73.85010634921
restaurant,BURGER KING,Hamburgers,Wakefield-Woodlawn,Bronx,BX1203,40.89519681508,-73.85638697738
restaurant,CARIFESTA RESTAURANT,Caribbean,Wakefield-Woodlawn,Bronx,BX1203,40.89470036476,-73.8566629513
restaurant,CARVEL,Frozen Desserts,Wakefield-Woodlawn,Bronx,BX1203,40.89051500684,-73.84837136333
restaurant,CENTRAL CARIBBEAN BAKERY,Bakery Products/Desserts,Wakefield-Woodlawn,Bronx,BX1203,40.89803364832,-73.85325552001
restaurant,CHEFFY TWO,Caribbean,Wakefield-Woodlawn,Bronx,BX1203,40.90488253023,-73.84962994984
restaurant,COOLER RUNNINGS JAMAICAN RESTAURANT,Caribbean,Wakefield-Woodlawn,Bronx,BX1203,40.89830430117,-73.85029237981
restaurant,COOLER RUNNINGS VEGETARIAN GRILL,Vegetarian,Wakefield-Woodlawn,Bronx,BX1203,40.89817616887,-73.85096186234
restaurant,CULLEN'S TAVERN,American,Wakefield-Woodlawn,Bronx,BX1203,40.89669436877,-73.85553730983
restaurant,DOMINICAN DELIGHTS,Latin American,Wakefield-Woodlawn,Bronx,BX1203,40.90377426217,-73.85008828009
restaurant,DOMINO'S,Pizza,Wakefield-Woodlawn,Bronx,BX1203,40.89862845776,-73.85479154698
restaurant,DRAGON STAR,Chinese,Wakefield-Woodlawn,Bronx,BX1203,40.89377230226,-73.85860006457
restaurant,DUNKIN,Donuts,Wakefield-Woodlawn,Bronx,BX1203,40.89550737752,-73.86348307763
restaurant,DUNKIN,Donuts,Wakefield-Woodlawn,Bronx,BX1203,40.89549508984,-73.87691343504
restaurant,DUNKIN,American,Wakefield-Woodlawn,Bronx,BX1203,40.90373861865,-73.8501173013
restaurant,DUNKIN DONUTS,Donuts,Wakefield-Woodlawn,Bronx,BX1203,40.89323016883,-73.85744740314
restaurant,DUNKIN',Sandwiches/Salads/Mixed Buffet,Wakefield-Woodlawn,Bronx,BX1203,40.89082640536,-73.84931826686
restaurant,E & L BAKERY & COFFEE SHOP,Bakery Products/Desserts,Wakefield-Woodlawn,Bronx,BX1203,40.89356479524,-73.85726221544
restaurant,EDUAR2 TACO & PIZZA,Pizza,Wakefield-Woodlawn,Bronx,BX1203,40.89672197103,-73.86704349379
restaurant,EXCELLENT TASTE,Chinese,Wakefield-Woodlawn,Bronx,BX1203,40.89742116265,-73.85509442366
restaurant,FRONT PAGE,Caribbean,Wakefield-Woodlawn,Bronx,BX1203,40.90260904767,-73.85108211363
restaurant,GOLDEN KRUST CARIBBEAN BAKERY & GRILL,Caribbean,Wakefield-Woodlawn,Bronx,BX1203,40.89301897368,-73.85756721802
restaurant,GOLDEN KRUST CARIBBEAN BAKERY & GRILL,Caribbean,Wakefield-Woodlawn,Bronx,BX1203,40.90370297512,-73.85014632247
restaurant,GOLDEN KRUST CARIBBEAN RESTAURANT,Caribbean,Wakefield-Woodlawn,Bronx,BX1203,40.89301897368,-73.85756721802
restaurant,GOLDEN RING,Caribbean,Wakefield-Woodlawn,Bronx,BX1203,40.89673551221,-73.85551551699
restaurant,GREENLAND DELI & GROCERY,Sandwiches,Wakefield-Woodlawn,Bronx,BX1203,40.89904998943,-73.86747289558
restaurant,Gun Hill Post 271,American,Wakefield-Woodlawn,Bronx,BX1203,40.89815206752,-73.85356634166
restaurant,HALAL STOP,Other,Wakefield-Woodlawn,Bronx,BX1203,40.89248960616,-73.85786132941
restaurant,HORSE & JOCKEY,Irish,Wakefield-Woodlawn,Bronx,BX1203,40.89784480146,-73.86725103899
restaurant,HOT SPOT GRILL & JERK,Caribbean,Wakefield-Woodlawn,Bronx,BX1203,40.90657220457,-73.84881212564
restaurant,ISLAND GRILL BX,Caribbean,Wakefield-Woodlawn,Bronx,BX1203,40.89390217053,-73.85708063696
restaurant,ISLAND HUT,Caribbean,Wakefield-Woodlawn,Bronx,BX1203,40.90467672424,-73.84966659342
restaurant,JERK HOUSE CARIBBEAN RESTAURANT,Caribbean,Wakefield-Woodlawn,Bronx,BX1203,40.89471679247,-73.85663036212
restaurant,JIMBO'S HAMBURGER PALACE,Hamburgers,Wakefield-Woodlawn,Bronx,BX1203,40.89168872503,-73.85832962907
restaurant,JOE'S PIZZA,Pizza,Wakefield-Woodlawn,Bronx,BX1203,40.89331201187,-73.8570457408
restaurant,JOHN MULLIGAN'S FIRESIDE PUB,Irish,Wakefield-Woodlawn,Bronx,BX1203,40.89778438017,-73.867218605
restaurant,JP KELLY'S PUB,Irish,Wakefield-Woodlawn,Bronx,BX1203,40.89557934878,-73.87614283293
restaurant,JUST ONE TAVERN,Irish,Wakefield-Woodlawn,Bronx,BX1203,40.89789970826,-73.86726178063
restaurant,KAIETEUR RESTAURANT,Caribbean,Wakefield-Woodlawn,Bronx,BX1203,40.89782701066,-73.85480053909
restaurant,KATONAH PIZZA,Pizza,Wakefield-Woodlawn,Bronx,BX1203,40.89879193216,-73.86742638732
restaurant,KENNEDY FRIED CHICKEN,Chicken,Wakefield-Woodlawn,Bronx,BX1203,40.89380617293,-73.85713509945
restaurant,KENNEDY FRIED CHICKEN,Chicken,Wakefield-Woodlawn,Bronx,BX1203,40.9038784527,-73.85000484006
restaurant,KENNEDY'S FRIED CHICKEN & PIZZA,Chicken,Wakefield-Woodlawn,Bronx,BX1203,40.89852617572,-73.8542166242
restaurant,KOMEME AHORA,Latin American,Wakefield-Woodlawn,Bronx,BX1203,40.89164758103,-73.8583514185
restaurant,KRYSTAL RESTAURANT,African,Wakefield-Woodlawn,Bronx,BX1203,40.89117578373,-73.8585911415
restaurant,LAST STOP BAR & GRILL,Latin American,Wakefield-Woodlawn,Bronx,BX1203,40.90234035615,-73.85130700211
restaurant,LITTLE CAESARS,Pizza,Wakefield-Woodlawn,Bronx,BX1203,40.90374687635,-73.85013537042
restaurant,LOLLIPOPS ICE CREAM,Frozen Desserts,Wakefield-Woodlawn,Bronx,BX1203,40.89364078869,-73.8439261331
restaurant,MCDONALD'S,Hamburgers,Wakefield-Woodlawn,Bronx,BX1203,40.89287909174,-73.85764709221
restaurant,MCDONALD'S,Hamburgers,Wakefield-Woodlawn,Bronx,BX1203,40.9029306479,-73.84933412894
restaurant,MUGHAL CURRY SPOT,Indian,Wakefield-Woodlawn,Bronx,BX1203,40.89769103901,-73.86720070603
restaurant,NEFER BOOK CAFE,Coffee/Tea,Wakefield-Woodlawn,Bronx,BX1203,40.90356907728,-73.85060243723
restaurant,NEW CHINA GARDEN,Chinese,Wakefield-Woodlawn,Bronx,BX1203,40.89805291669,-73.85329888432
restaurant,PAULS BAKERY,Bakery Products/Desserts,Wakefield-Woodlawn,Bronx,BX1203,40.89778036423,-73.85481149309
restaurant,PEPPER'S CARIBBEAN RESTAURANT AND BAR,Caribbean,Wakefield-Woodlawn,Bronx,BX1203,40.90127091221,-73.85207991594
restaurant,PEPPINO'S PIZZA,Pizza,Wakefield-Woodlawn,Bronx,BX1203,40.9035713986,-73.8502768522
restaurant,POPEYES,Chicken,Wakefield-Woodlawn,Bronx,BX1203,40.89826846593,-73.85444869647
restaurant,RADIX HOSPITALITY RESTAURANT,Seafood,Wakefield-Woodlawn,Bronx,BX1203,40.89108266142,-73.85008084354
restaurant,RAMBLING HOUSE,Irish,Wakefield-Woodlawn,Bronx,BX1203,40.89842403625,-73.86733669217
restaurant,RED FLOWER,Chinese,Wakefield-Woodlawn,Bronx,BX1203,40.90434751495,-73.84978672161
restaurant,RINCON LATINO RESTAURANT,Latin American,Wakefield-Woodlawn,Bronx,BX1203,40.89750068184,-73.85503275687
restaurant,ST BESS RESTAURANT,Caribbean,Wakefield-Woodlawn,Bronx,BX1203,40.90141233767,-73.84689219767
restaurant,STOP AT THE STOP SWEET POT RESTAURANT & COCKTAIL,Caribbean,Wakefield-Woodlawn,Bronx,BX1203,40.89134169465,-73.85087235494
restaurant,SUBWAY,Sandwiches,Wakefield-Woodlawn,Bronx,BX1203,40.89082640536,-73.84931826686
restaurant,SUPER KENNEDY FRIED CHICKEN,Chicken,Wakefield-Woodlawn,Bronx,BX1203,40.89298331478,-73.85758537959
restaurant,TACO BELL,Tex-Mex,Wakefield-Woodlawn,Bronx,BX1203,40.89291200146,-73.85762531964
restaurant,TACO TEK MEXICAN GRILL,Mexican,Wakefield-Woodlawn,Bronx,BX1203,40.89801891209,-73.85461925578
restaurant,THE AVENUE,Irish,Wakefield-Woodlawn,Bronx,BX1203,40.90046929352,-73.86771965407
restaurant,THE BURREN PUBLIC HOUSE,Irish,Wakefield-Woodlawn,Bronx,BX1203,40.90006298442,-73.8676408839
restaurant,THE HIDEOUT TAVERN,Irish,Wakefield-Woodlawn,Bronx,BX1203,40.8964251709,-73.87154745592
restaurant,THE OAKLEAF,Irish,Wakefield-Woodlawn,Bronx,BX1203,40.8979765519,-73.86725439209
restaurant,THE PADDOCK,Irish,Wakefield-Woodlawn,Bronx,BX1203,40.89916804128,-73.86749798047
restaurant,TOP CHOICE,Caribbean,Wakefield-Woodlawn,Bronx,BX1203,40.89862845776,-73.85479154698
restaurant,TOTOPOS,Mexican,Wakefield-Woodlawn,Bronx,BX1203,40.89228938048,-73.85797388423
restaurant,VIBEZ N JUICE,"Juice, Smoothies, Fruit Salads",Wakefield-Woodlawn,Bronx,BX1203,40.89277757042,-73.85547351561
restaurant,WEMBLEY ATHLETIC CLUB,American,Wakefield-Woodlawn,Bronx,BX1203,40.90178481641,-73.85692615797
restaurant,WONDERFUL,Chinese,Wakefield-Woodlawn,Bronx,BX1203,40.90116519785,-73.8619810343
restaurant,ZENY'S PIZZA,Pizza,Wakefield-Woodlawn,Bronx,BX1203,40.8985198674,-73.84932246209
restaurant,3A'S LEGACY SALAD & GRILL,Soups/Salads/Sandwiches,West Farms,Bronx,BX0601,40.84040700456,-73.87314504772
restaurant,ALITALIA PIZZA RESTAURANT,Pizza,West Farms,Bronx,BX0601,40.83991617063,-73.87609507402
restaurant,BIG APPLE CHINESE BUFFET & TAKE OUT,Chinese,West Farms,Bronx,BX0601,40.84158163418,-73.88339619243
restaurant,CARIBBEAN SUNSHINE RESTAURANT,Caribbean,West Farms,Bronx,BX0601,40.83997463372,-73.87686114966
restaurant,DOMINO'S,Pizza,West Farms,Bronx,BX0601,40.84175212266,-73.88370671162
restaurant,DUNKIN,Donuts,West Farms,Bronx,BX0601,40.83997463372,-73.87686114966
restaurant,FOOD HAI CHINESE RESTAURANT,Chinese,West Farms,Bronx,BX0601,40.84101746492,-73.87928791183
restaurant,HAPPY GARDEN CHINESE RESTAURANT,Chinese,West Farms,Bronx,BX0601,40.84478888434,-73.88207492829
restaurant,JIMBO'S HAMBURGER PALACE,Hamburgers,West Farms,Bronx,BX0601,40.83918528037,-73.87792152916
restaurant,LUCKY HOUSE,Chinese,West Farms,Bronx,BX0601,40.83988787097,-73.87530725852
restaurant,MACCA RESTAURANT,Middle Eastern,West Farms,Bronx,BX0601,40.84422600435,-73.86920175101
restaurant,MCDONALDS,American,West Farms,Bronx,BX0601,40.83999137684,-73.87711771829
restaurant,PIZZA ITALIA 1,Pizza,West Farms,Bronx,BX0601,40.84566076837,-73.88384442765
restaurant,POLLO SABROSO,Spanish,West Farms,Bronx,BX0601,40.84558096636,-73.88364216195
restaurant,SAN PEDRO PIZZA,Pizza,West Farms,Bronx,BX0601,40.84478888434,-73.88207492829
restaurant,SUBWAY,Sandwiches,West Farms,Bronx,BX0601,40.840762474,-73.87954497902
restaurant,TEXAS CHICKEN & BURGERS,Chicken,West Farms,Bronx,BX0601,40.84600122836,-73.88395587751
restaurant,5 STARS PIZZA PASTA & BURGERS II,Pizza,Westchester Square,Bronx,BX1001,40.84267284056,-73.85143365684
restaurant,ALCANTARA 05 RESTAURANT,Spanish,Westchester Square,Bronx,BX1001,40.8405630601,-73.852150367
restaurant,BRASAS,American,Westchester Square,Bronx,BX1001,40.84265706647,-73.84571236914
restaurant,CARIDAD,Latin American,Westchester Square,Bronx,BX1001,40.8430484487,-73.84488379473
restaurant,CESTRAS PIZZA III,Pizza,Westchester Square,Bronx,BX1001,40.84221287126,-73.84401472739
restaurant,CHIPOTLE MEXICAN GRILL #3426,Tex-Mex,Westchester Square,Bronx,BX1001,40.84130894007,-73.84334462225
restaurant,COCONUT PALM BAR AND GRILL,Caribbean,Westchester Square,Bronx,BX1001,40.83731625411,-73.84605005714
restaurant,China Wok,Chinese,Westchester Square,Bronx,BX1001,40.84414771247,-73.8459004569
restaurant,DAISY'S JUICE BAR AND CAFE,"Juice, Smoothies, Fruit Salads",Westchester Square,Bronx,BX1001,40.8431480285,-73.84545461395
restaurant,DUNKIN,Donuts,Westchester Square,Bronx,BX1001,40.83680651674,-73.84663669452
restaurant,DUNKIN' BASKIN ROBINS,Donuts,Westchester Square,Bronx,BX1001,40.84258547524,-73.84554266728
restaurant,EL BUEN SAZON DELI RESTAURANT,Latin American,Westchester Square,Bronx,BX1001,40.83140760191,-73.84458942656
restaurant,EL CARTEL,Latin American,Westchester Square,Bronx,BX1001,40.84292246516,-73.84921395235
restaurant,EL FOGON KITCHEN,Latin American,Westchester Square,Bronx,BX1001,40.83526547399,-73.8519670385
restaurant,EL NUEVO BOHIO TROPICAL,Latin American,Westchester Square,Bronx,BX1001,40.84064193086,-73.84331728604
restaurant,ESTRELLITA POBLANA,Mexican,Westchester Square,Bronx,BX1001,40.84203990412,-73.84397899257
restaurant,FOGON RESTAURANT,Latin American,Westchester Square,Bronx,BX1001,40.84235141379,-73.84497939581
restaurant,GEORGE'S DINER & CAFE,American,Westchester Square,Bronx,BX1001,40.83664762108,-73.84686112404
restaurant,HONEYBEAN CAFE & BAKERY,Coffee/Tea,Westchester Square,Bronx,BX1001,40.83681391773,-73.85228521773
restaurant,Halal Fresh Chinese & Indian Cuisine,Indian,Westchester Square,Bronx,BX1001,40.83431673028,-73.85057062741
restaurant,JADE GARDEN,Chinese,Westchester Square,Bronx,BX1001,40.83738476587,-73.8459703913
restaurant,JUICY KING CRAB EXPRESS,Seafood,Westchester Square,Bronx,BX1001,40.84263503096,-73.84565459281
restaurant,JULESRUBY LOUNGE RENTAL,American,Westchester Square,Bronx,BX1001,40.84009758996,-73.8426716511
restaurant,KAI SUSHI ASIAN FUSION,Asian/Asian Fusion,Westchester Square,Bronx,BX1001,40.84374101189,-73.8455435882
restaurant,KARIBBEAN KRAVE,Caribbean,Westchester Square,Bronx,BX1001,40.84129207218,-73.84305191565
restaurant,KENNEDY CHICKEN,Chicken,Westchester Square,Bronx,BX1001,40.84089048562,-73.84242762187
restaurant,KENNEDY CHICKEN & PIZZA,Chicken,Westchester Square,Bronx,BX1001,40.83431673028,-73.85057062741
restaurant,KING HOUSE,Chinese,Westchester Square,Bronx,BX1001,40.83693535029,-73.84650990932
restaurant,LA CASITA DE YOLI,Latin American,Westchester Square,Bronx,BX1001,40.841354525,-73.84868623888
restaurant,LITTLE CAESARS,Pizza,Westchester Square,Bronx,BX1001,40.84161379735,-73.84348485428
restaurant,LJUBO'S PIZZERIA,Pizza,Westchester Square,Bronx,BX1001,40.84043332631,-73.84331416514
restaurant,MCDERMOTT'S PUB,American,Westchester Square,Bronx,BX1001,40.84294873949,-73.84625744093
restaurant,MCDONALD'S,Hamburgers,Westchester Square,Bronx,BX1001,40.84043332631,-73.84331416514
restaurant,MZ INEZ JERK HUT,Caribbean,Westchester Square,Bronx,BX1001,40.84265706647,-73.84571236914
restaurant,NATIONAL DINER,American,Westchester Square,Bronx,BX1001,40.84009758996,-73.8426716511
restaurant,PAPA JOHN'S,Pizza,Westchester Square,Bronx,BX1001,40.83431673028,-73.85057062741
restaurant,PEKING HOUSE,Chinese,Westchester Square,Bronx,BX1001,40.84258871412,-73.85217837561
restaurant,PINK BITES PASTRY AND COFFEE SHOP,Bakery Products/Desserts,Westchester Square,Bronx,BX1001,40.83536785317,-73.84838911767
restaurant,POPEYES,Chicken,Westchester Square,Bronx,BX1001,40.83984001527,-73.84298668711
restaurant,PRIME ASIAN LOUNGE,Other,Westchester Square,Bronx,BX1001,40.83432485164,-73.85048387853
restaurant,SHAH'S HALAL FOOD,Middle Eastern,Westchester Square,Bronx,BX1001,40.84020720101,-73.84254128347
restaurant,SKYVIEW DINER,American,Westchester Square,Bronx,BX1001,40.8365791087,-73.84694078808
restaurant,SOCIAL 101 CAFE,American,Westchester Square,Bronx,BX1001,40.84168250424,-73.84354974716
restaurant,STOP & GO DELI,Sandwiches,Westchester Square,Bronx,BX1001,40.84009758996,-73.8426716511
restaurant,TACO BELL,Tex-Mex,Westchester Square,Bronx,BX1001,40.84099228837,-73.84260808669
restaurant,TAQUERIA TEOCINTLE,Tex-Mex,Westchester Square,Bronx,BX1001,40.83728511562,-73.84739812733
restaurant,TEQUILA NIGHT LOUNGE,American,Westchester Square,Bronx,BX1001,40.84259413848,-73.85212776437
restaurant,TEX MEX RESTAURANT,Tex-Mex,Westchester Square,Bronx,BX1001,40.83594881896,-73.84769392708
restaurant,VIBRA,Spanish,Westchester Square,Bronx,BX1001,40.84026201144,-73.84247971357
restaurant,WENDY'S,American,Westchester Square,Bronx,BX1001,40.84267077557,-73.84570149454
restaurant,WHITE CASTLE,Hamburgers,Westchester Square,Bronx,BX1001,40.84063045421,-73.8409572941
restaurant,WILLIAMS CAFE,American,Westchester Square,Bronx,BX1001,40.84047229287,-73.84170579433
restaurant,WINGSTOP,Chicken,Westchester Square,Bronx,BX1001,40.8417073003,-73.84361835798
restaurant,AGRA GRILL AND RESTAURANT,Indian,Williamsbridge-Olinville,Bronx,BX1201,40.88457368822,-73.86226153515
restaurant,ALCHOLOS BAKERY,Bakery Products/Desserts,Williamsbridge-Olinville,Bronx,BX1201,40.88438442824,-73.8623668074
restaurant,BIG WONG CHINESE KITCHEN,Chinese,Williamsbridge-Olinville,Bronx,BX1201,40.88438985057,-73.84918463501
restaurant,BRAVO AFRICAN RESTAURANT 2,African,Williamsbridge-Olinville,Bronx,BX1201,40.88268927941,-73.863281666
restaurant,CARIBBEAN CONNECTION CATERING SERVICES INC RESTAURANT,Caribbean,Williamsbridge-Olinville,Bronx,BX1201,40.88408819235,-73.84938422887
restaurant,CHAI HWA RESTAURANT,Chinese,Williamsbridge-Olinville,Bronx,BX1201,40.88309797138,-73.86305298696
restaurant,CHAMPION BAKERY,Caribbean,Williamsbridge-Olinville,Bronx,BX1201,40.88798306444,-73.86034120905
restaurant,CHECKERS,Hamburgers,Williamsbridge-Olinville,Bronx,BX1201,40.8763020015,-73.86303087781
restaurant,D'ANGELO'S PIZZA,Pizza,Williamsbridge-Olinville,Bronx,BX1201,40.87539563274,-73.86024480562
restaurant,DOMINO'S,Pizza,Williamsbridge-Olinville,Bronx,BX1201,40.88526216129,-73.86188398179
restaurant,DREAM STATION,Chinese,Williamsbridge-Olinville,Bronx,BX1201,40.88385778394,-73.86265360346
restaurant,DUNKIN,Donuts,Williamsbridge-Olinville,Bronx,BX1201,40.87645352028,-73.86350065374
restaurant,EKO SUYA SPOT,African,Williamsbridge-Olinville,Bronx,BX1201,40.8809722335,-73.86425438373
restaurant,EL MESON RESTAURANT,Spanish,Williamsbridge-Olinville,Bronx,BX1201,40.88399493344,-73.86258098936
restaurant,FEROZA'S ROTI BAR,Caribbean,Williamsbridge-Olinville,Bronx,BX1201,40.87141496488,-73.86649045272
restaurant,FLAMEZ CUISINE,Caribbean,Williamsbridge-Olinville,Bronx,BX1201,40.88051694304,-73.85772067495
restaurant,FLAMIN' WOK JAMAICAN CHINESE,Caribbean,Williamsbridge-Olinville,Bronx,BX1201,40.87135216545,-73.86211908591
restaurant,FRANK'S SOUP BOWL,Caribbean,Williamsbridge-Olinville,Bronx,BX1201,40.87730230145,-73.85949224606
restaurant,FRESH CHOICE,Sandwiches/Salads/Mixed Buffet,Williamsbridge-Olinville,Bronx,BX1201,40.87138832285,-73.8648308567
restaurant,FRONT PAGE RESTAURANT,Caribbean,Williamsbridge-Olinville,Bronx,BX1201,40.88678429383,-73.85424970587
restaurant,GOLD STAR JERK CENTER,Caribbean,Williamsbridge-Olinville,Bronx,BX1201,40.88315831642,-73.86302031424
restaurant,GOLDEN KRUST CARIBBEAN BAKERY & GRILL,Caribbean,Williamsbridge-Olinville,Bronx,BX1201,40.87813351396,-73.86602127311
restaurant,GOLDEN KRUST CARIBBEAN RESTAURANT,Caribbean,Williamsbridge-Olinville,Bronx,BX1201,40.88394278811,-73.86258471404
restaurant,HAPPI CONE ICE CREAM AND CAFE,Caribbean,Williamsbridge-Olinville,Bronx,BX1201,40.88624254644,-73.85560350895
restaurant,HOLYFRUITS JUICE PRESS,Vegan,Williamsbridge-Olinville,Bronx,BX1201,40.88662534936,-73.86110356396
restaurant,JAM-ROCK CUISINE,Caribbean,Williamsbridge-Olinville,Bronx,BX1201,40.88084058086,-73.86433421241
restaurant,JAMAICA BREEZE RESTAURANT,Caribbean,Williamsbridge-Olinville,Bronx,BX1201,40.88563766551,-73.8614492099
restaurant,K & Q RESTAURANT,Chinese,Williamsbridge-Olinville,Bronx,BX1201,40.87142082763,-73.86681224677
restaurant,KENNEDY CHICKEN & BURGER,Chicken,Williamsbridge-Olinville,Bronx,BX1201,40.88549794967,-73.85498669974
restaurant,KENNEDY CHICKEN & PIZZA,Chicken,Williamsbridge-Olinville,Bronx,BX1201,40.88627656313,-73.84792537511
restaurant,KENNEDY FRIED CHICKEN,American,Williamsbridge-Olinville,Bronx,BX1201,40.87807042752,-73.86605756232
restaurant,KENNEDY FRIED CHICKEN,Chicken,Williamsbridge-Olinville,Bronx,BX1201,40.88818878638,-73.86023227382
restaurant,KFC,Chicken,Williamsbridge-Olinville,Bronx,BX1201,40.87352461386,-73.85432588986
restaurant,KING HUMMINGBIRD,Caribbean,Williamsbridge-Olinville,Bronx,BX1201,40.87513727672,-73.85121619896
restaurant,KINGSTON TROPICAL BAKERY,Caribbean,Williamsbridge-Olinville,Bronx,BX1201,40.88861120439,-73.86001076141
restaurant,LA ESTRELLA TROPICAL,Spanish,Williamsbridge-Olinville,Bronx,BX1201,40.87139134369,-73.8650658772
restaurant,LACONIA PIZZERIA,Pizza,Williamsbridge-Olinville,Bronx,BX1201,40.88462843217,-73.84902496487
restaurant,LES Q CARIBBEAN RESTAURANT,Caribbean,Williamsbridge-Olinville,Bronx,BX1201,40.88332560485,-73.85616318522
restaurant,LIN'S GARDEN,Chinese,Williamsbridge-Olinville,Bronx,BX1201,40.888147642,-73.86025406092
restaurant,LITTLE CAESARS,Pizza,Williamsbridge-Olinville,Bronx,BX1201,40.88744823511,-73.86066422075
restaurant,MAMA G AFRICAN KITCHEN,African,Williamsbridge-Olinville,Bronx,BX1201,40.88031671446,-73.86465351832
restaurant,MOROCHO JUICE BAR & GRILL,"Juice, Smoothies, Fruit Salads",Williamsbridge-Olinville,Bronx,BX1201,40.87658025761,-73.86390539331
restaurant,NEW RAINBOW RESTAURANT,Chinese,Williamsbridge-Olinville,Bronx,BX1201,40.88593688333,-73.86148474979
restaurant,NEW WAH KWONG RESTAURANT,Chinese,Williamsbridge-Olinville,Bronx,BX1201,40.87141963327,-73.86578536304
restaurant,PAPA JOHN'S PIZZA,Pizza,Williamsbridge-Olinville,Bronx,BX1201,40.88658697574,-73.86114704394
restaurant,PEPPA'S,Caribbean,Williamsbridge-Olinville,Bronx,BX1201,40.88008359197,-73.86480587804
restaurant,PIZZA HUT,Pizza,Williamsbridge-Olinville,Bronx,BX1201,40.87635159163,-73.86318626609
restaurant,POPEYES,Chicken,Williamsbridge-Olinville,Bronx,BX1201,40.87874790938,-73.86565841063
restaurant,RB'S DELIGHT,Caribbean,Williamsbridge-Olinville,Bronx,BX1201,40.87520552451,-73.85965218219
restaurant,ROCA TONE SEAFOOD RESTAURANT,Caribbean,Williamsbridge-Olinville,Bronx,BX1201,40.88258230845,-73.86334336572
restaurant,SAUCE BOSS WINGS,American,Williamsbridge-Olinville,Bronx,BX1201,40.88455720258,-73.86224710338
restaurant,SEA JAMMINS CARIBBEAN CUISINE,Caribbean,Williamsbridge-Olinville,Bronx,BX1201,40.88256586892,-73.85660603672
restaurant,SING LONG ZHU KITCHEN,Chinese,Williamsbridge-Olinville,Bronx,BX1201,40.87937049116,-73.86525574622
restaurant,SNACK STATION,Fusion,Williamsbridge-Olinville,Bronx,BX1201,40.87880273616,-73.86560044023
restaurant,SUBWAY,Sandwiches,Williamsbridge-Olinville,Bronx,BX1201,40.88794192004,-73.86036299601
restaurant,THE PIZZA PLACE & RESTAURANT,Pizza,Williamsbridge-Olinville,Bronx,BX1201,40.88910765872,-73.85973122121
restaurant,THREE BOYS FROM ITALY PIZZERIA,Pizza,Williamsbridge-Olinville,Bronx,BX1201,40.87142089883,-73.86687371517
restaurant,TOP OF THE HILL CUISINE,Caribbean,Williamsbridge-Olinville,Bronx,BX1201,40.87855100975,-73.86163761145
restaurant,TRIBE NYC,American,Williamsbridge-Olinville,Bronx,BX1201,40.88329820743,-73.85620302563
restaurant,TRIPLE Z'S BAR & LOUNGE,American,Williamsbridge-Olinville,Bronx,BX1201,40.87344399796,-73.86707575573
restaurant,UP TOP GRILL,Caribbean,Williamsbridge-Olinville,Bronx,BX1201,40.87240930026,-73.86713206988
restaurant,WINGSTOP,American,Williamsbridge-Olinville,Bronx,BX1201,40.87662158673,-73.86403910336
