type,name,detail,neighborhood,borough,nta2020,latitude,longitude
farmers_market,Queens County Farm Museum Farm Stand,Wednesday - Sunday,Bellerose,Queens,QN1302,40.748163,-73.719431
farmers_market,Elmhurst Hospital Greenmarket,Tuesday,Elmhurst,Queens,QN0401,40.745794,-73.885489
farmers_market,Flushing Greenmarket,Wednesday,Flushing-Willets Point,Queens,QN0707,40.757731,-73.824852
farmers_market,Forest Hills Greenmarket,Sunday,Forest Hills,Queens,QN0602,40.722054,-73.847155
farmers_market,Jackson Heights Greenmarket,Sunday,Jackson Heights,Queens,QN0301,40.753607,-73.887739
farmers_market,Corona Greenmarket,Friday,North Corona,Queens,QN0303,40.749869,-73.862726
farmers_market,"Queens Farm Farmstand at Queens Community House, Pomonok",Friday,Pomonok-Electchester-Hillcrest,Queens,QN0802,40.735033,-73.814726
farmers_market,Perez Farm Stand,Wednesday,Richmond Hill,Queens,QN0902,40.70236,-73.818531
farmers_market,Edgemere Farm Market,Friday & Saturday,Rockaway Beach-Arverne-Edgemere,Queens,QN1402,40.595255,-73.776524
farmers_market,Far Rock Farm Stand,Tuesday-Saturday,Rockaway Beach-Arverne-Edgemere,Queens,QN1402,40.595572,-73.777001
garden,"Curtis ""50 Cent"" Community Garden",,Baisley Park,Queens,QN1203,40.684648,-73.780947
garden,Merrick-Marsden Neighborhood Association Garden,,Baisley Park,Queens,QN1203,40.686175,-73.7742
garden,Merrick-Marsden Neighborhood Association Garden II,,Baisley Park,Queens,QN1203,40.686739,-73.775038
garden,Phoenix Gate Community Garden,,Baisley Park,Queens,QN1203,40.683284,-73.774076
garden,Cambria Heights Community Garden,,Cambria Heights,Queens,QN1304,40.693278,-73.734015
garden,Corona Peachtree Community Garden,,Corona,Queens,QN0402,40.741388,-73.860084
garden,Mujeres en Movimento Huerto Comunitario,,Corona,Queens,QN0402,40.740967,-73.852752
garden,Sparrow's Nest Community Garden,,Corona,Queens,QN0402,40.740335,-73.85909
garden,Pembroke/Van Nostrand Court Garden,,Douglaston-Little Neck,Queens,QN1103,40.770898,-73.734672
garden,McIntosh Neighborhood Association Garden,,East Elmhurst,Queens,QN0302,40.764081,-73.869527
garden,Community Serenity Garden,,Far Rockaway-Bayswater,Queens,QN1401,40.595586,-73.763592
garden,Seagirt Boulevard Community Garden,,Far Rockaway-Bayswater,Queens,QN1401,40.59561,-73.763372
garden,The Healing Garden,,Far Rockaway-Bayswater,Queens,QN1401,40.597022,-73.768887
garden,Project Eden,,Forest Hills,Queens,QN0602,40.716394,-73.857629
garden,George Eagle Carr Community Garden,,Jamaica,Queens,QN1201,40.70387,-73.807444
garden,FF Michael Brennan Memorial LIC Roots Community Garden,,Long Island City-Hunters Point,Queens,QN0201,40.743372,-73.938243
garden,Long Island City Community Garden,,Long Island City-Hunters Point,Queens,QN0201,40.743432,-73.955078
garden,Smiling Hogshead Ranch,,Long Island City-Hunters Point,Queens,QN0201,40.743163,-73.943472
garden,97th Street Community Garden,,North Corona,Queens,QN0303,40.756146,-73.871437
garden,Malcolm X Garden,,North Corona,Queens,QN0303,40.757571,-73.857711
garden,Two Coves Community Garden,,Old Astoria-Hallets Point,Queens,QN0102,40.771972,-73.932086
garden,Evergreen Community Garden,,Queensboro Hill,Queens,QN0706,40.748464,-73.820845
garden,Windmill Community Garden,,Queensbridge-Ravenswood-Dutch Kills,Queens,QN0105,40.753098,-73.935209
garden,Sunset Garden,,Ridgewood,Queens,QN0502,40.708407,-73.916937
garden,Bay 84th Street Community Garden,,Rockaway Beach-Arverne-Edgemere,Queens,QN1402,40.591121,-73.809828
garden,Beach 91 Community Garden,,Rockaway Beach-Arverne-Edgemere,Queens,QN1402,40.585266,-73.813136
garden,Edgemere Farm,,Rockaway Beach-Arverne-Edgemere,Queens,QN1402,40.595017,-73.776744
garden,Far Rock Urban Agro-Education Center,,Rockaway Beach-Arverne-Edgemere,Queens,QN1402,40.595195,-73.776495
garden,The Garden By The Bay,,Rockaway Beach-Arverne-Edgemere,Queens,QN1402,40.598131,-73.774778
garden,We Rose In Together Community Garden - Hammel Houses (NYCHA),,Rockaway Beach-Arverne-Edgemere,Queens,QN1402,40.589206,-73.809992
garden,Back To Eden Community Garden,,South Jamaica,Queens,QN1202,40.689588,-73.803594
garden,Dunton Community Garden,,South Jamaica,Queens,QN1202,40.689639,-73.805801
garden,George Washington Carver Botanical Garden,,South Jamaica,Queens,QN1202,40.692392,-73.794831
garden,Liberty Collective Learning Gardeners,,South Jamaica,Queens,QN1202,40.701593,-73.783387
garden,Paradise Community Garden NY,,South Jamaica,Queens,QN1202,40.690572,-73.804028
garden,Trees of Life Organic Garden,,South Jamaica,Queens,QN1202,40.701593,-73.783387
garden,Garden of Resilience,,Springfield Gardens (South)-Brookville,Queens,QN1306,40.66381,-73.765668
garden,Senior Citizens Garden Club,,St. Albans,Queens,QN1205,40.690173,-73.768345
garden,The CPT Samuel E. & Katherine Whaley Husbands Legacy of Love Permaculture Garden,,St. Albans,Queens,QN1205,40.691761,-73.761989
pops,Rockaway Village,,Far Rockaway-Bayswater,Queens,QN1401,40.6053,-73.753265
pops,Flushing Commons,Publicly Accessible Open Space,Flushing-Willets Point,Queens,QN0707,40.761235,-73.827713
pops,Citicorp at Court Square,Landscaped Public Open Space; Pedestrian Circulation Space,Long Island City-Hunters Point,Queens,QN0201,40.747058,-73.944064
pops,Rego Park Mall,Publicly Accessible Pedestrian Area,Rego Park,Queens,QN0601,40.733127,-73.863031
pops,Public plaza in Woodside,Pedestrian Walkway,Woodside,Queens,QN0203,40.739699,-73.89534
public_art,Aristotle,Statue,Astoria (Central),Queens,QN0103,40.767681,-73.922589
public_art,Athena,Statue,Astoria (Central),Queens,QN0103,40.767581,-73.922501
public_art,Doric Columns,Columns,Astoria (Central),Queens,QN0103,40.767778,-73.922278
public_art,Socrates,Statue,Astoria (Central),Queens,QN0103,40.767812,-73.922345
public_art,Sophocles,Statue,Astoria (Central),Queens,QN0103,40.767584,-73.922377
public_art,Christopher Columbus,Statue,Astoria (North)-Ditmars-Steinway,Queens,QN0101,40.770032,-73.917455
public_art,Columbus Square Tablet,Plaque,Astoria (North)-Ditmars-Steinway,Queens,QN0101,40.77012,-73.917662
public_art,Frank J. McManus,"Plaque, stele",Astoria (North)-Ditmars-Steinway,Queens,QN0101,40.768736,-73.888603
public_art,Peter Chappetto Flagstaff,"Flagstaff, plaque",Astoria (North)-Ditmars-Steinway,Queens,QN0101,40.7747106,-73.922238
public_art,Baisley Pond Park Memorial,"Stele, plinth",Baisley Park,Queens,QN1203,40.674763,-73.787371
public_art,Bayside Civil War Boulder,"Plaque, boulder",Bayside,Queens,QN1102,40.755808,-73.764464
public_art,Bayside Hills Memorial Flagstaff,Plaque,Bayside,Queens,QN1102,40.752384,-73.764547
public_art,Stein-Goldie Veterans Square,Artillery,Bellerose,Queens,QN1302,40.743321,-73.718534
public_art,Belle Harbor Memorial Circle,Plaque,Breezy Point-Belle Harbor-Rockaway Park-Broad Channel,Queens,QN1403,40.578641,-73.84104
public_art,Broad Channel Memorial Park Flagstaff,"Flagstaff base, plaque",Breezy Point-Belle Harbor-Rockaway Park-Broad Channel,Queens,QN1403,40.601215,-73.820055
public_art,Broad Channel Memorial Park Plaque,Plaque,Breezy Point-Belle Harbor-Rockaway Park-Broad Channel,Queens,QN1403,40.610473,-73.81882
public_art,Flight 587 Memorial,Memorial wall,Breezy Point-Belle Harbor-Rockaway Park-Broad Channel,Queens,QN1403,40.578008,-73.836167
public_art,Rockaway Mosaic,Mosaic,Breezy Point-Belle Harbor-Rockaway Park-Broad Channel,Queens,QN1403,40.577715,-73.835982
public_art,College Point War Memorial,Stele,College Point,Queens,QN0701,40.783229,-73.841651
public_art,Conrad Poppenhusen Memorial,"Bust, pedestal",College Point,Queens,QN0701,40.787861,-73.845823
public_art,Flanders Field Flagstaff,"Flagstaff, plaque",Corona,Queens,QN0402,40.74879,-73.861698
public_art,Joseph Lisa,Plaque,Corona,Queens,QN0402,40.743583,-73.855306
public_art,Ten Heroes Plaza flagstaff,"Flagstaff base, plaque",Corona,Queens,QN0402,40.739972,-73.853056
public_art,William F. Moore Memorial,Flagstaff base,Corona,Queens,QN0402,40.743667,-73.855417
public_art,Alfred J. Kennedy Memorial Flagstaff,"Flagstaff base, plaque",Flushing-Willets Point,Queens,QN0707,40.763053,-73.83148
public_art,Edith G. Bowdoin ASPCA Horse Trough,Basin,Flushing-Willets Point,Queens,QN0707,40.763468,-73.829864
public_art,Flushing Memorial,Exedra,Flushing-Willets Point,Queens,QN0707,40.763658,-73.829153
public_art,Flushing Park Memorial,Obelisk,Flushing-Willets Point,Queens,QN0707,40.763383,-73.830149
public_art,Goldenrain Corners,Ornamental gates,Flushing-Willets Point,Queens,QN0707,40.75981039,-73.83231
public_art,Weeping Beech Tree Landmark Plaque,"Plaque, medallion",Flushing-Willets Point,Queens,QN0707,40.76362,-73.823833
public_art,Gerald MacDonald,Statue,Forest Hills,Queens,QN0602,40.72197,-73.846038
public_art,Glendale War Memorial,"Plaque, stele",Glendale,Queens,QN0503,40.701848,-73.880872
public_art,Sergeant Edward R. Miller,"Plaque, stele",Glendale,Queens,QN0503,40.705529,-73.876612
public_art,Soldiers and Sailors Monument,Statue,Jamaica,Queens,QN1201,40.711676,-73.788544
public_art,The Wheel of Justice,Sculpture,Jamaica,Queens,QN1201,40.704406,-73.808802
public_art,Wingdale,Sculpture,Jamaica,Queens,QN1201,40.711889,-73.789
public_art,Hollis World War Memorial,"Plaque, stele",Jamaica Estates-Holliswood,Queens,QN0804,40.716814,-73.769232
public_art,Jamaica Estates,"Gatehouse, stele",Jamaica Estates-Holliswood,Queens,QN0804,40.713327,-73.782496
public_art,Robert R. Pellicane,Plaque,Jamaica Estates-Holliswood,Queens,QN0804,40.7168905,-73.7692791
public_art,Captain George H. Tilly,"Plaque, pedestal",Jamaica Hills-Briarwood,Queens,QN0805,40.71123,-73.798789
public_art,Captain George H. Tilly,Stele,Jamaica Hills-Briarwood,Queens,QN0805,40.711221,-73.798811
public_art,Upland Park Memorial,Flagstaff base,Jamaica Hills-Briarwood,Queens,QN0805,40.711315,-73.798554
public_art,Dialogue with the Sun,Kinetic sculpture,Kew Gardens,Queens,QN0901,40.71266,-73.826303
public_art,Job,Sculpture,Kew Gardens,Queens,QN0901,40.710416,-73.834873
public_art,Richard S. Newcombe,Plaque,Kew Gardens,Queens,QN0901,40.713806,-73.830448
public_art,Haym Salomon,Stele,Kew Gardens Hills,Queens,QN0801,40.725893,-73.821134
public_art,Theodor Herzl Memorial,"Flagstaff base, plaque",Kew Gardens Hills,Queens,QN0801,40.723614,-73.820409
public_art,Capt. Malcolm A. Rafferty,Stele,Long Island City-Hunters Point,Queens,QN0201,40.747504,-73.943322
public_art,Luminescence,Site-specific installation,Long Island City-Hunters Point,Queens,QN0201,40.740883,-73.961694
public_art,Sunbather,Sculpture,Long Island City-Hunters Point,Queens,QN0201,40.747612,-73.941058
public_art,Tetherball Monument,Sculpture,Long Island City-Hunters Point,Queens,QN0201,40.742762,-73.960188
public_art,Maspeth Memorial,"Stele, Memorial seat",Maspeth,Queens,QN0501,40.728369,-73.890878
public_art,Middle Village War Memorial,Stele,Middle Village,Queens,QN0504,40.714475,-73.877269
public_art,Corporal William Leonard Square,"Plaque, flagstaff",Murray Hill-Broadway Flushing,Queens,QN0704,40.764093,-73.809595
public_art,Flushing World War Memorial,"Stele, exedra",Murray Hill-Broadway Flushing,Queens,QN0704,40.77209,-73.816583
public_art,Little Dances,Sculpture,North Corona,Queens,QN0303,40.757493,-73.861392
public_art,Firefighting Mosaic,Mosaic,Oakland Gardens-Hollis Hills,Queens,QN1104,40.747067,-73.755823
public_art,Cross-Section,"Installation, mosaic",Ozone Park,Queens,QN1002,40.67379,-73.8476
public_art,Hillcrest Post No. 1078 of the American Legion,"Plaque, stele",Pomonok-Electchester-Hillcrest,Queens,QN0802,40.7213,-73.80544
public_art,Roof Sculpture for 107th Police Precinct,Sculpture,Pomonok-Electchester-Hillcrest,Queens,QN0802,40.730192,-73.810721
public_art,Private Walter B. Robertson,Tree marker,Queens Village,Queens,QN1303,40.718139,-73.735556
public_art,Queens Village-Bellerose Memorial,Stele,Queens Village,Queens,QN1303,40.717999,-73.736044
public_art,Diagonal Sonata,Bas-relief sculpture,Queensbridge-Ravenswood-Dutch Kills,Queens,QN0105,40.757779,-73.939153
public_art,Ridgewood Memorial,"Column, globe, bas-relief, honor roll",Ridgewood,Queens,QN0502,40.700203,-73.906612
public_art,Best on the Beach,Fence,Rockaway Beach-Arverne-Edgemere,Queens,QN1402,40.593527,-73.778887
public_art,Rockaway Veterans Memorial,Statue,Rockaway Beach-Arverne-Edgemere,Queens,QN1402,40.585708,-73.816852
public_art,Rockaway Veterans Memorial Tree Markers,Tree marker,Rockaway Beach-Arverne-Edgemere,Queens,QN1402,40.585672,-73.816993
public_art,Rockaway Women Veterans Monument,Statue,Rockaway Beach-Arverne-Edgemere,Queens,QN1402,40.585917,-73.817
public_art,Catholic War Veterans Memorial,Cross,South Ozone Park,Queens,QN1001,40.675912,-73.816233
public_art,Corporal George J. Wellbrock Memorial,Obelisk,South Ozone Park,Queens,QN1001,40.67887,-73.833569
public_art,Wilbur E. Colyer Square,"Plaque, boulder",South Ozone Park,Queens,QN1001,40.674931,-73.805609
public_art,Morris Park World War Memorial,"Plaque, stele",South Richmond Hill,Queens,QN0903,40.693909,-73.827689
public_art,"John Vincent Daniels, Jr.",Plaque,Sunnyside,Queens,QN0202,40.744154,-73.913093
public_art,Laurel Hill Flagstaff,"Flagstaff base, plaque",Sunnyside,Queens,QN0202,40.730873,-73.918979
public_art,Soldiers Monument,"Obelisk, statue",Sunnyside,Queens,QN0202,40.730916,-73.929794
public_art,Sunnyside Memorial,Obelisk,Sunnyside,Queens,QN0202,40.74282,-73.915703
public_art,Reverend Matthew J. Crosson,Plaque,Woodside,Queens,QN0203,40.743123,-73.895861
public_art,Winfield Memorial,Statue,Woodside,Queens,QN0203,40.739709,-73.899601
public_art,Winged Shadows,Sculpture,Woodside,Queens,QN0203,40.742441,-73.893201
public_art,Woodside Doughboy,Statue,Woodside,Queens,QN0203,40.746266,-73.908758
public_art,Woodside Memorial,"Stele, plaque",Woodside,Queens,QN0203,40.745303,-73.904805
restaurant,3 BROS PIZZA,Pizza,Astoria (Central),Queens,QN0103,40.76856208849,-73.92494783238
restaurant,7TH STREET BURGER,Hamburgers,Astoria (Central),Queens,QN0103,40.76531856591,-73.91806360046
restaurant,ABIYAKI SUSHI HOUSE,Japanese,Astoria (Central),Queens,QN0103,40.76151131692,-73.92573552554
restaurant,AGENDA,Latin American,Astoria (Central),Queens,QN0103,40.76801009778,-73.92043576001
restaurant,ALIADA,Greek,Astoria (Central),Queens,QN0103,40.76262360235,-73.926759482
restaurant,AMADEUS COFFEE,Coffee/Tea,Astoria (Central),Queens,QN0103,40.76594446291,-73.92213856846
restaurant,AMERICAN MUSEUM OF THE MOVING IMAGE,Coffee/Tea,Astoria (Central),Queens,QN0103,40.75619931958,-73.92437707413
restaurant,AMPLE HILLS CREAMERY,Frozen Desserts,Astoria (Central),Queens,QN0103,40.76569516429,-73.91886095236
restaurant,AMYLOS TAVERNA,Greek,Astoria (Central),Queens,QN0103,40.76112013217,-73.92355926454
restaurant,ANASSA TAVERNA,Greek,Astoria (Central),Queens,QN0103,40.77053022414,-73.92107175971
restaurant,ANCLA,Peruvian,Astoria (Central),Queens,QN0103,40.75986399263,-73.92092562029
restaurant,ANDREW BELLUCCI'S PIZZERIA,Pizza,Astoria (Central),Queens,QN0103,40.76455159982,-73.91642923147
restaurant,ANEMI,Greek,Astoria (Central),Queens,QN0103,40.76635320574,-73.92180596257
restaurant,AREPA LADY,Latin American,Astoria (Central),Queens,QN0103,40.75898744626,-73.92778503122
restaurant,AREPAS CAFE,Latin American,Astoria (Central),Queens,QN0103,40.75576248467,-73.92799428194
restaurant,ASAP! PIZZA SPOT,Pizza,Astoria (Central),Queens,QN0103,40.76616457861,-73.91514923942
restaurant,ASTORIA PIZZA / IBIZA JUICE BAR,Pizza,Astoria (Central),Queens,QN0103,40.7664401051,-73.92044847305
restaurant,ATHEN'S BAR & GRILL,Mexican,Astoria (Central),Queens,QN0103,40.7671877564,-73.92201797561
restaurant,AVENUE CAFE,Greek,Astoria (Central),Queens,QN0103,40.76526905454,-73.91791565126
restaurant,BAD HABITS,Latin American,Astoria (Central),Queens,QN0103,40.76153792569,-73.9244504051
restaurant,BAHARI ESTIATORIO,Greek,Astoria (Central),Queens,QN0103,40.76186503655,-73.92519004635
restaurant,BAI SUSHI,Japanese,Astoria (Central),Queens,QN0103,40.75966330354,-73.92046020772
restaurant,BALANCERO,Coffee/Tea,Astoria (Central),Queens,QN0103,40.76268915892,-73.91816431406
restaurant,BAR DALIA,Latin American,Astoria (Central),Queens,QN0103,40.76347660279,-73.92166495635
restaurant,BAREBURGER,American,Astoria (Central),Queens,QN0103,40.76346560897,-73.92164330987
restaurant,BARKADA SOCIAL CLUB,Filipino,Astoria (Central),Queens,QN0103,40.76115861164,-73.92363863547
restaurant,BARZOLA,Latin American,Astoria (Central),Queens,QN0103,40.76116960508,-73.92366028153
restaurant,BASIL BRICK OVEN,Italian,Astoria (Central),Queens,QN0103,40.77064491979,-73.92022681284
restaurant,BB.Q CHICKEN & PUB,Korean,Astoria (Central),Queens,QN0103,40.76528554889,-73.91795173095
restaurant,BELLUCCI PIZZA,Pizza,Astoria (Central),Queens,QN0103,40.76780074393,-73.92336383957
restaurant,BETWEEN THE BAGEL NY,American,Astoria (Central),Queens,QN0103,40.76680018364,-73.92119533027
restaurant,BLEND ASTORIA,Latin American,Astoria (Central),Queens,QN0103,40.76454332348,-73.91637148239
restaurant,BOTTE BAR,Italian,Astoria (Central),Queens,QN0103,40.76331344873,-73.92820268118
restaurant,BRASA PERUVIAN KITCHEN,Peruvian,Astoria (Central),Queens,QN0103,40.76683316779,-73.92126388286
restaurant,BREAK BAR & BILLARDS,American,Astoria (Central),Queens,QN0103,40.7615077191,-73.92442878068
restaurant,BROADWAY CHINA STATION,Chinese,Astoria (Central),Queens,QN0103,40.76160460594,-73.9256848838
restaurant,BROOKLYN BAGEL & COFFEE COMPANY,Bagels/Pretzels,Astoria (Central),Queens,QN0103,40.76040822264,-73.92204760204
restaurant,BROOKLYN BAGEL & COFFEE COMPANY,American,Astoria (Central),Queens,QN0103,40.7649117176,-73.91719409555
restaurant,BUBBA JOE'S,Chicken,Astoria (Central),Queens,QN0103,40.77213630172,-73.92577778695
restaurant,BURGER CLUB,Hamburgers,Astoria (Central),Queens,QN0103,40.76644560212,-73.92045929667
restaurant,BURGER KING,Hamburgers,Astoria (Central),Queens,QN0103,40.7696814136,-73.91623864674
restaurant,BUTCHER BAR,Barbecue,Astoria (Central),Queens,QN0103,40.76454610242,-73.91641840849
restaurant,BZ GRILL,Greek,Astoria (Central),Queens,QN0103,40.770812832,-73.92092340077
restaurant,CAFE TO GO,Coffee/Tea,Astoria (Central),Queens,QN0103,40.76680509502,-73.9203577831
restaurant,CANTINA 35,Fusion,Astoria (Central),Queens,QN0103,40.75844759507,-73.929175329
restaurant,CARAVAN CHICKEN,Peruvian,Astoria (Central),Queens,QN0103,40.76041921638,-73.92206924759
restaurant,CASA GALICIA,Spanish,Astoria (Central),Queens,QN0103,40.76199498462,-73.9185153238
restaurant,CHAMPION PIZZA,Pizza,Astoria (Central),Queens,QN0103,40.76187053313,-73.92520086962
restaurant,CHANO'S CANTINA,Mexican,Astoria (Central),Queens,QN0103,40.75728655347,-73.92916212997
restaurant,CHELA & GARNACHA,Mexican,Astoria (Central),Queens,QN0103,40.75575698609,-73.92797984994
restaurant,CHICK IT OUT,Thai,Astoria (Central),Queens,QN0103,40.76012032385,-73.92249193685
restaurant,CHIDDY'S CHEESESTEAKS,American,Astoria (Central),Queens,QN0103,40.76201147622,-73.91854779203
restaurant,CHIP CITY,Bakery Products/Desserts,Astoria (Central),Queens,QN0103,40.76532771557,-73.91935597333
restaurant,CITRICO,Latin American,Astoria (Central),Queens,QN0103,40.75962030043,-73.92178862925
restaurant,COFFEE AVENUE,Greek,Astoria (Central),Queens,QN0103,40.75762536438,-73.92671085512
restaurant,COFFEE PRO,Coffee/Tea,Astoria (Central),Queens,QN0103,40.77170432034,-73.92416444005
restaurant,COPACABANA,Brazilian,Astoria (Central),Queens,QN0103,40.75649356051,-73.92955641538
restaurant,CREAM N' DIP,Frozen Desserts,Astoria (Central),Queens,QN0103,40.75986124539,-73.92092201385
restaurant,CREATE,American,Astoria (Central),Queens,QN0103,40.76495842012,-73.91725179713
restaurant,CREPE HOUSE,Pancakes/Waffles,Astoria (Central),Queens,QN0103,40.76605797517,-73.91957529882
restaurant,CURRY CONER,Indian,Astoria (Central),Queens,QN0103,40.76603326478,-73.91956449862
restaurant,DALY'S PUB,Irish,Astoria (Central),Queens,QN0103,40.76252910274,-73.92493660746
restaurant,DEJA VU,Mediterranean,Astoria (Central),Queens,QN0103,40.76760508642,-73.91825572386
restaurant,DIAMOND DOGS,American,Astoria (Central),Queens,QN0103,40.76311928936,-73.92094339994
restaurant,DIDI'S HEALTHY DELIGHTS,"Juice, Smoothies, Fruit Salads",Astoria (Central),Queens,QN0103,40.76718225708,-73.92200354162
restaurant,DISTRICT SAIGON,Southeast Asian,Astoria (Central),Queens,QN0103,40.75963031889,-73.92039166293
restaurant,DJERDAN,Eastern European,Astoria (Central),Queens,QN0103,40.76311928936,-73.92094339994
restaurant,DOMINIE'S,American,Astoria (Central),Queens,QN0103,40.76569788607,-73.91882845874
restaurant,DON POLLO'S,Peruvian,Astoria (Central),Queens,QN0103,40.76266483126,-73.92684968315
restaurant,DONER HAUS,German,Astoria (Central),Queens,QN0103,40.76679468669,-73.92118450652
restaurant,DUNKIN,Donuts,Astoria (Central),Queens,QN0103,40.76830649462,-73.92444269724
restaurant,DUNKIN,American,Astoria (Central),Queens,QN0103,40.76079304475,-73.9228701763
restaurant,DUNKIN,Donuts,Astoria (Central),Queens,QN0103,40.75568918308,-73.92496961139
restaurant,DUNKIN' / 'BASKIN ROBBINS,Coffee/Tea,Astoria (Central),Queens,QN0103,40.76329698697,-73.92821352869
restaurant,DUNKIN' / 'BASKIN ROBBINS,American,Astoria (Central),Queens,QN0103,40.76678369031,-73.92115924895
restaurant,DUNKIN' / BASKIN ROBBINS,Donuts,Astoria (Central),Queens,QN0103,40.77064066967,-73.91808951991
restaurant,EATZY THAI,Thai,Astoria (Central),Queens,QN0103,40.7611476182,-73.92361698942
restaurant,EL LADO TACO,Mexican,Astoria (Central),Queens,QN0103,40.7656621787,-73.91879240213
restaurant,EL REY,Mexican,Astoria (Central),Queens,QN0103,40.77123654912,-73.92242479426
restaurant,ELEVENSES,Coffee/Tea,Astoria (Central),Queens,QN0103,40.75806007331,-73.92835275021
restaurant,ELIO'S / PAPA'S PASTA,Italian,Astoria (Central),Queens,QN0103,40.75573774559,-73.92793655695
restaurant,ELYSIAN CAFE,Greek,Astoria (Central),Queens,QN0103,40.76964190009,-73.91854203387
restaurant,EMOJI BURGER,American,Astoria (Central),Queens,QN0103,40.76489522562,-73.91716162624
restaurant,ENTHAICE THAI KITCHEN,Thai,Astoria (Central),Queens,QN0103,40.76345189259,-73.9216541558
restaurant,FAVELA,Brazilian,Astoria (Central),Queens,QN0103,40.76761608087,-73.91827737113
restaurant,FITRITION,"Juice, Smoothies, Fruit Salads",Astoria (Central),Queens,QN0103,40.77073848681,-73.92058051031
restaurant,FLOWER DRUM HOUSE,Chinese,Astoria (Central),Queens,QN0103,40.7704027632,-73.91934258352
restaurant,FRESCO'S GRAND CANTINA,Mexican,Astoria (Central),Queens,QN0103,40.7675273253,-73.920876775
restaurant,GAIA MASALA & BURGER,Indian,Astoria (Central),Queens,QN0103,40.76114212148,-73.9236061664
restaurant,GATA GOLOSA,Latin American,Astoria (Central),Queens,QN0103,40.76223059253,-73.9259657504
restaurant,GEORGE'S MEXICAN GRILL,Mexican,Astoria (Central),Queens,QN0103,40.76853776486,-73.92141348765
restaurant,GOLDEN DRAGON,Chinese,Astoria (Central),Queens,QN0103,40.76311379239,-73.92093257682
restaurant,GOLDEN DRAGON KITCHEN,Chinese,Astoria (Central),Queens,QN0103,40.76311379239,-73.92093257682
restaurant,GOLDEN HOUSE,Chinese,Astoria (Central),Queens,QN0103,40.7652910771,-73.91800587426
restaurant,GRAND AVENUE PIZZA,Pizza,Astoria (Central),Queens,QN0103,40.76563469282,-73.91873828535
restaurant,GREEN APPLE DELIGHT,Jewish/Kosher,Astoria (Central),Queens,QN0103,40.76911087638,-73.92469810655
restaurant,GREEN APPLE GOURMET,American,Astoria (Central),Queens,QN0103,40.75568918308,-73.92496961139
restaurant,GROVE 34 COMEDY CLUB,American,Astoria (Central),Queens,QN0103,40.76145975806,-73.92247954275
restaurant,GYRO WORLD,Mediterranean,Astoria (Central),Queens,QN0103,40.76494470414,-73.91726264421
restaurant,HALF & HALF,Pancakes/Waffles,Astoria (Central),Queens,QN0103,40.77040826793,-73.91936423856
restaurant,HAPPY GARDEN,Chinese,Astoria (Central),Queens,QN0103,40.76748738904,-73.92268910741
restaurant,HAPPY GATHERING,Chinese,Astoria (Central),Queens,QN0103,40.7591730979,-73.92622544892
restaurant,HASHTAG CAFE (#),Bakery Products/Desserts,Astoria (Central),Queens,QN0103,40.7632834637,-73.92853482443
restaurant,HEART OF GOLD,American,Astoria (Central),Queens,QN0103,40.76196477435,-73.9184900921
restaurant,HEI TIKI,Fusion,Astoria (Central),Queens,QN0103,40.76072710261,-73.92276917964
restaurant,HELLO BANGLADESH,Bangladeshi,Astoria (Central),Queens,QN0103,40.75689206805,-73.9304042371
restaurant,HERO THAI & IZAKAYA,Thai,Astoria (Central),Queens,QN0103,40.76073809621,-73.92279082542
restaurant,HONEY FITZ,American,Astoria (Central),Queens,QN0103,40.76227179415,-73.92601263241
restaurant,HONG KONG RESTAURANT,Chinese,Astoria (Central),Queens,QN0103,40.76329698697,-73.92821352869
restaurant,HONZEN,Japanese,Astoria (Central),Queens,QN0103,40.76197027412,-73.91850452466
restaurant,HUTCH ASTORIA,American,Astoria (Central),Queens,QN0103,40.76275092457,-73.92012439806
restaurant,ICON,American,Astoria (Central),Queens,QN0103,40.76180890726,-73.92332022289
restaurant,IL BAMBINO,Sandwiches,Astoria (Central),Queens,QN0103,40.76310829541,-73.9209217537
restaurant,IL NONNO,Italian,Astoria (Central),Queens,QN0103,40.77124755497,-73.92246449506
restaurant,INFINITEA NY,Coffee/Tea,Astoria (Central),Queens,QN0103,40.7717125713,-73.92418970313
restaurant,IRISH WHISKEY BAR,Irish,Astoria (Central),Queens,QN0103,40.76752732282,-73.92087316487
restaurant,JBC RAMEN & DUMPLINGS,Asian/Asian Fusion,Astoria (Central),Queens,QN0103,40.76527733011,-73.91797340116
restaurant,JERUSALEM PITA HOT,Mediterranean,Astoria (Central),Queens,QN0103,40.76855933901,-73.92494061512
restaurant,JHOANES BAKERY & COFFEE,Bakery Products/Desserts,Astoria (Central),Queens,QN0103,40.76114489506,-73.92364948061
restaurant,JJ'S ASIAN FUSION,Asian/Asian Fusion,Astoria (Central),Queens,QN0103,40.76200597902,-73.91853696928
restaurant,JUDY & PUNCH,American,Astoria (Central),Queens,QN0103,40.76567867278,-73.91882848225
restaurant,JUNKO SUSHI,Japanese,Astoria (Central),Queens,QN0103,40.76115039418,-73.92366391342
restaurant,JUNKO SUSHI,Japanese,Astoria (Central),Queens,QN0103,40.76115039418,-73.92366391342
restaurant,KAL,Korean,Astoria (Central),Queens,QN0103,40.76570338324,-73.91883928212
restaurant,KELLY'S BAR,Irish,Astoria (Central),Queens,QN0103,40.76547801302,-73.9265433398
restaurant,KHALO CANTINA,Mexican,Astoria (Central),Queens,QN0103,40.76390262814,-73.92253083751
restaurant,KING OF FALAFEL & SHAWARMA,Middle Eastern,Astoria (Central),Queens,QN0103,40.76225530466,-73.9259801622
restaurant,KING WAH FUSION,Chinese,Astoria (Central),Queens,QN0103,40.77210334132,-73.92574172002
restaurant,KINSHIP COFFEE ROASTERS,Coffee/Tea,Astoria (Central),Queens,QN0103,40.76224158786,-73.92599100704
restaurant,KONDO,Japanese,Astoria (Central),Queens,QN0103,40.76263734686,-73.92679195561
restaurant,KOUKLA ESPRESSO BAR,American,Astoria (Central),Queens,QN0103,40.75842560803,-73.9291284272
restaurant,KROB KREUNG KROB ROS,Thai,Astoria (Central),Queens,QN0103,40.76763807232,-73.91832427583
restaurant,KUNG FU TEA,Coffee/Tea,Astoria (Central),Queens,QN0103,40.76525913471,-73.91941020681
restaurant,KWEEN,Latin American,Astoria (Central),Queens,QN0103,40.76567317561,-73.91881765889
restaurant,LA CASA DEL SABOR,Latin American,Astoria (Central),Queens,QN0103,40.75964958726,-73.92047105327
restaurant,LA SABROSURA,Latin American,Astoria (Central),Queens,QN0103,40.76602776768,-73.91955367514
restaurant,LAS CATRINAS,Mexican,Astoria (Central),Queens,QN0103,40.76152420903,-73.92446125013
restaurant,LE ZIA CAFE,American,Astoria (Central),Queens,QN0103,40.76843842791,-73.92472414107
restaurant,LEO'S PIZZA,Pizza,Astoria (Central),Queens,QN0103,40.75652653969,-73.92962496148
restaurant,LOT'S O BAGELS,Bagels/Pretzels,Astoria (Central),Queens,QN0103,40.76228278714,-73.92603427923
restaurant,MAD FOR CHICKEN,Korean,Astoria (Central),Queens,QN0103,40.76492271486,-73.91721935175
restaurant,MADAME SOUSOU,French,Astoria (Central),Queens,QN0103,40.7631421157,-73.92221405494
restaurant,MAGGIE HALL'S,American,Astoria (Central),Queens,QN0103,40.76568416995,-73.91883930562
restaurant,MAKE BELIEVE BAKESHOP,Bakery Products/Desserts,Astoria (Central),Queens,QN0103,40.77126406494,-73.92252585145
restaurant,MAR'S,New American,Astoria (Central),Queens,QN0103,40.75844194608,-73.92461636385
restaurant,MARVEL,Frozen Desserts,Astoria (Central),Queens,QN0103,40.76458730531,-73.91646167624
restaurant,MASSI'S,Sandwiches,Astoria (Central),Queens,QN0103,40.762648342,-73.92681721254
restaurant,MAYAHUEL,Mexican,Astoria (Central),Queens,QN0103,40.75922254761,-73.92629397784
restaurant,MCCAFFREY & BURKE,Irish,Astoria (Central),Queens,QN0103,40.76752458055,-73.92087677827
restaurant,MCDONALD'S,American,Astoria (Central),Queens,QN0103,40.76153600805,-73.92571744888
restaurant,MCLOUGHLIN'S,Irish,Astoria (Central),Queens,QN0103,40.76188702284,-73.92523333945
restaurant,MELA PIZZA,Pizza,Astoria (Central),Queens,QN0103,40.767529938,-73.92068543492
restaurant,MERMAIDS GENTLEMEN'S CLUB,American,Astoria (Central),Queens,QN0103,40.76388703427,-73.92383765149
restaurant,MEZCALUNA,Mexican,Astoria (Central),Queens,QN0103,40.75884601941,-73.92552553879
restaurant,MI ESPIGUITA,Mexican,Astoria (Central),Queens,QN0103,40.76155796844,-73.9257210341
restaurant,MICHAEL'S RESTAURANT,American,Astoria (Central),Queens,QN0103,40.7611256289,-73.92357008756
restaurant,MILKFLOWER,Pizza,Astoria (Central),Queens,QN0103,40.76309729897,-73.92089649757
restaurant,MIMOZA,Eastern European,Astoria (Central),Queens,QN0103,40.7649529228,-73.91724097401
restaurant,MOA COFFEE,Coffee/Tea,Astoria (Central),Queens,QN0103,40.76027791863,-73.92015625304
restaurant,MOCHIRON IZAKAYA,Japanese,Astoria (Central),Queens,QN0103,40.76565118435,-73.91877075541
restaurant,MOKJA,Korean,Astoria (Central),Queens,QN0103,40.76037248682,-73.9219682297
restaurant,MOM'S KITCHEN & BAR / LILY'S,American,Astoria (Central),Queens,QN0103,40.76376208702,-73.9217079384
restaurant,MOROCCAN BITES BY SIHAM,Moroccan,Astoria (Central),Queens,QN0103,40.7651975214,-73.91393751461
restaurant,NAPOLI PIZZA & PASTA,Pizza,Astoria (Central),Queens,QN0103,40.75730426915,-73.92677618212
restaurant,NENE'S TAQUERIA,Mexican,Astoria (Central),Queens,QN0103,40.75965780652,-73.9204493852
restaurant,NEW YORK CITY BAGEL & COFFEE HOUSE,Bagels/Pretzels,Astoria (Central),Queens,QN0103,40.76605525318,-73.91960779258
restaurant,NEW YORK CITY BAGEL & COFFEE HOUSE,Bagels/Pretzels,Astoria (Central),Queens,QN0103,40.7626291287,-73.92681723373
restaurant,NISI ESTIATORIO,Greek,Astoria (Central),Queens,QN0103,40.76645106661,-73.92042318939
restaurant,NOOK COFFEE,Coffee/Tea,Astoria (Central),Queens,QN0103,40.76347663235,-73.92170827525
restaurant,NOTABLE,Caribbean,Astoria (Central),Queens,QN0103,40.76855934137,-73.9249442253
restaurant,NUEVA VICTORIA,Chinese/Cuban,Astoria (Central),Queens,QN0103,40.76153242904,-73.92443958195
restaurant,NUR THAI,Thai,Astoria (Central),Queens,QN0103,40.7596155759,-73.92712016268
restaurant,NY BAKERY CAFE,Bakery Products/Desserts,Astoria (Central),Queens,QN0103,40.76643735034,-73.92043403606
restaurant,OAKBERRY ACAI,Other,Astoria (Central),Queens,QN0103,40.767316968,-73.92232468391
restaurant,OFF THE HOOK,Seafood,Astoria (Central),Queens,QN0103,40.76710803316,-73.91790254566
restaurant,OFFCITY,Mediterranean,Astoria (Central),Queens,QN0103,40.76151593673,-73.92440350269
restaurant,OLIA,"Juice, Smoothies, Fruit Salads",Astoria (Central),Queens,QN0103,40.76454882089,-73.91638230537
restaurant,OLIVE COFFEE,Coffee/Tea,Astoria (Central),Queens,QN0103,40.76695475546,-73.92246590189
restaurant,OLIVER'S,New American,Astoria (Central),Queens,QN0103,40.75961932484,-73.92037001792
restaurant,OMONIA CAFE,Greek,Astoria (Central),Queens,QN0103,40.76147748159,-73.92436022888
restaurant,OMONIA NEXT DOOR,Bakery Products/Desserts,Astoria (Central),Queens,QN0103,40.76148847489,-73.92438187516
restaurant,ORALE TACOS,Tex-Mex,Astoria (Central),Queens,QN0103,40.76907332307,-73.92604114924
restaurant,OVELIA,Greek,Astoria (Central),Queens,QN0103,40.76571437758,-73.91886092886
restaurant,PAO DE QUEIJO & CO.,Brazilian,Astoria (Central),Queens,QN0103,40.76251610776,-73.92605928813
restaurant,PAPA JOHN'S,Pizza,Astoria (Central),Queens,QN0103,40.75736063966,-73.9291259551
restaurant,PARCEROS BAKERY II,Latin American,Astoria (Central),Queens,QN0103,40.76717676021,-73.92199271775
restaurant,PARIS BAGUETTE,Bakery Products/Desserts,Astoria (Central),Queens,QN0103,40.76679746119,-73.92122782432
restaurant,PARLAY,Latin American,Astoria (Central),Queens,QN0103,40.76492821218,-73.91723017486
restaurant,PETEY'S BURGER,Hamburgers,Astoria (Central),Queens,QN0103,40.76717126333,-73.92198189388
restaurant,PHO ASTORIA,Southeast Asian,Astoria (Central),Queens,QN0103,40.76185953998,-73.92517922308
restaurant,PIG BEACH,Barbecue,Astoria (Central),Queens,QN0103,40.75565898838,-73.92496603604
restaurant,PIKI POKE,Hawaiian,Astoria (Central),Queens,QN0103,40.76264284328,-73.92680277914
restaurant,PINK NORI,Seafood,Astoria (Central),Queens,QN0103,40.7649337095,-73.91724099798
restaurant,POCHANA,Thai,Astoria (Central),Queens,QN0103,40.76603876188,-73.91957532211
restaurant,POKE BURRITO ASTORIA,Hawaiian,Astoria (Central),Queens,QN0103,40.76457081312,-73.91642920727
restaurant,POKEWORKS / SPOT DESSERT BAR,Asian/Asian Fusion,Astoria (Central),Queens,QN0103,40.7667754734,-73.92118452935
restaurant,PYE BOAT NOODLE,Thai,Astoria (Central),Queens,QN0103,40.76038623269,-73.92200070122
restaurant,R&R PIZZA CONNECTION,Pizza,Astoria (Central),Queens,QN0103,40.7591730979,-73.92622544892
restaurant,RALPH'S FAMOUS ITALIAN ICES,Other,Astoria (Central),Queens,QN0103,40.76698767301,-73.9224369826
restaurant,REG'Z NEW YORK PIZZA,Pizza,Astoria (Central),Queens,QN0103,40.75760936795,-73.93193395146
restaurant,REGAL,American,Astoria (Central),Queens,QN0103,40.75493880735,-73.92337147516
restaurant,RIALTO RISTORANTE / BUKALETA,Italian,Astoria (Central),Queens,QN0103,40.77069721047,-73.92042892697
restaurant,RIO BONITO GRILL,Brazilian,Astoria (Central),Queens,QN0103,40.7557789736,-73.92802674947
restaurant,RIVIERA MAYA,Peruvian,Astoria (Central),Queens,QN0103,40.76521123706,-73.9139266668
restaurant,ROSALIE'S,American,Astoria (Central),Queens,QN0103,40.76115311492,-73.92362781244
restaurant,ROTI BOTI,Pakistani,Astoria (Central),Queens,QN0103,40.77196360579,-73.92612457592
restaurant,RUTA OAXACA,Mexican,Astoria (Central),Queens,QN0103,40.76041371951,-73.92205842482
restaurant,S-MEAT & HUESO,Latin American,Astoria (Central),Queens,QN0103,40.75733869274,-73.92914402642
restaurant,SAC'S PLACE,Italian,Astoria (Central),Queens,QN0103,40.75654564673,-73.92512024336
restaurant,SALA,Spanish,Astoria (Central),Queens,QN0103,40.75900939296,-73.92776695899
restaurant,SALERNO PIZZA,Mexican,Astoria (Central),Queens,QN0103,40.76751487792,-73.9227504476
restaurant,SALVATORIA KITCHEN & BAR,Latin American,Astoria (Central),Queens,QN0103,40.7618540434,-73.92516839981
restaurant,SAMPAN CHINESE RESTAURANT,Chinese,Astoria (Central),Queens,QN0103,40.7651920346,-73.91394113173
restaurant,SANFORDS,New American,Astoria (Central),Queens,QN0103,40.76226080116,-73.9259909856
restaurant,SANGRIA,Spanish,Astoria (Central),Queens,QN0103,40.76566490047,-73.91875990853
restaurant,SARAJEVO GRILL,Eastern European,Astoria (Central),Queens,QN0103,40.75730677625,-73.92224255309
restaurant,SERANO BAKERY,Greek,Astoria (Central),Queens,QN0103,40.76528557985,-73.91799505102
restaurant,SEVA INDIAN CUISINE,Indian,Astoria (Central),Queens,QN0103,40.76568688917,-73.91880320198
restaurant,SHERLYN'S BAKERY,Bakery Products/Desserts,Astoria (Central),Queens,QN0103,40.76073259941,-73.92278000253
restaurant,SINGSING CHICKEN & KARAOKE,Chicken,Astoria (Central),Queens,QN0103,40.76329423769,-73.92820631187
restaurant,SIP A CUP,Coffee/Tea,Astoria (Central),Queens,QN0103,40.76855933901,-73.92494061512
restaurant,SLDR BURGER BAR,Hamburgers,Astoria (Central),Queens,QN0103,40.76149119823,-73.92434938383
restaurant,SMOKE & MIRRORS,American,Astoria (Central),Queens,QN0103,40.76523592362,-73.91390497474
restaurant,SNOWDONIA,English,Astoria (Central),Queens,QN0103,40.75845728353,-73.92711421564
restaurant,SOMEDAYS BAKERY,Bakery Products/Desserts,Astoria (Central),Queens,QN0103,40.76900735813,-73.92590042452
restaurant,SONBOBS,Bakery Products/Desserts,Astoria (Central),Queens,QN0103,40.76726144174,-73.91748719238
restaurant,SOTTO LA LUNA,Italian,Astoria (Central),Queens,QN0103,40.75900939296,-73.92776695899
restaurant,STARBUCKS,Coffee/Tea,Astoria (Central),Queens,QN0103,40.76191448687,-73.92525857728
restaurant,SUBWAY,Sandwiches,Astoria (Central),Queens,QN0103,40.7618540434,-73.92516839981
restaurant,SUNBERI,Frozen Desserts,Astoria (Central),Queens,QN0103,40.76531306867,-73.91805277722
restaurant,SUNRISE,Chinese,Astoria (Central),Queens,QN0103,40.76110091887,-73.92355928668
restaurant,SUNSWICK 35/35,American,Astoria (Central),Queens,QN0103,40.75637298536,-73.92551748586
restaurant,SUSURU RAMEN,Japanese,Astoria (Central),Queens,QN0103,40.755732247,-73.92792212496
restaurant,SVL BAR,Greek,Astoria (Central),Queens,QN0103,40.77022393399,-73.91874710506
restaurant,SWEET AFTON / SIDEKICK,New American,Astoria (Central),Queens,QN0103,40.76527832011,-73.91937047341
restaurant,SWEET SCENE ASTORIA,Coffee/Tea,Astoria (Central),Queens,QN0103,40.75809011662,-73.92385874385
restaurant,SWICK 2 GO,Mexican,Astoria (Central),Queens,QN0103,40.75635103666,-73.92553194859
restaurant,T-SWIRL CREPE,Japanese,Astoria (Central),Queens,QN0103,40.76490622028,-73.91718327244
restaurant,TACO VELOZ,Mexican,Astoria (Central),Queens,QN0103,40.75540518105,-73.92722585223
restaurant,TANTRA LOUNGE,American,Astoria (Central),Queens,QN0103,40.75733869274,-73.92914402642
restaurant,TAPYORKA,Brazilian,Astoria (Central),Queens,QN0103,40.75651554737,-73.92960331595
restaurant,TASTE OF ITALY PIZZERIA,Pizza,Astoria (Central),Queens,QN0103,40.76909167257,-73.92471256921
restaurant,TEA AND MILK,Asian/Asian Fusion,Astoria (Central),Queens,QN0103,40.75921982372,-73.92632646798
restaurant,TEAPSY,Coffee/Tea,Astoria (Central),Queens,QN0103,40.76605247807,-73.91956447533
restaurant,THE BARN COFFEE SHOP,Coffee/Tea,Astoria (Central),Queens,QN0103,40.7724375248,-73.92062902184
restaurant,THE CHICKEN SHACK,Chicken,Astoria (Central),Queens,QN0103,40.75987495922,-73.92090755864
restaurant,THE COFFEE LAB,Coffee/Tea,Astoria (Central),Queens,QN0103,40.76307531105,-73.92085320512
restaurant,THE CORNER HOUSE,American,Astoria (Central),Queens,QN0103,40.76077383145,-73.92287019864
restaurant,THE FRENCH WORKSHOP,French,Astoria (Central),Queens,QN0103,40.7633079547,-73.92819546732
restaurant,THE GRAND,New American,Astoria (Central),Queens,QN0103,40.76458730531,-73.91646167624
restaurant,THE GREEN LIC,"Juice, Smoothies, Fruit Salads",Astoria (Central),Queens,QN0103,40.75726583621,-73.93120156062
restaurant,THE IRISH ROVER,Irish,Astoria (Central),Queens,QN0103,40.76611237752,-73.91508071515
restaurant,THE MAD DONKEY,American,Astoria (Central),Queens,QN0103,40.75613901661,-73.92879518487
restaurant,THE MARQUEE/ JIN BROTH,American,Astoria (Central),Queens,QN0103,40.77121458132,-73.92241037862
restaurant,THE NEW PORTALES TAQUERIA,Mexican,Astoria (Central),Queens,QN0103,40.76329698697,-73.92821352869
restaurant,THE PHO HOUSE,Southeast Asian,Astoria (Central),Queens,QN0103,40.75614451284,-73.92880600751
restaurant,TOAST & ROAST,Bagels/Pretzels,Astoria (Central),Queens,QN0103,40.7615269324,-73.92442875879
restaurant,TRUTH,Asian/Asian Fusion,Astoria (Central),Queens,QN0103,40.77148901123,-73.92651141152
restaurant,UNDER PRESSURE,Coffee/Tea,Astoria (Central),Queens,QN0103,40.76462000865,-73.92402452867
restaurant,UNITED CYPRIANS OF AMERICA,Mediterranean,Astoria (Central),Queens,QN0103,40.77070550977,-73.92052278493
restaurant,UNMEI,Chinese,Astoria (Central),Queens,QN0103,40.76236977648,-73.92066272466
restaurant,UNO CHICAGO GRILL,American,Astoria (Central),Queens,QN0103,40.75579527075,-73.92351847531
restaurant,UNO OF ASTORIA,American,Astoria (Central),Queens,QN0103,40.75579527075,-73.92351847531
restaurant,VERACRUZANO,Mexican,Astoria (Central),Queens,QN0103,40.7702403974,-73.91873986434
restaurant,VERSE,Japanese,Astoria (Central),Queens,QN0103,40.7706696928,-73.92032787151
restaurant,VIA TRENTA OSTERIA,Italian,Astoria (Central),Queens,QN0103,40.76491718367,-73.91716159882
restaurant,VITE VINOSTERIA,Italian,Astoria (Central),Queens,QN0103,40.76276828282,-73.92141310158
restaurant,VYBZ ASTORIA,Caribbean,Astoria (Central),Queens,QN0103,40.76521397911,-73.91392305324
restaurant,WAKE CUP ASTORIA,American,Astoria (Central),Queens,QN0103,40.76774301962,-73.92323755124
restaurant,WOLF'S LAIR ASTORIA,Greek,Astoria (Central),Queens,QN0103,40.76757259791,-73.9228695148
restaurant,WONDER,American,Astoria (Central),Queens,QN0103,40.7633079547,-73.92819546732
restaurant,ZEN ASTORIA,Asian/Asian Fusion,Astoria (Central),Queens,QN0103,40.76451861278,-73.91636068364
restaurant,3 COFFEE,Coffee/Tea,Astoria (East)-Woodside (North),Queens,QN0104,40.76301673714,-73.91568752823
restaurant,ACAPULCO,Latin American,Astoria (East)-Woodside (North),Queens,QN0104,40.76006521802,-73.91446758179
restaurant,AGAVE 31,Latin American,Astoria (East)-Woodside (North),Queens,QN0104,40.76072347636,-73.91755668886
restaurant,AL NOOR RESTAURANT,Middle Eastern,Astoria (East)-Woodside (North),Queens,QN0104,40.76849192715,-73.91124726403
restaurant,AL-SHAM RESTAURANT,Middle Eastern,Astoria (East)-Woodside (North),Queens,QN0104,40.7675099273,-73.91205724699
restaurant,AL-SHAM SWEETS & PASTRIES,Middle Eastern,Astoria (East)-Woodside (North),Queens,QN0104,40.76848367892,-73.91122922414
restaurant,ALADDIN HOOKAH LOUNGE,Middle Eastern,Astoria (East)-Woodside (North),Queens,QN0104,40.76753459689,-73.91201389271
restaurant,ALEGRE DESPERTAR,American,Astoria (East)-Woodside (North),Queens,QN0104,40.75744304347,-73.9169399165
restaurant,ALQARIAH RESTAURANT,Mediterranean,Astoria (East)-Woodside (North),Queens,QN0104,40.76849192715,-73.91124726403
restaurant,ANEMOS,Greek,Astoria (East)-Woodside (North),Queens,QN0104,40.75620722898,-73.91985434241
restaurant,APPLEBEE'S,American,Astoria (East)-Woodside (North),Queens,QN0104,40.75545168281,-73.92278253859
restaurant,AROMA COFFEE SHOP,American,Astoria (East)-Woodside (North),Queens,QN0104,40.75927849696,-73.91968458728
restaurant,ASTORIA COFFEE SHOP,Coffee/Tea,Astoria (East)-Woodside (North),Queens,QN0104,40.75633438557,-73.92115000733
restaurant,AY GUEY,Mexican,Astoria (East)-Woodside (North),Queens,QN0104,40.7572877807,-73.90771764803
restaurant,AYAM,Thai,Astoria (East)-Woodside (North),Queens,QN0104,40.75505036678,-73.92192395593
restaurant,BAGELS & BREW,American,Astoria (East)-Woodside (North),Queens,QN0104,40.75778029757,-73.91645580778
restaurant,BELLA DONNA PIZZERIA,Pizza,Astoria (East)-Woodside (North),Queens,QN0104,40.75971606908,-73.91371360321
restaurant,BENCH FLOUR BAKERS,Bakery Products/Desserts,Astoria (East)-Woodside (North),Queens,QN0104,40.76670887703,-73.90907276676
restaurant,BLACKBIRD'S,American,Astoria (East)-Woodside (North),Queens,QN0104,40.76341070413,-73.91396510172
restaurant,BOATHOUSE ROOFTOP,New American,Astoria (East)-Woodside (North),Queens,QN0104,40.75729177029,-73.92037281116
restaurant,BORA BORA SMOOTHIE CAFE,Fruits/Vegetables,Astoria (East)-Woodside (North),Queens,QN0104,40.75850426525,-73.91938592428
restaurant,BOSKE,Caribbean,Astoria (East)-Woodside (North),Queens,QN0104,40.7651892736,-73.91391947529
restaurant,BRYJUS INTERNATIONAL BAKERY,Bakery Products/Desserts,Astoria (East)-Woodside (North),Queens,QN0104,40.75591092489,-73.91251658795
restaurant,CAFE 9,Coffee/Tea,Astoria (East)-Woodside (North),Queens,QN0104,40.76865824562,-73.90982101521
restaurant,CAFE DE OLLA,Mexican,Astoria (East)-Woodside (North),Queens,QN0104,40.75929221064,-73.91967013194
restaurant,CAFFE BORBONE,Coffee/Tea,Astoria (East)-Woodside (North),Queens,QN0104,40.76757574054,-73.9119777368
restaurant,CAFFE TORINO,Coffee/Tea,Astoria (East)-Woodside (North),Queens,QN0104,40.75585540618,-73.91915091558
restaurant,CAFFEE EXPRESSO,Coffee/Tea,Astoria (East)-Woodside (North),Queens,QN0104,40.76753733888,-73.91201027894
restaurant,CAIRO FETEER,Egyptian,Astoria (East)-Woodside (North),Queens,QN0104,40.76757299855,-73.91198135057
restaurant,CANO COFFEE  COMPANY,Coffee/Tea,Astoria (East)-Woodside (North),Queens,QN0104,40.75735972363,-73.91560086727
restaurant,CASA THEODORO,Pizza,Astoria (East)-Woodside (North),Queens,QN0104,40.75699909189,-73.90711164362
restaurant,CHICK ROCKS,Chicken,Astoria (East)-Woodside (North),Queens,QN0104,40.76346937216,-73.91534762144
restaurant,CHIMI LOS PRIMOS KITCHEN,Latin American,Astoria (East)-Woodside (North),Queens,QN0104,40.76656844239,-73.90512353211
restaurant,CHINA PAGODA,Chinese,Astoria (East)-Woodside (North),Queens,QN0104,40.76114257752,-73.90916341995
restaurant,CHIPOTLE MEXICAN GRILL #3312,Mexican,Astoria (East)-Woodside (North),Queens,QN0104,40.75974965274,-73.91834842495
restaurant,CHOCOLATE HOUSE,Frozen Desserts,Astoria (East)-Woodside (North),Queens,QN0104,40.76751541404,-73.91205362959
restaurant,CHUBBY BURGERS & CHICKEN,Chicken,Astoria (East)-Woodside (North),Queens,QN0104,40.7675016792,-73.91203920727
restaurant,CINNABON / AUNTIE ANNE'S / CARVEL,Bakery Products/Desserts,Astoria (East)-Woodside (North),Queens,QN0104,40.75948356773,-73.91856894371
restaurant,CIRCULO ESPANOL,Spanish,Astoria (East)-Woodside (North),Queens,QN0104,40.75855825308,-73.9181044353
restaurant,COLD STONE CREAMERY,Frozen Desserts,Astoria (East)-Woodside (North),Queens,QN0104,40.76750718531,-73.91206086076
restaurant,COMFORTLAND,American,Astoria (East)-Woodside (North),Queens,QN0104,40.76373510018,-73.91465417677
restaurant,CONNECT ASTORIA,American,Astoria (East)-Woodside (North),Queens,QN0104,40.75853992681,-73.91935700381
restaurant,CRONIN & PHELAN'S,Irish,Astoria (East)-Woodside (North),Queens,QN0104,40.75927574715,-73.91967737124
restaurant,CRYSTAL LOUNGE,Middle Eastern,Astoria (East)-Woodside (North),Queens,QN0104,40.76751264992,-73.91202836234
restaurant,D-LITE CAFE,American,Astoria (East)-Woodside (North),Queens,QN0104,40.75699131784,-73.91477835658
restaurant,DAY BREAK,Latin American,Astoria (East)-Woodside (North),Queens,QN0104,40.75475029182,-73.91674476809
restaurant,DDEE THAI,Thai,Astoria (East)-Woodside (North),Queens,QN0104,40.76305334502,-73.91324719738
restaurant,DESSERT DIP IT CAFE,Coffee/Tea,Astoria (East)-Woodside (North),Queens,QN0104,40.76229180804,-73.91162376209
restaurant,DILLINGERS PUB & GRILL,American,Astoria (East)-Woodside (North),Queens,QN0104,40.76153570924,-73.90996425859
restaurant,DIWINE,New American,Astoria (East)-Woodside (North),Queens,QN0104,40.7608514151,-73.91608735424
restaurant,DOMINO'S,Pizza,Astoria (East)-Woodside (North),Queens,QN0104,40.76753733888,-73.91201027894
restaurant,DOYLE'S CORNER,Irish,Astoria (East)-Woodside (North),Queens,QN0104,40.7581486913,-73.91727833756
restaurant,DREAM CAFE,Middle Eastern,Astoria (East)-Woodside (North),Queens,QN0104,40.76755381571,-73.91202108748
restaurant,DRINKOLOGY,New American,Astoria (East)-Woodside (North),Queens,QN0104,40.75547604932,-73.91833202681
restaurant,DUNKIN,Donuts,Astoria (East)-Woodside (North),Queens,QN0104,40.76870313915,-73.91107369208
restaurant,DUNKIN,Donuts,Astoria (East)-Woodside (North),Queens,QN0104,40.75412108655,-73.90866771536
restaurant,DUNKIN,Donuts,Astoria (East)-Woodside (North),Queens,QN0104,40.76268756494,-73.91595868664
restaurant,DUNKIN,Donuts,Astoria (East)-Woodside (North),Queens,QN0104,40.75767581806,-73.9200583155
restaurant,DUNKIN',Coffee/Tea,Astoria (East)-Woodside (North),Queens,QN0104,40.76419422434,-73.91566798216
restaurant,DUZAN,Middle Eastern,Astoria (East)-Woodside (North),Queens,QN0104,40.76864277132,-73.91109543415
restaurant,EASTERN NIGHTS,Coffee/Tea,Astoria (East)-Woodside (North),Queens,QN0104,40.76755105435,-73.91199943035
restaurant,ECUADORIAN FOOD RESTAURANT,Latin American,Astoria (East)-Woodside (North),Queens,QN0104,40.75617702151,-73.91983272181
restaurant,EL AUTENTICO,Other,Astoria (East)-Woodside (North),Queens,QN0104,40.75622158969,-73.91318393891
restaurant,EL BASURERO,Latin American,Astoria (East)-Woodside (North),Queens,QN0104,40.75849876052,-73.91936427313
restaurant,EL MERO MERO,Mexican,Astoria (East)-Woodside (North),Queens,QN0104,40.75464526018,-73.92358477054
restaurant,EL VAQUERITO,Mexican,Astoria (East)-Woodside (North),Queens,QN0104,40.75332615427,-73.9065609437
restaurant,FIRBOS,Coffee/Tea,Astoria (East)-Woodside (North),Queens,QN0104,40.76753735825,-73.91203554984
restaurant,FIRST STOP BAR & GRILL,American,Astoria (East)-Woodside (North),Queens,QN0104,40.75887712724,-73.91878265794
restaurant,FITRITION,"Juice, Smoothies, Fruit Salads",Astoria (East)-Woodside (North),Queens,QN0104,40.76334865611,-73.91541997354
restaurant,FLOR DE SOL,Spanish,Astoria (East)-Woodside (North),Queens,QN0104,40.75390447008,-73.92402957858
restaurant,FRESH & TASTY SUSHI AND TERIYAKI,Japanese,Astoria (East)-Woodside (North),Queens,QN0104,40.76192615232,-73.91084452653
restaurant,GAUDIO'S PIZZERIA,Pizza,Astoria (East)-Woodside (North),Queens,QN0104,40.76372685518,-73.91463974768
restaurant,GERMAN DONER KEBAB,Mediterranean,Astoria (East)-Woodside (North),Queens,QN0104,40.75971673619,-73.91837734311
restaurant,GIA'S PIZZA,Pizza,Astoria (East)-Woodside (North),Queens,QN0104,40.76865824562,-73.90982101521
restaurant,GIAN PIERO BAKERY,Bakery Products/Desserts,Astoria (East)-Woodside (North),Queens,QN0104,40.76228902713,-73.91157683778
restaurant,GINO'S PIZZERIA,Pizza,Astoria (East)-Woodside (North),Queens,QN0104,40.75774455787,-73.9163764416
restaurant,GRAMERCY CAFE,Latin American,Astoria (East)-Woodside (North),Queens,QN0104,40.75944790381,-73.91859425532
restaurant,GYRO UNO,Mediterranean,Astoria (East)-Woodside (North),Queens,QN0104,40.76523316261,-73.91388331828
restaurant,HALAL MUNCHIES,Middle Eastern,Astoria (East)-Woodside (North),Queens,QN0104,40.76755105435,-73.91199943035
restaurant,HARAZ COFFEE HOUSE,Coffee/Tea,Astoria (East)-Woodside (North),Queens,QN0104,40.76754556761,-73.91200304776
restaurant,HAYATI LOUNGE,Middle Eastern,Astoria (East)-Woodside (North),Queens,QN0104,40.76754282562,-73.91200666153
restaurant,HOME OF ASTORIA (HOA),Fusion,Astoria (East)-Woodside (North),Queens,QN0104,40.7651837868,-73.91392309241
restaurant,HOMEMADE TAQUERIA,Mexican,Astoria (East)-Woodside (North),Queens,QN0104,40.75472830231,-73.91670148245
restaurant,HOT PEPPERS,Mexican,Astoria (East)-Woodside (North),Queens,QN0104,40.76521121811,-73.91390139679
restaurant,JASMIN LOUNGE,Coffee/Tea,Astoria (East)-Woodside (North),Queens,QN0104,40.76754833174,-73.91202831502
restaurant,KABAB CAFE,Egyptian,Astoria (East)-Woodside (North),Queens,QN0104,40.76757850467,-73.91200300407
restaurant,KAM RAI,Thai,Astoria (East)-Woodside (North),Queens,QN0104,40.76427038981,-73.91111934289
restaurant,KARAOKE SHOUT,American,Astoria (East)-Woodside (North),Queens,QN0104,40.7577059928,-73.92003301197
restaurant,KFC,Chicken,Astoria (East)-Woodside (North),Queens,QN0104,40.76274793108,-73.91593334107
restaurant,KINGS WOK,Chinese,Astoria (East)-Woodside (North),Queens,QN0104,40.76029025137,-73.90734888859
restaurant,KINSHIP COFFEE ROASTERS,Coffee/Tea,Astoria (East)-Woodside (North),Queens,QN0104,40.76342271929,-73.91535851069
restaurant,LA CEVICHERIA DE MOLE,Mexican,Astoria (East)-Woodside (North),Queens,QN0104,40.76301760312,-73.91316782662
restaurant,LA CHOZA DEL GORDO,Latin American,Astoria (East)-Woodside (North),Queens,QN0104,40.75285762519,-73.9223993585
restaurant,LA LUNA CAFE,American,Astoria (East)-Woodside (North),Queens,QN0104,40.76233301551,-73.91167063523
restaurant,LA VECINA,Latin American,Astoria (East)-Woodside (North),Queens,QN0104,40.76231451813,-73.91628765531
restaurant,LAS MANOS QUIETAS,Mexican,Astoria (East)-Woodside (North),Queens,QN0104,40.75775830533,-73.91640891067
restaurant,LAS MARGARITAS,Latin American,Astoria (East)-Woodside (North),Queens,QN0104,40.75929221317,-73.91967374162
restaurant,LAVELLE'S ADMIRALS CLUB,Irish,Astoria (East)-Woodside (North),Queens,QN0104,40.75700231296,-73.91479999981
restaurant,LAYALI BEIRUT,Mediterranean,Astoria (East)-Woodside (North),Queens,QN0104,40.76754010024,-73.91203193607
restaurant,LAYALY CAFE,Mediterranean,Astoria (East)-Woodside (North),Queens,QN0104,40.75739543203,-73.91563691765
restaurant,LAZA DESSERT CAFE,Bakery Products/Desserts,Astoria (East)-Woodside (North),Queens,QN0104,40.76755379634,-73.91199581658
restaurant,LE PETIT PECHEUR,Seafood,Astoria (East)-Woodside (North),Queens,QN0104,40.76371860748,-73.91462170867
restaurant,LEGACY,Middle Eastern,Astoria (East)-Woodside (North),Queens,QN0104,40.76752912952,-73.91204278101
restaurant,LEVANT,Middle Eastern,Astoria (East)-Woodside (North),Queens,QN0104,40.7675346135,-73.91203555348
restaurant,LIM'S KITCHEN,Korean,Astoria (East)-Woodside (North),Queens,QN0104,40.75700781051,-73.91481082143
restaurant,LITTLE MOROCCO,Moroccan,Astoria (East)-Woodside (North),Queens,QN0104,40.76848367892,-73.91122922414
restaurant,LOTUS 1,Southeast Asian,Astoria (East)-Woodside (North),Queens,QN0104,40.76084042023,-73.91606570954
restaurant,LUNERA,Latin American,Astoria (East)-Woodside (North),Queens,QN0104,40.75833965581,-73.91949441321
restaurant,M&M BAGELS AND CAFE,Coffee/Tea,Astoria (East)-Woodside (North),Queens,QN0104,40.75974356007,-73.91377132279
restaurant,MAISON DE MANEE,New French,Astoria (East)-Woodside (North),Queens,QN0104,40.75620450943,-73.91989044085
restaurant,MALU BAKERY,Middle Eastern,Astoria (East)-Woodside (North),Queens,QN0104,40.75890736809,-73.91885120451
restaurant,MAMA COCO,Mexican,Astoria (East)-Woodside (North),Queens,QN0104,40.764194227,-73.9156715921
restaurant,MAMA'S EMPANADAS,Latin American,Astoria (East)-Woodside (North),Queens,QN0104,40.75773340767,-73.91998605415
restaurant,MARRAKESH,Moroccan,Astoria (East)-Woodside (North),Queens,QN0104,40.7675483096,-73.91199943399
restaurant,MAX,German,Astoria (East)-Woodside (North),Queens,QN0104,40.76118931835,-73.90926442999
restaurant,MCDONALD'S,Hamburgers,Astoria (East)-Woodside (North),Queens,QN0104,40.75985115223,-73.91826888634
restaurant,MCDONALD'S,Hamburgers,Astoria (East)-Woodside (North),Queens,QN0104,40.75317914725,-73.90805903145
restaurant,MEADOW DESSERT,Bakery Products/Desserts,Astoria (East)-Woodside (North),Queens,QN0104,40.76076464253,-73.91754941818
restaurant,MELODY,Middle Eastern,Astoria (East)-Woodside (North),Queens,QN0104,40.7675016792,-73.91203920727
restaurant,MERGUEZ & FRITES,Moroccan,Astoria (East)-Woodside (North),Queens,QN0104,40.7678773222,-73.91153328814
restaurant,MIDNIGHT LOUNGE,Middle Eastern,Astoria (East)-Woodside (North),Queens,QN0104,40.76750990793,-73.9120319761
restaurant,MIMOZA CAFE,Coffee/Tea,Astoria (East)-Woodside (North),Queens,QN0104,40.76184401404,-73.91110815394
restaurant,MOA COFFEE,Coffee/Tea,Astoria (East)-Woodside (North),Queens,QN0104,40.76268495009,-73.91246072782
restaurant,MOKAFE,Bakery Products/Desserts,Astoria (East)-Woodside (North),Queens,QN0104,40.76752088142,-73.91202474129
restaurant,MOMBAR,Egyptian,Astoria (East)-Woodside (North),Queens,QN0104,40.76757027318,-73.91200662512
restaurant,MONGKHON,Thai,Astoria (East)-Woodside (North),Queens,QN0104,40.76115357369,-73.9091850636
restaurant,MRKI'S PLACE,Bottled Beverages,Astoria (East)-Woodside (North),Queens,QN0104,40.76232751767,-73.91165981301
restaurant,MUM FETEER,Egyptian,Astoria (East)-Woodside (North),Queens,QN0104,40.76754832897,-73.91202470489
restaurant,NAPOLI'S,Italian,Astoria (East)-Woodside (North),Queens,QN0104,40.76443051586,-73.91232846602
restaurant,NEW HO WAH,Chinese,Astoria (East)-Woodside (North),Queens,QN0104,40.75816790461,-73.91727831361
restaurant,NEW WIN SHING,Chinese,Astoria (East)-Woodside (North),Queens,QN0104,40.75591642542,-73.91253101869
restaurant,NEW YORK CITY BAGEL & COFFEE HOUSE,Bagels/Pretzels,Astoria (East)-Woodside (North),Queens,QN0104,40.75890736809,-73.91885120451
restaurant,NOCHE DE MARGARITAS,Mexican,Astoria (East)-Woodside (North),Queens,QN0104,40.76045464814,-73.91777721743
restaurant,NOISETTE,French,Astoria (East)-Woodside (North),Queens,QN0104,40.76860162795,-73.91113159119
restaurant,NYC GENTLEMEN'S CLUB,American,Astoria (East)-Woodside (North),Queens,QN0104,40.7616528258,-73.90214885619
restaurant,OLIVE FAST FOOD,Mediterranean,Astoria (East)-Woodside (North),Queens,QN0104,40.76757850467,-73.91200300407
restaurant,ORBITAL KITCHEN,Fusion,Astoria (East)-Woodside (North),Queens,QN0104,40.76656844239,-73.90512353211
restaurant,ORIGINAL ESPINAL DELI 2,Latin American,Astoria (East)-Woodside (North),Queens,QN0104,40.75363940479,-73.9036621734
restaurant,OSTRO CAFE,Sandwiches/Salads/Mixed Buffet,Astoria (East)-Woodside (North),Queens,QN0104,40.76231998657,-73.91625876962
restaurant,OVEN GRILL & CHILL,Latin American,Astoria (East)-Woodside (North),Queens,QN0104,40.75812120208,-73.91722061792
restaurant,PANERA BREAD,American,Astoria (East)-Woodside (North),Queens,QN0104,40.75545168281,-73.92278253859
restaurant,PAPA JOHN'S,Pizza,Astoria (East)-Woodside (North),Queens,QN0104,40.75829985559,-73.9175597002
restaurant,PAPA JOHN'S,Pizza,Astoria (East)-Woodside (North),Queens,QN0104,40.76029296406,-73.90730917769
restaurant,PARIS OVEN BAKERY,Bakery Products/Desserts,Astoria (East)-Woodside (North),Queens,QN0104,40.7565920944,-73.92071655674
restaurant,PASAPORTE,Seafood,Astoria (East)-Woodside (North),Queens,QN0104,40.7637296053,-73.91464696399
restaurant,PEEKABOOO,American,Astoria (East)-Woodside (North),Queens,QN0104,40.75391731442,-73.91495194585
restaurant,PIAZZA PIZZA,Pizza,Astoria (East)-Woodside (North),Queens,QN0104,40.76011291686,-73.91587170452
restaurant,PIZZA HUT,Pizza,Astoria (East)-Woodside (North),Queens,QN0104,40.75628224756,-73.92116811689
restaurant,POLLOS A LA BARASA MARIO,Latin American,Astoria (East)-Woodside (North),Queens,QN0104,40.75887163006,-73.91877183569
restaurant,POPEYES,Chicken,Astoria (East)-Woodside (North),Queens,QN0104,40.75551054971,-73.91298995739
restaurant,POPEYES LOUISIANA KITCHEN,Chicken,Astoria (East)-Woodside (North),Queens,QN0104,40.7597249833,-73.9183953815
restaurant,PRANAM,Asian/Asian Fusion,Astoria (East)-Woodside (North),Queens,QN0104,40.7635060866,-73.90950673571
restaurant,PRIME ASTORIA,Caribbean,Astoria (East)-Woodside (North),Queens,QN0104,40.76880719324,-73.91075585489
restaurant,PRIME NO. 7,Korean,Astoria (East)-Woodside (North),Queens,QN0104,40.75623835622,-73.9212042642
restaurant,PRONTO PIZZERIA,Pizza,Astoria (East)-Woodside (North),Queens,QN0104,40.76349508765,-73.90948148133
restaurant,PURE EATS,American,Astoria (East)-Woodside (North),Queens,QN0104,40.7616528258,-73.90214885619
restaurant,QUE RICO,Latin American,Astoria (East)-Woodside (North),Queens,QN0104,40.75857558836,-73.91932808332
restaurant,RAMRO,New American,Astoria (East)-Woodside (North),Queens,QN0104,40.76217814045,-73.91747546485
restaurant,RED RABBIT LLC,American,Astoria (East)-Woodside (North),Queens,QN0104,40.76656844239,-73.90512353211
restaurant,RIVIERA,American,Astoria (East)-Woodside (North),Queens,QN0104,40.75591741494,-73.92148979578
restaurant,RIZZO'S FINE PIZZA,Pizza,Astoria (East)-Woodside (North),Queens,QN0104,40.76327459024,-73.91547782636
restaurant,ROTANA LOUNGE,Middle Eastern,Astoria (East)-Woodside (North),Queens,QN0104,40.76753733888,-73.91201027894
restaurant,SABOR ATLIXCO,Mexican,Astoria (East)-Woodside (North),Queens,QN0104,40.7573817162,-73.91564776383
restaurant,SABRY'S SEAFOOD,Seafood,Astoria (East)-Woodside (North),Queens,QN0104,40.76857694193,-73.91115328539
restaurant,SAFFRON,Indian,Astoria (East)-Woodside (North),Queens,QN0104,40.75739271115,-73.91566940733
restaurant,SAMRAH COFFEE,Coffee/Tea,Astoria (East)-Woodside (North),Queens,QN0104,40.76868117271,-73.91106289094
restaurant,SANDS OF PERSIA,Middle Eastern,Astoria (East)-Woodside (North),Queens,QN0104,40.76758122728,-73.91197411938
restaurant,SARKUS JAPAN,Japanese,Astoria (East)-Woodside (North),Queens,QN0104,40.76005964828,-73.91812063079
restaurant,SHAWARMA HOUSE,Middle Eastern,Astoria (East)-Woodside (North),Queens,QN0104,40.75339637325,-73.92355372444
restaurant,SHAWARMA SPOT,Mediterranean,Astoria (East)-Woodside (North),Queens,QN0104,40.75619446486,-73.92124041147
restaurant,SISSY MCGINTY'S,Irish,Astoria (East)-Woodside (North),Queens,QN0104,40.76752636816,-73.91202112388
restaurant,SLAPPIN CHICK,Chicken,Astoria (East)-Woodside (North),Queens,QN0104,40.76756476982,-73.91198858175
restaurant,SLICE BROADWAY,Pizza,Astoria (East)-Woodside (North),Queens,QN0104,40.75927574715,-73.91967737124
restaurant,SOHO PIZZA,Pizza,Astoria (East)-Woodside (North),Queens,QN0104,40.7542614668,-73.92024650872
restaurant,STARLET'S OF NEW YORK,American,Astoria (East)-Woodside (North),Queens,QN0104,40.76451746278,-73.90434671191
restaurant,SVL BAR,Greek,Astoria (East)-Woodside (North),Queens,QN0104,40.75643586717,-73.92104160091
restaurant,SWEET HABIT,Coffee/Tea,Astoria (East)-Woodside (North),Queens,QN0104,40.75701331074,-73.91482525261
restaurant,TABOO,Middle Eastern,Astoria (East)-Woodside (North),Queens,QN0104,40.76751264992,-73.91202836234
restaurant,TACO CITY CUISINE,Mexican,Astoria (East)-Woodside (North),Queens,QN0104,40.75590542712,-73.9125057667
restaurant,TACO TUMBA,Mexican,Astoria (East)-Woodside (North),Queens,QN0104,40.76332398522,-73.91546332382
restaurant,TAJ MAHAL LOUNGE,Middle Eastern,Astoria (East)-Woodside (North),Queens,QN0104,40.76755928308,-73.91199219917
restaurant,TANJAWI HALAL SANDWICH SHOP,Moroccan,Astoria (East)-Woodside (North),Queens,QN0104,40.76752910738,-73.91201389999
restaurant,TASTE OF CHINA,Chinese,Astoria (East)-Woodside (North),Queens,QN0104,40.7570407985,-73.91487936074
restaurant,TERI'S TERIYAKI,Japanese,Astoria (East)-Woodside (North),Queens,QN0104,40.76018581691,-73.91799413448
restaurant,TEX'S CHICKEN & BURGERS,Chicken,Astoria (East)-Woodside (North),Queens,QN0104,40.7686948881,-73.91105204197
restaurant,THE BREWERY,American,Astoria (East)-Woodside (North),Queens,QN0104,40.76028199961,-73.90732724169
restaurant,THE FREAKIN RICAN,Latin American,Astoria (East)-Woodside (North),Queens,QN0104,40.7554705521,-73.91832120515
restaurant,THE LOCAL,American,Astoria (East)-Woodside (North),Queens,QN0104,40.76086518901,-73.91615592243
restaurant,THE MONSTER CRAB,Seafood,Astoria (East)-Woodside (North),Queens,QN0104,40.75245535185,-73.92420448453
restaurant,THE QUAYS IRISH PUB,Irish,Astoria (East)-Woodside (North),Queens,QN0104,40.76193714817,-73.91086617072
restaurant,THE RABBIT HOLE,American,Astoria (East)-Woodside (North),Queens,QN0104,40.75927849696,-73.91968458728
restaurant,THE SHILLELAGH TAVERN,Irish,Astoria (East)-Woodside (North),Queens,QN0104,40.76113707658,-73.90914898834
restaurant,THE WOLFHOUND,Irish,Astoria (East)-Woodside (North),Queens,QN0104,40.76419422434,-73.91566798216
restaurant,THONGLOR,Thai,Astoria (East)-Woodside (North),Queens,QN0104,40.75764288097,-73.92005835518
restaurant,TIKI TIKI,Other,Astoria (East)-Woodside (North),Queens,QN0104,40.76853579575,-73.91118583217
restaurant,TOLTECAMILA,Mexican,Astoria (East)-Woodside (North),Queens,QN0104,40.76350058855,-73.90949591347
restaurant,TOZTON,Latin American,Astoria (East)-Woodside (North),Queens,QN0104,40.75813491806,-73.91720977195
restaurant,TREATS OF KOREA,Korean,Astoria (East)-Woodside (North),Queens,QN0104,40.76012822857,-73.91806640023
restaurant,TROPICAL SMOOTHIE CAFE,Sandwiches/Salads/Mixed Buffet,Astoria (East)-Woodside (North),Queens,QN0104,40.76015290045,-73.918023053
restaurant,UKUS,Eastern European,Astoria (East)-Woodside (North),Queens,QN0104,40.76304784732,-73.91323637491
restaurant,UNCLE DRINK,"Juice, Smoothies, Fruit Salads",Astoria (East)-Woodside (North),Queens,QN0104,40.75752492423,-73.92015595614
restaurant,UNITED MINERS S.C. RUDAR,Eastern European,Astoria (East)-Woodside (North),Queens,QN0104,40.75465439264,-73.91697589199
restaurant,VIDA,Steakhouse,Astoria (East)-Woodside (North),Queens,QN0104,40.76301673714,-73.91568752823
restaurant,VILLA BRAZIL,Brazilian,Astoria (East)-Woodside (North),Queens,QN0104,40.75544306339,-73.91826348741
restaurant,VIVA,Fusion,Astoria (East)-Woodside (North),Queens,QN0104,40.76018581691,-73.91799413448
restaurant,WENDY TERIYAKI / SUSHI YOSHI,Japanese,Astoria (East)-Woodside (North),Queens,QN0104,40.76192615232,-73.91084452653
restaurant,WHAT THE FISH,Japanese,Astoria (East)-Woodside (North),Queens,QN0104,40.75379636019,-73.91470305335
restaurant,WINGSTOP,Chicken,Astoria (East)-Woodside (North),Queens,QN0104,40.76073172619,-73.91757833718
restaurant,YOYO CHICKEN,Chicken,Astoria (East)-Woodside (North),Queens,QN0104,40.76028750078,-73.90734167296
restaurant,YOYO CHICKEN,Chicken,Astoria (East)-Woodside (North),Queens,QN0104,40.76028750078,-73.90734167296
restaurant,YUMMY DIPS,Frozen Desserts,Astoria (East)-Woodside (North),Queens,QN0104,40.76753185214,-73.91201389635
restaurant,ZIKRAYAT,Middle Eastern,Astoria (East)-Woodside (North),Queens,QN0104,40.76881270521,-73.91078472909
restaurant,ZYARA,Middle Eastern,Astoria (East)-Woodside (North),Queens,QN0104,40.76753733888,-73.91201027894
restaurant,ACENTO,Latin American,Astoria (North)-Ditmars-Steinway,Queens,QN0101,40.77527835941,-73.90951595025
restaurant,AGNANTI,Greek,Astoria (North)-Ditmars-Steinway,Queens,QN0101,40.78110345245,-73.9177732864
restaurant,ALBA'S PIZZERIA,Pizza,Astoria (North)-Ditmars-Steinway,Queens,QN0101,40.77419845728,-73.90799018394
restaurant,ALBATROSS,American,Astoria (North)-Ditmars-Steinway,Queens,QN0101,40.77038416529,-73.91268162679
restaurant,AMBROSIA GARDEN,Greek,Astoria (North)-Ditmars-Steinway,Queens,QN0101,40.77494946122,-73.9136937885
restaurant,APICIUS PIZZERIA,Pizza,Astoria (North)-Ditmars-Steinway,Queens,QN0101,40.77501813433,-73.90342532505
restaurant,ASTORIA BAGEL SHOP,Bagels/Pretzels,Astoria (North)-Ditmars-Steinway,Queens,QN0101,40.77718532621,-73.91222856329
restaurant,ASTORIA FAMILY PIZZA,Pizza,Astoria (North)-Ditmars-Steinway,Queens,QN0101,40.78068305364,-73.9171455201
restaurant,ASTORIA PIZZA FACTORY,Pizza,Astoria (North)-Ditmars-Steinway,Queens,QN0101,40.77840939659,-73.90194360145
restaurant,AYY CHIHUAHUA,Mexican,Astoria (North)-Ditmars-Steinway,Queens,QN0101,40.77421219841,-73.90801182786
restaurant,BALKH SHISH KABAB HOUSE,Afghan,Astoria (North)-Ditmars-Steinway,Queens,QN0101,40.77405707882,-73.91324724914
restaurant,BARTOLINO'S,Italian,Astoria (North)-Ditmars-Steinway,Queens,QN0101,40.77845650652,-73.90916137448
restaurant,BIANCO NERO GELATERIA,Frozen Desserts,Astoria (North)-Ditmars-Steinway,Queens,QN0101,40.77527286421,-73.90950873664
restaurant,BLVD,Eastern European,Astoria (North)-Ditmars-Steinway,Queens,QN0101,40.77575644844,-73.9101543707
restaurant,BOHEMIAN HALL & BEER GARDEN,Czech,Astoria (North)-Ditmars-Steinway,Queens,QN0101,40.77279387022,-73.91610474179
restaurant,BOTTE,Italian,Astoria (North)-Ditmars-Steinway,Queens,QN0101,40.77478647134,-73.90878729478
restaurant,BOWL 360 ASTORIA,American,Astoria (North)-Ditmars-Steinway,Queens,QN0101,40.7733718694,-73.89473014704
restaurant,BROOKLYN BAGEL & COFFEE CO.,American,Astoria (North)-Ditmars-Steinway,Queens,QN0101,40.77475624748,-73.90874762056
restaurant,BUFFALO WILD WINGS GO,Chicken,Astoria (North)-Ditmars-Steinway,Queens,QN0101,40.77458357849,-73.91259666779
restaurant,CAKES BY NERWAN,Bakery Products/Desserts,Astoria (North)-Ditmars-Steinway,Queens,QN0101,40.77419144611,-73.91308099068
restaurant,CARIBBEAN KULTURE,Caribbean,Astoria (North)-Ditmars-Steinway,Queens,QN0101,40.77052902551,-73.89255042913
restaurant,CHAMPION PIZZA,Pizza,Astoria (North)-Ditmars-Steinway,Queens,QN0101,40.77532122628,-73.91169305694
restaurant,CHICKEN FESTIVAL,Peruvian,Astoria (North)-Ditmars-Steinway,Queens,QN0101,40.77671817771,-73.9115251082
restaurant,CHINA DRAGON,Chinese,Astoria (North)-Ditmars-Steinway,Queens,QN0101,40.77843407159,-73.90191106844
restaurant,CHIP CITY,Bakery Products/Desserts,Astoria (North)-Ditmars-Steinway,Queens,QN0101,40.77507561104,-73.90997837624
restaurant,CHIPOTLE MEXICAN GRILL #3591,Tex-Mex,Astoria (North)-Ditmars-Steinway,Queens,QN0101,40.7759793448,-73.91088701891
restaurant,CHRISTOS STEAKHOUSE,Steakhouse,Astoria (North)-Ditmars-Steinway,Queens,QN0101,40.77045409603,-73.90735274529
restaurant,CODE ASTORIA,Mediterranean,Astoria (North)-Ditmars-Steinway,Queens,QN0101,40.77578312675,-73.9024854602
restaurant,COFFEELATO,Frozen Desserts,Astoria (North)-Ditmars-Steinway,Queens,QN0101,40.77057057819,-73.90885446633
restaurant,COMPTON'S,Sandwiches,Astoria (North)-Ditmars-Steinway,Queens,QN0101,40.77545505805,-73.91444412779
restaurant,COOKIE CRUMZ,Bakery Products/Desserts,Astoria (North)-Ditmars-Steinway,Queens,QN0101,40.77670720983,-73.91153956535
restaurant,CREATE,American,Astoria (North)-Ditmars-Steinway,Queens,QN0101,40.77671817771,-73.9115251082
restaurant,DELICIAS CALENAS ASTORIA,Latin American,Astoria (North)-Ditmars-Steinway,Queens,QN0101,40.77498117066,-73.91207622657
restaurant,DIONYSOS,Greek,Astoria (North)-Ditmars-Steinway,Queens,QN0101,40.77395010707,-73.91334487202
restaurant,DITMARS DRAGON & PHOENIX,Chinese,Astoria (North)-Ditmars-Steinway,Queens,QN0101,40.77424514703,-73.90802622416
restaurant,DITMARS THAI,Thai,Astoria (North)-Ditmars-Steinway,Queens,QN0101,40.77474250649,-73.90872597632
restaurant,DOUGH DOUGHNUTS,Donuts,Astoria (North)-Ditmars-Steinway,Queens,QN0101,40.77677182878,-73.90992552544
restaurant,DUNKIN,Donuts,Astoria (North)-Ditmars-Steinway,Queens,QN0101,40.76885059482,-73.90665821525
restaurant,DUNKIN,Donuts,Astoria (North)-Ditmars-Steinway,Queens,QN0101,40.77370930715,-73.90726515828
restaurant,DUNKIN',Donuts,Astoria (North)-Ditmars-Steinway,Queens,QN0101,40.77574548074,-73.91016882787
restaurant,DUNKIN',Donuts,Astoria (North)-Ditmars-Steinway,Queens,QN0101,40.77456986846,-73.91261473843
restaurant,DUNKIN' / BASKIN-ROBBINS,Donuts,Astoria (North)-Ditmars-Steinway,Queens,QN0101,40.77123342539,-73.90379547836
restaurant,EL GRECO,Coffee/Tea,Astoria (North)-Ditmars-Steinway,Queens,QN0101,40.77328613226,-73.90667002638
restaurant,ELI'S CAFE,Coffee/Tea,Astoria (North)-Ditmars-Steinway,Queens,QN0101,40.77299305977,-73.9145086803
restaurant,ELIAS CORNER FOR FISH,Seafood,Astoria (North)-Ditmars-Steinway,Queens,QN0101,40.77215394805,-73.91556760396
restaurant,FAMILY CORNER,Greek,Astoria (North)-Ditmars-Steinway,Queens,QN0101,40.7776575288,-73.90884111783
restaurant,FIGLIA,Pizza,Astoria (North)-Ditmars-Steinway,Queens,QN0101,40.77419144611,-73.91308099068
restaurant,FIGO IL GELATO ITALIANO,Frozen Desserts,Astoria (North)-Ditmars-Steinway,Queens,QN0101,40.77494124324,-73.9137154624
restaurant,FLAMING GRILL,American,Astoria (North)-Ditmars-Steinway,Queens,QN0101,40.77476449035,-73.9087584408
restaurant,FORNO SICILIANO,Italian,Astoria (North)-Ditmars-Steinway,Queens,QN0101,40.77124713706,-73.90378101714
restaurant,GOLD 'N HONEY,Coffee/Tea,Astoria (North)-Ditmars-Steinway,Queens,QN0101,40.77867179801,-73.91429193857
restaurant,GREGORY'S 26 CORNER TAVERNA,Greek,Astoria (North)-Ditmars-Steinway,Queens,QN0101,40.77642771512,-73.91581490732
restaurant,HINOMARU RAMEN,Japanese,Astoria (North)-Ditmars-Steinway,Queens,QN0101,40.77527286421,-73.90950873664
restaurant,IBN HAMIDO SEAFOOD,Seafood,Astoria (North)-Ditmars-Steinway,Queens,QN0101,40.77575369804,-73.91014715326
restaurant,IHOP,American,Astoria (North)-Ditmars-Steinway,Queens,QN0101,40.77688971418,-73.90974844394
restaurant,JACK JONES GASTROPUB,Irish,Astoria (North)-Ditmars-Steinway,Queens,QN0101,40.77328887995,-73.90667363296
restaurant,JACK'S PIZZA,Pizza,Astoria (North)-Ditmars-Steinway,Queens,QN0101,40.77420758298,-73.91264409963
restaurant,JACKSON HOLE,Hamburgers,Astoria (North)-Ditmars-Steinway,Queens,QN0101,40.76747249076,-73.89986589137
restaurant,JUST SALAD,Salads,Astoria (North)-Ditmars-Steinway,Queens,QN0101,40.77579834229,-73.91108223348
restaurant,KATE'S CORNER CAFE,American,Astoria (North)-Ditmars-Steinway,Queens,QN0101,40.77577335715,-73.90069462647
restaurant,KINSHIP COFFEE ROASTERS,Coffee/Tea,Astoria (North)-Ditmars-Steinway,Queens,QN0101,40.77679666356,-73.92130621616
restaurant,KITTY SULLIVAN’S,Irish,Astoria (North)-Ditmars-Steinway,Queens,QN0101,40.77596059925,-73.91512587736
restaurant,KOLIBA,Czech,Astoria (North)-Ditmars-Steinway,Queens,QN0101,40.77426803347,-73.91273067199
restaurant,KRAVE IT PIZZA & SANDWICH JOINT,Pizza,Astoria (North)-Ditmars-Steinway,Queens,QN0101,40.77471505609,-73.90872240357
restaurant,KRISPY KREME DOUGHNUTS,Donuts,Astoria (North)-Ditmars-Steinway,Queens,QN0101,40.77603967609,-73.91081833655
restaurant,KRISPY KREME DOUGHNUTS,Donuts,Astoria (North)-Ditmars-Steinway,Queens,QN0101,40.77603967609,-73.91081833655
restaurant,KUMO JAPANESE RESTAURANT,Japanese,Astoria (North)-Ditmars-Steinway,Queens,QN0101,40.77371208107,-73.90730125909
restaurant,KX BURGER & BEYOND,Hamburgers,Astoria (North)-Ditmars-Steinway,Queens,QN0101,40.77671270768,-73.91155038992
restaurant,L'ORO ESPRESSO BAR,Coffee/Tea,Astoria (North)-Ditmars-Steinway,Queens,QN0101,40.77543923899,-73.90817982274
restaurant,LA GULI PASTRY SHOP,Bakery Products/Desserts,Astoria (North)-Ditmars-Steinway,Queens,QN0101,40.77672092524,-73.91152871517
restaurant,LAS PATRONAS,Mexican,Astoria (North)-Ditmars-Steinway,Queens,QN0101,40.77086669848,-73.90846053532
restaurant,LEFKOS PYRGOS,Bakery Products/Desserts,Astoria (North)-Ditmars-Steinway,Queens,QN0101,40.77527835941,-73.90951595025
restaurant,LEVEL ASTORIA,American,Astoria (North)-Ditmars-Steinway,Queens,QN0101,40.76963551718,-73.90999658887
restaurant,LOS AMIGOS,Mexican,Astoria (North)-Ditmars-Steinway,Queens,QN0101,40.77460275051,-73.91254248478
restaurant,LOUKOUMI TAVERNA,Greek,Astoria (North)-Ditmars-Steinway,Queens,QN0101,40.77072775876,-73.90304526798
restaurant,LOUKOUMI TAVERNA,Greek,Astoria (North)-Ditmars-Steinway,Queens,QN0101,40.77072775876,-73.90304526798
restaurant,MACOLETTA,Pizza,Astoria (North)-Ditmars-Steinway,Queens,QN0101,40.77335163047,-73.9168947246
restaurant,MARTHA'S COUNTRY BAKERY,Bakery Products/Desserts,Astoria (North)-Ditmars-Steinway,Queens,QN0101,40.77420942472,-73.90797572675
restaurant,MCDONALD'S,Hamburgers,Astoria (North)-Ditmars-Steinway,Queens,QN0101,40.77510459324,-73.91195691503
restaurant,MEET THE MEAT,Steakhouse,Astoria (North)-Ditmars-Steinway,Queens,QN0101,40.77679666356,-73.92130621616
restaurant,MERIS BAKESHOP,Greek,Astoria (North)-Ditmars-Steinway,Queens,QN0101,40.77961151163,-73.91565199187
restaurant,MI CIELITO COLOMBIANO,Latin American,Astoria (North)-Ditmars-Steinway,Queens,QN0101,40.77074974119,-73.90307411831
restaurant,MOHO MEXICAN GRILL,Mexican,Astoria (North)-Ditmars-Steinway,Queens,QN0101,40.77475077807,-73.90877290176
restaurant,MOSAIC,Tapas,Astoria (North)-Ditmars-Steinway,Queens,QN0101,40.77479683743,-73.9189436934
restaurant,MURPHY'S BAR,New American,Astoria (North)-Ditmars-Steinway,Queens,QN0101,40.76896468804,-73.90521036048
restaurant,NICK'S GOURMET DELI,Soups/Salads/Sandwiches,Astoria (North)-Ditmars-Steinway,Queens,QN0101,40.76837120569,-73.89504133685
restaurant,NIKO'S SOUVLAKI,Greek,Astoria (North)-Ditmars-Steinway,Queens,QN0101,40.78066931424,-73.91712387218
restaurant,NYC BAGELS & COFFEE HOUSE,Bagels/Pretzels,Astoria (North)-Ditmars-Steinway,Queens,QN0101,40.77493849306,-73.91370824491
restaurant,O'HANLONS,Irish,Astoria (North)-Ditmars-Steinway,Queens,QN0101,40.7749482668,-73.91211959661
restaurant,OISHII SUSHI,Japanese,Astoria (North)-Ditmars-Steinway,Queens,QN0101,40.77376154201,-73.90736978892
restaurant,OK CAFE,Coffee/Tea,Astoria (North)-Ditmars-Steinway,Queens,QN0101,40.77507561104,-73.90997837624
restaurant,OTHELLO DELI,Sandwiches,Astoria (North)-Ditmars-Steinway,Queens,QN0101,40.77431326917,-73.91825106814
restaurant,PALERMO,Italian,Astoria (North)-Ditmars-Steinway,Queens,QN0101,40.77679666356,-73.92130621616
restaurant,PANDA EXPRESS,Chinese,Astoria (North)-Ditmars-Steinway,Queens,QN0101,40.77555977215,-73.91137139876
restaurant,PARIS BAGUETTE,Bakery Products/Desserts,Astoria (North)-Ditmars-Steinway,Queens,QN0101,40.7757764262,-73.91113642156
restaurant,PLEASANT AVE CAFE,Eastern European,Astoria (North)-Ditmars-Steinway,Queens,QN0101,40.77501813433,-73.90342532505
restaurant,POKE & ROLL,Hawaiian,Astoria (North)-Ditmars-Steinway,Queens,QN0101,40.77507561104,-73.90997837624
restaurant,POPEYES,Chicken,Astoria (North)-Ditmars-Steinway,Queens,QN0101,40.77549946838,-73.91147618573
restaurant,PORTA 23,New American,Astoria (North)-Ditmars-Steinway,Queens,QN0101,40.77494671375,-73.91369018154
restaurant,PRIVATE ROOM NYC,Caribbean,Astoria (North)-Ditmars-Steinway,Queens,QN0101,40.77159060764,-73.90757861032
restaurant,Q.E.D. ASTORIA,American,Astoria (North)-Ditmars-Steinway,Queens,QN0101,40.77589193234,-73.91506097466
restaurant,QAHWAH HOUSE,Coffee/Tea,Astoria (North)-Ditmars-Steinway,Queens,QN0101,40.77528829757,-73.91170393244
restaurant,QAMARIA YEMENI COFFEE,Coffee/Tea,Astoria (North)-Ditmars-Steinway,Queens,QN0101,40.77574548074,-73.91016882787
restaurant,QUEEN'S ROOM,New American,Astoria (North)-Ditmars-Steinway,Queens,QN0101,40.77426165893,-73.90808035874
restaurant,RED & BLACK CAFE,Coffee/Tea,Astoria (North)-Ditmars-Steinway,Queens,QN0101,40.7819269201,-73.91408191026
restaurant,RETRO PIZZA,Pizza,Astoria (North)-Ditmars-Steinway,Queens,QN0101,40.7757591932,-73.91015436698
restaurant,RICE K,Asian/Asian Fusion,Astoria (North)-Ditmars-Steinway,Queens,QN0101,40.77494671104,-73.91368657101
restaurant,RIVERCREST,American,Astoria (North)-Ditmars-Steinway,Queens,QN0101,40.77528657943,-73.90949788627
restaurant,ROCKY MCBRIDE'S,American,Astoria (North)-Ditmars-Steinway,Queens,QN0101,40.77596059925,-73.91512587736
restaurant,ROMA'S DELI FOOD,Continental,Astoria (North)-Ditmars-Steinway,Queens,QN0101,40.77578160078,-73.90070544587
restaurant,ROSARIO'S,Italian,Astoria (North)-Ditmars-Steinway,Queens,QN0101,40.77498117066,-73.91207622657
restaurant,ROSE HOOKAH LOUNGE,Middle Eastern,Astoria (North)-Ditmars-Steinway,Queens,QN0101,40.76990698695,-73.90966407654
restaurant,SAKURA,Japanese,Astoria (North)-Ditmars-Steinway,Queens,QN0101,40.77473426649,-73.90871876661
restaurant,SAN AROY THAI KITCHEN,Thai,Astoria (North)-Ditmars-Steinway,Queens,QN0101,40.77494124053,-73.91371185187
restaurant,SANDRO'S LATIN FOOD,Latin American,Astoria (North)-Ditmars-Steinway,Queens,QN0101,40.77595235698,-73.91511505614
restaurant,SERGIO'S PIZZA & DELI,American,Astoria (North)-Ditmars-Steinway,Queens,QN0101,40.76922730698,-73.90092103853
restaurant,SHAH'S KARAOKE & POETRY CAFE,American,Astoria (North)-Ditmars-Steinway,Queens,QN0101,40.77697308226,-73.90100334599
restaurant,SHAWARMANIA,Middle Eastern,Astoria (North)-Ditmars-Steinway,Queens,QN0101,40.77508263244,-73.91195333364
restaurant,SILVIA'S CAFE,Coffee/Tea,Astoria (North)-Ditmars-Steinway,Queens,QN0101,40.78080119774,-73.9173114718
restaurant,SINGLECUT BEERSMITHS,American,Astoria (North)-Ditmars-Steinway,Queens,QN0101,40.77857936741,-73.90170504177
restaurant,SOBOL,"Juice, Smoothies, Fruit Salads",Astoria (North)-Ditmars-Steinway,Queens,QN0101,40.77475902093,-73.908783722
restaurant,SOUTH BEACH OF NEW YORK,Greek,Astoria (North)-Ditmars-Steinway,Queens,QN0101,40.77012910148,-73.90939661387
restaurant,SPANGLISH,Mexican,Astoria (North)-Ditmars-Steinway,Queens,QN0101,40.77427537113,-73.90806589774
restaurant,STAMATIS,Greek,Astoria (North)-Ditmars-Steinway,Queens,QN0101,40.77495220597,-73.91369378493
restaurant,STARBUCKS,Coffee/Tea,Astoria (North)-Ditmars-Steinway,Queens,QN0101,40.77546381999,-73.91151956007
restaurant,STOP & ENJOY,Sandwiches,Astoria (North)-Ditmars-Steinway,Queens,QN0101,40.7768698738,-73.90227805612
restaurant,SUBWAY,Sandwiches,Astoria (North)-Ditmars-Steinway,Queens,QN0101,40.77123342539,-73.90379547836
restaurant,SWEET SPOT,American,Astoria (North)-Ditmars-Steinway,Queens,QN0101,40.77461374328,-73.91256052288
restaurant,TACO BELL,Tex-Mex,Astoria (North)-Ditmars-Steinway,Queens,QN0101,40.77553511675,-73.91143281135
restaurant,TAP NYC,Brazilian,Astoria (North)-Ditmars-Steinway,Queens,QN0101,40.77528932703,-73.90950149307
restaurant,TASTE OF GYRO,Greek,Astoria (North)-Ditmars-Steinway,Queens,QN0101,40.77450859265,-73.90135363299
restaurant,TASTY'S DINER,American,Astoria (North)-Ditmars-Steinway,Queens,QN0101,40.77472879421,-73.90874043728
restaurant,TAVERNA KOS,Greek,Astoria (North)-Ditmars-Steinway,Queens,QN0101,40.77042934076,-73.90728779465
restaurant,TAVERNA KYCLADES,Greek,Astoria (North)-Ditmars-Steinway,Queens,QN0101,40.77428086931,-73.90807672162
restaurant,TELLY'S TAVERNA,Greek,Astoria (North)-Ditmars-Steinway,Queens,QN0101,40.77543854646,-73.91438638009
restaurant,THAME KAFE,Coffee/Tea,Astoria (North)-Ditmars-Steinway,Queens,QN0101,40.77050750902,-73.90893036915
restaurant,THE ASTORIA TAVERN,Irish,Astoria (North)-Ditmars-Steinway,Queens,QN0101,40.77350143804,-73.91167381665
restaurant,THE BONNIE,American,Astoria (North)-Ditmars-Steinway,Queens,QN0101,40.77493849306,-73.91370824491
restaurant,THE CORNER SPOT,American,Astoria (North)-Ditmars-Steinway,Queens,QN0101,40.77157691875,-73.90762195362
restaurant,THE DITTY,American,Astoria (North)-Ditmars-Steinway,Queens,QN0101,40.77477822847,-73.90877647454
restaurant,THE LAST WORD,New American,Astoria (North)-Ditmars-Steinway,Queens,QN0101,40.77574273033,-73.91016161043
restaurant,THE LETLOVE INN,American,Astoria (North)-Ditmars-Steinway,Queens,QN0101,40.77587819522,-73.91504293932
restaurant,THE POMEROY,American,Astoria (North)-Ditmars-Steinway,Queens,QN0101,40.77422593665,-73.90802986129
restaurant,TIPSY SCOOP,Frozen Desserts,Astoria (North)-Ditmars-Steinway,Queens,QN0101,40.77151749547,-73.90882428255
restaurant,TOKYO YA,Japanese,Astoria (North)-Ditmars-Steinway,Queens,QN0101,40.7742479207,-73.90806232529
restaurant,TOOTLES & FRENCH,New American,Astoria (North)-Ditmars-Steinway,Queens,QN0101,40.7742314059,-73.90800458023
restaurant,TRU ASTORIA,Mediterranean,Astoria (North)-Ditmars-Steinway,Queens,QN0101,40.7747205255,-73.90869712238
restaurant,TRUVA CAFE & GRILL,Turkish,Astoria (North)-Ditmars-Steinway,Queens,QN0101,40.77521974259,-73.91178706634
restaurant,TUFINO,Italian,Astoria (North)-Ditmars-Steinway,Queens,QN0101,40.77423967777,-73.90805150522
restaurant,UNDER PRESSURE,Greek,Astoria (North)-Ditmars-Steinway,Queens,QN0101,40.77358541091,-73.91381831883
restaurant,VAN LEEUWEN ICE CREAM,Frozen Desserts,Astoria (North)-Ditmars-Steinway,Queens,QN0101,40.77529207179,-73.90950148933
restaurant,VIA VAI,Italian,Astoria (North)-Ditmars-Steinway,Queens,QN0101,40.77427352847,-73.91273788576
restaurant,VICTORY SWEET SHOP,Bakery Products/Desserts,Astoria (North)-Ditmars-Steinway,Queens,QN0101,40.77350728289,-73.9052363637
restaurant,WATAWA,Japanese,Astoria (North)-Ditmars-Steinway,Queens,QN0101,40.77527561181,-73.90951234344
restaurant,XING'S CHEF CHINESE FOOD,Chinese,Astoria (North)-Ditmars-Steinway,Queens,QN0101,40.76999130627,-73.90203546976
restaurant,Y J COFFEE SHOP,Coffee/Tea,Astoria (North)-Ditmars-Steinway,Queens,QN0101,40.76957882214,-73.91120970753
restaurant,YAAR,Indian,Astoria (North)-Ditmars-Steinway,Queens,QN0101,40.77498117066,-73.91207622657
restaurant,ZIO PEPE'S PIZZERIA,Pizza,Astoria (North)-Ditmars-Steinway,Queens,QN0101,40.77638373019,-73.9157210872
restaurant,ZORBA'S DINER,Greek,Astoria (North)-Ditmars-Steinway,Queens,QN0101,40.77495220869,-73.91369739546
restaurant,57'S ALL AMERICAN GRILL,American,Auburndale,Queens,QN1101,40.76642621416,-73.78983597026
restaurant,ANGELO'S DELI,American,Auburndale,Queens,QN1101,40.7532035545,-73.78044297727
restaurant,ANNIE'S SOCIAL,Coffee/Tea,Auburndale,Queens,QN1101,40.76594524132,-73.7894873186
restaurant,B.B.'S PUB AND GRILL,American,Auburndale,Queens,QN1101,40.75350640509,-73.79427311056
restaurant,BAGEL CLUB,Bagels/Pretzels,Auburndale,Queens,QN1101,40.76674757038,-73.78258587514
restaurant,BBQ CHIPORK,Korean,Auburndale,Queens,QN1101,40.76674483931,-73.78259310429
restaurant,BELLA'S ITALIAN ICES,Frozen Desserts,Auburndale,Queens,QN1101,40.7661851638,-73.78418336816
restaurant,BKNY THAI RESTAURANT,Thai,Auburndale,Queens,QN1101,40.75296452625,-73.78032105027
restaurant,BLUE BAY DINER,American,Auburndale,Queens,QN1101,40.74416770264,-73.77614583386
restaurant,BONCHON CHICKEN,Korean,Auburndale,Queens,QN1101,40.75776740129,-73.79184868071
restaurant,Bayside El Patron,Other,Auburndale,Queens,QN1101,40.7579075924,-73.78746977567
restaurant,CAFE AUBURNDALE,Asian/Asian Fusion,Auburndale,Queens,QN1101,40.75783671303,-73.78922066507
restaurant,CAFE BENCH,Korean,Auburndale,Queens,QN1101,40.75791023687,-73.78741562294
restaurant,CHOW,Chinese,Auburndale,Queens,QN1101,40.76674484615,-73.78259671436
restaurant,DUNKIN,Donuts,Auburndale,Queens,QN1101,40.75519654747,-73.78203537822
restaurant,DUNKIN,Donuts,Auburndale,Queens,QN1101,40.77262526869,-73.79515252824
restaurant,DUNKIN' / BASKIN ROBBINS,Donuts,Auburndale,Queens,QN1101,40.76342842868,-73.78658932062
restaurant,EMERALD PUB,Irish,Auburndale,Queens,QN1101,40.73997976633,-73.79100591391
restaurant,FAIRFIELD INN & SUITES,American,Auburndale,Queens,QN1101,40.73998794142,-73.79097341039
restaurant,FIREFLY,Korean,Auburndale,Queens,QN1101,40.75791288799,-73.7873650798
restaurant,FITRITION,"Juice, Smoothies, Fruit Salads",Auburndale,Queens,QN1101,40.76796276982,-73.79105855843
restaurant,FONTANA FAMOUS PIZZA & GYRO,Greek,Auburndale,Queens,QN1101,40.75771553572,-73.78310998574
restaurant,FORTUNE GARDEN,Chinese,Auburndale,Queens,QN1101,40.75254400582,-73.78582666421
restaurant,GAL BI MA EUL,Korean,Auburndale,Queens,QN1101,40.75790756566,-73.78745533729
restaurant,GRAZIELLA PIZZERIA,Pizza,Auburndale,Queens,QN1101,40.76675876483,-73.79007318331
restaurant,GREAT WALL RESTAURANT,Chinese,Auburndale,Queens,QN1101,40.76962616102,-73.78959116657
restaurant,GREY CAFE,Coffee/Tea,Auburndale,Queens,QN1101,40.75795228957,-73.78641201397
restaurant,GYRO CORNER NYC,Greek,Auburndale,Queens,QN1101,40.76783081809,-73.79094705914
restaurant,GYRO WORLD,Mediterranean,Auburndale,Queens,QN1101,40.75791284117,-73.78733981263
restaurant,HALAL DONER KABAB,Middle Eastern,Auburndale,Queens,QN1101,40.75783933179,-73.7891520741
restaurant,HASHI RAMEN & IZAKAYA,Japanese,Auburndale,Queens,QN1101,40.75783668651,-73.7892062267
restaurant,JANG DOK DAE,Korean,Auburndale,Queens,QN1101,40.75326290744,-73.79318383759
restaurant,JOONG KOOG JIP,Korean,Auburndale,Queens,QN1101,40.7575439093,-73.77946846241
restaurant,JUICE FOR LIFE,"Juice, Smoothies, Fruit Salads",Auburndale,Queens,QN1101,40.7658902735,-73.78944778245
restaurant,JUN'S MACARON & GELATO CAFE,Coffee/Tea,Auburndale,Queens,QN1101,40.75783681247,-73.78927480895
restaurant,K-TOWN FOOD COURT BAYSIDE,Korean,Auburndale,Queens,QN1101,40.75386330192,-73.78096776643
restaurant,KUMO SUSHI,Japanese,Auburndale,Queens,QN1101,40.76678899669,-73.79009474825
restaurant,LOFT STUDIO CAFE,Bakery Products/Desserts,Auburndale,Queens,QN1101,40.75760880616,-73.78182892613
restaurant,LUIGI'S PIZZA BAYSIDE,Pizza,Auburndale,Queens,QN1101,40.76674483248,-73.78258949421
restaurant,MATESE PIZZERIA,Pizza,Auburndale,Queens,QN1101,40.77260602323,-73.79513453559
restaurant,MCCABE'S BAR CAR,Irish,Auburndale,Queens,QN1101,40.76133751453,-73.78988818682
restaurant,MCDONALD'S,Hamburgers,Auburndale,Queens,QN1101,40.7576490691,-73.77991570378
restaurant,MICHAEL & SONS,Pizza,Auburndale,Queens,QN1101,40.752000209,-73.78860757705
restaurant,MICKEY'S PLACE,Japanese,Auburndale,Queens,QN1101,40.76644270248,-73.78984674827
restaurant,MOON STAR,Chinese,Auburndale,Queens,QN1101,40.75326014317,-73.79317301812
restaurant,MR. DAK,Korean,Auburndale,Queens,QN1101,40.75791016999,-73.78737952698
restaurant,MYTHOS,Greek,Auburndale,Queens,QN1101,40.75789735495,-73.7849214191
restaurant,NIYOM THAI,Thai,Auburndale,Queens,QN1101,40.76641796669,-73.78982877623
restaurant,NORTH SHORE DINER,American,Auburndale,Queens,QN1101,40.75784727913,-73.78456422962
restaurant,OCTOPUS HOUSE,Korean,Auburndale,Queens,QN1101,40.75253863756,-73.78589164939
restaurant,PAPA JOHN'S,Pizza,Auburndale,Queens,QN1101,40.75786511105,-73.78824597891
restaurant,PARIS BAGUETTE,Bakery Products/Desserts,Auburndale,Queens,QN1101,40.75386330192,-73.78096776643
restaurant,PERFECT SWEETS,Bakery Products/Desserts,Auburndale,Queens,QN1101,40.76107894583,-73.78958217354
restaurant,PHO CHE,Southeast Asian,Auburndale,Queens,QN1101,40.75786513769,-73.78826041728
restaurant,PICCOLO SOGNO,Italian,Auburndale,Queens,QN1101,40.75254672362,-73.78581221813
restaurant,PIZZARAMA,Pizza,Auburndale,Queens,QN1101,40.7626551284,-73.78550523542
restaurant,POPEYES,Chicken,Auburndale,Queens,QN1101,40.75775862718,-73.79459562024
restaurant,PRIMO AMORE,Italian,Auburndale,Queens,QN1101,40.7656511623,-73.78927525945
restaurant,RAAZ HOOKAH LOUNGE,Middle Eastern,Auburndale,Queens,QN1101,40.75783673292,-73.78923149385
restaurant,RALPH'S II DELI,Sandwiches,Auburndale,Queens,QN1101,40.76974617471,-73.78917921618
restaurant,SING SING SEAFOOD,Korean,Auburndale,Queens,QN1101,40.75351750056,-73.79433804496
restaurant,SNACK MOOD,Coffee/Tea,Auburndale,Queens,QN1101,40.76752741334,-73.79013573365
restaurant,STAR CAFE,Coffee/Tea,Auburndale,Queens,QN1101,40.73997976633,-73.79100591391
restaurant,STARBUCKS COFFEE #52530,Coffee/Tea,Auburndale,Queens,QN1101,40.76881228134,-73.79181763725
restaurant,SUBWAY,Sandwiches,Auburndale,Queens,QN1101,40.75806243251,-73.77792181894
restaurant,TACO BELL,Tex-Mex,Auburndale,Queens,QN1101,40.75772165095,-73.79387381345
restaurant,TANG,Korean,Auburndale,Queens,QN1101,40.75785007808,-73.78459309745
restaurant,THE BISTRO AT THE COURTYARD BY MARRIOTT,American,Auburndale,Queens,QN1101,40.73998248479,-73.79099147079
restaurant,THE CELTIC COVE,American,Auburndale,Queens,QN1101,40.77026099664,-73.79304780983
restaurant,THE OASIS CAFE,Coffee/Tea,Auburndale,Queens,QN1101,40.75787809434,-73.78489621422
restaurant,VINNIE'S PIZZERIA,Pizza,Auburndale,Queens,QN1101,40.76948977643,-73.79005732099
restaurant,YUMMY NOODLE HOUSE,Chinese,Auburndale,Queens,QN1101,40.76660486075,-73.78996536759
restaurant,ZHENGXIN CHICKEN STEAK,Chinese,Auburndale,Queens,QN1101,40.76951432725,-73.78997420759
restaurant,4 MILLICAFE & CARRIBEAN CUISINE,Caribbean,Baisley Park,Queens,QN1203,40.67345252722,-73.79138462501
restaurant,AKASHA RESTAURANT AND BAR,Caribbean,Baisley Park,Queens,QN1203,40.68222425914,-73.79256852759
restaurant,Auntie Anne's,Bagels/Pretzels,Baisley Park,Queens,QN1203,40.67946250171,-73.77765819215
restaurant,BUFFALO WILD WINGS GO,Chicken,Baisley Park,Queens,QN1203,40.68594540305,-73.79365664769
restaurant,CARIBBEAN STYLE CUISINE,Caribbean,Baisley Park,Queens,QN1203,40.67363998616,-73.79334878225
restaurant,CASCADE JERK,Caribbean,Baisley Park,Queens,QN1203,40.6791237362,-73.79165163747
restaurant,CHEF LOTHIAN KITCHEN,Caribbean,Baisley Park,Queens,QN1203,40.68571727575,-73.79348428304
restaurant,COURTYARD BY MARRIOTT,American,Baisley Park,Queens,QN1203,40.66721858204,-73.79412213386
restaurant,DNL PIZZA PLUS,Other,Baisley Park,Queens,QN1203,40.67346337503,-73.79131249037
restaurant,DOUBLETREE BY HILTON HOTEL JFK AIRPORT,American,Baisley Park,Queens,QN1203,40.66764284194,-73.79808600307
restaurant,DUNKIN,Donuts,Baisley Park,Queens,QN1203,40.67347179309,-73.79141340475
restaurant,DUNKIN,Donuts,Baisley Park,Queens,QN1203,40.66763523523,-73.78928692332
restaurant,"DUNKIN', BASKIN ROBBINS",Donuts,Baisley Park,Queens,QN1203,40.68571727575,-73.79348428304
restaurant,EBENEZER RESTAURANT & PIZZERIA,Spanish,Baisley Park,Queens,QN1203,40.68618452212,-73.79383619084
restaurant,GREAT DRAGON,Chinese,Baisley Park,Queens,QN1203,40.67411076804,-73.79877654349
restaurant,HALAL BUFFET,Middle Eastern,Baisley Park,Queens,QN1203,40.68673148213,-73.79425276007
restaurant,HAMPTON NY -JFK,American,Baisley Park,Queens,QN1203,40.66802442792,-73.79502802973
restaurant,HIBACHI EXPRESS,Chinese,Baisley Park,Queens,QN1203,40.67344695893,-73.79134138216
restaurant,HIBACHI WING,Chinese,Baisley Park,Queens,QN1203,40.67346338816,-73.79131970039
restaurant,J & M KELLYS JAMAICAN & AMERICAN RESTAURANT,Caribbean,Baisley Park,Queens,QN1203,40.68311928559,-73.78232956719
restaurant,JOLLOF CAFE & GRILL,African,Baisley Park,Queens,QN1203,40.6861661767,-73.79431941398
restaurant,JS RESTAURANT & DINER,Latin American,Baisley Park,Queens,QN1203,40.6793613438,-73.77786403568
restaurant,LITTLE CAESARS,Pizza,Baisley Park,Queens,QN1203,40.68602510511,-73.79371409147
restaurant,MAHIM AFRICAN RESTAURANT,African,Baisley Park,Queens,QN1203,40.68096377755,-73.79222273622
restaurant,MCDONALD'S,Hamburgers,Baisley Park,Queens,QN1203,40.68623394737,-73.7938468546
restaurant,MCDONALD'S,Hamburgers,Baisley Park,Queens,QN1203,40.67969472847,-73.77710218818
restaurant,MOTHER EARTH JUICE BAR CAFE,"Juice, Smoothies, Fruit Salads",Baisley Park,Queens,QN1203,40.68363511506,-73.79258936104
restaurant,NEW YUMMY,Chinese,Baisley Park,Queens,QN1203,40.67929843771,-73.77797961712
restaurant,NO.1 YUMMY TACO,Chinese,Baisley Park,Queens,QN1203,40.67346342754,-73.79134133044
restaurant,O.B'S BAKERY,Bakery Products/Desserts,Baisley Park,Queens,QN1203,40.67942150502,-73.7777484632
restaurant,PANDA KITCHEN,Chinese,Baisley Park,Queens,QN1203,40.67346621169,-73.79136295187
restaurant,PAPA JOHN'S,Pizza,Baisley Park,Queens,QN1203,40.67335455258,-73.790339476
restaurant,PEPPA'S,Caribbean,Baisley Park,Queens,QN1203,40.67336287261,-73.79038631505
restaurant,PIZZA HUT,Pizza,Baisley Park,Queens,QN1203,40.6885261242,-73.79553809397
restaurant,POPEYES,Chicken,Baisley Park,Queens,QN1203,40.67406320705,-73.79826476893
restaurant,POPEYES,Chicken,Baisley Park,Queens,QN1203,40.67905248777,-73.77996337245
restaurant,Platinum Lounge,American,Baisley Park,Queens,QN1203,40.67425915291,-73.80044163696
restaurant,RESIDENCE INN BY MARRIOTT JFK,Continental,Baisley Park,Queens,QN1203,40.66820340494,-73.79688752497
restaurant,RIB SHACK,Soul Food,Baisley Park,Queens,QN1203,40.68777270947,-73.79023627355
restaurant,ROCHDALE CHICKEN AND FISH,Chicken,Baisley Park,Queens,QN1203,40.68294067718,-73.78222559167
restaurant,ROCKAWAY FISH & SOUL,Soul Food,Baisley Park,Queens,QN1203,40.67411638415,-73.79884862775
restaurant,SNO BAR,Frozen Desserts,Baisley Park,Queens,QN1203,40.67397042732,-73.79701770138
restaurant,SOIREE RESTAURANT & LOUNGE,Other,Baisley Park,Queens,QN1203,40.67344976277,-73.79137381861
restaurant,SUBWAY,Sandwiches,Baisley Park,Queens,QN1203,40.67928476974,-73.77800850557
restaurant,SUPREME EMPANADAS,Other,Baisley Park,Queens,QN1203,40.67432072843,-73.80112641614
restaurant,TAMARIND ISLAND,Caribbean,Baisley Park,Queens,QN1203,40.68508236319,-73.79300309861
restaurant,TEXAS LONE STAR,Chicken,Baisley Park,Queens,QN1203,40.68673148213,-73.79425276007
restaurant,TEXAS LONESTAR,Other,Baisley Park,Queens,QN1203,40.67352824025,-73.79226762018
restaurant,THE DOOR,Caribbean,Baisley Park,Queens,QN1203,40.67854862143,-73.77914663688
restaurant,THE JUICE JOINT,American,Baisley Park,Queens,QN1203,40.67372437115,-73.79448410823
restaurant,THE QUIMBY,American,Baisley Park,Queens,QN1203,40.66792108315,-73.79710827638
restaurant,TRINI KITCHEN SEAFOOD & GRILL,Caribbean,Baisley Park,Queens,QN1203,40.67416113465,-73.79932436096
restaurant,TRUE FLAVORS,Caribbean,Baisley Park,Queens,QN1203,40.67425913408,-73.8004308218
restaurant,UNFORGETTABLE LOUNGE,Bottled Beverages,Baisley Park,Queens,QN1203,40.687286662,-73.79466209919
restaurant,WE JUICING,"Juice, Smoothies, Fruit Salads",Baisley Park,Queens,QN1203,40.67918352748,-73.77817108421
restaurant,WILD ONION RESTAURANT & LOUNGE,Caribbean,Baisley Park,Queens,QN1203,40.68556567834,-73.7728349881
restaurant,YUMMY TACO,Tex-Mex,Baisley Park,Queens,QN1203,40.68614604351,-73.79380746453
restaurant,AMC THEATRES,American,Bay Terrace-Clearview,Queens,QN0703,40.77795203209,-73.7784546078
restaurant,APHRODITES SWEETS,Bakery Products/Desserts,Bay Terrace-Clearview,Queens,QN0703,40.78003787915,-73.80241627148
restaurant,AVO TACO,Tex-Mex,Bay Terrace-Clearview,Queens,QN0703,40.77836903422,-73.77693309707
restaurant,BAGEL CLUB,Bagels/Pretzels,Bay Terrace-Clearview,Queens,QN0703,40.78878756035,-73.78526182269
restaurant,BAY TERRACE POOL & TENNIS CENTER,American,Bay Terrace-Clearview,Queens,QN0703,40.78143995399,-73.77810714433
restaurant,BEN'S KOSHER DELI & RESTAURANT,Jewish/Kosher,Bay Terrace-Clearview,Queens,QN0703,40.778014715,-73.77822331287
restaurant,CHIP CITY,Bakery Products/Desserts,Bay Terrace-Clearview,Queens,QN0703,40.77971099508,-73.77540843536
restaurant,CHIPOTLE MEXICAN GRILL #4976,Tex-Mex,Bay Terrace-Clearview,Queens,QN0703,40.77991125544,-73.77535359506
restaurant,CLEARVIEW PARK GOLF COURSE,American,Bay Terrace-Clearview,Queens,QN0703,40.78746728439,-73.79118850766
restaurant,COLD STONE CREAMERY,Frozen Desserts,Bay Terrace-Clearview,Queens,QN0703,40.77831180134,-73.77714271179
restaurant,CONCETTINA,Italian,Bay Terrace-Clearview,Queens,QN0703,40.78050674566,-73.80213322889
restaurant,COQUITO BLU,Latin American,Bay Terrace-Clearview,Queens,QN0703,40.78081554233,-73.80293753001
restaurant,DIM SUM BLOOM,Chinese,Bay Terrace-Clearview,Queens,QN0703,40.78880157441,-73.78541706316
restaurant,DUNKIN,Donuts,Bay Terrace-Clearview,Queens,QN0703,40.77836631754,-73.77694754913
restaurant,FIVE GUYS,Hamburgers,Bay Terrace-Clearview,Queens,QN0703,40.77772849333,-73.77924970763
restaurant,GIGI'S PIZZARIA,Pizza,Bay Terrace-Clearview,Queens,QN0703,40.78000215394,-73.80239110217
restaurant,H CRAB,Chinese,Bay Terrace-Clearview,Queens,QN0703,40.77304888652,-73.79567112352
restaurant,HACHIKAWA SUSHI,Japanese,Bay Terrace-Clearview,Queens,QN0703,40.77329949312,-73.79613971061
restaurant,HAND ROLLED BAGEL CAFE,Bagels/Pretzels,Bay Terrace-Clearview,Queens,QN0703,40.77981809428,-73.8022977695
restaurant,IHOP#3715,American,Bay Terrace-Clearview,Queens,QN0703,40.7780065296,-73.77824861521
restaurant,INCA PAISA,Latin American,Bay Terrace-Clearview,Queens,QN0703,40.77324441216,-73.79603517681
restaurant,JIMMY'S CAFE & DELI,American,Bay Terrace-Clearview,Queens,QN0703,40.7841131096,-73.77656711867
restaurant,JUST SALAD,Salads,Bay Terrace-Clearview,Queens,QN0703,40.77821369794,-73.77750772442
restaurant,KEILLY,Chinese,Bay Terrace-Clearview,Queens,QN0703,40.77759851259,-73.79347264301
restaurant,LEGEND OF TASTE,Chinese,Bay Terrace-Clearview,Queens,QN0703,40.77951777813,-73.79384941126
restaurant,LITTLE SHARK BAKERY,Coffee/Tea,Bay Terrace-Clearview,Queens,QN0703,40.77336714225,-73.79559432365
restaurant,MCDONALD'S,Hamburgers,Bay Terrace-Clearview,Queens,QN0703,40.7806191184,-73.80203901153
restaurant,MITO,Asian/Asian Fusion,Bay Terrace-Clearview,Queens,QN0703,40.7777339481,-73.779231636
restaurant,NEW EMPIRE KITCHEN,Chinese,Bay Terrace-Clearview,Queens,QN0703,40.78242003614,-73.79443258686
restaurant,NOODLE LAB,Thai,Bay Terrace-Clearview,Queens,QN0703,40.77313425638,-73.79582972014
restaurant,OUTBACK STEAKHOUSE,Steakhouse,Bay Terrace-Clearview,Queens,QN0703,40.78166641706,-73.77599761465
restaurant,PANERA BREAD,American,Bay Terrace-Clearview,Queens,QN0703,40.78099022955,-73.77549798665
restaurant,PAPA CHICKEN,Armenian,Bay Terrace-Clearview,Queens,QN0703,40.78080535616,-73.8018037497
restaurant,PATSY'S PIZZERIA,Italian,Bay Terrace-Clearview,Queens,QN0703,40.77740631537,-73.79343713464
restaurant,PONTICELLO BAYBRIDGE PIZZERIA & RESTAURANT,Pizza,Bay Terrace-Clearview,Queens,QN0703,40.78878475482,-73.78522933009
restaurant,RIVIERA RISTORANTE,Italian,Bay Terrace-Clearview,Queens,QN0703,40.78193676694,-73.79432575689
restaurant,ROSA  PIZZA,Pizza,Bay Terrace-Clearview,Queens,QN0703,40.77828455713,-73.7772475144
restaurant,STARBUCKS COFFEE#54771,Coffee/Tea,Bay Terrace-Clearview,Queens,QN0703,40.77997984579,-73.77533891949
restaurant,TERRACE INN,American,Bay Terrace-Clearview,Queens,QN0703,40.78007359814,-73.80243783001
restaurant,THE MONSTER CRAB,Seafood,Bay Terrace-Clearview,Queens,QN0703,40.77801199816,-73.7782377648
restaurant,THE PARLOR,Pizza,Bay Terrace-Clearview,Queens,QN0703,40.78031949024,-73.79398413138
restaurant,TO STEKI,Greek,Bay Terrace-Clearview,Queens,QN0703,40.77996097652,-73.80238761403
restaurant,VIVO!,Mediterranean,Bay Terrace-Clearview,Queens,QN0703,40.78654847001,-73.79308004511
restaurant,1 WAFFLE N SIP,American,Bayside,Queens,QN1102,40.76084546137,-73.76542267014
restaurant,375 CHICKEN 'N FRIES,Chicken,Bayside,Queens,QN1102,40.76011935038,-73.77011067909
restaurant,5IVE SPICE,Other,Bayside,Queens,QN1102,40.76243650361,-73.77039504955
restaurant,ADRIA HOTEL,American,Bayside,Queens,QN1102,40.76172644471,-73.76006979111
restaurant,AKITO,Japanese,Bayside,Queens,QN1102,40.76499176231,-73.77171107809
restaurant,AMY'S CHINESE RESTAURANT,Chinese,Bayside,Queens,QN1102,40.7563014751,-73.76743480518
restaurant,ARTISAN,Coffee/Tea,Bayside,Queens,QN1102,40.76365273032,-73.77054245775
restaurant,AVLI THE LITTLE GREEK TAVERN,Greek,Bayside,Queens,QN1102,40.76609906462,-73.77229570843
restaurant,AYNA AGRA,Indian,Bayside,Queens,QN1102,40.76536496184,-73.77166647365
restaurant,B EXPRESS PIZZERIA,Pizza,Bayside,Queens,QN1102,40.75635366923,-73.76745627945
restaurant,BAGEL & CAFE EVERYDAY,Bagels/Pretzels,Bayside,Queens,QN1102,40.74642910771,-73.76636504893
restaurant,BARAKI,Armenian,Bayside,Queens,QN1102,40.76611829934,-73.77230647261
restaurant,BAREBURGER,Hamburgers,Bayside,Queens,QN1102,40.76214533634,-73.77028415183
restaurant,BAYSIDE CHICKEN LOVERS,Chicken,Bayside,Queens,QN1102,40.76055528725,-73.76714916292
restaurant,BELL GARDEN,Chinese,Bayside,Queens,QN1102,40.76500824516,-73.77171824138
restaurant,BELLY CAKE,American,Bayside,Queens,QN1102,40.7660414106,-73.77228868618
restaurant,BLACKSMITH,Korean,Bayside,Queens,QN1102,40.76010831389,-73.77422942885
restaurant,BONCHON,Korean,Bayside,Queens,QN1102,40.75924653805,-73.76875645899
restaurant,BOURBON STREET,Cajun,Bayside,Queens,QN1102,40.76409879916,-73.77125207631
restaurant,BURGER KING,Hamburgers,Bayside,Queens,QN1102,40.76185911524,-73.7591993411
restaurant,CAFE 48,Chinese,Bayside,Queens,QN1102,40.75530268925,-73.7689470673
restaurant,CAFE EVERYDAY,American,Bayside,Queens,QN1102,40.76248112839,-73.77212763158
restaurant,CAMELLIA BELL,Coffee/Tea,Bayside,Queens,QN1102,40.76274590846,-73.77001855109
restaurant,CANTON MANOR,Asian/Asian Fusion,Bayside,Queens,QN1102,40.76150678463,-73.76134846021
restaurant,CARVEL,Frozen Desserts,Bayside,Queens,QN1102,40.76341188484,-73.77088984285
restaurant,CHIMAMA'S NOODLE HOUSE,Chinese,Bayside,Queens,QN1102,40.75924653805,-73.76875645899
restaurant,CINCO DE MAYO,Tex-Mex,Bayside,Queens,QN1102,40.76224144588,-73.7703054782
restaurant,COCO FRESH TEA & JUICE,Coffee/Tea,Bayside,Queens,QN1102,40.75919713257,-73.76875663118
restaurant,COSPIRE CAFE,Other,Bayside,Queens,QN1102,40.76776413299,-73.77317448151
restaurant,CRISPY CLOUD,Asian/Asian Fusion,Bayside,Queens,QN1102,40.75524279869,-73.76919272008
restaurant,CUE BAR,American,Bayside,Queens,QN1102,40.75979888677,-73.76907940896
restaurant,DA-OM,Korean,Bayside,Queens,QN1102,40.76084274613,-73.76543711886
restaurant,DOMINO'S,Pizza,Bayside,Queens,QN1102,40.76776687773,-73.77317447213
restaurant,DONER HAUS,German,Bayside,Queens,QN1102,40.76413452405,-73.77127361288
restaurant,DUNKIN,Donuts,Bayside,Queens,QN1102,40.76134389809,-73.76221539972
restaurant,DUNKIN',Coffee/Tea,Bayside,Queens,QN1102,40.76411803398,-73.77126283986
restaurant,DUNKIN' / JIMMY JOHN'S,Coffee/Tea,Bayside,Queens,QN1102,40.75946843216,-73.77266138513
restaurant,ELITE PASTRIES CAFE,Bakery Products/Desserts,Bayside,Queens,QN1102,40.75638938755,-73.76747420196
restaurant,ERAWAN,Thai,Bayside,Queens,QN1102,40.7622222182,-73.77029832506
restaurant,ESPURRESSO CAT CAFE,Coffee/Tea,Bayside,Queens,QN1102,40.76749189871,-73.779966085
restaurant,FARMERS FRIDGE-SAINT MARY'S HOSPITAL FOR CHILDREN- EMPLOYEE CAFETERIA,Salads,Bayside,Queens,QN1102,40.77642888964,-73.77018052872
restaurant,FOUR FOUR SOUTH VILLAGE,Chinese,Bayside,Queens,QN1102,40.76229364668,-73.77033056649
restaurant,GOLDEN K BURGERS,Hamburgers,Bayside,Queens,QN1102,40.76408501786,-73.77122324418
restaurant,GUAC TIME MEXICAN GRILL,Mexican,Bayside,Queens,QN1102,40.76308214737,-73.77070687656
restaurant,GUH SUNG,Korean,Bayside,Queens,QN1102,40.75907623994,-73.7686956879
restaurant,HAPPY CORNER 13,Chinese,Bayside,Queens,QN1102,40.74785970241,-73.76130731015
restaurant,HAPPY GARDEN,Chinese,Bayside,Queens,QN1102,40.75872175969,-73.76849478246
restaurant,HITIT BURGER,Hamburgers,Bayside,Queens,QN1102,40.76495608777,-73.77171481084
restaurant,HOUSE OF HOOKAH,Middle Eastern,Bayside,Queens,QN1102,40.76511266045,-73.77177564229
restaurant,HUNAN NOODLE,Chinese,Bayside,Queens,QN1102,40.76124964422,-73.76983602779
restaurant,JD'S SALOON,Bottled Beverages,Bayside,Queens,QN1102,40.76750552554,-73.77991549785
restaurant,JI BEI CHUAN: RICE NOODLE & RAMEN,Chinese,Bayside,Queens,QN1102,40.76225248267,-73.77033431883
restaurant,JIMMY'S TRATTORIA,Italian,Bayside,Queens,QN1102,40.75862285405,-73.76844820199
restaurant,JIN SANG GUKBAP,Korean,Bayside,Queens,QN1102,40.75922320312,-73.77357186727
restaurant,JOE'S SICILIAN BAKERY,Bakery Products/Desserts,Bayside,Queens,QN1102,40.75535426499,-73.76866173878
restaurant,JU BANG JANG,Korean,Bayside,Queens,QN1102,40.76054422768,-73.76710949434
restaurant,K CAFE TERRACE,Korean,Bayside,Queens,QN1102,40.75874631993,-73.77532779137
restaurant,KARAOKE CHRISTMAS,American,Bayside,Queens,QN1102,40.75646625516,-73.76748115168
restaurant,KOREAN NOODLE HOUSE,Korean,Bayside,Queens,QN1102,40.75944936191,-73.77273364452
restaurant,KRAVE IT,Pizza,Bayside,Queens,QN1102,40.7640932593,-73.77122682572
restaurant,KUNGFU HOT POT,Chinese,Bayside,Queens,QN1102,40.76506869423,-73.77175052347
restaurant,KUNGFU TEA,Coffee/Tea,Bayside,Queens,QN1102,40.76231287436,-73.77033771965
restaurant,KUNST COFFEE HAUS,Coffee/Tea,Bayside,Queens,QN1102,40.76341544533,-73.77268035007
restaurant,KYURAMEN / TBAAR,Japanese,Bayside,Queens,QN1102,40.76606334709,-73.7722777807
restaurant,L'ITALIANO TRATTORIA,Italian,Bayside,Queens,QN1102,40.74783514979,-73.7613795799
restaurant,LATERNA ESTIATORIO,Greek,Bayside,Queens,QN1102,40.75653223154,-73.7675314541
restaurant,LUCIA PIZZA,Pizza,Bayside,Queens,QN1102,40.76058512779,-73.76697578948
restaurant,LULU & DINO CAFE AND BAKERY,Bakery Products/Desserts,Bayside,Queens,QN1102,40.76126262405,-73.76273189271
restaurant,MAD FOR CHICKEN,Korean,Bayside,Queens,QN1102,40.76513743496,-73.77181165718
restaurant,MAGGIE MAY'S,Irish,Bayside,Queens,QN1102,40.76366087795,-73.77049911039
restaurant,MANGO MANGO,Chinese,Bayside,Queens,QN1102,40.76622270717,-73.77236026535
restaurant,MARBELLA,Spanish,Bayside,Queens,QN1102,40.76160162571,-73.76075971827
restaurant,MARIA'S,Greek,Bayside,Queens,QN1102,40.7662776594,-73.77238895739
restaurant,MARTHA'S COUNTRY BAKERY,Bakery Products/Desserts,Bayside,Queens,QN1102,40.76334320127,-73.77085759079
restaurant,MASAAKI MORDERN ASIAN CUISINE,Japanese,Bayside,Queens,QN1102,40.76365002888,-73.77056412668
restaurant,MASALA BOX,Indian,Bayside,Queens,QN1102,40.76246676806,-73.77043104349
restaurant,MEET FRESH,Frozen Desserts,Bayside,Queens,QN1102,40.76012750508,-73.7700709437
restaurant,MICCO CAFE,Coffee/Tea,Bayside,Queens,QN1102,40.75934820286,-73.76881025014
restaurant,MMM THATS A WRAP,Sandwiches,Bayside,Queens,QN1102,40.75881797153,-73.76856664015
restaurant,MOCHI HUT,Donuts,Bayside,Queens,QN1102,40.75914488049,-73.76870627767
restaurant,MODOO CHICKEN AND NOODLE BAR,Korean,Bayside,Queens,QN1102,40.76084002352,-73.76544795782
restaurant,MOGE TEA,Coffee/Tea,Bayside,Queens,QN1102,40.76124689948,-73.76983603731
restaurant,MOHO MEXICAN GRILL,Mexican,Bayside,Queens,QN1102,40.76632986688,-73.7724176589
restaurant,MOMO ASHI,Coffee/Tea,Bayside,Queens,QN1102,40.76412627542,-73.77126642141
restaurant,MONAHAN & FITZGERALD,Irish,Bayside,Queens,QN1102,40.76366650458,-73.77056767964
restaurant,MR. POLLO #1,Latin American,Bayside,Queens,QN1102,40.76230742821,-73.77035939765
restaurant,MR. WASABI,Japanese,Bayside,Queens,QN1102,40.76220028188,-73.77030923056
restaurant,NAN BEI HO,Chinese,Bayside,Queens,QN1102,40.75535696608,-73.76864007248
restaurant,NANSHAN HOT POT / TEA PULSE,Chinese,Bayside,Queens,QN1102,40.75990416815,-73.77093805223
restaurant,NEPTUNE DINER,American,Bayside,Queens,QN1102,40.76882735502,-73.77367988633
restaurant,NEW KING WOK,Chinese,Bayside,Queens,QN1102,40.76872574243,-73.77365135131
restaurant,NIPPON CHA,Japanese,Bayside,Queens,QN1102,40.76489563868,-73.77168252885
restaurant,"OAKLAND CAFETERIA, QUEENSBOROUGH COMMUNITY COLLEGE",American,Bayside,Queens,QN1102,40.75348220677,-73.75795562852
restaurant,OAKLAND CITY VIEW CAFE,American,Bayside,Queens,QN1102,40.75348220677,-73.75795562852
restaurant,OFF GRIDS COMMON,Coffee/Tea,Bayside,Queens,QN1102,40.75879873645,-73.76855587824
restaurant,OKDONGSIK,Korean,Bayside,Queens,QN1102,40.76125238897,-73.76983601827
restaurant,ONE STATION PLAZA,American,Bayside,Queens,QN1102,40.76351506631,-73.77170532933
restaurant,OOODLES NOODLE HOUSE,Asian/Asian Fusion,Bayside,Queens,QN1102,40.76053630832,-73.76726474191
restaurant,PANDA GARDEN,Chinese,Bayside,Queens,QN1102,40.76054422768,-73.76710949434
restaurant,PAPAZZIO,Italian,Bayside,Queens,QN1102,40.76486541055,-73.77166458288
restaurant,PARDON MY SUB,Sandwiches,Bayside,Queens,QN1102,40.76491756794,-73.77166801338
restaurant,PARIS BAGUETTE,Bakery Products/Desserts,Bayside,Queens,QN1102,40.75957185222,-73.77221703656
restaurant,PELICANA CHICKEN,Korean,Bayside,Queens,QN1102,40.75954188203,-73.77232904038
restaurant,PETER'S HOT BAGEL,Bagels/Pretzels,Bayside,Queens,QN1102,40.75667507549,-73.76758870649
restaurant,PHO 32,Southeast Asian,Bayside,Queens,QN1102,40.75931802516,-73.76881757468
restaurant,PHO GRAND BAYSIDE,Southeast Asian,Bayside,Queens,QN1102,40.76600569306,-73.77227075847
restaurant,POPEYES,Chicken,Bayside,Queens,QN1102,40.76185911524,-73.7591993411
restaurant,PRESS 195,Sandwiches/Salads/Mixed Buffet,Bayside,Queens,QN1102,40.76411249412,-73.77123758927
restaurant,PYRAMIDS HOOKAH AND BAR,American,Bayside,Queens,QN1102,40.76407402447,-73.77121606218
restaurant,QING SHU HOT POT,Chinese,Bayside,Queens,QN1102,40.76234039408,-73.77037372299
restaurant,SAM WON GAHK,Korean,Bayside,Queens,QN1102,40.7612682404,-73.76279323927
restaurant,SANGARITA'S,Tapas,Bayside,Queens,QN1102,40.76414551024,-73.77127718497
restaurant,SEOUL POCHA,Korean,Bayside,Queens,QN1102,40.76412348031,-73.77124116134
restaurant,SHAH'S HALAL FOOD,Other,Bayside,Queens,QN1102,40.76500824516,-73.77171824138
restaurant,SHANGHAI YOU GARDEN,Chinese,Bayside,Queens,QN1102,40.76343106925,-73.77087533692
restaurant,SOBOL,"Juice, Smoothies, Fruit Salads",Bayside,Queens,QN1102,40.76498630872,-73.77172914687
restaurant,SOBOL,"Juice, Smoothies, Fruit Salads",Bayside,Queens,QN1102,40.77831451804,-73.77712825975
restaurant,SOL DE COLOMBIA,Latin American,Bayside,Queens,QN1102,40.76954690567,-73.77389404673
restaurant,SOMEDAYS BAKERY,Bakery Products/Desserts,Bayside,Queens,QN1102,40.77831451804,-73.77712825975
restaurant,SPANGLISH,Mexican,Bayside,Queens,QN1102,40.76413452405,-73.77127361288
restaurant,SPIN BAGEL,Bagels/Pretzels,Bayside,Queens,QN1102,40.76406857815,-73.77123774069
restaurant,STARBUCKS,Coffee/Tea,Bayside,Queens,QN1102,40.7606773485,-73.7664340001
restaurant,STARBUCKS,Coffee/Tea,Bayside,Queens,QN1102,40.75348220677,-73.75795562852
restaurant,SUPER FOOD,Korean,Bayside,Queens,QN1102,40.75345625226,-73.77486926468
restaurant,SUSHI & SIPS CAFE @ STUDENT UNION BUILDING,Asian/Asian Fusion,Bayside,Queens,QN1102,40.75348220677,-73.75795562852
restaurant,T-SWIRL CREPE,Pancakes/Waffles,Bayside,Queens,QN1102,40.76496982587,-73.77172198358
restaurant,TACO EXPRESS,Mexican,Bayside,Queens,QN1102,40.76490108509,-73.77166085011
restaurant,TAMASHII GOLD,Japanese,Bayside,Queens,QN1102,40.76412348031,-73.77124116134
restaurant,TAVERNA KYCLADES,Greek,Bayside,Queens,QN1102,40.76494234967,-73.77170763811
restaurant,THAI 101,Thai,Bayside,Queens,QN1102,40.76505221139,-73.77174336016
restaurant,TIGER BITES (STUDENT UNION CAFETERIA),American,Bayside,Queens,QN1102,40.75348220677,-73.75795562852
restaurant,TIPSY,Mexican,Bayside,Queens,QN1102,40.76352879005,-73.77170528211
restaurant,TRATTORIA 35,Italian,Bayside,Queens,QN1102,40.76888333071,-73.77422844815
restaurant,TROPICAL SMOOTHIE CAFE,"Juice, Smoothies, Fruit Salads",Bayside,Queens,QN1102,40.76305191908,-73.77068893154
restaurant,TSAOCAA,Asian/Asian Fusion,Bayside,Queens,QN1102,40.76235962899,-73.770384486
restaurant,UNCLE JACK'S STEAKHOUSE,Steakhouse,Bayside,Queens,QN1102,40.76485167244,-73.77165741017
restaurant,V.I.PIZZA,Pizza,Bayside,Queens,QN1102,40.76125243965,-73.7698612867
restaurant,VALDARI,Italian,Bayside,Queens,QN1102,40.76366628081,-73.77045577251
restaurant,VERANDA,Mediterranean,Bayside,Queens,QN1102,40.7587163467,-73.7754397924
restaurant,WENDY'S,Hamburgers,Bayside,Queens,QN1102,40.76146862083,-73.76147494096
restaurant,WHITE CASTLE,Hamburgers,Bayside,Queens,QN1102,40.76013565976,-73.7700312083
restaurant,WON KBBQ (O2 BBQ),Korean,Bayside,Queens,QN1102,40.75882341735,-73.76854496314
restaurant,YEDANG,Korean,Bayside,Queens,QN1102,40.75943846154,-73.77277338858
restaurant,YEDON,Korean,Bayside,Queens,QN1102,40.75907331606,-73.77411744073
restaurant,YOUNG AND RICH BAYSIDE,Chinese,Bayside,Queens,QN1102,40.75536512755,-73.76860394922
restaurant,BELLEROSE FAMOUS PIZZA,Pizza,Bellerose,Queens,QN1302,40.74244012076,-73.72170238588
restaurant,BHATURA KING,Vegetarian,Bellerose,Queens,QN1302,40.72631635472,-73.72702309172
restaurant,BLAZIN CHICKEN & GYRO,Mediterranean,Bellerose,Queens,QN1302,40.72643383774,-73.71661377855
restaurant,Bellerose Pizzeria,Pizza,Bellerose,Queens,QN1302,40.72512052551,-73.72168479541
restaurant,CHINA KING,Chinese,Bellerose,Queens,QN1302,40.72879448041,-73.73742931363
restaurant,DAANA PAANI,Indian,Bellerose,Queens,QN1302,40.74243209658,-73.72178903032
restaurant,DILBAR INDIAN CUISINE,Indian,Bellerose,Queens,QN1302,40.74241289209,-73.72179271961
restaurant,ELITE LOUNGE & CAFE,Fusion,Bellerose,Queens,QN1302,40.74365059002,-73.71833747112
restaurant,FRANGOS PERI PERI,Portuguese,Bellerose,Queens,QN1302,40.73343383857,-73.7365305385
restaurant,GUAC TIME,Mexican,Bellerose,Queens,QN1302,40.73522073899,-73.71807735459
restaurant,HALAL MUNCHIES,American,Bellerose,Queens,QN1302,40.74366150699,-73.71831216283
restaurant,KAM'S GARDEN CHINESE RESTAURANT,Chinese,Bellerose,Queens,QN1302,40.72485122432,-73.72268890041
restaurant,KING OF INDIA,Indian,Bellerose,Queens,QN1302,40.73519903811,-73.71818209008
restaurant,KUNG FU TEA,"Juice, Smoothies, Fruit Salads",Bellerose,Queens,QN1302,40.72683510684,-73.7135128485
restaurant,LA AURORA,Latin American,Bellerose,Queens,QN1302,40.72655067247,-73.7286060046
restaurant,MAJLIS,American,Bellerose,Queens,QN1302,40.74241846909,-73.72182878406
restaurant,MOONLIGHT PUB,American,Bellerose,Queens,QN1302,40.72584413799,-73.71901914517
restaurant,PIZZA HUT,Pizza,Bellerose,Queens,QN1302,40.7303379585,-73.74390339758
restaurant,POPEYE'S,Chicken,Bellerose,Queens,QN1302,40.7436997651,-73.71824343226
restaurant,RINCONCITO DE LOS SABORES #4,Mexican,Bellerose,Queens,QN1302,40.72737511464,-73.73136633409
restaurant,SAGAR CHINESE,Chinese,Bellerose,Queens,QN1302,40.74363691944,-73.71835918223
restaurant,SHAHI DHABA,Indian,Bellerose,Queens,QN1302,40.72737787629,-73.73137353884
restaurant,STARBUCKS,Coffee/Tea,Bellerose,Queens,QN1302,40.72682700775,-73.71356700249
restaurant,STUFFED DESSERTS,Other,Bellerose,Queens,QN1302,40.725123244,-73.72167396049
restaurant,SUBWAY,Sandwiches,Bellerose,Queens,QN1302,40.72682700775,-73.71356700249
restaurant,SURYA SWEETS & SNACKS,Vegetarian,Bellerose,Queens,QN1302,40.73541068657,-73.71718888096
restaurant,SZECHUAN KITCHEN,Chinese,Bellerose,Queens,QN1302,40.73343385514,-73.73653775502
restaurant,TACO EXPRESS,Tex-Mex,Bellerose,Queens,QN1302,40.73560065404,-73.71631122736
restaurant,THE HALAL BROS NY,Middle Eastern,Bellerose,Queens,QN1302,40.72512868973,-73.72165589845
restaurant,UMI,Seafood,Bellerose,Queens,QN1302,40.73068247481,-73.74331033322
restaurant,V3NOM CAFE & LOUNGE,American,Bellerose,Queens,QN1302,40.72511779827,-73.72169202253
restaurant,VACCARO'S PIZZERIA & TRATTORIA,Pizza,Bellerose,Queens,QN1302,40.72788991617,-73.71055695737
restaurant,129 PIZZA,Other,Breezy Point-Belle Harbor-Rockaway Park-Broad Channel,Queens,QN1403,40.57852722852,-73.84946757269
restaurant,A & S AT THE HARBOR CATERERS,American,Breezy Point-Belle Harbor-Rockaway Park-Broad Channel,Queens,QN1403,40.58128655015,-73.84799971758
restaurant,ADRIENNES,American,Breezy Point-Belle Harbor-Rockaway Park-Broad Channel,Queens,QN1403,40.59758533546,-73.81977092713
restaurant,ALL AMERICAN BAGEL BARISTA II,Coffee/Tea,Breezy Point-Belle Harbor-Rockaway Park-Broad Channel,Queens,QN1403,40.59864082413,-73.82071872338
restaurant,ANNY'S RESTAURANT,Latin American,Breezy Point-Belle Harbor-Rockaway Park-Broad Channel,Queens,QN1403,40.57894067796,-73.83671578186
restaurant,BAGEL BARISTA STATION / LOS TACOS DE LA PLAYA,Bagels/Pretzels,Breezy Point-Belle Harbor-Rockaway Park-Broad Channel,Queens,QN1403,40.58014385187,-73.83738602306
restaurant,BAYA BAR,"Juice, Smoothies, Fruit Salads",Breezy Point-Belle Harbor-Rockaway Park-Broad Channel,Queens,QN1403,40.57862477084,-73.83653656285
restaurant,BEACH BAGEL,Bagels/Pretzels,Breezy Point-Belle Harbor-Rockaway Park-Broad Channel,Queens,QN1403,40.57860962888,-73.84951058487
restaurant,BELLE HARBOR YACHT CLUB,American,Breezy Point-Belle Harbor-Rockaway Park-Broad Channel,Queens,QN1403,40.58128655015,-73.84799971758
restaurant,BIG APPLE CHINESE RESTAURANT,Chinese,Breezy Point-Belle Harbor-Rockaway Park-Broad Channel,Queens,QN1403,40.58225345749,-73.83658524849
restaurant,BLARNEY CASTLE,American,Breezy Point-Belle Harbor-Rockaway Park-Broad Channel,Queens,QN1403,40.56077578919,-73.91178339747
restaurant,BOARDWALK BAGEL,Bagels/Pretzels,Breezy Point-Belle Harbor-Rockaway Park-Broad Channel,Queens,QN1403,40.58140640807,-73.82980125952
restaurant,BRAZMEX CAFE,Brazilian,Breezy Point-Belle Harbor-Rockaway Park-Broad Channel,Queens,QN1403,40.58054220843,-73.83764064869
restaurant,BRISAS DEL MAR RESTAURANT II,Spanish,Breezy Point-Belle Harbor-Rockaway Park-Broad Channel,Queens,QN1403,40.5797322212,-73.83744822823
restaurant,CALLIE'S,American,Breezy Point-Belle Harbor-Rockaway Park-Broad Channel,Queens,QN1403,40.57823056434,-73.84929545043
restaurant,CARACAS ROCKAWAY,American,Breezy Point-Belle Harbor-Rockaway Park-Broad Channel,Queens,QN1403,40.58110866409,-73.82529119462
restaurant,CARVEL,Frozen Desserts,Breezy Point-Belle Harbor-Rockaway Park-Broad Channel,Queens,QN1403,40.57942690502,-73.83699538306
restaurant,CIRO'S PASTRY SHOP,Bakery Products/Desserts,Breezy Point-Belle Harbor-Rockaway Park-Broad Channel,Queens,QN1403,40.57827729204,-73.84934574271
restaurant,CIRO'S PIZZA,Pizza,Breezy Point-Belle Harbor-Rockaway Park-Broad Channel,Queens,QN1403,40.58241467384,-73.83607723964
restaurant,CRUSTINO'S PIZZA,Pizza,Breezy Point-Belle Harbor-Rockaway Park-Broad Channel,Queens,QN1403,40.579168685,-73.83684841916
restaurant,DRAGON KING,Chinese,Breezy Point-Belle Harbor-Rockaway Park-Broad Channel,Queens,QN1403,40.58001624264,-73.83643954512
restaurant,"DUNKIN',' BASKIN ROBBINS",Donuts,Breezy Point-Belle Harbor-Rockaway Park-Broad Channel,Queens,QN1403,40.58221796028,-73.83671493858
restaurant,E SUSHI III,Other,Breezy Point-Belle Harbor-Rockaway Park-Broad Channel,Queens,QN1403,40.58005048317,-73.8373538516
restaurant,EAST MEETS WEST,Chinese,Breezy Point-Belle Harbor-Rockaway Park-Broad Channel,Queens,QN1403,40.57849429584,-73.84947124708
restaurant,GRASSY POINT BAR & GRILL,American,Breezy Point-Belle Harbor-Rockaway Park-Broad Channel,Queens,QN1403,40.60013087909,-73.82048423968
restaurant,HAPPY JACKS BURGER BAR,American,Breezy Point-Belle Harbor-Rockaway Park-Broad Channel,Queens,QN1403,40.58172555668,-73.83030805074
restaurant,HEALY'S PUB,American,Breezy Point-Belle Harbor-Rockaway Park-Broad Channel,Queens,QN1403,40.58173375367,-73.83028282945
restaurant,HOOKS PIZZA,Pizza,Breezy Point-Belle Harbor-Rockaway Park-Broad Channel,Queens,QN1403,40.60628050575,-73.81956009137
restaurant,KENNEDY'S RESTAURANT,American,Breezy Point-Belle Harbor-Rockaway Park-Broad Channel,Queens,QN1403,40.56148768865,-73.92064307971
restaurant,LA SORRENTINA,Italian,Breezy Point-Belle Harbor-Rockaway Park-Broad Channel,Queens,QN1403,40.57836516307,-73.84937434271
restaurant,LAST STOP GOURMET SHOP,American,Breezy Point-Belle Harbor-Rockaway Park-Broad Channel,Queens,QN1403,40.58052019908,-73.83760470251
restaurant,MARGIE'S/POOL BAR AT THE ROCKAWAY HOTEL,American,Breezy Point-Belle Harbor-Rockaway Park-Broad Channel,Queens,QN1403,40.58140377033,-73.82987326701
restaurant,MILLIES,Other,Breezy Point-Belle Harbor-Rockaway Park-Broad Channel,Queens,QN1403,40.57857395614,-73.84951786532
restaurant,O'SAKE ROCKAWAY JAPANESE RESTAURANT,Japanese,Breezy Point-Belle Harbor-Rockaway Park-Broad Channel,Queens,QN1403,40.58064934181,-73.83770158717
restaurant,PANINO RUSTICO / BAYA BAR,Sandwiches,Breezy Point-Belle Harbor-Rockaway Park-Broad Channel,Queens,QN1403,40.57849429584,-73.84947124708
restaurant,PICO,American,Breezy Point-Belle Harbor-Rockaway Park-Broad Channel,Queens,QN1403,40.57833223038,-73.84937801714
restaurant,PIZZA DAMORE,Pizza,Breezy Point-Belle Harbor-Rockaway Park-Broad Channel,Queens,QN1403,40.58001748436,-73.83731073274
restaurant,PIZZA ON THE POINT,Pizza,Breezy Point-Belle Harbor-Rockaway Park-Broad Channel,Queens,QN1403,40.56077019686,-73.911650245
restaurant,RHYTHMS ON THE ROCK,Caribbean,Breezy Point-Belle Harbor-Rockaway Park-Broad Channel,Queens,QN1403,40.58073179913,-73.83395378584
restaurant,ROCCO’S OF ROC BEACH COAL BRICK OVEN PIZZA,Italian,Breezy Point-Belle Harbor-Rockaway Park-Broad Channel,Queens,QN1403,40.58002725264,-73.83646111783
restaurant,ROGERS,American,Breezy Point-Belle Harbor-Rockaway Park-Broad Channel,Queens,QN1403,40.5799076367,-73.83727140183
restaurant,RUFFLES BAR,Bottled Beverages,Breezy Point-Belle Harbor-Rockaway Park-Broad Channel,Queens,QN1403,40.60626129796,-73.81956374487
restaurant,TAP THAT,American,Breezy Point-Belle Harbor-Rockaway Park-Broad Channel,Queens,QN1403,40.58098024416,-73.83303876228
restaurant,TE QUIERO,Tex-Mex,Breezy Point-Belle Harbor-Rockaway Park-Broad Channel,Queens,QN1403,40.58096386472,-73.8331000036
restaurant,THE BAYHOUSE,American,Breezy Point-Belle Harbor-Rockaway Park-Broad Channel,Queens,QN1403,40.56464902405,-73.91221735636
restaurant,THE HARBOR LIGHT PUB,American,Breezy Point-Belle Harbor-Rockaway Park-Broad Channel,Queens,QN1403,40.57773925733,-73.84930376294
restaurant,THE MEATUP GRILL,American,Breezy Point-Belle Harbor-Rockaway Park-Broad Channel,Queens,QN1403,40.57908352483,-73.83679822924
restaurant,WHARF BAR AND GRILL,American,Breezy Point-Belle Harbor-Rockaway Park-Broad Channel,Queens,QN1403,40.58163547358,-73.83823198877
restaurant,BROOKLYN WING HOUSE,Chicken,Cambria Heights,Queens,QN1304,40.69318651229,-73.73389546088
restaurant,CUISINE IMPERIAL,Caribbean,Cambria Heights,Queens,QN1304,40.69185558594,-73.73049669727
restaurant,DETOXX BAR,"Juice, Smoothies, Fruit Salads",Cambria Heights,Queens,QN1304,40.69086416976,-73.72794047396
restaurant,GOLDEN KRUST CARIBBEAN BAKERY & GRILL,Caribbean,Cambria Heights,Queens,QN1304,40.69086416976,-73.72794047396
restaurant,GOOD TASTE,Caribbean,Cambria Heights,Queens,QN1304,40.69261978884,-73.73215960322
restaurant,HAPPY HOUSE,Other,Cambria Heights,Queens,QN1304,40.69685595302,-73.74337976433
restaurant,HIBACHI OMAKASE,Chinese,Cambria Heights,Queens,QN1304,40.69507782228,-73.73994270652
restaurant,KAM'S KITCHEN,Chinese,Cambria Heights,Queens,QN1304,40.69585191574,-73.74240274395
restaurant,Krunchy Krust,Pizza,Cambria Heights,Queens,QN1304,40.6947902694,-73.73902064726
restaurant,LA BAGAGUETTE SHOP,Bakery Products/Desserts,Cambria Heights,Queens,QN1304,40.69257281613,-73.73202636796
restaurant,MAGGUY CAFE & BAKERY,Coffee/Tea,Cambria Heights,Queens,QN1304,40.69454972416,-73.73825347629
restaurant,MCDONALD'S,Hamburgers,Cambria Heights,Queens,QN1304,40.69614501165,-73.74336087373
restaurant,MERITTA'S JAMAICAN AND AMERICAN RESTAURANT,Caribbean,Cambria Heights,Queens,QN1304,40.69424835126,-73.73729542464
restaurant,NEW GREAT DRAGON,Chinese,Cambria Heights,Queens,QN1304,40.69396367936,-73.73644189363
restaurant,T & G FLAVORS,Caribbean,Cambria Heights,Queens,QN1304,40.69291276891,-73.73303109579
restaurant,TAZA HALAL EATS,American,Cambria Heights,Queens,QN1304,40.69612564493,-73.74329242955
restaurant,THA CAFE,Caribbean,Cambria Heights,Queens,QN1304,40.6937174527,-73.73559903527
restaurant,THE MILLENNIUM RESTAURANT AND BAKERY,Creole,Cambria Heights,Queens,QN1304,40.69422636012,-73.73728108697
restaurant,Yummy Kitchen,Chinese,Cambria Heights,Queens,QN1304,40.69613670471,-73.74332844945
restaurant,ACADEMY CAFE,American,College Point,Queens,QN0701,40.77058177643,-73.84303146643
restaurant,AKIYAMA JAPANESE RESTAURANT,Japanese,College Point,Queens,QN0701,40.78624981514,-73.83586596558
restaurant,ANGELO'S CAFE & GRILL,American,College Point,Queens,QN0701,40.78563983328,-73.85582614243
restaurant,APOLLO III BAKERY,Bakery Products/Desserts,College Point,Queens,QN0701,40.78322372131,-73.84474565671
restaurant,AZUCAR,American,College Point,Queens,QN0701,40.78296721368,-73.84585843767
restaurant,BENATERI'S ITALIAN GOURMET DELI,American,College Point,Queens,QN0701,40.78566700936,-73.83909575215
restaurant,BLUE TIJUANA,Mexican,College Point,Queens,QN0701,40.78402939247,-73.84582708094
restaurant,BUFFALO WILD WINGS,American,College Point,Queens,QN0701,40.78165576798,-73.8344257498
restaurant,CARVEL,Frozen Desserts,College Point,Queens,QN0701,40.78402936337,-73.8458054148
restaurant,CATHERINE BAKERY,Bakery Products/Desserts,College Point,Queens,QN0701,40.77958046008,-73.84606490135
restaurant,CITY VIEW ROOFTOP BAR & LOUNGE,American,College Point,Queens,QN0701,40.78144879784,-73.84141334576
restaurant,CRISPY BURGER,Chicken,College Point,Queens,QN0701,40.78293430579,-73.84588017999
restaurant,DONABELLA PIZZERIA,Pizza,College Point,Queens,QN0701,40.78297272742,-73.84587647973
restaurant,DUNKIN,American,College Point,Queens,QN0701,40.78295077428,-73.84588014172
restaurant,DUNKIN,Donuts,College Point,Queens,QN0701,40.78166412041,-73.83074260499
restaurant,DUNKIN' / BASKIN ROBBINS,Coffee/Tea,College Point,Queens,QN0701,40.78625266828,-73.83594179279
restaurant,DY KTV CLUB,Chinese,College Point,Queens,QN0701,40.78144879784,-73.84141334576
restaurant,EL GALLO NEGRO 2,Mexican,College Point,Queens,QN0701,40.78627195375,-73.83599230127
restaurant,EL VICENTINO RESTAURANT 2,Spanish,College Point,Queens,QN0701,40.7802858122,-73.84602715613
restaurant,El PUNTO RESRAURANT & BAKERY,Spanish,College Point,Queens,QN0701,40.78295897944,-73.8458584568
restaurant,FAIRFIELD INN,American,College Point,Queens,QN0701,40.77153285805,-73.84405455645
restaurant,FISH VILLAGE,Chinese,College Point,Queens,QN0701,40.78144879784,-73.84141334576
restaurant,GREEK KITCHEN,American,College Point,Queens,QN0701,40.78497103178,-73.8419285314
restaurant,HAPPY HOME RESTAURANT INC,Chinese,College Point,Queens,QN0701,40.78474573291,-73.84579652725
restaurant,HAPPY TOWN CHINESE RESTAURANT,Chinese,College Point,Queens,QN0701,40.78298093258,-73.84585479481
restaurant,I LOVE PARAGUAY CAFE,Latin American,College Point,Queens,QN0701,40.78403485287,-73.84580540204
restaurant,J & K GOURMET,Chinese,College Point,Queens,QN0701,40.77833993014,-73.84613999466
restaurant,JULIZA COLOMBIAN & LATIN FUSION,Latin American,College Point,Queens,QN0701,40.78295348994,-73.84585846956
restaurant,KAI YING CHINESE RESTAURANT,Chinese,College Point,Queens,QN0701,40.78296446893,-73.84585844405
restaurant,KELLEY'S CHINESE RESTAURANT,Chinese/Japanese,College Point,Queens,QN0701,40.78626913677,-73.83594175205
restaurant,KING OF SPADES,American,College Point,Queens,QN0701,40.78473198006,-73.84577489279
restaurant,LA ESQUINA DE DON MARIO,Latin American,College Point,Queens,QN0701,40.78464689773,-73.8457787017
restaurant,LA ROJA DE CHILE RESTAURANT & BAKERY,Chilean,College Point,Queens,QN0701,40.7862748068,-73.83606812851
restaurant,LAS DELICIAS RESTAURANT & BAKERY,Spanish,College Point,Queens,QN0701,40.78298367732,-73.84585478843
restaurant,LAS TRES,Latin American,College Point,Queens,QN0701,40.78610354733,-73.83723495235
restaurant,LITTLE PEPPER SICHUAN RESTAURANT,Chinese,College Point,Queens,QN0701,40.78296175327,-73.84588011621
restaurant,LIUJI SZECHUAN NOODLE HOUSE,Asian/Asian Fusion,College Point,Queens,QN0701,40.78123539847,-73.84595273421
restaurant,LLIANA'S BAR LOUNGE,Steakhouse,College Point,Queens,QN0701,40.78403485287,-73.84580540204
restaurant,LUSOM FOOD,American,College Point,Queens,QN0701,40.77828890035,-73.82761349959
restaurant,MANGU GRILL RESTAURANT,Latin American,College Point,Queens,QN0701,40.78403759762,-73.84580539566
restaurant,MARTINIELLO'S IV PIZZERIA,Pizza,College Point,Queens,QN0701,40.77938007885,-73.84605453403
restaurant,MCDONALD'S,Hamburgers,College Point,Queens,QN0701,40.78166298384,-73.82997348492
restaurant,MI COMALITO,Latin American,College Point,Queens,QN0701,40.78295897944,-73.8458584568
restaurant,MOE'S GOURMET FOOD & PIZZA,American,College Point,Queens,QN0701,40.77047536023,-73.83563783137
restaurant,MR. DRE KITCHEN BAR,Latin American,College Point,Queens,QN0701,40.78422125794,-73.84562802753
restaurant,MR. MARIO,Latin American,College Point,Queens,QN0701,40.78298096166,-73.8458764606
restaurant,MR. MARIO,Coffee/Tea,College Point,Queens,QN0701,40.78297547217,-73.84587647336
restaurant,NONNA DELIA'S,Pizza,College Point,Queens,QN0701,40.78295351903,-73.84588013534
restaurant,NOVO DELI,American,College Point,Queens,QN0701,40.77218429402,-73.844738999
restaurant,OTHERWAY KITCHEN,Latin American,College Point,Queens,QN0701,40.78484824191,-73.84650767132
restaurant,QIAO XLB,Other,College Point,Queens,QN0701,40.78106252289,-73.84598563355
restaurant,SABOR RESTAURANT & BAKERY,Latin American,College Point,Queens,QN0701,40.78403213722,-73.84582707456
restaurant,SAL'S DELI,Sandwiches,College Point,Queens,QN0701,40.78167383607,-73.83941597683
restaurant,SNACK BAR,American,College Point,Queens,QN0701,40.78749255816,-73.83735071392
restaurant,SPA CASTLE (CAFE & JUICE BAR),American,College Point,Queens,QN0701,40.78749255816,-73.83735071392
restaurant,SPA CASTLE (SKY GARDEN),Korean,College Point,Queens,QN0701,40.78749255816,-73.83735071392
restaurant,STARBUCKS,Coffee/Tea,College Point,Queens,QN0701,40.78166298384,-73.82997348492
restaurant,SWEET TOOTH,"Juice, Smoothies, Fruit Salads",College Point,Queens,QN0701,40.7829397662,-73.84585850145
restaurant,THE BUFFET,Asian/Asian Fusion,College Point,Queens,QN0701,40.78144879784,-73.84141334576
restaurant,THE HEALTHY POINT,Coffee/Tea,College Point,Queens,QN0701,40.78139457936,-73.84594153185
restaurant,TOZZARELLA,Coffee/Tea,College Point,Queens,QN0701,40.78118325308,-73.84595646619
restaurant,WHITEPOINT DINER,American,College Point,Queens,QN0701,40.78626917289,-73.83596703006
restaurant,WHITEPOINT PIZZERIA & RESTAURANT,Pizza,College Point,Queens,QN0701,40.78626910064,-73.83591647405
restaurant,YU TEA,"Juice, Smoothies, Fruit Salads",College Point,Queens,QN0701,40.78506407515,-73.84575967623
restaurant,5 DE MAYO RESTAURANT,Mexican,Corona,Queens,QN0402,40.74286014024,-73.85377905972
restaurant,ALL DAY NUTRITION (HERBALIFE),"Juice, Smoothies, Fruit Salads",Corona,Queens,QN0402,40.74725429183,-73.86248158057
restaurant,ANTIOQUENA BAKERY,Latin American,Corona,Queens,QN0402,40.74916429555,-73.86922309604
restaurant,ASADERO LA FOGATA,Latin American,Corona,Queens,QN0402,40.74253126067,-73.85416592323
restaurant,AZOGUENITA BAKERY & RESTAURANT,Latin American,Corona,Queens,QN0402,40.74907194329,-73.86299752872
restaurant,BLUE ANGEL,Mexican,Corona,Queens,QN0402,40.75206662225,-73.85420271659
restaurant,BOGATIS,Frozen Desserts,Corona,Queens,QN0402,40.75084755254,-73.85826938485
restaurant,BRAVAZO BISTRO,Peruvian,Corona,Queens,QN0402,40.73730855089,-73.86356308309
restaurant,CAFE 47 NY,Latin American,Corona,Queens,QN0402,40.746467561,-73.85658612305
restaurant,CAFE VALDEZ,Latin American,Corona,Queens,QN0402,40.74863990272,-73.86909781071
restaurant,CALI TAJADAS BAKERY & RESTAURANT,Latin American,Corona,Queens,QN0402,40.7468260363,-73.86015104869
restaurant,CAMPEON DEL POLLO RESTAURANT,Latin American,Corona,Queens,QN0402,40.74359564841,-73.85587778005
restaurant,CARNICERIA Y TAQUERIA LOS 3 HERMANOS,Mexican,Corona,Queens,QN0402,40.74393273906,-73.85766342936
restaurant,CHIMI EXPRESS,Latin American,Corona,Queens,QN0402,40.74697277557,-73.86348186138
restaurant,CHIMITO'S,Chimichurri,Corona,Queens,QN0402,40.74101016354,-73.85377591803
restaurant,CHINA COCINA,Chinese,Corona,Queens,QN0402,40.74987557447,-73.86250863115
restaurant,CHUANG CHEF,Chinese,Corona,Queens,QN0402,40.740617373,-73.85354943712
restaurant,CORONA CORNER COFFEE,Coffee/Tea,Corona,Queens,QN0402,40.74771585618,-73.86057504224
restaurant,CORONA PIZZA,Pizza,Corona,Queens,QN0402,40.74374845051,-73.85515928882
restaurant,DELICIOUS 99,"Juice, Smoothies, Fruit Salads",Corona,Queens,QN0402,40.74790284845,-73.86546493471
restaurant,DINASTIA ECUADORIAN FOOD,Latin American,Corona,Queens,QN0402,40.74972906554,-73.86394177358
restaurant,DON ALEX,Peruvian,Corona,Queens,QN0402,40.74371966505,-73.85627809194
restaurant,DONA CUQUITA,Latin American,Corona,Queens,QN0402,40.74726256503,-73.86251404471
restaurant,DOUBLE CHINESE RESTAURANT,Chinese,Corona,Queens,QN0402,40.74251802248,-73.85454848241
restaurant,DUNKIN,Coffee/Tea,Corona,Queens,QN0402,40.75085027946,-73.85825494211
restaurant,DUNKIN',Donuts,Corona,Queens,QN0402,40.73669618186,-73.86564642166
restaurant,DUNKIN' / BASKIN ROBBINS,Donuts,Corona,Queens,QN0402,40.7361847434,-73.85805171263
restaurant,DUNKIN' / BASKIN ROBBINS,Donuts,Corona,Queens,QN0402,40.74193572597,-73.85422858043
restaurant,EL CAFECITO DE MAMA,Latin American,Corona,Queens,QN0402,40.74937201618,-73.86145580363
restaurant,EL CALLAO,Peruvian,Corona,Queens,QN0402,40.75167842858,-73.8554379407
restaurant,EL CUENCANITO,Latin American,Corona,Queens,QN0402,40.74358696536,-73.86221490828
restaurant,EL GALLO NEGRO,Latin American,Corona,Queens,QN0402,40.75165109465,-73.85552823202
restaurant,EL PALACIO DE LAS EMPANADAS,Latin American,Corona,Queens,QN0402,40.74257570359,-73.854580835
restaurant,EL PATRON,Latin American,Corona,Queens,QN0402,40.74227170652,-73.85511198894
restaurant,EL POLLO PERUANO,Peruvian,Corona,Queens,QN0402,40.74843813247,-73.86319011926
restaurant,EL QUETZALITO PANADERIA,Latin American,Corona,Queens,QN0402,40.74860694091,-73.8690762211
restaurant,EL TENAMPA,Mexican,Corona,Queens,QN0402,40.74916973981,-73.86918338483
restaurant,EL TRIO GRILL,Mexican,Corona,Queens,QN0402,40.74663363874,-73.86220136485
restaurant,EMPANADAS CAFE,Latin American,Corona,Queens,QN0402,40.74016685898,-73.85325813082
restaurant,ENJOY THE NEW NUTRITION (HERBALIFE),"Juice, Smoothies, Fruit Salads",Corona,Queens,QN0402,40.74348376531,-73.85422157147
restaurant,EQUIS PICA POLLO,Chicken,Corona,Queens,QN0402,40.75084481669,-73.85827660914
restaurant,FOREST HILLS SPA,Jewish/Kosher,Corona,Queens,QN0402,40.73757481668,-73.85682545644
restaurant,FRUITTI YUMMI FROZEN YOGURT,Frozen Desserts,Corona,Queens,QN0402,40.74987559177,-73.86252306781
restaurant,GRACE THAI,Thai,Corona,Queens,QN0402,40.73708636834,-73.86601369664
restaurant,GUACADO MEXICAN GRILL,Mexican,Corona,Queens,QN0402,40.73668797716,-73.86567169746
restaurant,HEALTHY SPOT,"Juice, Smoothies, Fruit Salads",Corona,Queens,QN0402,40.74401885332,-73.8584932815
restaurant,HOMEMADE TAQUERIA,Mexican,Corona,Queens,QN0402,40.75084755699,-73.85827299406
restaurant,JALAPENO BAR,Mexican,Corona,Queens,QN0402,40.74695629843,-73.86347467724
restaurant,JUNCTION CAKE BOX,Bakery Products/Desserts,Corona,Queens,QN0402,40.73653987412,-73.8657694253
restaurant,K'S CAFETERIA,Latin American,Corona,Queens,QN0402,40.74581660167,-73.85622663439
restaurant,KENNEDY FRIED CHICKEN,Chicken,Corona,Queens,QN0402,40.74676452139,-73.86377461916
restaurant,LA ANTIOQUENA II BAKERY,Bakery Products/Desserts,Corona,Queens,QN0402,40.74932433598,-73.86289234249
restaurant,LA COLOMBIANITA BAKERY,Bakery Products/Desserts,Corona,Queens,QN0402,40.74249549163,-73.85409743514
restaurant,LA ESPIGA RESTAURANT AND BAKERY,Spanish,Corona,Queens,QN0402,40.74752119816,-73.86303682056
restaurant,LA FLACA,Latin American,Corona,Queens,QN0402,40.74750197193,-73.86302603311
restaurant,LA MITAD DEL MUNDO,Latin American,Corona,Queens,QN0402,40.74998129568,-73.86140761228
restaurant,LA NUEVA DELICIA PERUANA,Peruvian,Corona,Queens,QN0402,40.74771860533,-73.86057864552
restaurant,LEFRAK PIZZA,Pizza,Corona,Queens,QN0402,40.7373222146,-73.86351253613
restaurant,LETICIAS RESTAURANT,Latin American,Corona,Queens,QN0402,40.74896494083,-73.86303384087
restaurant,LINDA AZOGUENITA BAKERY & RESTAURANT,Latin American,Corona,Queens,QN0402,40.74384458083,-73.85520960287
restaurant,LITTLE CEASARS,Pizza,Corona,Queens,QN0402,40.75085027946,-73.85825494211
restaurant,LORENAS FRUIT,"Juice, Smoothies, Fruit Salads",Corona,Queens,QN0402,40.74439941784,-73.85552236467
restaurant,LOS MISMOS AMIGOS,Latin American,Corona,Queens,QN0402,40.7500004741,-73.86137869878
restaurant,LOS TRES POTRILLOS,Mexican,Corona,Queens,QN0402,40.75166202823,-73.8554921155
restaurant,LUZ DE AMERICA,Latin American,Corona,Queens,QN0402,40.7501751327,-73.86054822015
restaurant,MAGICO AMANECER,"Juice, Smoothies, Fruit Salads",Corona,Queens,QN0402,40.75051319076,-73.85867433036
restaurant,MAMA LETI'S CAFE,Latin American,Corona,Queens,QN0402,40.74888986088,-73.86925972806
restaurant,MAMA LUPE,Latin American,Corona,Queens,QN0402,40.74749373335,-73.86302244107
restaurant,MANUEL E,Latin American,Corona,Queens,QN0402,40.74407491961,-73.85944590067
restaurant,MATECANA BAKERY & RESTAURANT,Latin American,Corona,Queens,QN0402,40.74580289597,-73.85624109989
restaurant,MAY CHUN GARDEN,Chinese,Corona,Queens,QN0402,40.74735464598,-73.86847959159
restaurant,MCDONALD'S,Hamburgers,Corona,Queens,QN0402,40.74932161709,-73.86291400297
restaurant,MEXICAN GRILL,Mexican,Corona,Queens,QN0402,40.74974264375,-73.86381903407
restaurant,MI CASA CHAPINA,Latin American,Corona,Queens,QN0402,40.74685075672,-73.86016543263
restaurant,MING GARDEN CHEN,Chinese,Corona,Queens,QN0402,40.75016420192,-73.86058794421
restaurant,MIO RIVERA'S BAKERY,Bakery Products/Desserts,Corona,Queens,QN0402,40.74686174015,-73.8601690185
restaurant,MOMENTO'S PIZZA COFFEE SHOP,Pizza,Corona,Queens,QN0402,40.74862816549,-73.86606257588
restaurant,MONARCA RESTAURANT,Mexican,Corona,Queens,QN0402,40.74882119257,-73.86921655395
restaurant,MORENA'S KITCHEN,Caribbean,Corona,Queens,QN0402,40.7516729618,-73.85545599897
restaurant,MOROCHO BAKERY,Latin American,Corona,Queens,QN0402,40.75168936213,-73.85540182415
restaurant,MUNDO FELIZ (HERBALIFE),"Juice, Smoothies, Fruit Salads",Corona,Queens,QN0402,40.75030087755,-73.86012567983
restaurant,NEW MING'S KITCHEN,Chinese,Corona,Queens,QN0402,40.7370973516,-73.86601728295
restaurant,NEW STAR,Chinese,Corona,Queens,QN0402,40.73721833817,-73.86386998981
restaurant,NOOK,Thai,Corona,Queens,QN0402,40.73708636834,-73.86601369664
restaurant,NUEVO LATINO RESTAURANTE,Latin American,Corona,Queens,QN0402,40.74237383048,-73.86690882247
restaurant,NUEVO TACOS AL SUADERO,Mexican,Corona,Queens,QN0402,40.74928385476,-73.868165382
restaurant,NUTRIPAN COLOMBIAN BAKERY,Latin American,Corona,Queens,QN0402,40.73712206708,-73.8660280585
restaurant,OUR BACKYARD CAFE,Bakery Products/Desserts,Corona,Queens,QN0402,40.74623003624,-73.85983471474
restaurant,PALADARES COLOMBIAN BAKERY,Latin American,Corona,Queens,QN0402,40.74848203139,-73.86317559237
restaurant,PALETERIA LOS MICHOACANOS,Frozen Desserts,Corona,Queens,QN0402,40.74693990287,-73.86353606421
restaurant,PALLADIUM BAR & LOUNGE,Other,Corona,Queens,QN0402,40.75171122919,-73.85532959101
restaurant,PANDA GARDEN,Chinese,Corona,Queens,QN0402,40.74355980781,-73.85575154879
restaurant,PAPA JOHN'S PIZZA,Pizza,Corona,Queens,QN0402,40.74675354665,-73.86377825069
restaurant,PAPI PICA POLLO,Latin American,Corona,Queens,QN0402,40.74915885539,-73.86926641638
restaurant,PARAISO AZTECA,Latin American,Corona,Queens,QN0402,40.74727896004,-73.86245265719
restaurant,PARAISO COLOMBIAN,Latin American,Corona,Queens,QN0402,40.74371966505,-73.85627809194
restaurant,PARK SIDE,Italian,Corona,Queens,QN0402,40.74372510483,-73.85623838292
restaurant,POLLO CAMPERO,Chicken,Corona,Queens,QN0402,40.74988641938,-73.86239672427
restaurant,POLLO EL CAMPESINO,Mexican,Corona,Queens,QN0402,40.74846557145,-73.8631828445
restaurant,POPEYES,Chicken,Corona,Queens,QN0402,40.7497453371,-73.86377571855
restaurant,POPEYES LOUISIANA KITCHEN,Chicken,Corona,Queens,QN0402,40.7370132756,-73.86454158663
restaurant,Q'RICO,Latin American,Corona,Queens,QN0402,40.73653163561,-73.86576583352
restaurant,RICO EXPRESS,Chinese,Corona,Queens,QN0402,40.7484299025,-73.86319374532
restaurant,RINCON CAFETERO,Mexican,Corona,Queens,QN0402,40.73944318802,-73.86062128918
restaurant,SABOR PERUANO,Peruvian,Corona,Queens,QN0402,40.74485666122,-73.86356561012
restaurant,SARKU JAPAN,Japanese,Corona,Queens,QN0402,40.73668797716,-73.86567169746
restaurant,SAZON LA COMUCHITA,Latin American,Corona,Queens,QN0402,40.74988101208,-73.86246530979
restaurant,SILVER SPOON DINER,American,Corona,Queens,QN0402,40.73521885262,-73.8650973303
restaurant,SOFIA'S BAR,Spanish,Corona,Queens,QN0402,40.74585353685,-73.8617121667
restaurant,SOPHIE'S PIZZA,Spanish,Corona,Queens,QN0402,40.74951916201,-73.86284863011
restaurant,STARBUCKS,Coffee/Tea,Corona,Queens,QN0402,40.73459815427,-73.86477384091
restaurant,SUBWAY,Sandwiches,Corona,Queens,QN0402,40.74300413279,-73.85477477151
restaurant,TACO VELOZ,Mexican,Corona,Queens,QN0402,40.749164312,-73.86923753255
restaurant,TACOS GLORIA,Tex-Mex,Corona,Queens,QN0402,40.74050281203,-73.85628866649
restaurant,TACOS MEXICO,Mexican,Corona,Queens,QN0402,40.74838635603,-73.86350421709
restaurant,TACOS Y QUESADILLAS MEXICO,Tex-Mex,Corona,Queens,QN0402,40.74389090831,-73.85713301829
restaurant,TAQUERIA GUADALUPANA,Mexican,Corona,Queens,QN0402,40.75083389115,-73.85831994319
restaurant,TAQUERIA REVOLUCION,Mexican,Corona,Queens,QN0402,40.74371966957,-73.85628170076
restaurant,TASTE OF DOLLY'S,Pizza,Corona,Queens,QN0402,40.75144003445,-73.85575607487
restaurant,TASTE OF ITALY,Pizza,Corona,Queens,QN0402,40.74895852506,-73.86929929314
restaurant,THAI CREAMERY & CREPE,Frozen Desserts,Corona,Queens,QN0402,40.74988370491,-73.86242199412
restaurant,THAYA,Bakery Products/Desserts,Corona,Queens,QN0402,40.74951916201,-73.86284863011
restaurant,THE LITTLE CHINANTLA,Mexican,Corona,Queens,QN0402,40.74568225836,-73.86776111674
restaurant,THE LOVERS,Latin American,Corona,Queens,QN0402,40.74974536281,-73.86379737349
restaurant,TULCINGO BAKERY,Mexican,Corona,Queens,QN0402,40.74987014981,-73.86256277999
restaurant,UZ CORNER COFFEE SHOP,American,Corona,Queens,QN0402,40.73944318802,-73.86062128918
restaurant,VICKI'S,Latin American,Corona,Queens,QN0402,40.74724881961,-73.86249602804
restaurant,VIDA LOUNGE,Latin American,Corona,Queens,QN0402,40.74773825604,-73.86554466764
restaurant,VINICIO'S,Latin American,Corona,Queens,QN0402,40.75051041488,-73.85864907181
restaurant,VINNY'S PIZZERIA,Pizza,Corona,Queens,QN0402,40.73720192954,-73.86392054225
restaurant,WENDY'S,Hamburgers,Corona,Queens,QN0402,40.74925028358,-73.8629394143
restaurant,WINGSTOP,Chicken,Corona,Queens,QN0402,40.73821827375,-73.86000680103
restaurant,WONDER WORLD NUTRITION (HERBALIFE),"Juice, Smoothies, Fruit Salads",Corona,Queens,QN0402,40.74421980414,-73.8612175473
restaurant,YOGURT MAGICO,Frozen Desserts,Corona,Queens,QN0402,40.74583939653,-73.85911374884
restaurant,YUMMY KITCHEN,Chinese,Corona,Queens,QN0402,40.73670984649,-73.86559587559
restaurant,1480 HK CAFE,Chinese,Douglaston-Little Neck,Queens,QN1103,40.7720230324,-73.73433740848
restaurant,ACE BAGELS,Bagels/Pretzels,Douglaston-Little Neck,Queens,QN1103,40.77079855913,-73.73539291636
restaurant,AEGEA WEST,Pizza,Douglaston-Little Neck,Queens,QN1103,40.76537808331,-73.74406055406
restaurant,BANGKOK AVENUE,Thai,Douglaston-Little Neck,Queens,QN1103,40.77088073494,-73.73532038201
restaurant,BEAN N BEAN,Coffee/Tea,Douglaston-Little Neck,Queens,QN1103,40.77002872445,-73.73602056577
restaurant,BEST GARDEN CHINESE RESTAURANT,Chinese,Douglaston-Little Neck,Queens,QN1103,40.76605006691,-73.74507600003
restaurant,BOCCONCINI,Pizza,Douglaston-Little Neck,Queens,QN1103,40.771598449,-73.7347073663
restaurant,CAFE 1 OF A KIND,American,Douglaston-Little Neck,Queens,QN1103,40.77204768494,-73.7343156474
restaurant,CAFE AZUL,Coffee/Tea,Douglaston-Little Neck,Queens,QN1103,40.76154436565,-73.72309145254
restaurant,CAFE BLESSING,Coffee/Tea,Douglaston-Little Neck,Queens,QN1103,40.76748478158,-73.73861916117
restaurant,CARVEL,Frozen Desserts,Douglaston-Little Neck,Queens,QN1103,40.76055104239,-73.73129338084
restaurant,CHA MENYA,Japanese,Douglaston-Little Neck,Queens,QN1103,40.76923144712,-73.73665191979
restaurant,CHAR SIU BAO BAKERY,Chinese,Douglaston-Little Neck,Queens,QN1103,40.77080951314,-73.73538204169
restaurant,CHICKEN IS BACK,Chicken,Douglaston-Little Neck,Queens,QN1103,40.77161208092,-73.73466759773
restaurant,CHIPOTLE MEXICAN GRILL,Tex-Mex,Douglaston-Little Neck,Queens,QN1103,40.7638778346,-73.72669888253
restaurant,DANGO CHICKEN,Chicken,Douglaston-Little Neck,Queens,QN1103,40.76018123666,-73.73160892648
restaurant,DON KITCHEN,Korean,Douglaston-Little Neck,Queens,QN1103,40.7698342129,-73.73618019172
restaurant,DONUT CRAFT,Donuts,Douglaston-Little Neck,Queens,QN1103,40.77159839059,-73.73468209396
restaurant,DOUGLASTON CLUB,American,Douglaston-Little Neck,Queens,QN1103,40.77632972251,-73.7528354427
restaurant,DOUGLASTON DELI,Sandwiches,Douglaston-Little Neck,Queens,QN1103,40.76614638953,-73.74519115216
restaurant,DOUGLASTON GC GOLF COURSE,American,Douglaston-Little Neck,Queens,QN1103,40.75457176298,-73.7284661342
restaurant,DOUGLASTON MANOR,American,Douglaston-Little Neck,Queens,QN1103,40.75457176298,-73.7284661342
restaurant,DUNKIN' / BASKIN ROBBINS,Donuts,Douglaston-Little Neck,Queens,QN1103,40.76725210282,-73.73889444783
restaurant,EL HUARACHE MEXICAN GRILL,Mexican,Douglaston-Little Neck,Queens,QN1103,40.76919584,-73.73668455327
restaurant,EL PASO,Mexican,Douglaston-Little Neck,Queens,QN1103,40.76914990676,-73.74926640012
restaurant,FERN & AURORA DESSERT SHOP,Bakery Products/Desserts,Douglaston-Little Neck,Queens,QN1103,40.774509006,-73.74242225191
restaurant,FIVE GUYS,Hamburgers,Douglaston-Little Neck,Queens,QN1103,40.76387510705,-73.72670611367
restaurant,GONG CHA,Coffee/Tea,Douglaston-Little Neck,Queens,QN1103,40.7698342129,-73.73618019172
restaurant,GOOD COMPANY TAVERN,American,Douglaston-Little Neck,Queens,QN1103,40.77093547161,-73.73525156732
restaurant,IL BACCO,Italian,Douglaston-Little Neck,Queens,QN1103,40.77089438373,-73.73528783459
restaurant,IL SAPORE ITALIANO PIZZERIA,Pizza,Douglaston-Little Neck,Queens,QN1103,40.76619592317,-73.74524872308
restaurant,IL TOSCANO RISTORANTE,Italian,Douglaston-Little Neck,Queens,QN1103,40.76823713509,-73.74857669462
restaurant,JADE ASIAN BISTRO,Chinese,Douglaston-Little Neck,Queens,QN1103,40.76058112471,-73.73124633202
restaurant,JIAN RESTAURANT,Chinese,Douglaston-Little Neck,Queens,QN1103,40.7638723795,-73.7267133448
restaurant,JOE'S PIZZA & PASTA,Pizza,Douglaston-Little Neck,Queens,QN1103,40.76018947934,-73.73161250288
restaurant,K KIMCHI,Korean,Douglaston-Little Neck,Queens,QN1103,40.76603355834,-73.74505801314
restaurant,KEBAB HOUSE,Turkish,Douglaston-Little Neck,Queens,QN1103,40.77157921077,-73.73469661214
restaurant,LA BARAKA,French,Douglaston-Little Neck,Queens,QN1103,40.7720339863,-73.73432653344
restaurant,LIMA 33,Peruvian,Douglaston-Little Neck,Queens,QN1103,40.7715545665,-73.73472198325
restaurant,LINS'S LITTLE MOOSHU,Chinese,Douglaston-Little Neck,Queens,QN1103,40.77083964705,-73.73535664921
restaurant,LITTLE SAIGON CUISINE,Southeast Asian,Douglaston-Little Neck,Queens,QN1103,40.77082047546,-73.73537477731
restaurant,LITTLE SOUP DUMPLING,Chinese,Douglaston-Little Neck,Queens,QN1103,40.76996566177,-73.73604969894
restaurant,LN 1380,Chinese,Douglaston-Little Neck,Queens,QN1103,40.76901782909,-73.73685855071
restaurant,MANNA SUSHI SEN,Japanese,Douglaston-Little Neck,Queens,QN1103,40.76748478158,-73.73861916117
restaurant,MARATHON CAFE,Chinese,Douglaston-Little Neck,Queens,QN1103,40.76726094457,-73.73675721515
restaurant,MCDONALD'S,Hamburgers,Douglaston-Little Neck,Queens,QN1103,40.76845930678,-73.7374744995
restaurant,MIZUMI,Japanese,Douglaston-Little Neck,Queens,QN1103,40.76389146298,-73.74951008908
restaurant,MYUNG DONG NOODLE HOUSE,Korean,Douglaston-Little Neck,Queens,QN1103,40.76012079316,-73.73158390276
restaurant,NAMI SUSHI,Japanese,Douglaston-Little Neck,Queens,QN1103,40.76537812357,-73.74407860404
restaurant,NANA'S WONDERLAND,American,Douglaston-Little Neck,Queens,QN1103,40.76670906213,-73.7390807002
restaurant,NEW GREAT WOK (KING WOK),Chinese,Douglaston-Little Neck,Queens,QN1103,40.76748478158,-73.73861916117
restaurant,NEW NORTHERN MANOR,Chinese,Douglaston-Little Neck,Queens,QN1103,40.76920411565,-73.73670257161
restaurant,OMAKASE ICHI,Japanese,Douglaston-Little Neck,Queens,QN1103,40.76913014834,-73.73676423914
restaurant,PARIS BAGUETTE,Bakery Products/Desserts,Douglaston-Little Neck,Queens,QN1103,40.76056746015,-73.73127165574
restaurant,PARIS BAGUETTE,Bakery Products/Desserts,Douglaston-Little Neck,Queens,QN1103,40.76996566177,-73.73604969894
restaurant,PRODE THAI,Thai,Douglaston-Little Neck,Queens,QN1103,40.76946156641,-73.73645966298
restaurant,RED LOTUS BAKERY & CAFE,Chinese,Douglaston-Little Neck,Queens,QN1103,40.77202851353,-73.73433377614
restaurant,ROKSTAR CHICKEN,Korean,Douglaston-Little Neck,Queens,QN1103,40.75553629446,-73.73839912487
restaurant,ROYAL ROOSTER HOTPOT,Other,Douglaston-Little Neck,Queens,QN1103,40.77083142946,-73.73536390264
restaurant,STARBUCKS,Coffee/Tea,Douglaston-Little Neck,Queens,QN1103,40.7638723795,-73.7267133448
restaurant,SUNGBOOKDONG BBQ,Korean,Douglaston-Little Neck,Queens,QN1103,40.76748478158,-73.73861916117
restaurant,SWEET WONTON HOUSE,Chinese,Douglaston-Little Neck,Queens,QN1103,40.77090265959,-73.73530585322
restaurant,TASTY COW 88 SZECHUAN CUISINE,Chinese,Douglaston-Little Neck,Queens,QN1103,40.76055651498,-73.73128613914
restaurant,TEN SECONDS YUNNAN RICE NOODLES,Chinese,Douglaston-Little Neck,Queens,QN1103,40.76800490839,-73.73801421324
restaurant,TI HU TAIWANESE CUISINE,Chinese,Douglaston-Little Neck,Queens,QN1103,40.76798026337,-73.73803958175
restaurant,TOSKANA PIZZERIA,Pizza,Douglaston-Little Neck,Queens,QN1103,40.76748478158,-73.73861916117
restaurant,YASAIYA SHABU-SHABU,Korean,Douglaston-Little Neck,Queens,QN1103,40.769902707,-73.7361257652
restaurant,A1 JAMAICA BREEZE,Caribbean,East Elmhurst,Queens,QN0302,40.76136348112,-73.86573364461
restaurant,AIRWAYS PIZZA & GYRO RESTAURANT,Pizza,East Elmhurst,Queens,QN0302,40.76359022578,-73.87872845822
restaurant,BARZOLA,Latin American,East Elmhurst,Queens,QN0302,40.7627561281,-73.87392163089
restaurant,BUCCANEER DINER,American,East Elmhurst,Queens,QN0302,40.7631565701,-73.87617344483
restaurant,BURGER KING,Hamburgers,East Elmhurst,Queens,QN0302,40.76345223053,-73.87801394796
restaurant,BURGER QUEENS,Hamburgers,East Elmhurst,Queens,QN0302,40.76836381565,-73.87405177099
restaurant,CAFE RUBIO SPORTS BAR & RESTAURANT,Spanish,East Elmhurst,Queens,QN0302,40.75714997804,-73.87025052262
restaurant,CAFE Y ALGO MAS,Bakery Products/Desserts,East Elmhurst,Queens,QN0302,40.76229465053,-73.87112848475
restaurant,CALI AJI CON SABOR RESTAURANT,Latin American,East Elmhurst,Queens,QN0302,40.76229188956,-73.87111405072
restaurant,DELUSION BY ARLENE,American,East Elmhurst,Queens,QN0302,40.76228322684,-73.87319334017
restaurant,DITMARS BAR & GRILL,Continental,East Elmhurst,Queens,QN0302,40.76879379298,-73.86831434273
restaurant,DOMINO'S,Pizza,East Elmhurst,Queens,QN0302,40.75796415322,-73.87426643019
restaurant,DUNKIN,Donuts,East Elmhurst,Queens,QN0302,40.76480806121,-73.88594259238
restaurant,DUNKIN DONUTS,Donuts,East Elmhurst,Queens,QN0302,40.76773571522,-73.86479655122
restaurant,DUNKIN',Donuts,East Elmhurst,Queens,QN0302,40.76519387412,-73.86232526618
restaurant,"DUNKIN',' BASKIN ROBBINS",Donuts,East Elmhurst,Queens,QN0302,40.76195476197,-73.86911124964
restaurant,EVELIA'S TAMALES,Mexican,East Elmhurst,Queens,QN0302,40.75696259213,-73.87203401114
restaurant,GOOD EATS BISTRO / WXYZ BAR & LOUNGE,American,East Elmhurst,Queens,QN0302,40.77011370265,-73.87044539501
restaurant,GRAND GREAT WALL,Chinese,East Elmhurst,Queens,QN0302,40.76413988595,-73.88204138656
restaurant,HAMPTON INN,Continental,East Elmhurst,Queens,QN0302,40.76829883589,-73.86753191702
restaurant,KATE'S CORNER CAFE,American,East Elmhurst,Queens,QN0302,40.76716896093,-73.88361362053
restaurant,KING'S GARDEN CHINESE RESTAURANT,Chinese,East Elmhurst,Queens,QN0302,40.76062212644,-73.87272363652
restaurant,LA CASA DEL CUY ASADO,Latin American,East Elmhurst,Queens,QN0302,40.75773232164,-73.86354274514
restaurant,LA ESQUINA DEL SABOR,Latin American,East Elmhurst,Queens,QN0302,40.75724502476,-73.86935155275
restaurant,LA GUARDIA CAFE,Latin American,East Elmhurst,Queens,QN0302,40.76843154024,-73.8732393513
restaurant,LA KUCHARA,Latin American,East Elmhurst,Queens,QN0302,40.76057606882,-73.87326879793
restaurant,LA SAZON DE LA CHINA,Latin American,East Elmhurst,Queens,QN0302,40.75696532482,-73.87202317719
restaurant,LA TAMALERIA COLOMBIANA,Latin American,East Elmhurst,Queens,QN0302,40.75789274605,-73.87422685979
restaurant,"LAGUARDIA PLAZA HOTEL, PAVILLION GRILLE",American,East Elmhurst,Queens,QN0302,40.76770759736,-73.86656918916
restaurant,LAS QUESADILLAS DEL TIO,Mexican,East Elmhurst,Queens,QN0302,40.75798612313,-73.8742772174
restaurant,LUCKY HOUSE,Chinese,East Elmhurst,Queens,QN0302,40.75764402055,-73.86547045121
restaurant,LUCKY STAR RESTAURNT,Chinese,East Elmhurst,Queens,QN0302,40.76295768376,-73.87500782323
restaurant,MCDONALD'S,Hamburgers,East Elmhurst,Queens,QN0302,40.76399619764,-73.88111027726
restaurant,PANETINO BAKERY,Bakery Products/Desserts,East Elmhurst,Queens,QN0302,40.758008097,-73.87429161423
restaurant,PANORAMA,Latin American,East Elmhurst,Queens,QN0302,40.76414266038,-73.88207026122
restaurant,PARISCIEN BAKERY,Bakery Products/Desserts,East Elmhurst,Queens,QN0302,40.75726132883,-73.86920713763
restaurant,PIMPOLLO,Latin American,East Elmhurst,Queens,QN0302,40.75770874052,-73.87412974939
restaurant,POKEYAKI,Japanese,East Elmhurst,Queens,QN0302,40.76479978389,-73.8858992868
restaurant,POLLOS PEPA,Latin American,East Elmhurst,Queens,QN0302,40.76194647829,-73.86906794802
restaurant,RAINHAS,Brazilian,East Elmhurst,Queens,QN0302,40.75782798239,-73.86091836445
restaurant,SUBWAY,Sandwiches,East Elmhurst,Queens,QN0302,40.76414817957,-73.88209913101
restaurant,SUNSHINE FROYO,Other,East Elmhurst,Queens,QN0302,40.75773071045,-73.87414053652
restaurant,SWEET OCCASIONS,Bakery Products/Desserts,East Elmhurst,Queens,QN0302,40.75764669335,-73.86540908265
restaurant,TACO BELL,Tex-Mex,East Elmhurst,Queens,QN0302,40.76479978389,-73.8858992868
restaurant,TACOS MEXICO,Mexican,East Elmhurst,Queens,QN0302,40.75755181203,-73.86642357026
restaurant,TRES SABORES TAQUERIA,Mexican,East Elmhurst,Queens,QN0302,40.76499466508,-73.88590256164
restaurant,24 Yan INC,Chinese,East Flushing,Queens,QN0705,40.75551240605,-73.81498172647
restaurant,369 BBQ,Asian/Asian Fusion,East Flushing,Queens,QN0705,40.75014948093,-73.81863835367
restaurant,ALL IN LOUNGE (AUNTIE LIU'S PRIVATE KITCHEN),Asian/Asian Fusion,East Flushing,Queens,QN0705,40.75548295195,-73.81544021289
restaurant,BAKERY DE PARIS,Bakery Products/Desserts,East Flushing,Queens,QN0705,40.75966633614,-73.80406881723
restaurant,BAO BUTONG,Chinese,East Flushing,Queens,QN0705,40.75007799178,-73.8185591469
restaurant,BUTTER BETTER CAFE,Coffee/Tea,East Flushing,Queens,QN0705,40.75994898392,-73.80403188532
restaurant,CARNATION BAKERY,Bakery Products/Desserts,East Flushing,Queens,QN0705,40.75051510324,-73.81899827564
restaurant,CARVEL,Frozen Desserts,East Flushing,Queens,QN0705,40.75552615891,-73.81499973555
restaurant,CHEF PAPA,Southeast Asian,East Flushing,Queens,QN0705,40.75999288762,-73.80402453619
restaurant,DAE SUNG KOREAN NOODLE,Korean,East Flushing,Queens,QN0705,40.7559233805,-73.80459963836
restaurant,DELICIAS PIZZA AND CHICKEN,Pizza,East Flushing,Queens,QN0705,40.75147110897,-73.81778656459
restaurant,DENG JI RESTAURANT,Chinese,East Flushing,Queens,QN0705,40.75011373636,-73.81859875027
restaurant,DOSA HUTT,Indian,East Flushing,Queens,QN0705,40.75289219165,-73.81734232278
restaurant,DUNKIN,Donuts,East Flushing,Queens,QN0705,40.75532203724,-73.81607953731
restaurant,EL RANCHERO,Mexican,East Flushing,Queens,QN0705,40.75387620638,-73.80646811497
restaurant,EL VINCENTINO RESTAURANTE SALVADORENO,Latin American,East Flushing,Queens,QN0705,40.7583326886,-73.8042496276
restaurant,Fay Da Bakery,Bakery Products/Desserts,East Flushing,Queens,QN0705,40.75027041554,-73.81874268993
restaurant,GABRIELLA'S PIZZA,Pizza,East Flushing,Queens,QN0705,40.75599743964,-73.80457054418
restaurant,GRAND JADE BANQUET,Chinese,East Flushing,Queens,QN0705,40.74972051084,-73.81814146071
restaurant,HANAMI RAMEN,Japanese,East Flushing,Queens,QN0705,40.75552614728,-73.81499251661
restaurant,I AM KIMCHI,Korean,East Flushing,Queens,QN0705,40.75573403559,-73.80462546241
restaurant,JAVA DAY,American,East Flushing,Queens,QN0705,40.75829979467,-73.8042749921
restaurant,JOAH KITCHEN,Asian/Asian Fusion,East Flushing,Queens,QN0705,40.75964438429,-73.80407249176
restaurant,KEZHANG,Chinese,East Flushing,Queens,QN0705,40.75071035634,-73.81923595178
restaurant,LAS PERLAS SALVADORENO RESTAURANTE,Latin American,East Flushing,Queens,QN0705,40.75388182978,-73.80654750529
restaurant,LIVE FROG,Chinese,East Flushing,Queens,QN0705,40.75524075692,-73.81503301648
restaurant,MASTER HUANG,Chinese,East Flushing,Queens,QN0705,40.75673777579,-73.80901533128
restaurant,MOMO ASHI,Coffee/Tea,East Flushing,Queens,QN0705,40.75552615309,-73.81499612608
restaurant,NEW DRAGON PAN,Chinese,East Flushing,Queens,QN0705,40.75577245598,-73.80462173979
restaurant,NEW T&T RESTAURANT,Chinese,East Flushing,Queens,QN0705,40.75042162781,-73.81890108201
restaurant,NIGHT MARKET BBQ,Barbecue,East Flushing,Queens,QN0705,40.755518715,-73.8154906462
restaurant,OLD FRIEND BBQ,Barbecue,East Flushing,Queens,QN0705,40.75075919278,-73.81887489622
restaurant,ONE METER,Chinese,East Flushing,Queens,QN0705,40.75551513334,-73.81497089042
restaurant,PADDY'S TAVERN,Irish,East Flushing,Queens,QN0705,40.75997093577,-73.80402821076
restaurant,PAPA CHICKEN,Chicken,East Flushing,Queens,QN0705,40.75552888621,-73.81498889949
restaurant,PAPA JOHN'S,Pizza,East Flushing,Queens,QN0705,40.75551513916,-73.81497449988
restaurant,QK Restaurant Inc.,Chinese,East Flushing,Queens,QN0705,40.75003950242,-73.81851955109
restaurant,RAHONBGU MALATANG,Korean,East Flushing,Queens,QN0705,40.75573399871,-73.80460380554
restaurant,RICO'S CHICKEN POLLOS A LA BRASA,Latin American,East Flushing,Queens,QN0705,40.75489764569,-73.81673402416
restaurant,SAN SOO KAP SAN,Korean,East Flushing,Queens,QN0705,40.75800193134,-73.79558390335
restaurant,SATAY HOUSE,Asian/Asian Fusion,East Flushing,Queens,QN0705,40.75057833506,-73.81906306905
restaurant,SHINPURU BAKING,Bakery Products/Desserts,East Flushing,Queens,QN0705,40.7597294531,-73.80406141142
restaurant,SO POONG JANCHI,Korean,East Flushing,Queens,QN0705,40.75796882711,-73.79549015522
restaurant,SUNRISE DINER,American,East Flushing,Queens,QN0705,40.75555173909,-73.81554469667
restaurant,TART TART BAKERY,Bakery Products/Desserts,East Flushing,Queens,QN0705,40.75552888621,-73.81498889949
restaurant,TEMPLE CANTEEN,Indian,East Flushing,Queens,QN0705,40.75296093113,-73.81741792982
restaurant,TERIYAKI MONSTER,Chinese,East Flushing,Queens,QN0705,40.75830802893,-73.80427496781
restaurant,THE WELL COFFEE,Coffee/Tea,East Flushing,Queens,QN0705,40.75834366761,-73.80424959521
restaurant,YOUJUER,Chinese,East Flushing,Queens,QN0705,40.75083683105,-73.81937275798
restaurant,ZAO MEN QIAN HOT POT,Chinese,East Flushing,Queens,QN0705,40.75045187138,-73.81893348236
restaurant,Zi Wei Xiao Chi,Chinese,East Flushing,Queens,QN0705,40.75077359372,-73.81930435482
restaurant,12 CORAZONES,Latin American,Elmhurst,Queens,QN0401,40.74807770394,-73.87955802035
restaurant,75 BLUE BAR,Bottled Beverages,Elmhurst,Queens,QN0401,40.74695483144,-73.89023913003
restaurant,79 AMIGO BAR,Latin American,Elmhurst,Queens,QN0401,40.74735464477,-73.88647063586
restaurant,88 BAKERY & CAFE,Bakery Products/Desserts,Elmhurst,Queens,QN0401,40.74160122918,-73.88067765123
restaurant,AAMA'S KITCHEN,Asian/Asian Fusion,Elmhurst,Queens,QN0401,40.74665848247,-73.89323869693
restaurant,ADOBO MEXICAN GRILL,Tex-Mex,Elmhurst,Queens,QN0401,40.74704456271,-73.88935838113
restaurant,AKINO/ TEAZZI TEA SHOP,Japanese,Elmhurst,Queens,QN0401,40.74149406336,-73.88056236495
restaurant,ALFONSO'S BAR,Latin American,Elmhurst,Queens,QN0401,40.74612029327,-73.89010336947
restaurant,ANDA BOBA TEA & KYO RAMEN,American,Elmhurst,Queens,QN0401,40.74057871353,-73.87927932659
restaurant,ANNAPURNA THAKALI KITCHEN,Asian/Asian Fusion,Elmhurst,Queens,QN0401,40.74664744969,-73.89318097073
restaurant,APPLEBEE'S,American,Elmhurst,Queens,QN0401,40.73384018201,-73.87157703381
restaurant,AROMA DE CAFE,Latin American,Elmhurst,Queens,QN0401,40.74330060732,-73.88370960955
restaurant,ARYA CAFE,Asian/Asian Fusion,Elmhurst,Queens,QN0401,40.73779085154,-73.88271609562
restaurant,ASIA KITCHEN,Chinese,Elmhurst,Queens,QN0401,40.74781883371,-73.8787392333
restaurant,ASIA KITCHEN,Chinese,Elmhurst,Queens,QN0401,40.74781883371,-73.8787392333
restaurant,ASIAN HALAL KITCHEN,Southeast Asian,Elmhurst,Queens,QN0401,40.74164435839,-73.87478813379
restaurant,ASIAN KITCHEN,Chinese,Elmhurst,Queens,QN0401,40.73559878927,-73.88102763096
restaurant,ASIAN TASTE 86,Indonesian,Elmhurst,Queens,QN0401,40.74179413249,-73.87879354555
restaurant,AU BON PAIN,American,Elmhurst,Queens,QN0401,40.74440914224,-73.88609674262
restaurant,AUNTIE ANNE'S,American,Elmhurst,Queens,QN0401,40.73384018201,-73.87157703381
restaurant,AUNTIE ANNE'S PRETZEL / CINNABON,Bagels/Pretzels,Elmhurst,Queens,QN0401,40.73384018201,-73.87157703381
restaurant,AUNTIE ANNE'S PRETZEL / JAMBA JUICE,Hotdogs/Pretzels,Elmhurst,Queens,QN0401,40.73384018201,-73.87157703381
restaurant,AUNTIE ANNE'S PRETZELS,Bagels/Pretzels,Elmhurst,Queens,QN0401,40.73384018201,-73.87157703381
restaurant,AWANG KITCHEN,Indonesian,Elmhurst,Queens,QN0401,40.73712573985,-73.87922426266
restaurant,AYADA,Thai,Elmhurst,Queens,QN0401,40.74355994507,-73.88780156737
restaurant,B'AIRES BAKERY,Bakery Products/Desserts,Elmhurst,Queens,QN0401,40.74845281865,-73.87611787139
restaurant,BAR BURGER,Latin American,Elmhurst,Queens,QN0401,40.74793911145,-73.88089001782
restaurant,BARO 1376,Asian/Asian Fusion,Elmhurst,Queens,QN0401,40.74604881192,-73.88998078306
restaurant,BETTER HALF,Coffee/Tea,Elmhurst,Queens,QN0401,40.74341533402,-73.88868597303
restaurant,BIENESTAR Y SALUD (HERBALIFE),"Juice, Smoothies, Fruit Salads",Elmhurst,Queens,QN0401,40.74825307717,-73.87669930692
restaurant,BLA BLA BAR,Thai,Elmhurst,Queens,QN0401,40.74656313859,-73.89401839259
restaurant,BLUE CAFE RESTAURANT & BAR,Latin American,Elmhurst,Queens,QN0401,40.7419200859,-73.88112456176
restaurant,BNS BAKERY & CAFE,Bakery Products/Desserts,Elmhurst,Queens,QN0401,40.73547002847,-73.88126240708
restaurant,BOBA FRIES,Coffee/Tea,Elmhurst,Queens,QN0401,40.74313553335,-73.88332736533
restaurant,BOBBA HUBBA,Coffee/Tea,Elmhurst,Queens,QN0401,40.74591464004,-73.89031663848
restaurant,BOCA JUNIORS STEAKHOUSE,Steakhouse,Elmhurst,Queens,QN0401,40.73761166113,-73.88195501751
restaurant,BOGATI,Frozen Desserts,Elmhurst,Queens,QN0401,40.7486921231,-73.86915906256
restaurant,BOON CHU,Thai,Elmhurst,Queens,QN0401,40.74074093129,-73.87954246489
restaurant,BRASAS,Peruvian,Elmhurst,Queens,QN0401,40.74736839872,-73.8685048276
restaurant,BRILLA TU VIDA,"Juice, Smoothies, Fruit Salads",Elmhurst,Queens,QN0401,40.74328997114,-73.88961364856
restaurant,BROADWAY PHO BANG,Southeast Asian,Elmhurst,Queens,QN0401,40.74136762769,-73.8803929831
restaurant,BUKAS CAFE,Coffee/Tea,Elmhurst,Queens,QN0401,40.73276735248,-73.87692652558
restaurant,BURGER KING,Hamburgers,Elmhurst,Queens,QN0401,40.7302418666,-73.88731894309
restaurant,BURMESE BITES / C BAO,Asian/Asian Fusion,Elmhurst,Queens,QN0401,40.73384018201,-73.87157703381
restaurant,BURMESE HUT,Indian,Elmhurst,Queens,QN0401,40.74161710708,-73.88276707372
restaurant,CAESAR BAKERY CAFE,Coffee/Tea,Elmhurst,Queens,QN0401,40.74182524052,-73.8745387898
restaurant,CAFE 2000,Latin American,Elmhurst,Queens,QN0401,40.74895031134,-73.86931735494
restaurant,CAFE CATMANDOO,Asian/Asian Fusion,Elmhurst,Queens,QN0401,40.74656312192,-73.89400034766
restaurant,CAFE PIZZA 2000 EXPRESS,Pizza,Elmhurst,Queens,QN0401,40.74305308026,-73.87539175483
restaurant,CALIFORNIA SPORTS BAR,Latin American,Elmhurst,Queens,QN0401,40.74764553235,-73.88367312344
restaurant,CHAO THAI,Thai,Elmhurst,Queens,QN0401,40.74135359878,-73.88010070291
restaurant,CHARLEY'S PHILLY STEAKS,Sandwiches/Salads/Mixed Buffet,Elmhurst,Queens,QN0401,40.73384018201,-73.87157703381
restaurant,CHARO BROS RESTAURANT,Latin American,Elmhurst,Queens,QN0401,40.74815925678,-73.86882446869
restaurant,CHEONG HEI RESTAURANT,Chinese,Elmhurst,Queens,QN0401,40.74616324891,-73.88356384354
restaurant,CHICK-FIL-A,Chicken,Elmhurst,Queens,QN0401,40.73384018201,-73.87157703381
restaurant,CHICK-FIL-A,Chicken,Elmhurst,Queens,QN0401,40.74689907856,-73.88379352922
restaurant,CHICK-FIL-A,Chicken,Elmhurst,Queens,QN0401,40.74689907856,-73.88379352922
restaurant,CHICK-FIL-A,American,Elmhurst,Queens,QN0401,40.73384018201,-73.87157703381
restaurant,CHICK-FIL-A,Chicken,Elmhurst,Queens,QN0401,40.73384018201,-73.87157703381
restaurant,CHIFLEZ,Latin American,Elmhurst,Queens,QN0401,40.74896064346,-73.87117242419
restaurant,CHIFLEZ,Latin American,Elmhurst,Queens,QN0401,40.74896064346,-73.87117242419
restaurant,CHIPOTLE MEXICAN GRILL,Tex-Mex,Elmhurst,Queens,QN0401,40.73384018201,-73.87157703381
restaurant,CHIPOTLE MEXICAN GRILL,Tex-Mex,Elmhurst,Queens,QN0401,40.74674259804,-73.8837649312
restaurant,CHIPOTLE MEXICAN GRILL #3478,Tex-Mex,Elmhurst,Queens,QN0401,40.73514254691,-73.87528392064
restaurant,CHUNG KI WA,Korean,Elmhurst,Queens,QN0401,40.74629713346,-73.89133734702
restaurant,CINNABON,Bakery Products/Desserts,Elmhurst,Queens,QN0401,40.73384018201,-73.87157703381
restaurant,CITY SNOOKER POOL HOUSE,Bottled Beverages,Elmhurst,Queens,QN0401,40.74604881192,-73.88998078306
restaurant,CLUB AMADEUS,Caribbean,Elmhurst,Queens,QN0401,40.73924185402,-73.88445648274
restaurant,COCO'S BAR,Mexican,Elmhurst,Queens,QN0401,40.74819508384,-73.87637098824
restaurant,COLD STONE CREAMERY,Frozen Desserts,Elmhurst,Queens,QN0401,40.73514254691,-73.87528392064
restaurant,COPACABANA,Brazilian,Elmhurst,Queens,QN0401,40.74745795569,-73.88547436378
restaurant,CORNER 28,Chinese,Elmhurst,Queens,QN0401,40.73740364907,-73.87728599524
restaurant,COSTA VERDE,Peruvian,Elmhurst,Queens,QN0401,40.74230267799,-73.86948201232
restaurant,CRISPY BURGER,American,Elmhurst,Queens,QN0401,40.73384018201,-73.87157703381
restaurant,DA PAI DON,Chinese,Elmhurst,Queens,QN0401,40.73843670442,-73.88626937676
restaurant,DAVE'S HOT CHICKEN,Chicken,Elmhurst,Queens,QN0401,40.73384018201,-73.87157703381
restaurant,DELICIAS CALENAS,Latin American,Elmhurst,Queens,QN0401,40.74907217825,-73.87028436174
restaurant,DOMINO'S,Pizza,Elmhurst,Queens,QN0401,40.74214867156,-73.87412678055
restaurant,DON ALEX,Peruvian,Elmhurst,Queens,QN0401,40.74907471478,-73.87010029116
restaurant,DOUBLE RAINBOW,Bakery Products/Desserts,Elmhurst,Queens,QN0401,40.7420630525,-73.88135526556
restaurant,DUBOIS PASTRY,Bakery Products/Desserts,Elmhurst,Queens,QN0401,40.73983395354,-73.87840017623
restaurant,DUNKIN,American,Elmhurst,Queens,QN0401,40.74831411183,-73.87730552033
restaurant,DUNKIN,Donuts,Elmhurst,Queens,QN0401,40.74231101076,-73.86956860622
restaurant,DUNKIN,American,Elmhurst,Queens,QN0401,40.73334973199,-73.86990735141
restaurant,DUNKIN,American,Elmhurst,Queens,QN0401,40.73650888394,-73.87731290861
restaurant,DUNKIN',Coffee/Tea,Elmhurst,Queens,QN0401,40.73384018201,-73.87157703381
restaurant,DUNKIN',Coffee/Tea,Elmhurst,Queens,QN0401,40.74327860534,-73.88366634233
restaurant,DUO GASTROPUB,American,Elmhurst,Queens,QN0401,40.7459448186,-73.89030215277
restaurant,EAST 21,Chinese/Japanese,Elmhurst,Queens,QN0401,40.74656040383,-73.89402922393
restaurant,EATERNITI,Thai,Elmhurst,Queens,QN0401,40.73433344016,-73.87332611869
restaurant,EATON CAFE,Japanese,Elmhurst,Queens,QN0401,40.73467220842,-73.87438271773
restaurant,EIM KHAO MUN KAI,Thai,Elmhurst,Queens,QN0401,40.74319058992,-73.88348605615
restaurant,EL ARTESANO,Latin American,Elmhurst,Queens,QN0401,40.74180331795,-73.87457130984
restaurant,EL BUDARE CAFE,Latin American,Elmhurst,Queens,QN0401,40.74885745272,-73.87216513196
restaurant,EL CANELAZO,Latin American,Elmhurst,Queens,QN0401,40.74744163114,-73.88561875356
restaurant,EL GAUCHITO,Latin American,Elmhurst,Queens,QN0401,40.74228620532,-73.86947843595
restaurant,EL GRAN COFFEE SHOP,Latin American,Elmhurst,Queens,QN0401,40.74803149306,-73.87998758386
restaurant,EL GUAYAQUILENO,Latin American,Elmhurst,Queens,QN0401,40.74228621353,-73.86948565346
restaurant,EL NUEVO TACO VELOZ,Mexican,Elmhurst,Queens,QN0401,40.74845265879,-73.87596989877
restaurant,EL TORO BRAVO,Mexican,Elmhurst,Queens,QN0401,40.74825433934,-73.87787947534
restaurant,EL ZOCALO,Latin American,Elmhurst,Queens,QN0401,40.74740874163,-73.88294451271
restaurant,ELM ROASTERY,Coffee/Tea,Elmhurst,Queens,QN0401,40.74037535039,-73.87904152516
restaurant,ELMHURST FAMOUS PIZZA,Pizza,Elmhurst,Queens,QN0401,40.74097180526,-73.87984156704
restaurant,ESCUELITA VIP BAR,Latin American,Elmhurst,Queens,QN0401,40.74736839872,-73.8685048276
restaurant,ESQUINA DEL CAMARON MEXICANO,Mexican,Elmhurst,Queens,QN0401,40.74744164553,-73.8856331897
restaurant,El RINCON GUAYAQUILENO,Spanish,Elmhurst,Queens,QN0401,40.74889377714,-73.8702919287
restaurant,FAMOUS ROTISSERIE AND GRILL,Chinese,Elmhurst,Queens,QN0401,40.73384018201,-73.87157703381
restaurant,FANSWAY TERIYAKI & SUSHI KITCHEN,Japanese,Elmhurst,Queens,QN0401,40.7454740057,-73.86806468217
restaurant,FAY DA BAKERY,Bakery Products/Desserts,Elmhurst,Queens,QN0401,40.73764768553,-73.87705459954
restaurant,FAY DA BAKERY,Bakery Products/Desserts,Elmhurst,Queens,QN0401,40.74667673479,-73.88377587356
restaurant,FAY DA BAKERY,Bakery Products/Desserts,Elmhurst,Queens,QN0401,40.74612583462,-73.89015749482
restaurant,FILIPINIANA,Filipino,Elmhurst,Queens,QN0401,40.73712573985,-73.87922426266
restaurant,FIVE DREAMS PIZZERIA,Pizza,Elmhurst,Queens,QN0401,40.74228619301,-73.86946760969
restaurant,FIVE LOAVES AND TWO FISHES,Chinese,Elmhurst,Queens,QN0401,40.74159576217,-73.88069931339
restaurant,FLAMINGO,Latin American,Elmhurst,Queens,QN0401,40.74793364816,-73.88091529109
restaurant,FLORENCE  DINER,Latin American,Elmhurst,Queens,QN0401,40.74711869949,-73.8838328439
restaurant,FOGO DE CHAO,Brazilian,Elmhurst,Queens,QN0401,40.73424594961,-73.86874732301
restaurant,FREEDOM DOVE,Chinese,Elmhurst,Queens,QN0401,40.74224185079,-73.87399668854
restaurant,FU FAN RESTAURANT,Chinese,Elmhurst,Queens,QN0401,40.74135632845,-73.88008626314
restaurant,FUN GALAXY,Coffee/Tea,Elmhurst,Queens,QN0401,40.73464503342,-73.88240772812
restaurant,GANGJONG THUNPA PHUNSHI,Other,Elmhurst,Queens,QN0401,40.74323459766,-73.88357619918
restaurant,GATA GOLOSA / YOGURBERRY,Latin American,Elmhurst,Queens,QN0401,40.74754763949,-73.88458277464
restaurant,GATO VERDE,Mexican,Elmhurst,Queens,QN0401,40.74764281686,-73.88370200061
restaurant,GENESIS,Tex-Mex,Elmhurst,Queens,QN0401,40.7436798678,-73.88693885294
restaurant,GEORGIA DINER,American,Elmhurst,Queens,QN0401,40.73768059166,-73.88225800973
restaurant,GOLDEN OWLS SUSHI & NOODLES,Asian/Asian Fusion,Elmhurst,Queens,QN0401,40.73495748416,-73.88196695446
restaurant,GONG CHA,Coffee/Tea,Elmhurst,Queens,QN0401,40.73384018201,-73.87157703381
restaurant,GONG CHA,Coffee/Tea,Elmhurst,Queens,QN0401,40.73514254691,-73.87528392064
restaurant,GORKHALI,Asian/Asian Fusion,Elmhurst,Queens,QN0401,40.74713432229,-73.88851372002
restaurant,GUAYACO'S,Latin American,Elmhurst,Queens,QN0401,40.74614130549,-73.88357831791
restaurant,HALAL EATS,Middle Eastern,Elmhurst,Queens,QN0401,40.73446558659,-73.87368670004
restaurant,HAPPY MARKET,Asian/Asian Fusion,Elmhurst,Queens,QN0401,40.74161710708,-73.88276707372
restaurant,HERBALIFE PROTEIN STOP,"Juice, Smoothies, Fruit Salads",Elmhurst,Queens,QN0401,40.74201494785,-73.86749776778
restaurant,HI FRY,Chinese,Elmhurst,Queens,QN0401,40.74319883885,-73.88350047691
restaurant,HIMALAYAN YAK,Asian/Asian Fusion,Elmhurst,Queens,QN0401,40.74664473852,-73.89321706506
restaurant,HOMEMADE TAQUERIA,Mexican,Elmhurst,Queens,QN0401,40.74891735369,-73.86929937423
restaurant,HORNADO ECUATORIANO,Latin American,Elmhurst,Queens,QN0401,40.74705001742,-73.88932228184
restaurant,HUA RONG,Chinese,Elmhurst,Queens,QN0401,40.74075189518,-73.87952801029
restaurant,HUG ESAN,Thai,Elmhurst,Queens,QN0401,40.74356538517,-73.88775103457
restaurant,HUONG XUAN,Asian/Asian Fusion,Elmhurst,Queens,QN0401,40.7462285008,-73.8913230235
restaurant,ICE QUEEN,Frozen Desserts,Elmhurst,Queens,QN0401,40.73384018201,-73.87157703381
restaurant,ILDA'S PLACE II,American,Elmhurst,Queens,QN0401,40.74566406108,-73.88391839582
restaurant,IZAKAYA FUKU,Japanese,Elmhurst,Queens,QN0401,40.74656313859,-73.89401839259
restaurant,JACKSON NUTRITION (HERBALIFE),"Juice, Smoothies, Fruit Salads",Elmhurst,Queens,QN0401,40.7488791814,-73.87195937031
restaurant,JAEW HON,Thai,Elmhurst,Queens,QN0401,40.74656313193,-73.89401117462
restaurant,JAI SANG MA,Thai,Elmhurst,Queens,QN0401,40.74316308,-73.88342475472
restaurant,JOHN'S PIZZERIA,Pizza,Elmhurst,Queens,QN0401,40.73492185052,-73.88201392651
restaurant,JOJU / JOJU BOWL,Southeast Asian,Elmhurst,Queens,QN0401,40.74072715444,-73.87949196844
restaurant,JOLLIBEE,Chicken,Elmhurst,Queens,QN0401,40.73335799901,-73.86993620141
restaurant,JOSE SEAFOOD,Seafood,Elmhurst,Queens,QN0401,40.74753676569,-73.88468745587
restaurant,JUICE N SHAKE,"Juice, Smoothies, Fruit Salads",Elmhurst,Queens,QN0401,40.74725129688,-73.88743803265
restaurant,JUQUILA,Mexican,Elmhurst,Queens,QN0401,40.74740325212,-73.88294452239
restaurant,KABABISH,Pakistani,Elmhurst,Queens,QN0401,40.74792213067,-73.89438073795
restaurant,KAPE'T TORTA,Coffee/Tea,Elmhurst,Queens,QN0401,40.73721681744,-73.8797004169
restaurant,KHALIL BIRYANI HOUSE,Bangladeshi,Elmhurst,Queens,QN0401,40.74653576677,-73.89116733373
restaurant,KHAO KANG,Thai,Elmhurst,Queens,QN0401,40.74342898426,-73.88861016487
restaurant,KHAO NOM,Thai,Elmhurst,Queens,QN0401,40.74316481953,-73.88792493481
restaurant,KIDO SUSHI,Japanese,Elmhurst,Queens,QN0401,40.73384018201,-73.87157703381
restaurant,KIWI LIME,Latin American,Elmhurst,Queens,QN0401,40.74572415574,-73.88917652617
restaurant,KULU DESSERTS / DUMPLING TOWN,Chinese,Elmhurst,Queens,QN0401,40.73740364907,-73.87728599524
restaurant,KUMO CAFE,Coffee/Tea,Elmhurst,Queens,QN0401,40.74721478433,-73.88385072085
restaurant,KUNG FU TEA,Coffee/Tea,Elmhurst,Queens,QN0401,40.73764768553,-73.87705459954
restaurant,KUNG FU TEA,Coffee/Tea,Elmhurst,Queens,QN0401,40.74763191827,-73.88378141882
restaurant,L'ARTIGIANO GELATO,Frozen Desserts,Elmhurst,Queens,QN0401,40.73384018201,-73.87157703381
restaurant,LA ABUNDANCIA BAKERY & RESTAURANT,Latin American,Elmhurst,Queens,QN0401,40.74694395247,-73.89034380939
restaurant,LA ABUNDANCIA RESTAURANT & BAKERY,Latin American,Elmhurst,Queens,QN0401,40.74754492014,-73.8846080427
restaurant,LA ANTIOQUENA BAKERY # 1,Bakery Products/Desserts,Elmhurst,Queens,QN0401,40.74221718362,-73.87402921418
restaurant,LA BAKER,Bakery Products/Desserts,Elmhurst,Queens,QN0401,40.74756176659,-73.89351514036
restaurant,LA BARBI,Latin American,Elmhurst,Queens,QN0401,40.74453775213,-73.86781392159
restaurant,LA CASA DEL POLLO PERUANO II,Peruvian,Elmhurst,Queens,QN0401,40.74754220442,-73.88463691978
restaurant,LA ESQUINA CRIOLLA,Latin American,Elmhurst,Queens,QN0401,40.74230266156,-73.8694675773
restaurant,LA FUSTA,Latin American,Elmhurst,Queens,QN0401,40.74470679537,-73.88456967066
restaurant,LA TAVERNA,Mexican,Elmhurst,Queens,QN0401,40.74793637793,-73.88090084992
restaurant,LA UNION RESTAURANT,Peruvian,Elmhurst,Queens,QN0401,40.74247147608,-73.87314819148
restaurant,LAHI,Filipino,Elmhurst,Queens,QN0401,40.7379575012,-73.8793165708
restaurant,LAO BEI FANG DUMPLING HOUSE,Chinese,Elmhurst,Queens,QN0401,40.74099929443,-73.87988121287
restaurant,LAS AMERICAS BAKERY,Bakery Products/Desserts,Elmhurst,Queens,QN0401,40.74679203661,-73.88379732566
restaurant,LAS TOXICAS,Latin American,Elmhurst,Queens,QN0401,40.74718184357,-73.88384716948
restaurant,LHASALINGFEN,Asian/Asian Fusion,Elmhurst,Queens,QN0401,40.74389194612,-73.88491392838
restaurant,LI LI CHINESE FOOD,Chinese,Elmhurst,Queens,QN0401,40.7332495587,-73.88399062198
restaurant,LIBERTY BAGELS,Bagels/Pretzels,Elmhurst,Queens,QN0401,40.74763735294,-73.88372727354
restaurant,LITTLE CAESARS,Pizza,Elmhurst,Queens,QN0401,40.74803149306,-73.87998758386
restaurant,LONGHORN STEAKHOUSE,Steakhouse,Elmhurst,Queens,QN0401,40.73423774835,-73.86877620581
restaurant,LOS ARRIEROS,Spanish,Elmhurst,Queens,QN0401,40.74703913582,-73.8894233525
restaurant,LOS PAISITAS BAKERY & RESTAURANT,Latin American,Elmhurst,Queens,QN0401,40.73644374085,-73.87799863313
restaurant,LOUIE'S PIZZERIA,Pizza,Elmhurst,Queens,QN0401,40.74611113511,-73.88360002465
restaurant,LULU'S PIZZA,Pizza,Elmhurst,Queens,QN0401,40.73394246129,-73.86978350728
restaurant,LUNA'S KITCHEN & BAR,Latin American,Elmhurst,Queens,QN0401,40.74713433632,-73.88852815609
restaurant,M & M BROADWAY BAKERY,Latin American,Elmhurst,Queens,QN0401,40.74589203666,-73.88407679113
restaurant,MAMA ROSA'S,Latin American,Elmhurst,Queens,QN0401,40.74898601786,-73.86933893937
restaurant,MAMA'S,Latin American,Elmhurst,Queens,QN0401,40.74744980064,-73.88555377675
restaurant,MAMA'S EMPANADAS,Latin American,Elmhurst,Queens,QN0401,40.73394519377,-73.869772677
restaurant,MARTINIELLO'S,Pizza,Elmhurst,Queens,QN0401,40.74896879666,-73.87110022588
restaurant,MB BAR BOUTIQUE,Latin American,Elmhurst,Queens,QN0401,40.74626418951,-73.891330183
restaurant,MCDONALD'S,Hamburgers,Elmhurst,Queens,QN0401,40.73797024929,-73.88368647194
restaurant,MEJOR VIDA,"Juice, Smoothies, Fruit Salads",Elmhurst,Queens,QN0401,40.74908575508,-73.87015440651
restaurant,MG WELLNESS & NUTRITION (HERBALIFE),"Juice, Smoothies, Fruit Salads",Elmhurst,Queens,QN0401,40.74562245438,-73.88348900457
restaurant,MI DELICIAS PUEBLA,Mexican,Elmhurst,Queens,QN0401,40.74828967502,-73.8775545925
restaurant,MI DULCE VICTORIA,Bakery Products/Desserts,Elmhurst,Queens,QN0401,40.74246864351,-73.87306880395
restaurant,MI LINDA GUATEMALA,Latin American,Elmhurst,Queens,QN0401,40.74744436511,-73.88560792173
restaurant,MI OTRA CASA,Other,Elmhurst,Queens,QN0401,40.74335656366,-73.8743049306
restaurant,MI TAQUERIA TOLTE,Mexican,Elmhurst,Queens,QN0401,40.74242921116,-73.87216307849
restaurant,MIRA CALI BAKERY #6,Bakery Products/Desserts,Elmhurst,Queens,QN0401,40.74763191827,-73.88378141882
restaurant,MIRACALI BAKERY II,Bakery Products/Desserts,Elmhurst,Queens,QN0401,40.7470391219,-73.88940891645
restaurant,MIRACALI III,Bakery Products/Desserts,Elmhurst,Queens,QN0401,40.74468485545,-73.88458775327
restaurant,MR. CEBA'S,Spanish,Elmhurst,Queens,QN0401,40.74685963813,-73.89115597558
restaurant,MR. Q'S BBQ,Chinese,Elmhurst,Queens,QN0401,40.74227470069,-73.87391723345
restaurant,MRS. FIELDS / PRETZELMAKER,Bakery Products/Desserts,Elmhurst,Queens,QN0401,40.73514254691,-73.87528392064
restaurant,NA RATH,Thai,Elmhurst,Queens,QN0401,40.74171464877,-73.87890195259
restaurant,NANGMA RESTAURANT & BAR,Asian/Asian Fusion,Elmhurst,Queens,QN0401,40.74083436298,-73.87964694708
restaurant,NEW SPRING GARDEN,Chinese,Elmhurst,Queens,QN0401,40.74890089358,-73.87173917208
restaurant,NEW TASTE OF CHINA,Chinese,Elmhurst,Queens,QN0401,40.74467113891,-73.8845949949
restaurant,NEW TASTE RESTAURANT,Chinese,Elmhurst,Queens,QN0401,40.74228620122,-73.8694748272
restaurant,NIEVES TIA MIMI,Frozen Desserts,Elmhurst,Queens,QN0401,40.7483114018,-73.87733800713
restaurant,NOMADS BREWS & BAR,Indian,Elmhurst,Queens,QN0401,40.74664746649,-73.89319901569
restaurant,NOODLE HOUSE,Chinese,Elmhurst,Queens,QN0401,40.73384018201,-73.87157703381
restaurant,NUEVA NITIN BAKERY,Bakery Products/Desserts,Elmhurst,Queens,QN0401,40.74849933754,-73.87347231545
restaurant,NUEVO DON FRANCISCO,Latin American,Elmhurst,Queens,QN0401,40.74804391091,-73.86876695151
restaurant,NY SWEET YUMMY HOUSE,Chinese,Elmhurst,Queens,QN0401,40.74088934144,-73.87972623844
restaurant,OCEAN BAY,Chinese,Elmhurst,Queens,QN0401,40.73728867219,-73.88016939017
restaurant,OKAY NOODLE,Chinese,Elmhurst,Queens,QN0401,40.73466147979,-73.88238604891
restaurant,OLIVE GARDEN,Italian,Elmhurst,Queens,QN0401,40.73422680232,-73.86880509403
restaurant,OM WOK,Asian/Asian Fusion,Elmhurst,Queens,QN0401,40.74725129688,-73.88743803265
restaurant,ONE ASIAN KITCHEN,Chinese,Elmhurst,Queens,QN0401,40.73559878927,-73.88102763096
restaurant,PANDA EXPRESS,Chinese,Elmhurst,Queens,QN0401,40.73384018201,-73.87157703381
restaurant,PAPA JOHN'S PIZZA,Pizza,Elmhurst,Queens,QN0401,40.74203082099,-73.87428578891
restaurant,PARIS BAGUETTE,Bakery Products/Desserts,Elmhurst,Queens,QN0401,40.74694302395,-73.88382232437
restaurant,PATA PA-PLEAN,Thai,Elmhurst,Queens,QN0401,40.74344545633,-73.88861374605
restaurant,PATACON PISAO,Latin American,Elmhurst,Queens,QN0401,40.73528911673,-73.88149727538
restaurant,PATATA,Turkish,Elmhurst,Queens,QN0401,40.73393425568,-73.86980878153
restaurant,PHO BEST III,Southeast Asian,Elmhurst,Queens,QN0401,40.74095809658,-73.87985602661
restaurant,PIZZERIA PANADERIA MEXICANA,Bakery Products/Desserts,Elmhurst,Queens,QN0401,40.74706375514,-73.88933669501
restaurant,PLAYGROUND,Thai,Elmhurst,Queens,QN0401,40.74656313193,-73.89401117462
restaurant,POKE ISLAND GRILL,Hawaiian,Elmhurst,Queens,QN0401,40.73384018201,-73.87157703381
restaurant,POPEYES,Chicken,Elmhurst,Queens,QN0401,40.73433344016,-73.87332611869
restaurant,POPEYES,Chicken,Elmhurst,Queens,QN0401,40.74717362756,-73.88386522899
restaurant,POST TIME,Irish,Elmhurst,Queens,QN0401,40.73758201993,-73.87724958042
restaurant,PRONTITO,Latin American,Elmhurst,Queens,QN0401,40.74758472996,-73.8805947119
restaurant,PUEBLA PUEBLA,Mexican,Elmhurst,Queens,QN0401,40.74610548684,-73.86822583036
restaurant,PULAU PINANG,Asian/Asian Fusion,Elmhurst,Queens,QN0401,40.74144184152,-73.88049389336
restaurant,PUNTO ECUATORIANO BAKERY,Latin American,Elmhurst,Queens,QN0401,40.74812392081,-73.87913567438
restaurant,Q TOWN ASIAN CUISINE,Asian/Asian Fusion,Elmhurst,Queens,QN0401,40.74151327293,-73.88055872166
restaurant,QUEENS BLVD PIZZERIA,Pizza,Elmhurst,Queens,QN0401,40.73470798116,-73.87446564205
restaurant,QUEENS SEAFOOD RESTAURANT,Chinese,Elmhurst,Queens,QN0401,40.74163341698,-73.88261186975
restaurant,QUICKLY ELM,Chinese,Elmhurst,Queens,QN0401,40.74090586674,-73.87978033877
restaurant,RAINBOW BAKERY,Bakery Products/Desserts,Elmhurst,Queens,QN0401,40.73804037957,-73.87723429861
restaurant,RAINBOW BAKERY & ICE CREAM,Bakery Products/Desserts,Elmhurst,Queens,QN0401,40.74677232491,-73.89170468732
restaurant,RAINBOW BAKERY AND CAFE,Bakery Products/Desserts,Elmhurst,Queens,QN0401,40.73634392012,-73.87705340604
restaurant,RAKUZEN,Japanese,Elmhurst,Queens,QN0401,40.73447660537,-73.87372276243
restaurant,RIKO,Peruvian,Elmhurst,Queens,QN0401,40.74725129688,-73.88743803265
restaurant,RIO DE LA PLATA BAKERY,Bakery Products/Desserts,Elmhurst,Queens,QN0401,40.74230266567,-73.86947118606
restaurant,S.R. DELI GROCERY,Mexican,Elmhurst,Queens,QN0401,40.74337296895,-73.87424715842
restaurant,SABAY THAI,Thai,Elmhurst,Queens,QN0401,40.74610928657,-73.89007451596
restaurant,SABOR ECUATORIANO BAKERY,Latin American,Elmhurst,Queens,QN0401,40.74646534811,-73.8837365449
restaurant,SABOR LATINO,Latin American,Elmhurst,Queens,QN0401,40.74860210885,-73.86965368732
restaurant,SABOR PERUANO IV,Peruvian,Elmhurst,Queens,QN0401,40.7431952225,-73.87485377528
restaurant,SAL Y PIMIENTA,Latin American,Elmhurst,Queens,QN0401,40.7475422153,-73.8846477469
restaurant,SAN WEI,Chinese/Japanese,Elmhurst,Queens,QN0401,40.73384018201,-73.87157703381
restaurant,SARAN ROM,Thai,Elmhurst,Queens,QN0401,40.74327309752,-73.88364830792
restaurant,SARILING  ATIN,Filipino,Elmhurst,Queens,QN0401,40.73461988398,-73.87422404963
restaurant,SARITAS BAKERY,Bakery Products/Desserts,Elmhurst,Queens,QN0401,40.74229452579,-73.86955420358
restaurant,SARKU JAPAN,Japanese,Elmhurst,Queens,QN0401,40.73384018201,-73.87157703381
restaurant,SAZON COLOMBIA,Latin American,Elmhurst,Queens,QN0401,40.74831684115,-73.87729107893
restaurant,SCORPION,Latin American,Elmhurst,Queens,QN0401,40.74695210049,-73.8902535706
restaurant,SEICHOU RAMEN,Japanese,Elmhurst,Queens,QN0401,40.74136179911,-73.88006820971
restaurant,SHAH'S EXPRESS / CASTLE CHICKEN,Chicken,Elmhurst,Queens,QN0401,40.73740364907,-73.87728599524
restaurant,SHAKE SHACK,Hamburgers,Elmhurst,Queens,QN0401,40.73384018201,-73.87157703381
restaurant,SHANGHAI ZHEN GONG FU,Chinese,Elmhurst,Queens,QN0401,40.73636041962,-73.87708224299
restaurant,SHAXIAN NOODLE,Chinese,Elmhurst,Queens,QN0401,40.74067217581,-73.87941267747
restaurant,SHAXIAN SNACKS,Chinese,Elmhurst,Queens,QN0401,40.74067217581,-73.87941267747
restaurant,SHUN WANG,Chinese,Elmhurst,Queens,QN0401,40.74309702962,-73.88325164814
restaurant,SIIPS BUBBLE,Chinese/Japanese,Elmhurst,Queens,QN0401,40.73022539447,-73.88731536295
restaurant,SMASHBURGER #1743,Hamburgers,Elmhurst,Queens,QN0401,40.74677279771,-73.88377209632
restaurant,SONEROS,Peruvian,Elmhurst,Queens,QN0401,40.74243201622,-73.87221720462
restaurant,SOPHIE'S RANGOON KITCHEN,Asian/Asian Fusion,Elmhurst,Queens,QN0401,40.74329235841,-73.88369518874
restaurant,SOUR LITTLE 7,Chinese,Elmhurst,Queens,QN0401,40.74091683066,-73.87976588417
restaurant,SPICY SHALLOT,Thai,Elmhurst,Queens,QN0401,40.74356823227,-73.88785568581
restaurant,SPICY TIBET,Asian/Asian Fusion,Elmhurst,Queens,QN0401,40.74694394213,-73.89033298237
restaurant,STARBUCKS,Coffee/Tea,Elmhurst,Queens,QN0401,40.73384018201,-73.87157703381
restaurant,STARBUCKS,Coffee/Tea,Elmhurst,Queens,QN0401,40.73752988491,-73.87726411084
restaurant,STARBUCKS,Coffee/Tea,Elmhurst,Queens,QN0401,40.74696221899,-73.8838042457
restaurant,STARBUCKS COFFEE,Coffee/Tea,Elmhurst,Queens,QN0401,40.73026100193,-73.88723953228
restaurant,SUBWAY,Sandwiches,Elmhurst,Queens,QN0401,40.74391119925,-73.88495359232
restaurant,SUMATERA,Indonesian,Elmhurst,Queens,QN0401,40.74195317217,-73.87864529668
restaurant,SUMMER,Southeast Asian,Elmhurst,Queens,QN0401,40.73557958342,-73.88103488218
restaurant,SUSHI ON ME,Japanese,Elmhurst,Queens,QN0401,40.74656040383,-73.89402922393
restaurant,SWEET BAMBOO,Chinese,Elmhurst,Queens,QN0401,40.74108436431,-73.87473145113
restaurant,SWEETORY,Coffee/Tea,Elmhurst,Queens,QN0401,40.74656313859,-73.89401839259
restaurant,T-MEZCAL,Mexican,Elmhurst,Queens,QN0401,40.74825433934,-73.87787947534
restaurant,T-SWIRL CREPE,Japanese,Elmhurst,Queens,QN0401,40.74327309752,-73.88364830792
restaurant,TACO VELOZ,Tex-Mex,Elmhurst,Queens,QN0401,40.74803149306,-73.87998758386
restaurant,TACOS EL RANCHITO,Mexican,Elmhurst,Queens,QN0401,40.74184445778,-73.8745423622
restaurant,TAIWANESE CUISINE,Chinese,Elmhurst,Queens,QN0401,40.73998509119,-73.87856589655
restaurant,TANDOORI TIBET,Indian,Elmhurst,Queens,QN0401,40.74590862184,-73.88419224878
restaurant,TANDORICO,Bangladeshi,Elmhurst,Queens,QN0401,40.74749848964,-73.893356444
restaurant,TANGRA MASALA,Asian/Asian Fusion,Elmhurst,Queens,QN0401,40.73639446556,-73.87812141066
restaurant,TAQUERIA CHILA,Mexican,Elmhurst,Queens,QN0401,40.74812119125,-73.87915011566
restaurant,TAQUERIA COATZINGO,Mexican,Elmhurst,Queens,QN0401,40.74705559394,-73.88941249802
restaurant,TAQUERIA EL ITACATE,Mexican,Elmhurst,Queens,QN0401,40.74741697959,-73.88294810722
restaurant,TAQUERIA LOS PRIMOS,Mexican,Elmhurst,Queens,QN0401,40.74275766334,-73.87381166115
restaurant,TASTE GOOD,Southeast Asian,Elmhurst,Queens,QN0401,40.74163070175,-73.88264074435
restaurant,TASTE OF HIMALAYA,Southeast Asian,Elmhurst,Queens,QN0401,40.74610107649,-73.89009979233
restaurant,TBAAR,"Juice, Smoothies, Fruit Salads",Elmhurst,Queens,QN0401,40.73384018201,-73.87157703381
restaurant,TEA CUP CAFE,Thai,Elmhurst,Queens,QN0401,40.74344818707,-73.88859930617
restaurant,TECOLOTE,Spanish,Elmhurst,Queens,QN0401,40.74764008307,-73.88371283255
restaurant,TEN SECONDS,Chinese,Elmhurst,Queens,QN0401,40.74035886281,-73.87902351193
restaurant,TERIYAKI ONE,Japanese,Elmhurst,Queens,QN0401,40.73514254691,-73.87528392064
restaurant,TERIYAKI ONE,Japanese,Elmhurst,Queens,QN0401,40.74675360267,-73.88379017495
restaurant,TERRAZA 7,Latin American,Elmhurst,Queens,QN0401,40.74732247379,-73.88179338305
restaurant,THE CHEESECAKE FACTORY,American,Elmhurst,Queens,QN0401,40.73384018201,-73.87157703381
restaurant,THE KISS ME BAR,Latin American,Elmhurst,Queens,QN0401,40.74610548684,-73.86822583036
restaurant,TIA JULIA RESTAURANT,Mexican,Elmhurst,Queens,QN0401,40.7482310648,-73.87664882065
restaurant,TIGER SUGAR,Coffee/Tea,Elmhurst,Queens,QN0401,40.73384018201,-73.87157703381
restaurant,TIGERONE,Chinese,Elmhurst,Queens,QN0401,40.73466147979,-73.88238604891
restaurant,TOMO JAPANESE CAFE,Japanese,Elmhurst,Queens,QN0401,40.73459785466,-73.87415914121
restaurant,TORNADO CREPE,Pancakes/Waffles,Elmhurst,Queens,QN0401,40.74803149306,-73.87998758386
restaurant,TOUS LES JOURS,Bakery Products/Desserts,Elmhurst,Queens,QN0401,40.73694077269,-73.87821422773
restaurant,TRADICION Y SABORES,Latin American,Elmhurst,Queens,QN0401,40.74677692307,-73.88243314853
restaurant,TROPIC POLLO,Mexican,Elmhurst,Queens,QN0401,40.7424418889,-73.87369678093
restaurant,TULCINGO,Mexican,Elmhurst,Queens,QN0401,40.74715164391,-73.88384000429
restaurant,TULCINGO BAKERY,Bakery Products/Desserts,Elmhurst,Queens,QN0401,40.74911813567,-73.86966350116
restaurant,UNIDENTIFIED FLYING CHICKEN,Korean,Elmhurst,Queens,QN0401,40.74655767574,-73.89404727325
restaurant,UPTOP NEW YORK,American,Elmhurst,Queens,QN0401,40.74604881192,-73.88998078306
restaurant,VANILLA CAFE,Latin American,Elmhurst,Queens,QN0401,40.74813766361,-73.87915369474
restaurant,VANITY,American,Elmhurst,Queens,QN0401,40.73836495361,-73.88587977666
restaurant,VIVA JUAREZ,Mexican,Elmhurst,Queens,QN0401,40.74337576907,-73.87429767659
restaurant,VIVI BUBBLE TEA,Coffee/Tea,Elmhurst,Queens,QN0401,40.74045505874,-73.87914603106
restaurant,WASABI POINT,Asian/Asian Fusion,Elmhurst,Queens,QN0401,40.74342625001,-73.88862099593
restaurant,WENDY'S,Hamburgers,Elmhurst,Queens,QN0401,40.74746822346,-73.89327709373
restaurant,WETZEL'S PRETZELS,Hotdogs/Pretzels,Elmhurst,Queens,QN0401,40.73395590566,-73.87197372377
restaurant,WHITE CASTLE,Hamburgers,Elmhurst,Queens,QN0401,40.73452788724,-73.87293604701
restaurant,WINNERS BAR,American,Elmhurst,Queens,QN0401,40.7417359062,-73.88085423688
restaurant,WOODSIDE KITCHEN,Chinese,Elmhurst,Queens,QN0401,40.74341806477,-73.88867153316
restaurant,YI MEI BAKERY,Bakery Products/Desserts,Elmhurst,Queens,QN0401,40.74321259197,-73.88352932325
restaurant,YOLANDA'S DOMINICAN FOOD,Latin American,Elmhurst,Queens,QN0401,40.74177123429,-73.87535446543
restaurant,YULHUNG CAFE,Coffee/Tea,Elmhurst,Queens,QN0401,40.74591464004,-73.89031663848
restaurant,ZAAB ZAAB,Thai,Elmhurst,Queens,QN0401,40.74341261376,-73.88871123934
restaurant,ZHONG YUE,Chinese,Elmhurst,Queens,QN0401,40.73765043803,-73.87706181146
restaurant,ZOU JI LAN ZHOU RAMEN,Chinese,Elmhurst,Queens,QN0401,40.73998669676,-73.8800923463
restaurant,3 in 1 Phenomenal Kitchen,American,Far Rockaway-Bayswater,Queens,QN1401,40.60392881529,-73.75234534605
restaurant,ALLISSGEOVA,Spanish,Far Rockaway-Bayswater,Queens,QN1401,40.60194122373,-73.75345109965
restaurant,BIG NEW YORK FRIED CHICKEN,Chicken,Far Rockaway-Bayswater,Queens,QN1401,40.60199608822,-73.75343649164
restaurant,BOCADITOS,Latin American,Far Rockaway-Bayswater,Queens,QN1401,40.6029889692,-73.75056264398
restaurant,BUONA PIZZA RESTAURANT,Pizza,Far Rockaway-Bayswater,Queens,QN1401,40.59848812675,-73.76647419854
restaurant,CARVEL,Frozen Desserts,Far Rockaway-Bayswater,Queens,QN1401,40.60435856373,-73.75306760451
restaurant,CENTRAL PIZZA,Pizza,Far Rockaway-Bayswater,Queens,QN1401,40.60432005143,-73.75302813336
restaurant,CHEN'S DINER,Chinese,Far Rockaway-Bayswater,Queens,QN1401,40.5997981121,-73.76149656437
restaurant,CLASSIC QUIZINE,Caribbean,Far Rockaway-Bayswater,Queens,QN1401,40.60197688254,-73.75344016399
restaurant,China Xing Kitchen,Other,Far Rockaway-Bayswater,Queens,QN1401,40.59615390074,-73.7541279045
restaurant,D'LENNY RESTAURANT,Spanish,Far Rockaway-Bayswater,Queens,QN1401,40.60295893796,-73.75317003371
restaurant,DELEON BAKERY & RESTAURANT,Spanish,Far Rockaway-Bayswater,Queens,QN1401,40.60228472974,-73.75110186024
restaurant,DOMINO'S,Pizza,Far Rockaway-Bayswater,Queens,QN1401,40.59988096626,-73.75395568085
restaurant,DREDSURFER GRILL,Caribbean,Far Rockaway-Bayswater,Queens,QN1401,40.59511925786,-73.75039051128
restaurant,DUNKIN,Donuts,Far Rockaway-Bayswater,Queens,QN1401,40.60620624588,-73.75199833491
restaurant,"DUNKIN',' BASKIN ROBBINS",Donuts,Far Rockaway-Bayswater,Queens,QN1401,40.5960935002,-73.75412092609
restaurant,EL NUEVO AMBIENTE RESTAURANT,Latin American,Far Rockaway-Bayswater,Queens,QN1401,40.60072916391,-73.75398135184
restaurant,GRAND OASIS RESTAURANT,Latin American,Far Rockaway-Bayswater,Queens,QN1401,40.60496866427,-73.75214700262
restaurant,Gino's Pizza,Pizza,Far Rockaway-Bayswater,Queens,QN1401,40.60310158864,-73.75313349211
restaurant,HALAL XTREME,Middle Eastern,Far Rockaway-Bayswater,Queens,QN1401,40.60544722057,-73.75514514037
restaurant,ICHIBAN SUSHI AND CAJUN HARBOR,Seafood,Far Rockaway-Bayswater,Queens,QN1401,40.59600289938,-73.7541104585
restaurant,ISLAND ROCK RESTAURANT,Caribbean,Far Rockaway-Bayswater,Queens,QN1401,40.60196042165,-73.75344382617
restaurant,J&M PIZZA,Pizza,Far Rockaway-Bayswater,Queens,QN1401,40.59645316642,-73.75416640773
restaurant,JAMAICA BREEZE RESTAURANT,Caribbean,Far Rockaway-Bayswater,Queens,QN1401,40.60508940529,-73.75468188661
restaurant,LA CABANA RESTAURANT AND BAKERY,Spanish,Far Rockaway-Bayswater,Queens,QN1401,40.60361749372,-73.75180991949
restaurant,LA PALMA RESTAURANT OF FAR ROCKAWAY,Latin American,Far Rockaway-Bayswater,Queens,QN1401,40.603074203,-73.7531624035
restaurant,LAS DELICIAS ADONAI RESTAURANT,Spanish,Far Rockaway-Bayswater,Queens,QN1401,40.61023345304,-73.7535428115
restaurant,LOS CARNALES COFFEE SHOP & TAQUERIA,Mexican,Far Rockaway-Bayswater,Queens,QN1401,40.59642296615,-73.75416291849
restaurant,LUCKY CORNAGA CHINESE RESTAURANT,Chinese,Far Rockaway-Bayswater,Queens,QN1401,40.60268970945,-73.74927093656
restaurant,MAGIC WOK,Chinese,Far Rockaway-Bayswater,Queens,QN1401,40.60484149479,-73.7555543188
restaurant,MAMA'S COOKING,Caribbean,Far Rockaway-Bayswater,Queens,QN1401,40.60331448712,-73.75385294797
restaurant,MCDONALD'S,Hamburgers,Far Rockaway-Bayswater,Queens,QN1401,40.60523572651,-73.75507749367
restaurant,NEW CHEUNG CHOW,Chinese,Far Rockaway-Bayswater,Queens,QN1401,40.60073193964,-73.75399574593
restaurant,POPEYES,Chicken,Far Rockaway-Bayswater,Queens,QN1401,40.60262172852,-73.74956288951
restaurant,QUICK PIZZA,Pizza,Far Rockaway-Bayswater,Queens,QN1401,40.60622589657,-73.75474972221
restaurant,RALPHS'S COFFEE SHOP & DINER,Latin American,Far Rockaway-Bayswater,Queens,QN1401,40.60490743154,-73.75430081827
restaurant,ROCKAWAY BAKERY,Caribbean,Far Rockaway-Bayswater,Queens,QN1401,40.60392873738,-73.7523093337
restaurant,SUBWAY,Sandwiches,Far Rockaway-Bayswater,Queens,QN1401,40.59600289938,-73.7541104585
restaurant,SUBWAY,Sandwiches,Far Rockaway-Bayswater,Queens,QN1401,40.60272442625,-73.75008467666
restaurant,SUNNY RESTAURANT,Tex-Mex,Far Rockaway-Bayswater,Queens,QN1401,40.60313181223,-73.75314778481
restaurant,TACO BEL,Tex-Mex,Far Rockaway-Bayswater,Queens,QN1401,40.60544728218,-73.75517395091
restaurant,TACOS Y MAS,Tex-Mex,Far Rockaway-Bayswater,Queens,QN1401,40.60309369418,-73.75075671703
restaurant,TIERRA NUEVA,Latin American,Far Rockaway-Bayswater,Queens,QN1401,40.6038819905,-73.75226989392
restaurant,& MORE BY SHERATON,American,Flushing-Willets Point,Queens,QN0707,40.75983933309,-73.83179817038
restaurant,1 GOLDEN PANCAKE,Pancakes/Waffles,Flushing-Willets Point,Queens,QN0707,40.75886248384,-73.83012937173
restaurant,101 KTV BAR LOUNGE,Chinese,Flushing-Willets Point,Queens,QN0707,40.76289505671,-73.83234634592
restaurant,168 HK,Chinese,Flushing-Willets Point,Queens,QN0707,40.75708764653,-73.82897163431
restaurant,39 PRINCE CAFE/TANING LEMON TEA,Chinese,Flushing-Willets Point,Queens,QN0707,40.75953533118,-73.83225376343
restaurant,698 CAFE,Chinese,Flushing-Willets Point,Queens,QN0707,40.75953533118,-73.83225376343
restaurant,8090 TAIWAN CUISINE,Chinese,Flushing-Willets Point,Queens,QN0707,40.75850199526,-73.83324180899
restaurant,85°C BAKERY CAFE,Chinese,Flushing-Willets Point,Queens,QN0707,40.75910719061,-73.83417158497
restaurant,9 PLUS KTV,Chinese,Flushing-Willets Point,Queens,QN0707,40.76043684767,-73.82936729338
restaurant,A BITE OF FUZHOU,Chinese,Flushing-Willets Point,Queens,QN0707,40.75882380602,-73.8318224027
restaurant,A ZHONG TAIWANESE SNACK,Chinese,Flushing-Willets Point,Queens,QN0707,40.75977790824,-73.82923542849
restaurant,A+ ROOF BAR,Bottled Beverages,Flushing-Willets Point,Queens,QN0707,40.75879747639,-73.83447918022
restaurant,A1 CHATERAISE & DONUTS BAKERY,Bakery Products/Desserts,Flushing-Willets Point,Queens,QN0707,40.76792307726,-73.83587881478
restaurant,AK FAMILY COFFEE,Coffee/Tea,Flushing-Willets Point,Queens,QN0707,40.76410718566,-73.83162490284
restaurant,ALLEY 41,Chinese,Flushing-Willets Point,Queens,QN0707,40.75867151465,-73.82906501246
restaurant,AMAZING ASIA,Asian/Asian Fusion,Flushing-Willets Point,Queens,QN0707,40.75370737215,-73.82258090677
restaurant,AMORE PIZZERIA & RESTAURANT,Pizza,Flushing-Willets Point,Queens,QN0707,40.76965881073,-73.83469396831
restaurant,APOLLO BAKERY,Bakery Products/Desserts,Flushing-Willets Point,Queens,QN0707,40.75990489482,-73.8315850306
restaurant,APOLLO CAFE & BAKERY,Coffee/Tea,Flushing-Willets Point,Queens,QN0707,40.75479781143,-73.83601234228
restaurant,ARTISAN,Coffee/Tea,Flushing-Willets Point,Queens,QN0707,40.76114910892,-73.83215582896
restaurant,ASIAN JEWELS SEAFOOD RESTAURANT,Chinese,Flushing-Willets Point,Queens,QN0707,40.75909344598,-73.83415718061
restaurant,AUNTEA JENNY,Coffee/Tea,Flushing-Willets Point,Queens,QN0707,40.75953533118,-73.83225376343
restaurant,AUNTIE ANNE'S PRETZELS,Hotdogs/Pretzels,Flushing-Willets Point,Queens,QN0707,40.75724048652,-73.83398855215
restaurant,AZURE SEAFOOD RESTAURANT,Chinese,Flushing-Willets Point,Queens,QN0707,40.76232301172,-73.83157167293
restaurant,BAGUETTE TALK,Bakery Products/Desserts,Flushing-Willets Point,Queens,QN0707,40.75911685374,-73.83138488879
restaurant,BANH MI TBD,Asian/Asian Fusion,Flushing-Willets Point,Queens,QN0707,40.75886248384,-73.83012937173
restaurant,BAO & PANCAKE,Chinese,Flushing-Willets Point,Queens,QN0707,40.75791859044,-73.82848941387
restaurant,BAO'S PASTRY,Chinese,Flushing-Willets Point,Queens,QN0707,40.75914973243,-73.83134509875
restaurant,BAO'S WOK,Chinese,Flushing-Willets Point,Queens,QN0707,40.7600523645,-73.83484785189
restaurant,BARLEY TIME,Bakery Products/Desserts,Flushing-Willets Point,Queens,QN0707,40.76002157957,-73.83254492209
restaurant,BASEMENT BAR,Bottled Beverages,Flushing-Willets Point,Queens,QN0707,40.76416763905,-73.83167167882
restaurant,BEARD PAPA'S,Frozen Desserts,Flushing-Willets Point,Queens,QN0707,40.75768808502,-73.83412820673
restaurant,BEIJING HOT POT,Chinese,Flushing-Willets Point,Queens,QN0707,40.7590989094,-73.83413911857
restaurant,BENTO HOUSE,Chinese,Flushing-Willets Point,Queens,QN0707,40.7601981662,-73.82760635507
restaurant,BILIN,Other,Flushing-Willets Point,Queens,QN0707,40.75884874404,-73.83011857792
restaurant,BIRRIA LANDIA,Mexican,Flushing-Willets Point,Queens,QN0707,40.7600523645,-73.83484785189
restaurant,BLU EMBER,Fusion,Flushing-Willets Point,Queens,QN0707,40.76362083063,-73.82940603383
restaurant,BLUE  BAR,Bottled Beverages,Flushing-Willets Point,Queens,QN0707,40.76413468614,-73.83166093257
restaurant,BLUE STORM BILLIARDS & CAFE,Tapas,Flushing-Willets Point,Queens,QN0707,40.76135695403,-73.83163910167
restaurant,BOB'S NOODLE,Chinese,Flushing-Willets Point,Queens,QN0707,40.75882380602,-73.8318224027
restaurant,BODHI FITNESS CENTER,"Juice, Smoothies, Fruit Salads",Flushing-Willets Point,Queens,QN0707,40.76374186548,-73.83332249725
restaurant,BUER PUB,Chinese,Flushing-Willets Point,Queens,QN0707,40.75879747639,-73.83447918022
restaurant,BUNSIK,Korean,Flushing-Willets Point,Queens,QN0707,40.7619766004,-73.8293272352
restaurant,BUSY BEE COFFEE,Coffee/Tea,Flushing-Willets Point,Queens,QN0707,40.76437758684,-73.82886981316
restaurant,CAMELLIA FAMILY,Chinese,Flushing-Willets Point,Queens,QN0707,40.75450533906,-73.83304972485
restaurant,CAMP CAMP BBQ,Chinese,Flushing-Willets Point,Queens,QN0707,40.76062640528,-73.82582563003
restaurant,CANAAN BAKERY & CAFE,Bakery Products/Desserts,Flushing-Willets Point,Queens,QN0707,40.76318766786,-73.82790903883
restaurant,CANTONESE BEEF DELIGHT,Asian/Asian Fusion,Flushing-Willets Point,Queens,QN0707,40.75871243216,-73.83261680949
restaurant,CAPHE DEN,Other,Flushing-Willets Point,Queens,QN0707,40.76138995805,-73.83356665244
restaurant,CAROM CAFE BILLIARDS,Korean,Flushing-Willets Point,Queens,QN0707,40.76648384949,-73.83142031676
restaurant,CHAHALO,Coffee/Tea,Flushing-Willets Point,Queens,QN0707,40.76067261228,-73.83290425536
restaurant,CHAMPION PIZZA,Pizza,Flushing-Willets Point,Queens,QN0707,40.75985985304,-73.82896809835
restaurant,CHANGLE CUISINE,Chinese,Flushing-Willets Point,Queens,QN0707,40.75708764653,-73.82897163431
restaurant,CHARLEYS PHILLY STEAKS,Sandwiches,Flushing-Willets Point,Queens,QN0707,40.76978241811,-73.83475864497
restaurant,CHAYANN,Coffee/Tea,Flushing-Willets Point,Queens,QN0707,40.75882380602,-73.8318224027
restaurant,CHEF WONG BISTRO,Chinese,Flushing-Willets Point,Queens,QN0707,40.76301490123,-73.83171431217
restaurant,CHELI,Chinese,Flushing-Willets Point,Queens,QN0707,40.7590989094,-73.83413911857
restaurant,CHICK ROCKS,Chicken,Flushing-Willets Point,Queens,QN0707,40.75977790824,-73.82923542849
restaurant,CHICKEN HOT POT,Chinese,Flushing-Willets Point,Queens,QN0707,40.75755824509,-73.82255978137
restaurant,CHIEF BEEF NOODLES,Chinese,Flushing-Willets Point,Queens,QN0707,40.75905132945,-73.83162329387
restaurant,CHILL TAVERN BBQ,Barbecue,Flushing-Willets Point,Queens,QN0707,40.76351702858,-73.82974202314
restaurant,CHINA BAR,Bottled Beverages,Flushing-Willets Point,Queens,QN0707,40.76071713201,-73.83331926632
restaurant,CHINESE ORIENTAL EXPRESS,Chinese,Flushing-Willets Point,Queens,QN0707,40.75687361569,-73.82179638594
restaurant,CHIPOTLE MEXICAN GRILL #3742,Mexican,Flushing-Willets Point,Queens,QN0707,40.7600644854,-73.82814816201
restaurant,CHONG QING NOODLE,Chinese,Flushing-Willets Point,Queens,QN0707,40.75977790824,-73.82923542849
restaurant,CHONGQING LAO ZAO,Chinese,Flushing-Willets Point,Queens,QN0707,40.76071381511,-73.83292581019
restaurant,CHONGQING ZAIER,Chinese,Flushing-Willets Point,Queens,QN0707,40.75977790824,-73.82923542849
restaurant,CHOP GUITAR,Chinese,Flushing-Willets Point,Queens,QN0707,40.760672792,-73.82564502006
restaurant,CHUAN BISTRO,Chinese,Flushing-Willets Point,Queens,QN0707,40.76115738013,-73.83218107656
restaurant,CHUANYUE BAR,Chinese,Flushing-Willets Point,Queens,QN0707,40.76401894318,-73.82765057651
restaurant,CHUCK E. CHEESE,Pizza,Flushing-Willets Point,Queens,QN0707,40.75768808502,-73.83412820673
restaurant,CHUN XIANG JU,Chinese,Flushing-Willets Point,Queens,QN0707,40.76082179381,-73.82435954962
restaurant,CHUN YANG,Coffee/Tea,Flushing-Willets Point,Queens,QN0707,40.75747778982,-73.83108584836
restaurant,CHUNG MOO ROLL RICE & DONGA,Korean,Flushing-Willets Point,Queens,QN0707,40.76097100716,-73.82682102476
restaurant,CJ DIAMOND CAFE,Chinese,Flushing-Willets Point,Queens,QN0707,40.7561530463,-73.83363393055
restaurant,CLAYPOT KING,Chinese,Flushing-Willets Point,Queens,QN0707,40.76133128471,-73.83285566917
restaurant,COCO,Coffee/Tea,Flushing-Willets Point,Queens,QN0707,40.75768808502,-73.83412820673
restaurant,COCO FRESH TEA & JUICE,Coffee/Tea,Flushing-Willets Point,Queens,QN0707,40.76004585699,-73.83038624262
restaurant,COCO HOTPOT,Asian/Asian Fusion,Flushing-Willets Point,Queens,QN0707,40.76043362419,-73.83277129646
restaurant,COCO TEA NY INC,Coffee/Tea,Flushing-Willets Point,Queens,QN0707,40.7613203278,-73.83099665042
restaurant,CONGEE VILLAGE RESTAURANT & BAR OF FLUSHING,Chinese,Flushing-Willets Point,Queens,QN0707,40.76139172711,-73.83289522474
restaurant,CORNER 28,Chinese,Flushing-Willets Point,Queens,QN0707,40.75884874404,-73.83011857792
restaurant,COUSIN RIVER SNAILS RICE NOODLES,Chinese,Flushing-Willets Point,Queens,QN0707,40.75850199526,-73.83324180899
restaurant,CRISPY BURGER,Chicken,Flushing-Willets Point,Queens,QN0707,40.76248783989,-73.83166872079
restaurant,CROWN ONE BANQUET,Chinese,Flushing-Willets Point,Queens,QN0707,40.76627512637,-73.83133781555
restaurant,CRUNCHEESE,Hotdogs,Flushing-Willets Point,Queens,QN0707,40.7600523645,-73.83484785189
restaurant,CUPPA TEA (PH 1C),Coffee/Tea,Flushing-Willets Point,Queens,QN0707,40.76055174851,-73.83283958412
restaurant,Chaoshan Beef,Coffee/Tea,Flushing-Willets Point,Queens,QN0707,40.76018443159,-73.82759917128
restaurant,D.T RESTAURANT,Chinese,Flushing-Willets Point,Queens,QN0707,40.75850199526,-73.83324180899
restaurant,DA MU ZHI,Chinese,Flushing-Willets Point,Queens,QN0707,40.75867698265,-73.82905055976
restaurant,DARO'S PIZZA,Pizza,Flushing-Willets Point,Queens,QN0707,40.75337736469,-73.82217032121
restaurant,DAWEI,Chinese,Flushing-Willets Point,Queens,QN0707,40.75910991972,-73.83416074911
restaurant,DIA ROOM CAFE,Korean,Flushing-Willets Point,Queens,QN0707,40.7640193377,-73.83161429595
restaurant,DIMENSION POPTOWN,Asian/Asian Fusion,Flushing-Willets Point,Queens,QN0707,40.76018442616,-73.82759556155
restaurant,DING BIAN HU INC,Chinese,Flushing-Willets Point,Queens,QN0707,40.75734855412,-73.82907563972
restaurant,DIVERSE DIM SUM,Chinese,Flushing-Willets Point,Queens,QN0707,40.75850199526,-73.83324180899
restaurant,DJ CLUB INC KTV & LOUNGE,Fruits/Vegetables,Flushing-Willets Point,Queens,QN0707,40.76677771286,-73.83153870322
restaurant,DOCK 3366,Chinese,Flushing-Willets Point,Queens,QN0707,40.76629335522,-73.83253992229
restaurant,DOMAND'S ITALIAN GOURMET DELI & CATERERS,Sandwiches,Flushing-Willets Point,Queens,QN0707,40.76964233182,-73.83468678887
restaurant,DONG YUE SEAFOOD RESTAURANT,Chinese,Flushing-Willets Point,Queens,QN0707,40.76094057183,-73.83033341853
restaurant,DONNAE LIN,Other,Flushing-Willets Point,Queens,QN0707,40.76401894318,-73.82765057651
restaurant,DOUDOU KITCHEN,Chinese,Flushing-Willets Point,Queens,QN0707,40.75449438629,-73.83306779954
restaurant,DUMPLING XI,Chinese,Flushing-Willets Point,Queens,QN0707,40.76075227844,-73.83295098172
restaurant,DUNHUANG FLUSHING,Chinese,Flushing-Willets Point,Queens,QN0707,40.76172562988,-73.83037111904
restaurant,DUNKIN,Donuts,Flushing-Willets Point,Queens,QN0707,40.75593418633,-73.83604201944
restaurant,DUNKIN,Donuts,Flushing-Willets Point,Queens,QN0707,40.75922079877,-73.83114277577
restaurant,DUNKIN,Donuts,Flushing-Willets Point,Queens,QN0707,40.76975220506,-73.8347442792
restaurant,DUNKIN,Donuts,Flushing-Willets Point,Queens,QN0707,40.75752777585,-73.82778294387
restaurant,DUNKIN,Donuts,Flushing-Willets Point,Queens,QN0707,40.7561530463,-73.83363393055
restaurant,DUNKIN',Donuts,Flushing-Willets Point,Queens,QN0707,40.76675236336,-73.82740881949
restaurant,E&C DELI & RESTAURANT LLC.,Latin American,Flushing-Willets Point,Queens,QN0707,40.75817121743,-73.84194545094
restaurant,EAST BISTRO,Chinese,Flushing-Willets Point,Queens,QN0707,40.75512118929,-73.82816457382
restaurant,EAST CATERING & RESTAURANT,Chinese,Flushing-Willets Point,Queens,QN0707,40.75507449604,-73.82814303798
restaurant,EIGHT BEAUTITUDES,Korean,Flushing-Willets Point,Queens,QN0707,40.75977790824,-73.82923542849
restaurant,EIGHT JANE FOOD,Chinese,Flushing-Willets Point,Queens,QN0707,40.76135881813,-73.83103986999
restaurant,ELITE POOL & FITNESS MANAGEMENT,American,Flushing-Willets Point,Queens,QN0707,40.75228422504,-73.8234798201
restaurant,EMPANADAS EL GUSTAZO RESTAURANTE,Latin American,Flushing-Willets Point,Queens,QN0707,40.75450258905,-73.83304612234
restaurant,EMPEROR SEAFOOD,Chinese,Flushing-Willets Point,Queens,QN0707,40.76197387175,-73.82933807172
restaurant,ER HOU ROAST CHICKEN TAKEOUT,Chinese,Flushing-Willets Point,Queens,QN0707,40.7648071853,-73.82798064785
restaurant,F PLUS,Korean,Flushing-Willets Point,Queens,QN0707,40.75182362928,-73.83299872311
restaurant,FAI HUANG,Bottled Beverages,Flushing-Willets Point,Queens,QN0707,40.76043362419,-73.83277129646
restaurant,FAT CAT FLATBREAD (#6),Chinese,Flushing-Willets Point,Queens,QN0707,40.75850199526,-73.83324180899
restaurant,FAT POTATO NOODLES,Chinese,Flushing-Willets Point,Queens,QN0707,40.7613203278,-73.83099665042
restaurant,FAY DA BAKERY,Bakery Products/Desserts,Flushing-Willets Point,Queens,QN0707,40.75331136191,-73.82208748272
restaurant,FAY DA BAKERY,Bakery Products/Desserts,Flushing-Willets Point,Queens,QN0707,40.75646970542,-73.82872416912
restaurant,FAY DA BAKERY,Bakery Products/Desserts,Flushing-Willets Point,Queens,QN0707,40.75768808502,-73.83412820673
restaurant,FAY DA BAKERY,Bakery Products/Desserts,Flushing-Willets Point,Queens,QN0707,40.76036590774,-73.82965264583
restaurant,FAY DA BAKERY,Bakery Products/Desserts,Flushing-Willets Point,Queens,QN0707,40.7576610819,-73.83067388739
restaurant,FISH WITH YOU,Seafood,Flushing-Willets Point,Queens,QN0707,40.75886247849,-73.83012576208
restaurant,FLEX CAFE INC,American,Flushing-Willets Point,Queens,QN0707,40.75751126399,-73.82775410999
restaurant,FLORIST BAR & CO,Coffee/Tea,Flushing-Willets Point,Queens,QN0707,40.76285410681,-73.83249806444
restaurant,FLOWER AND DESSERT,Coffee/Tea,Flushing-Willets Point,Queens,QN0707,40.76064059329,-73.83353604429
restaurant,FLOWER BROOK MIFEN HOUSE,Chinese,Flushing-Willets Point,Queens,QN0707,40.75301162349,-73.82172735159
restaurant,FLY BAR,Chinese,Flushing-Willets Point,Queens,QN0707,40.75449713105,-73.83306779263
restaurant,FOODCORNER,Chinese,Flushing-Willets Point,Queens,QN0707,40.75884874404,-73.83011857792
restaurant,FOUNTAIN OF SPA,"Juice, Smoothies, Fruit Salads",Flushing-Willets Point,Queens,QN0707,40.76756593302,-73.83186161423
restaurant,FOUR FOUR SOUTH VILLAGE TAIPEI BEEF NOODLES,Chinese,Flushing-Willets Point,Queens,QN0707,40.76006553249,-73.83257007928
restaurant,FRIED DUMPLING JIE JIE SHENG,Chinese,Flushing-Willets Point,Queens,QN0707,40.76027877867,-73.82645824751
restaurant,FRIENDSHIP BBQ,Korean,Flushing-Willets Point,Queens,QN0707,40.76081889759,-73.82788269469
restaurant,FU JI,Chinese,Flushing-Willets Point,Queens,QN0707,40.75441810481,-73.82788125004
restaurant,FU LE DA PAI DANG,Chinese,Flushing-Willets Point,Queens,QN0707,40.75347366034,-73.82231804743
restaurant,FU LOU JIA YAN,Chinese,Flushing-Willets Point,Queens,QN0707,40.75884874404,-73.83011857792
restaurant,FU YUAN KITCHEN,Chinese,Flushing-Willets Point,Queens,QN0707,40.75922899585,-73.83111748712
restaurant,FUJI SWEET HOUSE,Frozen Desserts,Flushing-Willets Point,Queens,QN0707,40.75441810481,-73.82788125004
restaurant,GAMING DOJO,American,Flushing-Willets Point,Queens,QN0707,40.76237795445,-73.83160402216
restaurant,GAN-HOO BBQ,Barbecue,Flushing-Willets Point,Queens,QN0707,40.7614137557,-73.83106860853
restaurant,GANBLAZE BBQ HOUSE,Chinese,Flushing-Willets Point,Queens,QN0707,40.7600523645,-73.83484785189
restaurant,GAO QUNSHENG,Chinese,Flushing-Willets Point,Queens,QN0707,40.7588487387,-73.83011496826
restaurant,GAO'S CRAB & KABOB,Chinese,Flushing-Willets Point,Queens,QN0707,40.76018443159,-73.82759917128
restaurant,GOLDEN 9 BILLARDS,Asian/Asian Fusion,Flushing-Willets Point,Queens,QN0707,40.75183178473,-73.83294456334
restaurant,GOLDEN PALACE,Chinese,Flushing-Willets Point,Queens,QN0707,40.75470445366,-73.83598730693
restaurant,GONG CHA,Coffee/Tea,Flushing-Willets Point,Queens,QN0707,40.76024306958,-73.82644029221
restaurant,GONG CHA,Coffee/Tea,Flushing-Willets Point,Queens,QN0707,40.75977790824,-73.82923542849
restaurant,GONG CHA SKYVIEW LLC,Coffee/Tea,Flushing-Willets Point,Queens,QN0707,40.75768808502,-73.83412820673
restaurant,GOOD TASTE 666,Chinese,Flushing-Willets Point,Queens,QN0707,40.75158011766,-73.82612728759
restaurant,GOU BANG ZI CHICKEN,Chinese,Flushing-Willets Point,Queens,QN0707,40.75977790824,-73.82923542849
restaurant,GRANDMA'S DIM SUM,Chinese,Flushing-Willets Point,Queens,QN0707,40.75768808502,-73.83412820673
restaurant,GUIZ HOU MIAO JIA NOODLES,Chinese,Flushing-Willets Point,Queens,QN0707,40.76002356264,-73.82831431551
restaurant,GUO BAO ROU,Chinese,Flushing-Willets Point,Queens,QN0707,40.76332500831,-73.82797727086
restaurant,GYU KAKU,Japanese,Flushing-Willets Point,Queens,QN0707,40.75844174986,-73.82959983144
restaurant,Grand Slam,Chinese,Flushing-Willets Point,Queens,QN0707,40.75182362928,-73.83299872311
restaurant,HAAGEN DAZS,Frozen Desserts,Flushing-Willets Point,Queens,QN0707,40.75768808502,-73.83412820673
restaurant,HAIDILAO HOT POT,Chinese,Flushing-Willets Point,Queens,QN0707,40.76104002333,-73.82708435884
restaurant,HAN SONG TING,Chinese,Flushing-Willets Point,Queens,QN0707,40.7614137557,-73.83106860853
restaurant,HANDMADE DUMPLING,Chinese,Flushing-Willets Point,Queens,QN0707,40.76473309864,-73.82799527988
restaurant,HANG,Chinese,Flushing-Willets Point,Queens,QN0707,40.75850199526,-73.83324180899
restaurant,HANGUKGWAN,Korean,Flushing-Willets Point,Queens,QN0707,40.76151483292,-73.82706146257
restaurant,HAO CHI,Chinese,Flushing-Willets Point,Queens,QN0707,40.75264914755,-73.82699794376
restaurant,HAPPY DELI,Sandwiches,Flushing-Willets Point,Queens,QN0707,40.7653668655,-73.83721723498
restaurant,HAPPY LAMB,Chinese,Flushing-Willets Point,Queens,QN0707,40.76197387175,-73.82933807172
restaurant,HAPPY LEMON,Coffee/Tea,Flushing-Willets Point,Queens,QN0707,40.75850199526,-73.83324180899
restaurant,HE NAN HUI MIAN,Other,Flushing-Willets Point,Queens,QN0707,40.75867152541,-73.82907223175
restaurant,HEY DIM SUM,Chinese,Flushing-Willets Point,Queens,QN0707,40.7560404538,-73.83359450822
restaurant,HEYTEA,Coffee/Tea,Flushing-Willets Point,Queens,QN0707,40.76211426212,-73.83147112727
restaurant,HEYTEA,Coffee/Tea,Flushing-Willets Point,Queens,QN0707,40.76007926679,-73.83257726408
restaurant,HK BAKERY,Bakery Products/Desserts,Flushing-Willets Point,Queens,QN0707,40.76273280622,-73.83402173813
restaurant,HOME MADE SOUP,Chinese,Flushing-Willets Point,Queens,QN0707,40.75953533118,-73.83225376343
restaurant,HOT KITCHEN SICHUAN STYLE,Chinese,Flushing-Willets Point,Queens,QN0707,40.75868238198,-73.83271434599
restaurant,HOT SPACE,Chinese,Flushing-Willets Point,Queens,QN0707,40.75953533118,-73.83225376343
restaurant,HU TONG BBQ,Korean,Flushing-Willets Point,Queens,QN0707,40.76346234871,-73.82804550316
restaurant,HUANG KUNG FU,Chinese,Flushing-Willets Point,Queens,QN0707,40.76033055259,-73.82987293105
restaurant,HUAYUCHUAN,Chinese,Flushing-Willets Point,Queens,QN0707,40.75339115558,-73.82221359667
restaurant,HUNAN CAFE,Chinese,Flushing-Willets Point,Queens,QN0707,40.763530672,-73.82968783935
restaurant,HUNDRED TASTE,Chinese,Flushing-Willets Point,Queens,QN0707,40.75441810481,-73.82788125004
restaurant,HWA SHOO SHOO,Chinese,Flushing-Willets Point,Queens,QN0707,40.76060506329,-73.83364081646
restaurant,HYATT PLACE FLUSHING,American,Flushing-Willets Point,Queens,QN0707,40.7590989094,-73.83413911857
restaurant,Hao Xiang Wei Restaurant,Chinese,Flushing-Willets Point,Queens,QN0707,40.7539127883,-73.82769487214
restaurant,I MILKY,Coffee/Tea,Flushing-Willets Point,Queens,QN0707,40.76060506329,-73.83364081646
restaurant,IGNIGHT,Chinese,Flushing-Willets Point,Queens,QN0707,40.75183450321,-73.83292651009
restaurant,IKI MODERN JAPANESE CUISINE,Japanese,Flushing-Willets Point,Queens,QN0707,40.7590989094,-73.83413911857
restaurant,INCREDIBOWL,Chinese,Flushing-Willets Point,Queens,QN0707,40.75850199526,-73.83324180899
restaurant,ISWII COFFEE,Coffee/Tea,Flushing-Willets Point,Queens,QN0707,40.76060506329,-73.83364081646
restaurant,IYKYK,Chinese,Flushing-Willets Point,Queens,QN0707,40.7640358168,-73.83162147402
restaurant,IZAKAYA NANA,Japanese,Flushing-Willets Point,Queens,QN0707,40.76438356558,-73.82554862922
restaurant,J'S COFECTIONS,Chinese,Flushing-Willets Point,Queens,QN0707,40.76663442047,-73.82746327763
restaurant,JAN CHI MA EUL,Korean,Flushing-Willets Point,Queens,QN0707,40.75778372758,-73.82282628932
restaurant,JANGTUR,Korean,Flushing-Willets Point,Queens,QN0707,40.76324535096,-73.82793776844
restaurant,JC FANCY LOUNGE,Chinese,Flushing-Willets Point,Queens,QN0707,40.75360281829,-73.83339849588
restaurant,JI YOU BRAISED FOOD,Chinese,Flushing-Willets Point,Queens,QN0707,40.75773033821,-73.82925152684
restaurant,JIANG NAN (101),Chinese,Flushing-Willets Point,Queens,QN0707,40.7590989094,-73.83413911857
restaurant,JIBEICHUAN FISH MAW RICE NOODLES,Chinese,Flushing-Willets Point,Queens,QN0707,40.76005179819,-73.83256289448
restaurant,JIN DAL LAE,Chinese,Flushing-Willets Point,Queens,QN0707,40.76488127196,-73.82796601579
restaurant,JIN FENG FISH BALL,Chinese,Flushing-Willets Point,Queens,QN0707,40.75712609999,-73.82898958305
restaurant,JIN XI,Sandwiches,Flushing-Willets Point,Queens,QN0707,40.7633634673,-73.8279988306
restaurant,JIU YU JU,Chinese,Flushing-Willets Point,Queens,QN0707,40.75351490989,-73.82236846823
restaurant,JIUHAO BBQ RESTAURANT,Chinese,Flushing-Willets Point,Queens,QN0707,40.76589925,-73.82774677327
restaurant,JOE'S STEAM RICE ROLL,Chinese,Flushing-Willets Point,Queens,QN0707,40.75977790824,-73.82923542849
restaurant,JOJO CHICKEN/LAO JIE,Chinese,Flushing-Willets Point,Queens,QN0707,40.75923719292,-73.83109219846
restaurant,JOJU,Asian/Asian Fusion,Flushing-Willets Point,Queens,QN0707,40.76048484296,-73.83402014197
restaurant,JUQI,Chinese,Flushing-Willets Point,Queens,QN0707,40.76060506329,-73.83364081646
restaurant,Jiu Xiang Ju,Chinese,Flushing-Willets Point,Queens,QN0707,40.75198413753,-73.82648354883
restaurant,KA LOK KITCHEN,Chinese,Flushing-Willets Point,Queens,QN0707,40.7627328532,-73.83405422689
restaurant,KABUL KABAB HOUSE,Middle Eastern,Flushing-Willets Point,Queens,QN0707,40.75383863114,-73.82766258017
restaurant,KAIZEN,Japanese,Flushing-Willets Point,Queens,QN0707,40.76629061047,-73.83253992922
restaurant,KAKUREGA JAPANESE CUISINE,Japanese,Flushing-Willets Point,Queens,QN0707,40.7606788627,-73.83342765537
restaurant,KE LAI QIN FLAVORS FISH,Chinese,Flushing-Willets Point,Queens,QN0707,40.75977790824,-73.82923542849
restaurant,KELLYS PUB,American,Flushing-Willets Point,Queens,QN0707,40.75866879678,-73.82908306774
restaurant,KENNEDY FRIED CHICKEN,Chicken,Flushing-Willets Point,Queens,QN0707,40.76297114923,-73.83182632969
restaurant,KENNY'S ROLL HOUSE,Japanese,Flushing-Willets Point,Queens,QN0707,40.76328655472,-73.82795932103
restaurant,KFC,Chicken,Flushing-Willets Point,Queens,QN0707,40.76000991987,-73.82836849673
restaurant,KIMGANAE RESTAURANT,Korean,Flushing-Willets Point,Queens,QN0707,40.76093529268,-73.8267994593
restaurant,KING'S CHEF,Chinese,Flushing-Willets Point,Queens,QN0707,40.76863898201,-73.83554490565
restaurant,KING'S KITCHEN,Chinese,Flushing-Willets Point,Queens,QN0707,40.75923556719,-73.82999124854
restaurant,KONG SIHK TONG,Asian/Asian Fusion,Flushing-Willets Point,Queens,QN0707,40.75441810481,-73.82788125004
restaurant,KUNG FU TEA,Coffee/Tea,Flushing-Willets Point,Queens,QN0707,40.7610131814,-73.82932249384
restaurant,KURA REVOLVING SUSHI BAR,Japanese,Flushing-Willets Point,Queens,QN0707,40.76060506329,-73.83364081646
restaurant,KYO,Coffee/Tea,Flushing-Willets Point,Queens,QN0707,40.76055174851,-73.83283958412
restaurant,KYU RAMEN,Japanese,Flushing-Willets Point,Queens,QN0707,40.76065972801,-73.83348184984
restaurant,Kitchen 999,Chinese,Flushing-Willets Point,Queens,QN0707,40.753556165,-73.82242249845
restaurant,L.Q. PALACE (KTV KARAOKE),Chinese,Flushing-Willets Point,Queens,QN0707,40.75509582106,-73.83519586788
restaurant,LANZHOU HAND PULLED NOODLES (STALL 25),Chinese,Flushing-Willets Point,Queens,QN0707,40.7613203278,-73.83099665042
restaurant,LANZHOU HANDMAKE NOODLE,Chinese,Flushing-Willets Point,Queens,QN0707,40.75977790824,-73.82923542849
restaurant,LAO CHENG DU,Chinese,Flushing-Willets Point,Queens,QN0707,40.76045556644,-73.8327604119
restaurant,LAO FU ZHOU,Other,Flushing-Willets Point,Queens,QN0707,40.75816628635,-73.82893636742
restaurant,LAO KE LE SHANGHAI CUISINE,Chinese,Flushing-Willets Point,Queens,QN0707,40.75977790824,-73.82923542849
restaurant,LAO MA MA LA TANG,Chinese,Flushing-Willets Point,Queens,QN0707,40.75977790824,-73.82923542849
restaurant,LAO SHAN XI'AN DELICACIES,Chinese,Flushing-Willets Point,Queens,QN0707,40.75850199526,-73.83324180899
restaurant,LAO YU YUAN DUMPLING HOUSE,Chinese,Flushing-Willets Point,Queens,QN0707,40.75441810481,-73.82788125004
restaurant,LAOZAO HOTPOT,Chinese,Flushing-Willets Point,Queens,QN0707,40.76071381511,-73.83292581019
restaurant,LATIN BAKERY,Latin American,Flushing-Willets Point,Queens,QN0707,40.75711233318,-73.82896074197
restaurant,LEAF BAR & LOUNGE,Asian/Asian Fusion,Flushing-Willets Point,Queens,QN0707,40.7590989094,-73.83413911857
restaurant,LEE & BAI CHINESE BUNS SHOP,Chinese,Flushing-Willets Point,Queens,QN0707,40.76153131776,-73.82707224904
restaurant,LEGEND CHICKEN,Chicken,Flushing-Willets Point,Queens,QN0707,40.75886248384,-73.83012937173
restaurant,LI SPICY NOODLE,Chinese,Flushing-Willets Point,Queens,QN0707,40.75299251385,-73.82717751588
restaurant,LI'S GARDEN,Chinese,Flushing-Willets Point,Queens,QN0707,40.75289636044,-73.82712001685
restaurant,LIANG PI WANG #10,Chinese,Flushing-Willets Point,Queens,QN0707,40.75850199526,-73.83324180899
restaurant,LIANG'S NOODLE,Chinese,Flushing-Willets Point,Queens,QN0707,40.75850199526,-73.83324180899
restaurant,LIAO M BBQ,Chinese,Flushing-Willets Point,Queens,QN0707,40.76332500831,-73.82797727086
restaurant,LIGHT FRESH GARDEN,Sandwiches/Salads/Mixed Buffet,Flushing-Willets Point,Queens,QN0707,40.75441810481,-73.82788125004
restaurant,LING LONG XUAN,Chinese,Flushing-Willets Point,Queens,QN0707,40.76440002312,-73.82554136601
restaurant,LITTLE SKEWER,Chinese,Flushing-Willets Point,Queens,QN0707,40.76139172711,-73.83289522474
restaurant,LITTLE STORE,Chinese,Flushing-Willets Point,Queens,QN0707,40.75708764653,-73.82897163431
restaurant,LITTLE ULUH,American,Flushing-Willets Point,Queens,QN0707,40.76216057313,-73.83310987901
restaurant,LIU YI SHOU HOTPOT,Chinese,Flushing-Willets Point,Queens,QN0707,40.76081889759,-73.82788269469
restaurant,LIV KTV & PARTY,American,Flushing-Willets Point,Queens,QN0707,40.76226806898,-73.83153932375
restaurant,LONG YU SEAFOOD,Seafood,Flushing-Willets Point,Queens,QN0707,40.75879747639,-73.83447918022
restaurant,LONGJIANG PORK FEET RICE,Chinese,Flushing-Willets Point,Queens,QN0707,40.7613203278,-73.83099665042
restaurant,LOS MARINILLOS,Spanish,Flushing-Willets Point,Queens,QN0707,40.76438084827,-73.82556668619
restaurant,LUCIA PIZZA,Pizza,Flushing-Willets Point,Queens,QN0707,40.76002356264,-73.82831431551
restaurant,LUO XIAO DU,Chinese,Flushing-Willets Point,Queens,QN0707,40.7613203278,-73.83099665042
restaurant,MACHI MACHI,Other,Flushing-Willets Point,Queens,QN0707,40.76060506329,-73.83364081646
restaurant,MADAM TANG,Other,Flushing-Willets Point,Queens,QN0707,40.7600523645,-73.83484785189
restaurant,MAHJONG CAFE,Chinese,Flushing-Willets Point,Queens,QN0707,40.76109723299,-73.83234366909
restaurant,MAIKO MATCHA CAFE,Coffee/Tea,Flushing-Willets Point,Queens,QN0707,40.75910991972,-73.83416074911
restaurant,MALA SIBLINGS,Chinese,Flushing-Willets Point,Queens,QN0707,40.75916612667,-73.83129452153
restaurant,MALA SIBLINGS / TOOFY DUCK,Chinese,Flushing-Willets Point,Queens,QN0707,40.75905952663,-73.83159800534
restaurant,MAMA PIZZA,Pizza,Flushing-Willets Point,Queens,QN0707,40.76073280886,-73.82540300794
restaurant,MAMIE'S YOGURT,Frozen Desserts,Flushing-Willets Point,Queens,QN0707,40.76060506329,-73.83364081646
restaurant,MANGO MANGO,"Juice, Smoothies, Fruit Salads",Flushing-Willets Point,Queens,QN0707,40.76043684767,-73.82936729338
restaurant,MAPLE GARDEN RESTAURANT,Chinese,Flushing-Willets Point,Queens,QN0707,40.75502780818,-73.82812511162
restaurant,MASTER OF BRAISED DELACACIES,Chinese,Flushing-Willets Point,Queens,QN0707,40.75850199526,-73.83324180899
restaurant,MAXI'S NOODLE,Chinese,Flushing-Willets Point,Queens,QN0707,40.76030653302,-73.8322012773
restaurant,MAXIN BAKERY,Bakery Products/Desserts,Flushing-Willets Point,Queens,QN0707,40.75441810481,-73.82788125004
restaurant,MAXIN BAKERY,Bakery Products/Desserts,Flushing-Willets Point,Queens,QN0707,40.76143019765,-73.83105051764
restaurant,MAXIN BAKERY,Bakery Products/Desserts,Flushing-Willets Point,Queens,QN0707,40.75935367714,-73.83004870098
restaurant,MCDONALD'S,Hamburgers,Flushing-Willets Point,Queens,QN0707,40.76985932831,-73.8347981663
restaurant,MCDONALD'S,American,Flushing-Willets Point,Queens,QN0707,40.75912020197,-73.82993378926
restaurant,MEET FRESH,Bakery Products/Desserts,Flushing-Willets Point,Queens,QN0707,40.76060506329,-73.83364081646
restaurant,METIME SICHUAN CUISINE,Chinese,Flushing-Willets Point,Queens,QN0707,40.75886248384,-73.83012937173
restaurant,MIKIYA,Japanese,Flushing-Willets Point,Queens,QN0707,40.76135695403,-73.83163910167
restaurant,MIMISA KOREAN CHICKEN,Chicken,Flushing-Willets Point,Queens,QN0707,40.76033055259,-73.82987293105
restaurant,MIN DU SHENG YAN,Chinese,Flushing-Willets Point,Queens,QN0707,40.76206446477,-73.83308124204
restaurant,MING WEI XUAN,Chinese,Flushing-Willets Point,Queens,QN0707,40.75844174986,-73.82959983144
restaurant,MLB &Q BURGER,Hamburgers,Flushing-Willets Point,Queens,QN0707,40.75228090924,-73.82670654988
restaurant,MOGE TEE,Coffee/Tea,Flushing-Willets Point,Queens,QN0707,40.75441810481,-73.82788125004
restaurant,MOJOILLA PANCAKE STORE # 26,Chinese,Flushing-Willets Point,Queens,QN0707,40.75977790824,-73.82923542849
restaurant,MOLLY TEA,Coffee/Tea,Flushing-Willets Point,Queens,QN0707,40.76045556644,-73.8327604119
restaurant,MONDAY KITCHEN,Chinese,Flushing-Willets Point,Queens,QN0707,40.75977790824,-73.82923542849
restaurant,MONEY CAKE (FOODHALL #22),Bakery Products/Desserts,Flushing-Willets Point,Queens,QN0707,40.75910991972,-73.83416074911
restaurant,MOON & FLOWER HOUSE,Sandwiches,Flushing-Willets Point,Queens,QN0707,40.75962501929,-73.82612425466
restaurant,MORNING BAKERY,Bakery Products/Desserts,Flushing-Willets Point,Queens,QN0707,40.75961128458,-73.82611707124
restaurant,MR CHANS CHINESE CUISINE,Chinese,Flushing-Willets Point,Queens,QN0707,40.7697055079,-73.83471912373
restaurant,MR LUOS NOODLES,Chinese,Flushing-Willets Point,Queens,QN0707,40.75596630355,-73.83356581811
restaurant,MR. BEAR,Bakery Products/Desserts,Flushing-Willets Point,Queens,QN0707,40.7590989094,-73.83413911857
restaurant,MR. DONG YAXI TEA,Coffee/Tea,Flushing-Willets Point,Queens,QN0707,40.76018443701,-73.827602781
restaurant,MR. PANG,Chinese,Flushing-Willets Point,Queens,QN0707,40.75977790824,-73.82923542849
restaurant,MR. TU BAKERY,Bakery Products/Desserts,Flushing-Willets Point,Queens,QN0707,40.75984621534,-73.829025889
restaurant,MUGI BAKERY,Bakery Products/Desserts,Flushing-Willets Point,Queens,QN0707,40.75418585641,-73.82316074267
restaurant,MYGIRL,Coffee/Tea,Flushing-Willets Point,Queens,QN0707,40.75701349514,-73.82894294892
restaurant,N25,Coffee/Tea,Flushing-Willets Point,Queens,QN0707,40.7588652179,-73.8301221454
restaurant,NA TART,Chinese,Flushing-Willets Point,Queens,QN0707,40.7600523645,-73.83484785189
restaurant,NAGI CUISINE,Japanese,Flushing-Willets Point,Queens,QN0707,40.76423598384,-73.83336457541
restaurant,NAISNOW TEA & BAKERY,Coffee/Tea,Flushing-Willets Point,Queens,QN0707,40.75953533118,-73.83225376343
restaurant,NAN HOTPOT,Chinese,Flushing-Willets Point,Queens,QN0707,40.76139172711,-73.83289522474
restaurant,NAN XIANG XIAO LONG BAO,Chinese,Flushing-Willets Point,Queens,QN0707,40.75947767553,-73.8322430801
restaurant,NANSHAN HOT POT / TEA PULSE,Chinese,Flushing-Willets Point,Queens,QN0707,40.76027402313,-73.8324937486
restaurant,NEW FUZHOU STYLE INC,Chinese,Flushing-Willets Point,Queens,QN0707,40.75886248384,-73.83012937173
restaurant,NEW KISSENA CHINESE FOOD SHAO,Chinese,Flushing-Willets Point,Queens,QN0707,40.75331136191,-73.82208748272
restaurant,NEW MALAYSIA RESTAURANT,Asian/Asian Fusion,Flushing-Willets Point,Queens,QN0707,40.75886248384,-73.83012937173
restaurant,NEW MULAN,Chinese,Flushing-Willets Point,Queens,QN0707,40.76033055259,-73.82987293105
restaurant,NEW NORTHERN DUMPLING KING,Chinese,Flushing-Willets Point,Queens,QN0707,40.75765342601,-73.82921201916
restaurant,NEW NURLAN,Chinese,Flushing-Willets Point,Queens,QN0707,40.75911537793,-73.8341390774
restaurant,NEW SPICY HOUSE,Chinese,Flushing-Willets Point,Queens,QN0707,40.75850199526,-73.83324180899
restaurant,NEW TIAN FU RESTAURANT #9,Chinese,Flushing-Willets Point,Queens,QN0707,40.75850199526,-73.83324180899
restaurant,NEW YORK NOODLE KING (#22),Chinese,Flushing-Willets Point,Queens,QN0707,40.75850199526,-73.83324180899
restaurant,NEW ZHONG HAN MIAN SHI (STE #30),Chinese,Flushing-Willets Point,Queens,QN0707,40.75977790824,-73.82923542849
restaurant,NIUDDO,Chinese,Flushing-Willets Point,Queens,QN0707,40.75708764653,-73.82897163431
restaurant,NO. 1 SUPER SNACK INC. (Entrance on 41RD/Q58 bus stop),Chinese,Flushing-Willets Point,Queens,QN0707,40.75734855412,-73.82907563972
restaurant,NO. 8 KITCHEN & BAR,Chinese,Flushing-Willets Point,Queens,QN0707,40.7640358168,-73.83162147402
restaurant,NUAN XIN RICE ROLL,Chinese,Flushing-Willets Point,Queens,QN0707,40.76002356264,-73.82831431551
restaurant,NURLAN UYGHUR RESTAURANT,Chinese,Flushing-Willets Point,Queens,QN0707,40.75162957793,-73.82616325071
restaurant,NY GO GO FAST FOOD,Chinese,Flushing-Willets Point,Queens,QN0707,40.75923165028,-73.83105611571
restaurant,NY HAPPY FAMILY INC,Chinese,Flushing-Willets Point,Queens,QN0707,40.75886522325,-73.83012575505
restaurant,NYC TIKKA MASALA,Indian,Flushing-Willets Point,Queens,QN0707,40.75334436051,-73.82212709727
restaurant,Northern Gala,Chinese,Flushing-Willets Point,Queens,QN0707,40.76403527613,-73.82756028542
restaurant,O'SUN TERIYAKI,Japanese,Flushing-Willets Point,Queens,QN0707,40.75977790824,-73.82923542849
restaurant,OFF PEAK COFFEE,Coffee/Tea,Flushing-Willets Point,Queens,QN0707,40.76064461834,-73.83065905391
restaurant,OH! BAGEL,Bagels/Pretzels,Flushing-Willets Point,Queens,QN0707,40.76597333121,-73.82772853067
restaurant,OK OK YUMMY,Chinese,Flushing-Willets Point,Queens,QN0707,40.7613203278,-73.83099665042
restaurant,OK RYAN RESTAURANT,Asian/Asian Fusion,Flushing-Willets Point,Queens,QN0707,40.75611459881,-73.83361958888
restaurant,OLD BEIJING BBQ,Chinese,Flushing-Willets Point,Queens,QN0707,40.75753074732,-73.82252736856
restaurant,OLD CAPTAIN'S DUMPLING,Chinese,Flushing-Willets Point,Queens,QN0707,40.75886247849,-73.83012576208
restaurant,OLD LUO YANG RESTAURANT,Chinese,Flushing-Willets Point,Queens,QN0707,40.75993222049,-73.83150193761
restaurant,OMI OMAKASE,Japanese,Flushing-Willets Point,Queens,QN0707,40.7590989094,-73.83413911857
restaurant,PA ER DUO (SICHUAN MAOXUEWANG),Chinese,Flushing-Willets Point,Queens,QN0707,40.75908798255,-73.83417524265
restaurant,PARIS BAGUETTE,Bakery Products/Desserts,Flushing-Willets Point,Queens,QN0707,40.76033055259,-73.82987293105
restaurant,PEKING CHINESE RESTAURANT,Chinese,Flushing-Willets Point,Queens,QN0707,40.76438084827,-73.82556668619
restaurant,PHO BANG RESTAURANT,Southeast Asian,Flushing-Willets Point,Queens,QN0707,40.75833692341,-73.82924635625
restaurant,PHO GRAND,Asian/Asian Fusion,Flushing-Willets Point,Queens,QN0707,40.75441810481,-73.82788125004
restaurant,PHO HOANG,Asian/Asian Fusion,Flushing-Willets Point,Queens,QN0707,40.7584112304,-73.82937972174
restaurant,PHO METRO,Southeast Asian,Flushing-Willets Point,Queens,QN0707,40.76865799398,-73.83350148657
restaurant,PIAOXIANGYUAN RICE NOODLE #19,Chinese,Flushing-Willets Point,Queens,QN0707,40.75850199526,-73.83324180899
restaurant,POP MAO,Chinese,Flushing-Willets Point,Queens,QN0707,40.7613203278,-73.83099665042
restaurant,POPEYES,Chicken,Flushing-Willets Point,Queens,QN0707,40.76861170513,-73.8356641097
restaurant,POPEYES,Cajun,Flushing-Willets Point,Queens,QN0707,40.75935367714,-73.83004870098
restaurant,PRIME MET STEAKHOUSE & ROOFTOP LOUNGE,Steakhouse,Flushing-Willets Point,Queens,QN0707,40.76060506329,-73.83364081646
restaurant,PRINCE TEA HOUSE,Coffee/Tea,Flushing-Willets Point,Queens,QN0707,40.76136423752,-73.83286641556
restaurant,PROVENCE BAR,American,Flushing-Willets Point,Queens,QN0707,40.76410172793,-73.83164657639
restaurant,QIN KE LAI,Asian/Asian Fusion,Flushing-Willets Point,Queens,QN0707,40.75850199526,-73.83324180899
restaurant,QINGDAO,Chinese,Flushing-Willets Point,Queens,QN0707,40.75846921347,-73.82961058984
restaurant,RAINBOW BAKERY,Bakery Products/Desserts,Flushing-Willets Point,Queens,QN0707,40.75794335795,-73.82853266523
restaurant,RAINBOW BAKERY,Bakery Products/Desserts,Flushing-Willets Point,Queens,QN0707,40.75919611723,-73.83115727732
restaurant,RAINBOW BAKERY,Bakery Products/Desserts,Flushing-Willets Point,Queens,QN0707,40.76208675627,-73.83143148889
restaurant,RAISING CANE'S,Chicken,Flushing-Willets Point,Queens,QN0707,40.76005410192,-73.830393441
restaurant,RAMEN & UDON,Japanese,Flushing-Willets Point,Queens,QN0707,40.75977790824,-73.82923542849
restaurant,RED HOUSE,Chinese,Flushing-Willets Point,Queens,QN0707,40.76139172711,-73.83289522474
restaurant,RED MOUNTAIN NOODLE HOUSE,Chinese,Flushing-Willets Point,Queens,QN0707,40.75357536711,-73.82241522831
restaurant,REGAL TANGRAM 4DX,Hotdogs/Pretzels,Flushing-Willets Point,Queens,QN0707,40.76060506329,-73.83364081646
restaurant,RIVER JAPANESE CUISINE,Japanese,Flushing-Willets Point,Queens,QN0707,40.76132585451,-73.83102190494
restaurant,ROCCO'S ITALIAN SAUSAGES & CHEESE STEAKS,American,Flushing-Willets Point,Queens,QN0707,40.75227027801,-73.83437635406
restaurant,RONGWANG RESTAURANT,Chinese,Flushing-Willets Point,Queens,QN0707,40.75999627707,-73.82842267792
restaurant,RONI LIRA BROTHERS PIZZA,American,Flushing-Willets Point,Queens,QN0707,40.75289347373,-73.8325773472
restaurant,ROOSEVELT BBQ,Barbecue,Flushing-Willets Point,Queens,QN0707,40.76018443159,-73.82759917128
restaurant,ROSE CAKE HOUSE,Bakery Products/Desserts,Flushing-Willets Point,Queens,QN0707,40.7517312596,-73.82624599773
restaurant,ROYAL QUEEN,Chinese,Flushing-Willets Point,Queens,QN0707,40.75977790824,-73.82923542849
restaurant,ROYAL QUEEN,Chinese,Flushing-Willets Point,Queens,QN0707,40.75977790824,-73.82923542849
restaurant,ROYAL QUEEN EXPRESS TAKEOUT,Chinese,Flushing-Willets Point,Queens,QN0707,40.75977790824,-73.82923542849
restaurant,RUYI LANZHOU NOODLE & BUBBLE TEA,Chinese,Flushing-Willets Point,Queens,QN0707,40.7578869073,-73.82933053541
restaurant,SARKU JAPAN TERIYAKI & SUSHI EXPRESS,Japanese,Flushing-Willets Point,Queens,QN0707,40.76855165635,-73.83589892092
restaurant,SHAJI BBQ,Chinese,Flushing-Willets Point,Queens,QN0707,40.75767098641,-73.82269303512
restaurant,SHAKALAKA BAKERY,Bakery Products/Desserts,Flushing-Willets Point,Queens,QN0707,40.76018443159,-73.82759917128
restaurant,SHANGHAI YOU GARDEN,Chinese,Flushing-Willets Point,Queens,QN0707,40.7588652179,-73.8301221454
restaurant,SHAXIAN DELICACIES,Chinese,Flushing-Willets Point,Queens,QN0707,40.75886248384,-73.83012937173
restaurant,SHAXIAN SNACKS,Chinese,Flushing-Willets Point,Queens,QN0707,40.7633442378,-73.82798805073
restaurant,SHENG MARY BAKERY,Bakery Products/Desserts,Flushing-Willets Point,Queens,QN0707,40.75705369109,-73.83013400235
restaurant,SHIMEN RESTAURANT,Chinese,Flushing-Willets Point,Queens,QN0707,40.75308866723,-73.82723501508
restaurant,SHIYUE FOOD,Chinese,Flushing-Willets Point,Queens,QN0707,40.75979164274,-73.82924261257
restaurant,SHOO LOONG KAN,Chinese,Flushing-Willets Point,Queens,QN0707,40.76060506329,-73.83364081646
restaurant,SHUANG SHUANG TANG SHUI,Chinese,Flushing-Willets Point,Queens,QN0707,40.7613203278,-73.83099665042
restaurant,SHUN MAMA FOOD,Korean,Flushing-Willets Point,Queens,QN0707,40.75979164274,-73.82924261257
restaurant,SHUN WON FLUSHING,Chinese,Flushing-Willets Point,Queens,QN0707,40.75738972005,-73.8290719241
restaurant,SHUZIXIANG HOTPOT,Chinese,Flushing-Willets Point,Queens,QN0707,40.75879747639,-73.83447918022
restaurant,SING CHOI KEE,Chinese,Flushing-Willets Point,Queens,QN0707,40.76060506329,-73.83364081646
restaurant,SIZZLING SQUID,Chinese,Flushing-Willets Point,Queens,QN0707,40.75977790824,-73.82923542849
restaurant,SKY FOOD COURT(SKY MALL),Chinese,Flushing-Willets Point,Queens,QN0707,40.75768808502,-73.83412820673
restaurant,SOFT SWERVE,Frozen Desserts,Flushing-Willets Point,Queens,QN0707,40.76053410229,-73.83391894558
restaurant,SPOT DESSERT BAR,Bakery Products/Desserts,Flushing-Willets Point,Queens,QN0707,40.75947767553,-73.8322430801
restaurant,SPRING,Asian/Asian Fusion,Flushing-Willets Point,Queens,QN0707,40.76095421553,-73.83027923696
restaurant,STADIUM DELI,Latin American,Flushing-Willets Point,Queens,QN0707,40.76049737231,-73.84292176265
restaurant,STARBUCKS,Coffee/Tea,Flushing-Willets Point,Queens,QN0707,40.76069680593,-73.83068418907
restaurant,STARBUCKS COFFEE COMPANY,Coffee/Tea,Flushing-Willets Point,Queens,QN0707,40.75724048652,-73.83398855215
restaurant,SUBWAY,Sandwiches,Flushing-Willets Point,Queens,QN0707,40.75768808502,-73.83412820673
restaurant,SUBWAY AND JUICE,Sandwiches,Flushing-Willets Point,Queens,QN0707,40.76967254489,-73.83470115459
restaurant,SUNDAES BEST,Frozen Desserts,Flushing-Willets Point,Queens,QN0707,40.76033055259,-73.82987293105
restaurant,SUSHI & MORE,Japanese,Flushing-Willets Point,Queens,QN0707,40.7613203278,-73.83099665042
restaurant,SZECHUAN MOUNTAIN HOUSE,Chinese,Flushing-Willets Point,Queens,QN0707,40.75947767553,-73.8322430801
restaurant,SZECHUAN OPERA,Chinese,Flushing-Willets Point,Queens,QN0707,40.75947767553,-73.8322430801
restaurant,T-SWIRL CREPE,Japanese,Flushing-Willets Point,Queens,QN0707,40.76019637602,-73.82641875592
restaurant,TACO BELL,Mexican,Flushing-Willets Point,Queens,QN0707,40.76851792785,-73.83344407505
restaurant,TAI PAN BAKERY,Bakery Products/Desserts,Flushing-Willets Point,Queens,QN0707,40.76116650997,-73.83092123662
restaurant,TAIER,Chinese,Flushing-Willets Point,Queens,QN0707,40.76060506329,-73.83364081646
restaurant,TAIPEI HONG,Chinese,Flushing-Willets Point,Queens,QN0707,40.76002356264,-73.82831431551
restaurant,TARIM UYGHUR CUISINE,Chinese,Flushing-Willets Point,Queens,QN0707,40.75977790824,-73.82923542849
restaurant,TASTE OF SHANGHAI,Chinese,Flushing-Willets Point,Queens,QN0707,40.75850199526,-73.83324180899
restaurant,TASTY HOME,Chinese,Flushing-Willets Point,Queens,QN0707,40.75872883223,-73.83256984257
restaurant,TBAAR,Coffee/Tea,Flushing-Willets Point,Queens,QN0707,40.75924804439,-73.83100553837
restaurant,TEA SCHOLAR,Coffee/Tea,Flushing-Willets Point,Queens,QN0707,40.76043362419,-73.83277129646
restaurant,TEABYDO,Coffee/Tea,Flushing-Willets Point,Queens,QN0707,40.76070504552,-73.83068777781
restaurant,TEAZZI TEA SHOP,Coffee/Tea,Flushing-Willets Point,Queens,QN0707,40.76033386441,-73.83212179379
restaurant,TEN SECONDS,Chinese,Flushing-Willets Point,Queens,QN0707,40.75886247849,-73.83012576208
restaurant,TENG JIAO WU,Chinese,Flushing-Willets Point,Queens,QN0707,40.7633634673,-73.8279988306
restaurant,TERIYAKI ONE,Japanese,Flushing-Willets Point,Queens,QN0707,40.76968902899,-73.83471194428
restaurant,THAIHEE,Korean,Flushing-Willets Point,Queens,QN0707,40.76060506329,-73.83364081646
restaurant,THE ATTIC,Seafood,Flushing-Willets Point,Queens,QN0707,40.76197659503,-73.82932362538
restaurant,THE BAY SHELLFISH & OYSTER BAR,Seafood,Flushing-Willets Point,Queens,QN0707,40.7606788627,-73.83342765537
restaurant,THE DELUXE PARTY KTV,Chinese,Flushing-Willets Point,Queens,QN0707,40.76627512637,-73.83133781555
restaurant,THE DUO,Coffee/Tea,Flushing-Willets Point,Queens,QN0707,40.76244392384,-73.83166883221
restaurant,THE ONE,American,Flushing-Willets Point,Queens,QN0707,40.76380630131,-73.82861859128
restaurant,THE PANCAKE (YANG FRESH PEPPER BUN),Chinese,Flushing-Willets Point,Queens,QN0707,40.76002356264,-73.82831431551
restaurant,THE VIEW KTV,Bottled Beverages,Flushing-Willets Point,Queens,QN0707,40.75233865809,-73.82677858529
restaurant,TIAN FU B.B.Q. Restaurant/GUOQUON 1,Chinese,Flushing-Willets Point,Queens,QN0707,40.75195111859,-73.82642949582
restaurant,TIAN FU CUISINE,Chinese,Flushing-Willets Point,Queens,QN0707,40.75977790824,-73.82923542849
restaurant,TIAN JIN CHINESE RESTAURANT,Chinese,Flushing-Willets Point,Queens,QN0707,40.75903758979,-73.83161249971
restaurant,TIGER SUGAR,Coffee/Tea,Flushing-Willets Point,Queens,QN0707,40.75977790824,-73.82923542849
restaurant,TIGER SUGAR,Coffee/Tea,Flushing-Willets Point,Queens,QN0707,40.75923719292,-73.83109219846
restaurant,TKK FRIED CHICKEN,Chicken,Flushing-Willets Point,Queens,QN0707,40.76095421553,-73.83027923696
restaurant,TOFU HOUSE,Korean,Flushing-Willets Point,Queens,QN0707,40.76033055259,-73.82987293105
restaurant,TONG'S CAFE,Bakery Products/Desserts,Flushing-Willets Point,Queens,QN0707,40.75691459251,-73.82888184138
restaurant,TOUS LES JOURS,Bakery Products/Desserts,Flushing-Willets Point,Queens,QN0707,40.76097924686,-73.82682461303
restaurant,TOUS LES JOURS,Bakery Products/Desserts,Flushing-Willets Point,Queens,QN0707,40.75947767553,-73.8322430801
restaurant,TOWN FOODS,Chinese,Flushing-Willets Point,Queens,QN0707,40.75734855412,-73.82907563972
restaurant,TP TEA,Chinese,Flushing-Willets Point,Queens,QN0707,40.76135325325,-73.83286283343
restaurant,TRIPLE BROTHER,Chinese,Flushing-Willets Point,Queens,QN0707,40.75977790824,-73.82923542849
restaurant,TSAOCAA,Coffee/Tea,Flushing-Willets Point,Queens,QN0707,40.76007102727,-73.83257367514
restaurant,Taipei Hong (T4),Chinese,Flushing-Willets Point,Queens,QN0707,40.75734855412,-73.82907563972
restaurant,U BEST BAKERY,Bakery Products/Desserts,Flushing-Willets Point,Queens,QN0707,40.75801766578,-73.82866602913
restaurant,U BEST BAKERY,Bakery Products/Desserts,Flushing-Willets Point,Queens,QN0707,40.76018443159,-73.82759917128
restaurant,U BEST BAKERY,Bakery Products/Desserts,Flushing-Willets Point,Queens,QN0707,40.75552700182,-73.82788920215
restaurant,U BEST BAKERY,Bakery Products/Desserts,Flushing-Willets Point,Queens,QN0707,40.75784844854,-73.82930897667
restaurant,U BEST BAKERY,Bakery Products/Desserts,Flushing-Willets Point,Queens,QN0707,40.76207854852,-73.83144955894
restaurant,U BEST BAKERY,Bakery Products/Desserts,Flushing-Willets Point,Queens,QN0707,40.75996899139,-73.82853104024
restaurant,U-MI TEA,Chinese,Flushing-Willets Point,Queens,QN0707,40.751613093,-73.82615246608
restaurant,UNCLE BILL'S DINER,American,Flushing-Willets Point,Queens,QN0707,40.76973572095,-73.83473348949
restaurant,V SHOW KTV,Chinese,Flushing-Willets Point,Queens,QN0707,40.76825264871,-73.83601879632
restaurant,VIVI BUBBLE TEA,Coffee/Tea,Flushing-Willets Point,Queens,QN0707,40.75734855412,-73.82907563972
restaurant,WAGYU PLACE,Chinese,Flushing-Willets Point,Queens,QN0707,40.76123666105,-73.83196428839
restaurant,WAGYU YAMA,Chinese,Flushing-Willets Point,Queens,QN0707,40.75977790824,-73.82923542849
restaurant,WAI PO REN JIA,Chinese,Flushing-Willets Point,Queens,QN0707,40.75867698265,-73.82905055976
restaurant,WANG BIG BOWL NOODLE,Chinese,Flushing-Willets Point,Queens,QN0707,40.76405229591,-73.83162865209
restaurant,WANG DA SHUN,Chinese,Flushing-Willets Point,Queens,QN0707,40.75720962081,-73.8316424056
restaurant,WANG WANG QUEENS,Chinese,Flushing-Willets Point,Queens,QN0707,40.76655762169,-73.8274995782
restaurant,WAVE KTV,American,Flushing-Willets Point,Queens,QN0707,40.75850199526,-73.83324180899
restaurant,WEN ZHOU FOOD INC.,Chinese,Flushing-Willets Point,Queens,QN0707,40.75720025137,-73.82901826855
restaurant,WENDY'S,Hamburgers,Flushing-Willets Point,Queens,QN0707,40.76865536773,-73.83548710187
restaurant,WENZHOU SEAFOOD NOODLES SOUP,Chinese,Flushing-Willets Point,Queens,QN0707,40.75865321378,-73.82967870076
restaurant,WHITE BEAR,Chinese,Flushing-Willets Point,Queens,QN0707,40.75903758979,-73.83161249971
restaurant,WOODAM,Korean,Flushing-Willets Point,Queens,QN0707,40.76197659503,-73.82932362538
restaurant,WUXIAN TEA,Coffee/Tea,Flushing-Willets Point,Queens,QN0707,40.76112723535,-73.8322136409
restaurant,XI JIANG QIAN HU NOODLE INC,Chinese,Flushing-Willets Point,Queens,QN0707,40.75734855412,-73.82907563972
restaurant,XI'AN FAMOUS FOODS,Asian/Asian Fusion,Flushing-Willets Point,Queens,QN0707,40.7578869073,-73.82933053541
restaurant,XI'AN FAMOUS FOODS,Chinese,Flushing-Willets Point,Queens,QN0707,40.76060506329,-73.83364081646
restaurant,XI'AN NOODLE FOOD,Chinese,Flushing-Willets Point,Queens,QN0707,40.75977790824,-73.82923542849
restaurant,XIANG YU GARDEN,Chinese,Flushing-Willets Point,Queens,QN0707,40.7613478338,-73.83103628816
restaurant,XIAO LUO LUO,Chinese,Flushing-Willets Point,Queens,QN0707,40.75977790824,-73.82923542849
restaurant,XIAO WEI MALA YABU (DUCK NECK),Chinese,Flushing-Willets Point,Queens,QN0707,40.76002356264,-73.82831431551
restaurant,XIAO ZHAN RICE NOODLE,Chinese,Flushing-Willets Point,Queens,QN0707,40.7599130867,-73.83155613203
restaurant,XIE BAO,Chinese,Flushing-Willets Point,Queens,QN0707,40.75850199526,-73.83324180899
restaurant,XIN LA GONG FU,Korean,Flushing-Willets Point,Queens,QN0707,40.76471388537,-73.82799532969
restaurant,XIN WANG WANG,Chinese,Flushing-Willets Point,Queens,QN0707,40.75773033821,-73.82925152684
restaurant,XING FU TANG,Coffee/Tea,Flushing-Willets Point,Queens,QN0707,40.75844174986,-73.82959983144
restaurant,XINYANG RESTAURANT,Chinese,Flushing-Willets Point,Queens,QN0707,40.75867153616,-73.82907945103
restaurant,XU CHU,Chinese,Flushing-Willets Point,Queens,QN0707,40.75869603734,-73.83266738603
restaurant,XU'S GRILL,Chinese,Flushing-Willets Point,Queens,QN0707,40.75908798255,-73.83417524265
restaurant,Y SPACE BBQ,Japanese,Flushing-Willets Point,Queens,QN0707,40.76104001789,-73.82708074907
restaurant,YANG SAO FRIED SKEWER,Chinese,Flushing-Willets Point,Queens,QN0707,40.7613203278,-73.83099665042
restaurant,YANGDONGHIA NEW YORK INC,Chinese,Flushing-Willets Point,Queens,QN0707,40.75264914755,-73.82699794376
restaurant,YANGJICHON,Korean,Flushing-Willets Point,Queens,QN0707,40.76415116524,-73.83166811067
restaurant,YASUBEE,Japanese,Flushing-Willets Point,Queens,QN0707,40.76095421553,-73.83027923696
restaurant,YAZHAIFUREN RR,Chinese,Flushing-Willets Point,Queens,QN0707,40.75791859044,-73.82848941387
restaurant,YGF MALATANG,Chinese,Flushing-Willets Point,Queens,QN0707,40.75885974443,-73.83013298841
restaurant,YIFAN NOODLE,Chinese,Flushing-Willets Point,Queens,QN0707,40.75979164274,-73.82924261257
restaurant,YIN JI CHANG FEN FLUSHING,Chinese,Flushing-Willets Point,Queens,QN0707,40.76004355866,-73.83255930554
restaurant,YOI SUSHI & RAMEN,Japanese,Flushing-Willets Point,Queens,QN0707,40.75908797212,-73.83416802332
restaurant,YOU FU HAPPY BREAKFAST,Chinese,Flushing-Willets Point,Queens,QN0707,40.75865321378,-73.82967870076
restaurant,YOUNG AND RICH NY,Chinese,Flushing-Willets Point,Queens,QN0707,40.76178162392,-73.832991708
restaurant,YOZ SHANGHAI,Chinese,Flushing-Willets Point,Queens,QN0707,40.75734855412,-73.82907563972
restaurant,YOZ SHANGHAI (BSMT. FOOD COURT STE#020),Chinese,Flushing-Willets Point,Queens,QN0707,40.75977790824,-73.82923542849
restaurant,YOZI,Chinese,Flushing-Willets Point,Queens,QN0707,40.75364136966,-73.82249806746
restaurant,YSL BAKERY,Bakery Products/Desserts,Flushing-Willets Point,Queens,QN0707,40.75867697728,-73.82904695012
restaurant,YU LAO TOU MALATANG #18,Chinese,Flushing-Willets Point,Queens,QN0707,40.75850199526,-73.83324180899
restaurant,YU XIANG YUAN,Chinese,Flushing-Willets Point,Queens,QN0707,40.7613203278,-73.83099665042
restaurant,YU YUE LONG MEN,Chinese,Flushing-Willets Point,Queens,QN0707,40.75734855412,-73.82907563972
restaurant,YUANNA CALDRON RICE NOODLE,Chinese,Flushing-Willets Point,Queens,QN0707,40.75856473385,-73.82559280502
restaurant,YUANWEI BUN,Chinese,Flushing-Willets Point,Queens,QN0707,40.76138995805,-73.83356665244
restaurant,YUANYANG,Chinese,Flushing-Willets Point,Queens,QN0707,40.76003531914,-73.8325557166
restaurant,YUNNAN RICE NOODLE HOUSE,Chinese,Flushing-Willets Point,Queens,QN0707,40.76216920488,-73.83150347632
restaurant,Yummy Sushi and Bento,Chinese,Flushing-Willets Point,Queens,QN0707,40.75886248384,-73.83012937173
restaurant,ZABIHA BURGER & FRIES,Chicken,Flushing-Willets Point,Queens,QN0707,40.75374037616,-73.82262413117
restaurant,ZAZA TEA BAR / DOMOMO / KAM HING,Bakery Products/Desserts,Flushing-Willets Point,Queens,QN0707,40.75876162704,-73.83247229901
restaurant,ZEBRA BISTRO,Chinese/Japanese,Flushing-Willets Point,Queens,QN0707,40.7640193377,-73.83161429595
restaurant,ZHA ZHA BEEF,Chinese,Flushing-Willets Point,Queens,QN0707,40.75947767553,-73.8322430801
restaurant,ZHANG FEI BEEF NOODLE,Chinese,Flushing-Willets Point,Queens,QN0707,40.75708764653,-73.82897163431
restaurant,ZHANG LIANG HOT POT,Chinese,Flushing-Willets Point,Queens,QN0707,40.75998263424,-73.82847685909
restaurant,ZHENGXIN CHICKEN STEAK,Chicken,Flushing-Willets Point,Queens,QN0707,40.75865321378,-73.82967870076
restaurant,ZHENGZHOU NOODLES INC,Chinese,Flushing-Willets Point,Queens,QN0707,40.75866879141,-73.8290794581
restaurant,ZHOU YU,Chinese,Flushing-Willets Point,Queens,QN0707,40.76020090553,-73.82760273821
restaurant,ZHU JI DUMPLING HOUSE,Chinese,Flushing-Willets Point,Queens,QN0707,40.75844174986,-73.82959983144
restaurant,ZIYAN CHICKEN,Chinese,Flushing-Willets Point,Queens,QN0707,40.76002356264,-73.82831431551
restaurant,5 BURRO CAFE,Mexican,Forest Hills,Queens,QN0602,40.71924001333,-73.84237002235
restaurant,718 HOOKAH LOUNGE,Middle Eastern,Forest Hills,Queens,QN0602,40.71916016715,-73.84218983664
restaurant,7TH STREET BURGER,Hamburgers,Forest Hills,Queens,QN0602,40.72062077539,-73.84448439641
restaurant,A SUSHI,Japanese,Forest Hills,Queens,QN0602,40.71963391311,-73.84339001851
restaurant,ACEY DUCEY'S,American,Forest Hills,Queens,QN0602,40.71058712188,-73.85163179889
restaurant,AGED,Steakhouse,Forest Hills,Queens,QN0602,40.72078167195,-73.84574306967
restaurant,AGORA TAVERNA,Greek,Forest Hills,Queens,QN0602,40.72082673975,-73.84660157279
restaurant,AGRA PALACE,Indian,Forest Hills,Queens,QN0602,40.71596644799,-73.83333421164
restaurant,ALEX & FRIENDS COFFEE SHOP,American,Forest Hills,Queens,QN0602,40.71496817782,-73.83202006075
restaurant,AMAR PERUVIAN KITCHEN,Peruvian,Forest Hills,Queens,QN0602,40.72222341379,-73.85044412363
restaurant,ANDRE'S BAKERY,Bakery Products/Desserts,Forest Hills,Queens,QN0602,40.72681369474,-73.85336341408
restaurant,ASIAN BOWL,Asian/Asian Fusion,Forest Hills,Queens,QN0602,40.72661966076,-73.85188459946
restaurant,ASIAN FORTUNE,Chinese,Forest Hills,Queens,QN0602,40.72422595834,-73.84957374504
restaurant,AUSTIN HOUSE DINER,American,Forest Hills,Queens,QN0602,40.71921530055,-73.84236286601
restaurant,AUSTIN STREET COFFEE & GRILL,American,Forest Hills,Queens,QN0602,40.72221791015,-73.85043331301
restaurant,AUSTIN STREET PIZZA,Pizza,Forest Hills,Queens,QN0602,40.71956775289,-73.84318093797
restaurant,BAGEL BOULEVARD,Bagels/Pretzels,Forest Hills,Queens,QN0602,40.71594719795,-73.83330900864
restaurant,BAGELS FOR YOU,American,Forest Hills,Queens,QN0602,40.71727827084,-73.83510936882
restaurant,BAMBOO YA,Japanese,Forest Hills,Queens,QN0602,40.72151548621,-73.84852284992
restaurant,BANG KOK CUISINE,Thai,Forest Hills,Queens,QN0602,40.7213191889,-73.84540270421
restaurant,BAREBURGER,American,Forest Hills,Queens,QN0602,40.71963109444,-73.84333591219
restaurant,BEIJING DUMPLING,Chinese,Forest Hills,Queens,QN0602,40.71596648992,-73.8333630702
restaurant,BLOOM BOTANICAL BISTRO,New American,Forest Hills,Queens,QN0602,40.7102079889,-73.8492556207
restaurant,BOMBAY GRILL HOUSE,Indian,Forest Hills,Queens,QN0602,40.72134268336,-73.854984498
restaurant,BONELLE PASTRY SHOP,Bakery Products/Desserts,Forest Hills,Queens,QN0602,40.71802185554,-73.84076038707
restaurant,BURGER SPOT,Jewish/Kosher,Forest Hills,Queens,QN0602,40.73216059072,-73.8491949427
restaurant,Bread & Melt / Stacked Sandwich Shop,Sandwiches,Forest Hills,Queens,QN0602,40.72221791015,-73.85043331301
restaurant,CABANA,Latin American,Forest Hills,Queens,QN0602,40.72111624657,-73.8455294432
restaurant,CARVEL,Frozen Desserts,Forest Hills,Queens,QN0602,40.71019966923,-73.84919071326
restaurant,CHICK-FIL-A,Chicken,Forest Hills,Queens,QN0602,40.71981450362,-73.8449949483
restaurant,CHINA KING,Chinese/Cuban,Forest Hills,Queens,QN0602,40.72648510217,-73.85183438904
restaurant,CHIP CITY,Bakery Products/Desserts,Forest Hills,Queens,QN0602,40.71876654626,-73.84137908828
restaurant,CHIPOTLE MEXICAN GRILL,Tex-Mex,Forest Hills,Queens,QN0602,40.7204907125,-73.84573292297
restaurant,CHO-SEN GARDEN,Jewish/Kosher,Forest Hills,Queens,QN0602,40.73206995194,-73.84914824193
restaurant,CINEMART CINEMAS,American,Forest Hills,Queens,QN0602,40.70983442139,-73.84697323867
restaurant,COBBLESTONE PUB,American,Forest Hills,Queens,QN0602,40.7153119908,-73.83250978336
restaurant,COFFEE SHOT,Coffee/Tea,Forest Hills,Queens,QN0602,40.71995250752,-73.84353717648
restaurant,COLOMBICHE,Latin American,Forest Hills,Queens,QN0602,40.71768642709,-73.85699460455
restaurant,CONTINENTAL LUNCHEONETTE & DELI,Sandwiches,Forest Hills,Queens,QN0602,40.71009453627,-73.84855972482
restaurant,COOKIES N' CREAM,Frozen Desserts,Forest Hills,Queens,QN0602,40.72075236076,-73.8463997195
restaurant,CRAZY MEAT,Jewish/Kosher,Forest Hills,Queens,QN0602,40.73204523011,-73.84913386529
restaurant,D'ANGELO'S,Pizza,Forest Hills,Queens,QN0602,40.73418759967,-73.85024035911
restaurant,D'ANGELO'S PIZZA,Pizza,Forest Hills,Queens,QN0602,40.71500942852,-73.8320740656
restaurant,DA MIKELLE II,Jewish/Kosher,Forest Hills,Queens,QN0602,40.72548472277,-73.85084446338
restaurant,DANTE'S PIZZA,Pizza,Forest Hills,Queens,QN0602,40.71000594494,-73.84798641262
restaurant,DEE'S,Italian,Forest Hills,Queens,QN0602,40.70957143763,-73.84531102491
restaurant,DESERT RAIN LOUNGE,Middle Eastern,Forest Hills,Queens,QN0602,40.7095603661,-73.845242518
restaurant,DIRTY PIERRE'S,American,Forest Hills,Queens,QN0602,40.71920805226,-73.84510098191
restaurant,DOMINO'S,Pizza,Forest Hills,Queens,QN0602,40.71129569875,-73.85627613149
restaurant,DON POLLO,Peruvian,Forest Hills,Queens,QN0602,40.71081682745,-73.85309935564
restaurant,DUNKIN,Donuts,Forest Hills,Queens,QN0602,40.72689901285,-73.85354362189
restaurant,DUNKIN,American,Forest Hills,Queens,QN0602,40.72048917346,-73.844592932
restaurant,DUNKIN,Donuts,Forest Hills,Queens,QN0602,40.72093128329,-73.85523432108
restaurant,DUNKIN',Coffee/Tea,Forest Hills,Queens,QN0602,40.71115733582,-73.85538187764
restaurant,DUNKIN' / 'BASKIN ROBBINS,Donuts,Forest Hills,Queens,QN0602,40.71824638452,-73.84037024329
restaurant,DUNKIN' / BASKIN ROBBINS,Donuts,Forest Hills,Queens,QN0602,40.73283900623,-73.84954340152
restaurant,DUNKIN99,American,Forest Hills,Queens,QN0602,40.7153119908,-73.83250978336
restaurant,EDDIE'S SWEET SHOP,Frozen Desserts,Forest Hills,Queens,QN0602,40.70997553245,-73.84782055995
restaurant,EL BUEN SABOR,Latin American,Forest Hills,Queens,QN0602,40.71131770207,-73.85631215465
restaurant,EL COYOTE,Mexican,Forest Hills,Queens,QN0602,40.72082673975,-73.84660157279
restaurant,EL REY LATINO,Latin American,Forest Hills,Queens,QN0602,40.73390197964,-73.8501147128
restaurant,FAY DA BAKERY,Bakery Products/Desserts,Forest Hills,Queens,QN0602,40.721633544,-73.84444594763
restaurant,FENG'S GARDEN,Chinese,Forest Hills,Queens,QN0602,40.71931796929,-73.8392096547
restaurant,FOREST CAFE,American,Forest Hills,Queens,QN0602,40.72129988611,-73.85156817426
restaurant,FOREST HILLS BAGELS,Bakery Products/Desserts,Forest Hills,Queens,QN0602,40.72357146603,-73.84863360663
restaurant,FOREST HILLS EXPRESS CAFE,American,Forest Hills,Queens,QN0602,40.73336913273,-73.84983807865
restaurant,FOREST HILLS LITTLE LEAGUE,American,Forest Hills,Queens,QN0602,40.71970703175,-73.85735822074
restaurant,FOREST HILLS PIZZERIA,Pizza,Forest Hills,Queens,QN0602,40.71938672482,-73.84529537101
restaurant,FOREST HILLS STATION HOUSE,American,Forest Hills,Queens,QN0602,40.71978710961,-73.84503469519
restaurant,FRESCO TORTILLERIA,Tex-Mex,Forest Hills,Queens,QN0602,40.7159554899,-73.83334866847
restaurant,FUJI JAPANESE CUISINE,Japanese,Forest Hills,Queens,QN0602,40.71727827084,-73.83510936882
restaurant,FUKUDA SUSHI,Japanese,Forest Hills,Queens,QN0602,40.7113204604,-73.85632296991
restaurant,FUTURE TASTE,Chinese,Forest Hills,Queens,QN0602,40.73342678215,-73.84984516479
restaurant,GLORIA PIZZA,Pizza,Forest Hills,Queens,QN0602,40.72111591268,-73.84326025617
restaurant,GNOCCHI BELLA,Italian,Forest Hills,Queens,QN0602,40.71874452827,-73.84133585108
restaurant,GOTTA GETTA BAGEL,American,Forest Hills,Queens,QN0602,40.72039318495,-73.84465087785
restaurant,GOURMET BAKERY & DELI,Sandwiches/Salads/Mixed Buffet,Forest Hills,Queens,QN0602,40.71131216282,-73.85627248877
restaurant,GRAND SICHUAN,Chinese,Forest Hills,Queens,QN0602,40.72734254781,-73.85482346542
restaurant,GREAT WALL,Chinese,Forest Hills,Queens,QN0602,40.7235851946,-73.84863718307
restaurant,GREGORYS COFFEE,American,Forest Hills,Queens,QN0602,40.72070030502,-73.84443370386
restaurant,HEENA BAGEL,Bagels/Pretzels,Forest Hills,Queens,QN0602,40.71802737512,-73.8407820185
restaurant,HOMEMADE TAQUERIA,Mexican,Forest Hills,Queens,QN0602,40.71875553727,-73.84135746968
restaurant,IL POETA,Italian,Forest Hills,Queens,QN0602,40.7110189476,-73.85447319931
restaurant,IZAKAYA WAFUU,Japanese,Forest Hills,Queens,QN0602,40.72101755168,-73.84561625538
restaurant,JADE EATERY AND LOUNGE,Japanese,Forest Hills,Queens,QN0602,40.719233057,-73.84532458915
restaurant,JERSEY MIKE'S,Sandwiches,Forest Hills,Queens,QN0602,40.7204836546,-73.84457129946
restaurant,JERUSALEM BAGELS,Jewish/Kosher,Forest Hills,Queens,QN0602,40.73203427479,-73.84915193122
restaurant,JULIEAT'S BUBBLE TEA & DESSERT CAFE,Coffee/Tea,Forest Hills,Queens,QN0602,40.71043493785,-73.85069070385
restaurant,JUST SALAD,Salads,Forest Hills,Queens,QN0602,40.7207825794,-73.84438300477
restaurant,KANTU PERUVIAN CUISINE,Peruvian,Forest Hills,Queens,QN0602,40.71000042193,-73.84796117621
restaurant,KATSUNO,Japanese,Forest Hills,Queens,QN0602,40.71029932337,-73.84983253715
restaurant,KAZAN,Japanese,Forest Hills,Queens,QN0602,40.71009453627,-73.84855972482
restaurant,KEUKA KAFE,New American,Forest Hills,Queens,QN0602,40.7180707768,-73.83651430492
restaurant,KING DAVID & MIKIHANA SUSHI,Jewish/Kosher,Forest Hills,Queens,QN0602,40.7263923991,-73.85231444637
restaurant,KING KEW GARDEN,Chinese,Forest Hills,Queens,QN0602,40.71595544796,-73.83331980992
restaurant,KING WOK KITCHEN,Chinese,Forest Hills,Queens,QN0602,40.7180356044,-73.84077839132
restaurant,KISSFISH,Japanese,Forest Hills,Queens,QN0602,40.72071654835,-73.84630239742
restaurant,KUKU,Korean,Forest Hills,Queens,QN0602,40.72111624657,-73.8455294432
restaurant,KUNG FU TEA,Coffee/Tea,Forest Hills,Queens,QN0602,40.72078823585,-73.84654394025
restaurant,KYURAMEN,Asian/Asian Fusion,Forest Hills,Queens,QN0602,40.72058453532,-73.8420674007
restaurant,L'AMOUR,Jewish/Kosher,Forest Hills,Queens,QN0602,40.7258861699,-73.85139195772
restaurant,LA BOULANGERIE,French,Forest Hills,Queens,QN0602,40.71903570762,-73.84150470768
restaurant,LA DOLCE ITALIA BAKERY,Bakery Products/Desserts,Forest Hills,Queens,QN0602,40.71009453627,-73.84855972482
restaurant,LAGMAN LOUNGE,Jewish/Kosher,Forest Hills,Queens,QN0602,40.7267212682,-73.85192405983
restaurant,LEIDYLICIOUS BAKE SHOP,Bakery Products/Desserts,Forest Hills,Queens,QN0602,40.71916377144,-73.83886010005
restaurant,LILLIAN PIZZERIA,Pizza,Forest Hills,Queens,QN0602,40.7168541794,-73.85220579715
restaurant,LIME & SALT BAR,Mexican,Forest Hills,Queens,QN0602,40.72737835754,-73.85492440974
restaurant,LOCAL HOPS,Hamburgers,Forest Hills,Queens,QN0602,40.71711570941,-73.85715095173
restaurant,LOWKEY GARDEN LOUNGE,Caribbean,Forest Hills,Queens,QN0602,40.72077164173,-73.84645018119
restaurant,MAD FOR CHICKEN,Korean,Forest Hills,Queens,QN0602,40.7196834272,-73.84346926746
restaurant,MAECHAN THAI CUISINE,Thai,Forest Hills,Queens,QN0602,40.72483614077,-73.85021816105
restaurant,MANOR OKTOBERFEST,German,Forest Hills,Queens,QN0602,40.71766174221,-73.85700908741
restaurant,MARAKAND,Asian/Asian Fusion,Forest Hills,Queens,QN0602,40.72747199861,-73.85517676205
restaurant,MARTHA'S COUNTRY BAKERY,Bakery Products/Desserts,Forest Hills,Queens,QN0602,40.72061192318,-73.84606093149
restaurant,MAS TORTILLA,Mexican,Forest Hills,Queens,QN0602,40.71727827084,-73.83510936882
restaurant,MATIZ LATIN CUISINE,Latin American,Forest Hills,Queens,QN0602,40.71912247324,-73.83877001268
restaurant,MCDONALD'S,Hamburgers,Forest Hills,Queens,QN0602,40.71980082368,-73.8450274481
restaurant,MCDONALD'S,Hamburgers,Forest Hills,Queens,QN0602,40.71108245676,-73.85477244659
restaurant,MELI ESTIATORIO,Greek,Forest Hills,Queens,QN0602,40.7109053794,-73.85366186053
restaurant,MEZZE PIZZA PASTA SUSHI,Jewish/Kosher,Forest Hills,Queens,QN0602,40.72684398857,-73.85344272145
restaurant,MIDWAY CINEMAS,American,Forest Hills,Queens,QN0602,40.72111591268,-73.84326025617
restaurant,MIGHTY QUINN'S BARBEQUE,Barbecue,Forest Hills,Queens,QN0602,40.72111591268,-73.84326025617
restaurant,MIKE'S PIZZERIA,Pizza,Forest Hills,Queens,QN0602,40.72071731919,-73.85533580013
restaurant,MITO ASIAN FUSION,Japanese,Forest Hills,Queens,QN0602,40.73250944081,-73.84939621107
restaurant,MOCA ASIAN BISTRO,Asian/Asian Fusion,Forest Hills,Queens,QN0602,40.7213191889,-73.84540270421
restaurant,MOGE TEE,Coffee/Tea,Forest Hills,Queens,QN0602,40.72077164173,-73.84645018119
restaurant,MOJO LATIN,American,Forest Hills,Queens,QN0602,40.72068906203,-73.84627360035
restaurant,MONTOYA'S,Mexican,Forest Hills,Queens,QN0602,40.7104321743,-73.85067628194
restaurant,MR. MO,Chinese,Forest Hills,Queens,QN0602,40.72550679344,-73.85093100219
restaurant,MUNCH,Hamburgers,Forest Hills,Queens,QN0602,40.72073582936,-73.84635285906
restaurant,NADEZHDA,Jewish/Kosher,Forest Hills,Queens,QN0602,40.73272642371,-73.84950757428
restaurant,NAN XIANG EXPRESS SOUP DUMPLINGS,Chinese,Forest Hills,Queens,QN0602,40.721633544,-73.84444594763
restaurant,NARITA,Japanese,Forest Hills,Queens,QN0602,40.7209818649,-73.84561273077
restaurant,NEMO'S BEER SHOP,American,Forest Hills,Queens,QN0602,40.71917754087,-73.83889253419
restaurant,NEW PINANG,Asian/Asian Fusion,Forest Hills,Queens,QN0602,40.71843965246,-73.83727096466
restaurant,NEW SONG'S DUMPLING CAFE,Chinese,Forest Hills,Queens,QN0602,40.71042675991,-73.8507340066
restaurant,NICK'S BISTRO,Greek,Forest Hills,Queens,QN0602,40.71005316462,-73.84840832474
restaurant,NICK'S PIZZA,Italian,Forest Hills,Queens,QN0602,40.71800540199,-73.84077124886
restaurant,OBA GRILL,Turkish,Forest Hills,Queens,QN0602,40.72049890311,-73.84570043573
restaurant,OBA GRILL,Mediterranean,Forest Hills,Queens,QN0602,40.71013615977,-73.84890229631
restaurant,OH K-DOG & EGG TOAST,Korean,Forest Hills,Queens,QN0602,40.71958702541,-73.84322418279
restaurant,OLD SPORT FOOD,Chinese,Forest Hills,Queens,QN0602,40.72403856011,-73.85538989493
restaurant,PAHAL ZAN MEDITERRANEAN,Jewish/Kosher,Forest Hills,Queens,QN0602,40.71978708036,-73.84501305002
restaurant,PANDA CHINESE RESTAURANT,Chinese,Forest Hills,Queens,QN0602,40.71768093756,-73.85699461637
restaurant,PANDA EXPRESS,Chinese,Forest Hills,Queens,QN0602,40.71995898397,-73.84426227855
restaurant,PAPA CHICKEN,Chicken,Forest Hills,Queens,QN0602,40.73172121512,-73.85113353771
restaurant,PARATHA WALA,Indian,Forest Hills,Queens,QN0602,40.710260561,-73.84957652628
restaurant,PARIS BAGUETTE,Bottled Beverages,Forest Hills,Queens,QN0602,40.7204315481,-73.84460388962
restaurant,PELICANA CHICKEN,Korean,Forest Hills,Queens,QN0602,40.71044322381,-73.85073036256
restaurant,PHO 99,Asian/Asian Fusion,Forest Hills,Queens,QN0602,40.72859717331,-73.85503359464
restaurant,PINK FOREST,Coffee/Tea,Forest Hills,Queens,QN0602,40.7192813087,-73.84246011211
restaurant,PIO PIO,Peruvian,Forest Hills,Queens,QN0602,40.71058159501,-73.85160295493
restaurant,PIZZA CLASSICA,Pizza,Forest Hills,Queens,QN0602,40.70664188151,-73.8551428406
restaurant,PLAZA CAFE,American,Forest Hills,Queens,QN0602,40.71490492142,-73.83193364618
restaurant,POKEPLUS,Hawaiian,Forest Hills,Queens,QN0602,40.72002109706,-73.84351536952
restaurant,POLLO INKA PERU,Peruvian,Forest Hills,Queens,QN0602,40.7177928192,-73.8359991266
restaurant,PORTOFINO,Italian,Forest Hills,Queens,QN0602,40.71874857073,-73.84029327872
restaurant,PRINCE TEA HOUSE,Coffee/Tea,Forest Hills,Queens,QN0602,40.7191832568,-73.84503249713
restaurant,QUEENS BAGEL & DELICATESSEN,Bagels/Pretzels,Forest Hills,Queens,QN0602,40.7162964897,-73.83379512406
restaurant,RADICI,Italian,Forest Hills,Queens,QN0602,40.71078360356,-73.85287579206
restaurant,RAFAELIS PALACE,Jewish/Kosher,Forest Hills,Queens,QN0602,40.71728652069,-73.83512017055
restaurant,RAISING CANE'S,Chicken,Forest Hills,Queens,QN0602,40.72061192318,-73.84606093149
restaurant,RALPH'S FAMOUS ITALIAN ICES & ICE CREAM,Frozen Desserts,Forest Hills,Queens,QN0602,40.72039980022,-73.84548421169
restaurant,RED HOUSE KITCHEN,Chinese,Forest Hills,Queens,QN0602,40.72140846643,-73.85491220177
restaurant,RED MANGO,Frozen Desserts,Forest Hills,Queens,QN0602,40.72153800995,-73.84483940366
restaurant,RED PIPES CAFE,Coffee/Tea,Forest Hills,Queens,QN0602,40.71956230282,-73.84320981106
restaurant,REDWOOD CAFE,American,Forest Hills,Queens,QN0602,40.71494896976,-73.83202371663
restaurant,REEF,Seafood,Forest Hills,Queens,QN0602,40.71950094922,-73.84250288122
restaurant,REGO PARK BEST PIZZA & FRIED CHICKEN,Pizza,Forest Hills,Queens,QN0602,40.73258157853,-73.8564212796
restaurant,ROAST & CO.,Chicken,Forest Hills,Queens,QN0602,40.72686051706,-73.85348958797
restaurant,ROSALIA'S PIZZERIA,Pizza,Forest Hills,Queens,QN0602,40.72465476961,-73.85005261129
restaurant,ROVE,American,Forest Hills,Queens,QN0602,40.71901974696,-73.84187271058
restaurant,SALUTE,Jewish/Kosher,Forest Hills,Queens,QN0602,40.73340480989,-73.84983438966
restaurant,SHAKE SHACK,Hamburgers,Forest Hills,Queens,QN0602,40.71984602697,-73.84395229484
restaurant,SHOGUN HIBACHI & SUSHI BAR,Japanese,Forest Hills,Queens,QN0602,40.71837908333,-73.83714124442
restaurant,SINGAS FAMOUS PIZZA,Pizza,Forest Hills,Queens,QN0602,40.7334844599,-73.84987390059
restaurant,SMOKEY CHICK,Chicken,Forest Hills,Queens,QN0602,40.72613091596,-73.85174859034
restaurant,SOBOL,"Juice, Smoothies, Fruit Salads",Forest Hills,Queens,QN0602,40.71961464065,-73.84334677361
restaurant,SPY C CUISINE,Chinese,Forest Hills,Queens,QN0602,40.71919051833,-73.84230520473
restaurant,STAR OF SIAM THAI KITCHEN,Thai,Forest Hills,Queens,QN0602,40.7102662397,-73.84972079429
restaurant,STARBUCKS,Coffee/Tea,Forest Hills,Queens,QN0602,40.72651348427,-73.85255951451
restaurant,STARBUCKS,Coffee/Tea,Forest Hills,Queens,QN0602,40.72088465944,-73.8468106797
restaurant,STARBUCKS,Coffee/Tea,Forest Hills,Queens,QN0602,40.71492421933,-73.83199131375
restaurant,STARBUCKS COFFEE COMPANY,Coffee/Tea,Forest Hills,Queens,QN0602,40.72138015799,-73.8438079915
restaurant,STELLAR POKHARA,Asian/Asian Fusion,Forest Hills,Queens,QN0602,40.72075236076,-73.8463997195
restaurant,STIX KOSHER RESTAURANT,Middle Eastern,Forest Hills,Queens,QN0602,40.72655375385,-73.85185949116
restaurant,SUBWAY,Sandwiches,Forest Hills,Queens,QN0602,40.72685219058,-73.85341744788
restaurant,SUSHI AKIO,Japanese,Forest Hills,Queens,QN0602,40.72144135338,-73.85487244598
restaurant,SUSHI FUSSION,Jewish/Kosher,Forest Hills,Queens,QN0602,40.73172394115,-73.85111909885
restaurant,SUSHI KOI,Japanese,Forest Hills,Queens,QN0602,40.71596369798,-73.83333061121
restaurant,SUSHI TIME,Japanese,Forest Hills,Queens,QN0602,40.71872526002,-73.84129621483
restaurant,SWEETGREEN,Salads,Forest Hills,Queens,QN0602,40.71983095757,-73.84498408726
restaurant,T SWIRL CREPE,Pancakes/Waffles,Forest Hills,Queens,QN0602,40.72070001207,-73.84625192946
restaurant,TACO KING,Tex-Mex,Forest Hills,Queens,QN0602,40.73276210086,-73.84950388515
restaurant,TACOMBI,Mexican,Forest Hills,Queens,QN0602,40.71988185119,-73.84405682944
restaurant,TAMASHII RAMEN,Japanese,Forest Hills,Queens,QN0602,40.71967798198,-73.84350174811
restaurant,TANDOORI FOOD & BAKERY,Jewish/Kosher,Forest Hills,Queens,QN0602,40.73255982355,-73.85658369714
restaurant,TANGSCAPE,Bakery Products/Desserts,Forest Hills,Queens,QN0602,40.73386077994,-73.85009315601
restaurant,THE BAGEL SPOT,Bagels/Pretzels,Forest Hills,Queens,QN0602,40.72678991986,-73.85194916214
restaurant,THE BILLIARD COMPANY,American,Forest Hills,Queens,QN0602,40.7204382998,-73.84553823571
restaurant,THE BUND,Chinese,Forest Hills,Queens,QN0602,40.72680818215,-73.85334538665
restaurant,THE COTTAGE TAVERN,Irish,Forest Hills,Queens,QN0602,40.71953663609,-73.84250640409
restaurant,THE HILL'S CAFE,Coffee/Tea,Forest Hills,Queens,QN0602,40.7096378611,-73.84571845982
restaurant,THE TAP HOUSE,Irish,Forest Hills,Queens,QN0602,40.71922074048,-73.842326778
restaurant,TIKKA N TALK,Indian,Forest Hills,Queens,QN0602,40.72080745884,-73.84655111101
restaurant,TOURMALINE / MY KITCHEN,New French,Forest Hills,Queens,QN0602,40.70978179376,-73.84661626737
restaurant,TOUS LES JOURS,Bakery Products/Desserts,Forest Hills,Queens,QN0602,40.72060161096,-73.84452051713
restaurant,TROYKA / DA MIKELLE PALACE / MIKELLE CORNER,Jewish/Kosher,Forest Hills,Queens,QN0602,40.72537757849,-73.85076893941
restaurant,TUSCAN HILLS,Italian,Forest Hills,Queens,QN0602,40.71920232987,-73.83895380167
restaurant,UGLY DONUTS & CORN DOGS,Korean,Forest Hills,Queens,QN0602,40.7200112667,-73.84435955981
restaurant,VISTA 65,American,Forest Hills,Queens,QN0602,40.7278933543,-73.85850239965
restaurant,WHITE RADISH,American,Forest Hills,Queens,QN0602,40.71801915085,-73.84078925311
restaurant,WING WAH,Chinese,Forest Hills,Queens,QN0602,40.71101064921,-73.85442271863
restaurant,WINGSTOP,Chicken,Forest Hills,Queens,QN0602,40.72362099075,-73.8487236874
restaurant,XHALE,Other,Forest Hills,Queens,QN0602,40.72080745884,-73.84655111101
restaurant,YAAAS TEA,Coffee/Tea,Forest Hills,Queens,QN0602,40.71497642796,-73.83203086172
restaurant,YELLOWSTONE SUSHI,Japanese,Forest Hills,Queens,QN0602,40.71714316155,-73.85715450006
restaurant,ZARA AUSTIN,Turkish,Forest Hills,Queens,QN0602,40.72088465944,-73.8468106797
restaurant,AMC THEATRES,American,Fresh Meadows-Utopia,Queens,QN0803,40.7411862918,-73.78443787543
restaurant,APPLEBEES NEIGHBORHOOD GRILL AND BAR,American,Fresh Meadows-Utopia,Queens,QN0803,40.73921882621,-73.78619082818
restaurant,ARBY'S,Sandwiches,Fresh Meadows-Utopia,Queens,QN0803,40.73837517637,-73.79465560627
restaurant,ATOMIC WINGS,Chicken,Fresh Meadows-Utopia,Queens,QN0803,40.73923802604,-73.78618354913
restaurant,Aloha Highway Deli,American,Fresh Meadows-Utopia,Queens,QN0803,40.73761529187,-73.79642973693
restaurant,BAGEL OASIS,Bagels/Pretzels,Fresh Meadows-Utopia,Queens,QN0803,40.73943318511,-73.79080194412
restaurant,BAKHTAR KEBAB,Afghan,Fresh Meadows-Utopia,Queens,QN0803,40.73333839311,-73.79458458915
restaurant,BLAKE PIZZA,Pizza,Fresh Meadows-Utopia,Queens,QN0803,40.74021570268,-73.7879522491
restaurant,BROTHERS PIZZERIA,Pizza,Fresh Meadows-Utopia,Queens,QN0803,40.73990214459,-73.78908636313
restaurant,CAFE MUSCAT,Jewish/Kosher,Fresh Meadows-Utopia,Queens,QN0803,40.72636356422,-73.78984013359
restaurant,CHIPOTLE MEXICAN GRILL #3056,American,Fresh Meadows-Utopia,Queens,QN0803,40.72586691583,-73.79142917068
restaurant,COCO FRESH TEA & JUICE,Coffee/Tea,Fresh Meadows-Utopia,Queens,QN0803,40.73918512594,-73.79174457019
restaurant,DAVES HOT CHICKEN,American,Fresh Meadows-Utopia,Queens,QN0803,40.73938824034,-73.7857825095
restaurant,DUNKIN,Donuts,Fresh Meadows-Utopia,Queens,QN0803,40.73758679265,-73.79583802851
restaurant,DUNKIN,Donuts,Fresh Meadows-Utopia,Queens,QN0803,40.72928920089,-73.78088287965
restaurant,EMPIRE CHINESE RESTAURANT,Chinese,Fresh Meadows-Utopia,Queens,QN0803,40.72645635679,-73.78955120729
restaurant,FILLMORE'S TAVERN,American,Fresh Meadows-Utopia,Queens,QN0803,40.73667925852,-73.80267524605
restaurant,FIVE GUYS BURGERS AND FRIES,Hamburgers,Fresh Meadows-Utopia,Queens,QN0803,40.73997656015,-73.78628582055
restaurant,FLY ME TO THE MOON,Coffee/Tea,Fresh Meadows-Utopia,Queens,QN0803,40.73938547537,-73.78577169259
restaurant,FRESH MEADOW'S PIZZA & RESTAURANT,Pizza,Fresh Meadows-Utopia,Queens,QN0803,40.73693332023,-73.77798890522
restaurant,FROZEN DLITE,Frozen Desserts,Fresh Meadows-Utopia,Queens,QN0803,40.73967038969,-73.78993151785
restaurant,HALAL BOYZ,Mediterranean,Fresh Meadows-Utopia,Queens,QN0803,40.73944681676,-73.79075138058
restaurant,HALAL CHICKEN-N-CHAPLI,Mediterranean,Fresh Meadows-Utopia,Queens,QN0803,40.73943862856,-73.79077666668
restaurant,HALF CAKE,Bakery Products/Desserts,Fresh Meadows-Utopia,Queens,QN0803,40.73888053667,-73.79178882887
restaurant,HONG KONG GARDEN INC,Other,Fresh Meadows-Utopia,Queens,QN0803,40.73693331325,-73.77798529676
restaurant,HOOTERS,American,Fresh Meadows-Utopia,Queens,QN0803,40.74096983571,-73.78464066544
restaurant,INSOMNIA COOKIES,American,Fresh Meadows-Utopia,Queens,QN0803,40.7258941928,-73.7913352802
restaurant,ISAAC'S KOSHER DELI,Jewish/Kosher,Fresh Meadows-Utopia,Queens,QN0803,40.72950996564,-73.78006672629
restaurant,JERSEY MIKE'S,Sandwiches,Fresh Meadows-Utopia,Queens,QN0803,40.74082977193,-73.78459781566
restaurant,KIN'D,Thai,Fresh Meadows-Utopia,Queens,QN0803,40.73018201636,-73.77842280948
restaurant,KING WOK,Chinese,Fresh Meadows-Utopia,Queens,QN0803,40.73968674587,-73.78987011945
restaurant,KUNG FU TEA,Coffee/Tea,Fresh Meadows-Utopia,Queens,QN0803,40.73869048068,-73.79293695082
restaurant,MANGO MANGO DESSERT,Frozen Desserts,Fresh Meadows-Utopia,Queens,QN0803,40.72588600447,-73.79136056107
restaurant,MOGEE TEA,Coffee/Tea,Fresh Meadows-Utopia,Queens,QN0803,40.73886131028,-73.79178167203
restaurant,NEW YUMMY TACO,Tex-Mex,Fresh Meadows-Utopia,Queens,QN0803,40.72608787421,-73.79067803606
restaurant,P.J.' S,American,Fresh Meadows-Utopia,Queens,QN0803,40.72953722639,-73.77996921794
restaurant,PHO REAL,Asian/Asian Fusion,Fresh Meadows-Utopia,Queens,QN0803,40.7386767569,-73.79293699363
restaurant,POKEWORKS,Hawaiian,Fresh Meadows-Utopia,Queens,QN0803,40.74087922494,-73.784622916
restaurant,POSH PIZZA,Jewish/Kosher,Fresh Meadows-Utopia,Queens,QN0803,40.729741655,-73.77922527455
restaurant,PRIMA DI CARNE,Steakhouse,Fresh Meadows-Utopia,Queens,QN0803,40.72633354371,-73.78993403403
restaurant,Peking Restaurant,Chinese,Fresh Meadows-Utopia,Queens,QN0803,40.73418542635,-73.78353687918
restaurant,QDOBA MEXICAN GRILL,Mexican,Fresh Meadows-Utopia,Queens,QN0803,40.73924626031,-73.7861835226
restaurant,REGINA'S CAFE & PIZZERIA,Pizza,Fresh Meadows-Utopia,Queens,QN0803,40.72582874498,-73.79156999763
restaurant,SAUCY MEXICAN GRILL,Mexican,Fresh Meadows-Utopia,Queens,QN0803,40.73968946419,-73.78985567634
restaurant,SECRET KITCHEN,Chinese,Fresh Meadows-Utopia,Queens,QN0803,40.73993215109,-73.78898522587
restaurant,SHIRAZI KARAHI HOUSE,Indian,Fresh Meadows-Utopia,Queens,QN0803,40.73965675841,-73.78998208174
restaurant,SHIRAZI KEBAB HOUSE,Afghan,Fresh Meadows-Utopia,Queens,QN0803,40.73943046668,-73.79081638714
restaurant,SIZZLE SHAWARMA & FALAFEL BAR,Jewish/Kosher,Fresh Meadows-Utopia,Queens,QN0803,40.72870803375,-73.78270685308
restaurant,SOBOL,"Juice, Smoothies, Fruit Salads",Fresh Meadows-Utopia,Queens,QN0803,40.7260987874,-73.79064192278
restaurant,STARBUCKS,Coffee/Tea,Fresh Meadows-Utopia,Queens,QN0803,40.73937721415,-73.78575728482
restaurant,SUBWAY,Sandwiches,Fresh Meadows-Utopia,Queens,QN0803,40.72589964293,-73.79131361582
restaurant,SUP THAI KITCHEN,Thai,Fresh Meadows-Utopia,Queens,QN0803,40.72645908831,-73.78954398282
restaurant,TAIM MEDITERRANEAN KITCHEN,Mediterranean,Fresh Meadows-Utopia,Queens,QN0803,40.73923802604,-73.78618354913
restaurant,TEAPULSE,Coffee/Tea,Fresh Meadows-Utopia,Queens,QN0803,40.74091218909,-73.7846372438
restaurant,TOKYO HIBACHI STEAK HOUSE & SUSHI,Japanese,Fresh Meadows-Utopia,Queens,QN0803,40.73968130263,-73.78989539706
restaurant,TURQUOISE KOSHER FISH RESTAURANT,Jewish/Kosher,Fresh Meadows-Utopia,Queens,QN0803,40.72953450239,-73.7799800512
restaurant,UMI SUSHI,Japanese,Fresh Meadows-Utopia,Queens,QN0803,40.72609606239,-73.79065275503
restaurant,UNI BREAD,Bakery Products/Desserts,Fresh Meadows-Utopia,Queens,QN0803,40.73918512594,-73.79174457019
restaurant,UNION BISTRO STEAKHOUSE AND SUSHI,Jewish/Kosher,Fresh Meadows-Utopia,Queens,QN0803,40.72974166889,-73.77923249068
restaurant,ABCD Indian Bistro & Bar,Indian,Glen Oaks-Floral Park-New Hyde Park,Queens,QN1301,40.75186216796,-73.70278985676
restaurant,AFGHAN KEBAB HOUSE,Afghan,Glen Oaks-Floral Park-New Hyde Park,Queens,QN1301,40.73718260415,-73.70902251524
restaurant,AL NAR CAFE,Middle Eastern,Glen Oaks-Floral Park-New Hyde Park,Queens,QN1301,40.75191415916,-73.70272826578
restaurant,ATUL BAKERY HILLSIDE,Bakery Products/Desserts,Glen Oaks-Floral Park-New Hyde Park,Queens,QN1301,40.73696268271,-73.70997251153
restaurant,Aanch Restaurant,Other,Glen Oaks-Floral Park-New Hyde Park,Queens,QN1301,40.73788342227,-73.71046285783
restaurant,BANGO BOWLS,Sandwiches/Salads/Mixed Buffet,Glen Oaks-Floral Park-New Hyde Park,Queens,QN1301,40.75191406565,-73.70269217319
restaurant,BIA VIETNAMESE RESTAURANT & BAR,Southeast Asian,Glen Oaks-Floral Park-New Hyde Park,Queens,QN1301,40.75189767199,-73.70272112104
restaurant,BUFFALO WILD WINGS GO,American,Glen Oaks-Floral Park-New Hyde Park,Queens,QN1301,40.75192772391,-73.70266684688
restaurant,CAFE KISKEYA,Spanish,Glen Oaks-Floral Park-New Hyde Park,Queens,QN1301,40.75186772288,-73.70281509697
restaurant,CARVEL,Frozen Desserts,Glen Oaks-Floral Park-New Hyde Park,Queens,QN1301,40.73836795993,-73.7035106497
restaurant,CHEUNG KHEI RESTAURANT,Chinese,Glen Oaks-Floral Park-New Hyde Park,Queens,QN1301,40.74417506091,-73.7173103238
restaurant,CHICK-N-RICE,Middle Eastern,Glen Oaks-Floral Park-New Hyde Park,Queens,QN1301,40.75190597168,-73.70274634896
restaurant,DUNKIN,Donuts,Glen Oaks-Floral Park-New Hyde Park,Queens,QN1301,40.74565041591,-73.71455401276
restaurant,DUNKIN DONUTS BASKIN ROBBINS,Coffee/Tea,Glen Oaks-Floral Park-New Hyde Park,Queens,QN1301,40.73623277122,-73.7133279485
restaurant,GALO TAVERN 18,American,Glen Oaks-Floral Park-New Hyde Park,Queens,QN1301,40.74928094679,-73.70769182585
restaurant,GREEN OLIVE PIZZA,Pizza,Glen Oaks-Floral Park-New Hyde Park,Queens,QN1301,40.75186772288,-73.70281509697
restaurant,GUAC SHOP MEXICAN GRILL,Mexican,Glen Oaks-Floral Park-New Hyde Park,Queens,QN1301,40.75191952708,-73.70268132081
restaurant,HAILEY & HANNAH'S LUNCH RUNNERS,American,Glen Oaks-Floral Park-New Hyde Park,Queens,QN1301,40.75186772288,-73.70281509697
restaurant,HALAL MIX,Mediterranean,Glen Oaks-Floral Park-New Hyde Park,Queens,QN1301,40.73641754518,-73.71258019982
restaurant,HILLSIDE DOSA HUTT,Vegetarian,Glen Oaks-Floral Park-New Hyde Park,Queens,QN1301,40.73699543722,-73.70990019862
restaurant,"HONEST RESTAURANT, KWALITY ICE CREAM",Indian,Glen Oaks-Floral Park-New Hyde Park,Queens,QN1301,40.73697916945,-73.70997965646
restaurant,Halal Mix,Mediterranean,Glen Oaks-Floral Park-New Hyde Park,Queens,QN1301,40.73641754518,-73.71258019982
restaurant,JASSI'S FINE INDIAN CUISINE,Indian,Glen Oaks-Floral Park-New Hyde Park,Queens,QN1301,40.75186772288,-73.70281509697
restaurant,JIAN ON CHINESE RESTAURANT,Chinese,Glen Oaks-Floral Park-New Hyde Park,Queens,QN1301,40.73891570182,-73.70092805781
restaurant,JUICE FOR LIFE,American,Glen Oaks-Floral Park-New Hyde Park,Queens,QN1301,40.75186772288,-73.70281509697
restaurant,KAMALA KITCHEN,Indian,Glen Oaks-Floral Park-New Hyde Park,Queens,QN1301,40.73737251829,-73.70814842331
restaurant,KING KABAB,Indian,Glen Oaks-Floral Park-New Hyde Park,Queens,QN1301,40.73659118115,-73.71177115137
restaurant,KUTTANADAN INDIAN RESTAURANT,Indian,Glen Oaks-Floral Park-New Hyde Park,Queens,QN1301,40.74581158341,-73.71424294832
restaurant,LIU'S GARDEN,Chinese,Glen Oaks-Floral Park-New Hyde Park,Queens,QN1301,40.74930552996,-73.7076447985
restaurant,LUIGI'S RESTAURANT,Italian,Glen Oaks-Floral Park-New Hyde Park,Queens,QN1301,40.74931099186,-73.70763394696
restaurant,MCDONALD'S,Hamburgers,Glen Oaks-Floral Park-New Hyde Park,Queens,QN1301,40.74564768014,-73.71455763348
restaurant,NAMASTE,Indian,Glen Oaks-Floral Park-New Hyde Park,Queens,QN1301,40.7369900116,-73.70992548176
restaurant,NEWS FOOD HUB,Fusion,Glen Oaks-Floral Park-New Hyde Park,Queens,QN1301,40.73699543722,-73.70990019862
restaurant,NORTH SHORE TOWERS RESTAURANT AND CATERING,Greek,Glen Oaks-Floral Park-New Hyde Park,Queens,QN1301,40.75928106641,-73.71349187688
restaurant,PANERA BREAD,Soups/Salads/Sandwiches,Glen Oaks-Floral Park-New Hyde Park,Queens,QN1301,40.75333817794,-73.70679326534
restaurant,PIZZA TWIST,Pizza,Glen Oaks-Floral Park-New Hyde Park,Queens,QN1301,40.73717717872,-73.70904779852
restaurant,PUNJABI SWEET SHOP,Indian,Glen Oaks-Floral Park-New Hyde Park,Queens,QN1301,40.73891570182,-73.70092805781
restaurant,REN'S GREAT WALL RESTAURANT,Chinese,Glen Oaks-Floral Park-New Hyde Park,Queens,QN1301,40.73717175328,-73.70907308179
restaurant,ROSE VALLEY CAKES BY KAVITA & KAMLA,Bakery Products/Desserts,Glen Oaks-Floral Park-New Hyde Park,Queens,QN1301,40.74506583577,-73.71568251236
restaurant,SAINT ANNS,American,Glen Oaks-Floral Park-New Hyde Park,Queens,QN1301,40.74880366257,-73.70889215977
restaurant,SHIRAZI KARAHI,Pakistani,Glen Oaks-Floral Park-New Hyde Park,Queens,QN1301,40.73719073771,-73.70898278609
restaurant,SINGAS FAMOUS PIZZA,Pizza,Glen Oaks-Floral Park-New Hyde Park,Queens,QN1301,40.73739150199,-73.70805812707
restaurant,SUBWAY,Sandwiches,Glen Oaks-Floral Park-New Hyde Park,Queens,QN1301,40.7468961785,-73.71221000503
restaurant,SUBWAY,Sandwiches,Glen Oaks-Floral Park-New Hyde Park,Queens,QN1301,40.75187581689,-73.70276092124
restaurant,SUNSHINE RESTAURANT,Indian,Glen Oaks-Floral Park-New Hyde Park,Queens,QN1301,40.73640398415,-73.71264521076
restaurant,TASTE OF KERALA KITCHEN,Indian,Glen Oaks-Floral Park-New Hyde Park,Queens,QN1301,40.73875031092,-73.70171186615
restaurant,TEXAS CHICKEN & BURGERS,Chicken,Glen Oaks-Floral Park-New Hyde Park,Queens,QN1301,40.7364202628,-73.71256936267
restaurant,THE ICE BOX-RALPH'S FAMOUS ITALIAN ICES,Frozen Desserts,Glen Oaks-Floral Park-New Hyde Park,Queens,QN1301,40.74900507782,-73.70822358491
restaurant,TOUS LES JOURS,Bakery Products/Desserts,Glen Oaks-Floral Park-New Hyde Park,Queens,QN1301,40.75186216796,-73.70278985676
restaurant,TROPICAL SMOOTHIE CAFE NY 072,"Juice, Smoothies, Fruit Salads",Glen Oaks-Floral Park-New Hyde Park,Queens,QN1301,40.74682514994,-73.71234384691
restaurant,UNO MEXICAN GRILL,Mexican,Glen Oaks-Floral Park-New Hyde Park,Queens,QN1301,40.74565587847,-73.71454316239
restaurant,VIP Grill,American,Glen Oaks-Floral Park-New Hyde Park,Queens,QN1301,40.75928106641,-73.71349187688
restaurant,WHAT A BAGEL CAFE,Bagels/Pretzels,Glen Oaks-Floral Park-New Hyde Park,Queens,QN1301,40.74580065835,-73.71426464917
restaurant,AMICI BAR,Coffee/Tea,Glendale,Queens,QN0503,40.70877920821,-73.86339446481
restaurant,ARTISAN BREAD,Bakery Products/Desserts,Glendale,Queens,QN0503,40.69641902431,-73.89409840988
restaurant,AUNTIE ANNE'S PRETZELS,Bagels/Pretzels,Glendale,Queens,QN0503,40.70925905095,-73.87005554399
restaurant,BALKAN KITCHEN,Eastern European,Glendale,Queens,QN0503,40.70141888616,-73.88717309526
restaurant,BOB'S DISCOUNT FURNITURE,Frozen Desserts,Glendale,Queens,QN0503,40.71081960829,-73.85970386082
restaurant,BUONGIORNO BAGELS & CAFE,Bagels/Pretzels,Glendale,Queens,QN0503,40.7106144941,-73.86489482473
restaurant,CAFE MOCHA,Coffee/Tea,Glendale,Queens,QN0503,40.70097898236,-73.89210755518
restaurant,CALIFORNIA PIZZA KITCHEN,Pizza,Glendale,Queens,QN0503,40.70925905095,-73.87005554399
restaurant,CATTA CAFE,American,Glendale,Queens,QN0503,40.70186345812,-73.88164708491
restaurant,CELTIC GASTHAUS,American,Glendale,Queens,QN0503,40.70097084303,-73.89220855081
restaurant,CHILI'S GRILL & BAR,Tex-Mex,Glendale,Queens,QN0503,40.70944514225,-73.86956823806
restaurant,COLD STONE CREAMERY,Frozen Desserts,Glendale,Queens,QN0503,40.70958739756,-73.8691531555
restaurant,CORNDOGS BY MR. COW,Hotdogs,Glendale,Queens,QN0503,40.70925905095,-73.87005554399
restaurant,CORNER OF 75TH,Other,Glendale,Queens,QN0503,40.70769123316,-73.86252023087
restaurant,COURTSIDE LOUNGE,American,Glendale,Queens,QN0503,40.70179568844,-73.88247310788
restaurant,DELILICIOUS KITCHEN & CAFE,Spanish,Glendale,Queens,QN0503,40.70128595353,-73.88877101468
restaurant,DON TEQUILA URBAN CANTINA,Spanish,Glendale,Queens,QN0503,40.70217633693,-73.85530405763
restaurant,DOUBLE RESTAURANT,Chinese,Glendale,Queens,QN0503,40.7008487792,-73.89376315379
restaurant,DUNKIN,Donuts,Glendale,Queens,QN0503,40.70253517635,-73.85472982611
restaurant,DUNKIN' / 'BASKIN ROBBINS,Donuts,Glendale,Queens,QN0503,40.7019395386,-73.88090038982
restaurant,EDDY'S FRESH BREAKFAST & LUNCH,American,Glendale,Queens,QN0503,40.70862341104,-73.85939469786
restaurant,FIVE GUYS BURGERS AND FRIES,Hamburgers,Glendale,Queens,QN0503,40.70994659609,-73.8595614252
restaurant,FIVE GUYS FAMOUS BURGERS AND FRIES,Hamburgers,Glendale,Queens,QN0503,40.70994659609,-73.8595614252
restaurant,GLENDALE BAGELS,American,Glendale,Queens,QN0503,40.70187724152,-73.88170476537
restaurant,GLENDALE DINER,Mediterranean,Glendale,Queens,QN0503,40.70201243896,-73.87974254958
restaurant,GLENDALE PIZZA,Pizza,Glendale,Queens,QN0503,40.70171997547,-73.88359127411
restaurant,GRACE PIZZA,Pizza,Glendale,Queens,QN0503,40.70193680133,-73.88090760786
restaurant,HANOLI CAKES,Bakery Products/Desserts,Glendale,Queens,QN0503,40.70317009794,-73.85984625364
restaurant,HOME DELI & CATERING,Sandwiches,Glendale,Queens,QN0503,40.70440218541,-73.87626857504
restaurant,JOYO,Chinese/Japanese,Glendale,Queens,QN0503,40.70280896203,-73.87016915035
restaurant,KANJI SUSHI,Japanese,Glendale,Queens,QN0503,40.70102533754,-73.89178289331
restaurant,KING WOK,Chinese,Glendale,Queens,QN0503,40.70179837775,-73.88241900472
restaurant,LA NAZIONALE SOCCER CLUB,Coffee/Tea,Glendale,Queens,QN0503,40.70299039492,-73.86800842701
restaurant,LASER BOUNCE,American,Glendale,Queens,QN0503,40.70958739756,-73.8691531555
restaurant,LEONE'S PIZZERIA & RESTAURANT,Pizza,Glendale,Queens,QN0503,40.71066185479,-73.86548989036
restaurant,MCDONALD'S,Hamburgers,Glendale,Queens,QN0503,40.70173909929,-73.88083222471
restaurant,MI NUEVA BONANZA BAKERY & RESTAURANT,Bakery Products/Desserts,Glendale,Queens,QN0503,40.70200161488,-73.87989043859
restaurant,NEW YORK GRILL,American,Glendale,Queens,QN0503,40.70117984458,-73.88974134789
restaurant,NTK LUNCHEONETTE,American,Glendale,Queens,QN0503,40.70878745111,-73.86340166174
restaurant,PANDA EXPRESS,Chinese,Glendale,Queens,QN0503,40.71177165323,-73.85938442418
restaurant,PANERA BREAD,American,Glendale,Queens,QN0503,40.70994659609,-73.8595614252
restaurant,POPEYES LOUISIANA KITCHEN,Chicken,Glendale,Queens,QN0503,40.70229436193,-73.85530380048
restaurant,POT NOODLE,Asian/Asian Fusion,Glendale,Queens,QN0503,40.70925905095,-73.87005554399
restaurant,PRIME SLICE,Pizza,Glendale,Queens,QN0503,40.70408027489,-73.88338876903
restaurant,QUEENS BEER GARDEN,American,Glendale,Queens,QN0503,40.70968311001,-73.86884276585
restaurant,REGAL CINEMAS,American,Glendale,Queens,QN0503,40.70958739756,-73.8691531555
restaurant,SERBIAN ASSOCIATION OF NEW YORK,Eastern European,Glendale,Queens,QN0503,40.70033897666,-73.88874014241
restaurant,SPORTS CLUB OF GLENDALE,Coffee/Tea,Glendale,Queens,QN0503,40.7024704755,-73.87430657887
restaurant,STARBUCKS,Coffee/Tea,Glendale,Queens,QN0503,40.70925905095,-73.87005554399
restaurant,SUBWAY #47857,Sandwiches,Glendale,Queens,QN0503,40.70944514225,-73.86956823806
restaurant,SWEET RICE,Chinese,Glendale,Queens,QN0503,40.70299581802,-73.86795071022
restaurant,TEE DEE'S TAVERN,Irish,Glendale,Queens,QN0503,40.69817000504,-73.89097250801
restaurant,THE AVENUE,American,Glendale,Queens,QN0503,40.70204227155,-73.87939987109
restaurant,TULUM CAFETERIA,Mexican,Glendale,Queens,QN0503,40.70136718889,-73.88763481973
restaurant,YER MAN'S IRISH PUB,Irish,Glendale,Queens,QN0503,40.71053481937,-73.8648300602
restaurant,YIP SZECHUAN RESTAURANT,Chinese,Glendale,Queens,QN0503,40.70123973936,-73.88923272783
restaurant,ZUM STAMMTISCH,German,Glendale,Queens,QN0503,40.70186889553,-73.88159658333
restaurant,AMAZING TASTE CARIBBEAN AND AMERICAN RESTAURANT,Caribbean,Hollis,Queens,QN1206,40.70616547718,-73.75817498481
restaurant,BURGER KING,Hamburgers,Hollis,Queens,QN1206,40.71326525626,-73.76564126679
restaurant,CARRIBEAN SPORTS BAR,Caribbean,Hollis,Queens,QN1206,40.71339059318,-73.76252420405
restaurant,CHACHI'S HALAL,Korean,Hollis,Queens,QN1206,40.71429507269,-73.77691388862
restaurant,CROWN FRIED CHICKEN,Chicken,Hollis,Queens,QN1206,40.71090373331,-73.77056963694
restaurant,CROWN FRIED CHICKEN,Chicken,Hollis,Queens,QN1206,40.72040559635,-73.76089013081
restaurant,DATZ DELI,Caribbean,Hollis,Queens,QN1206,40.70959146182,-73.76771021899
restaurant,DOMINO'S,Pizza,Hollis,Queens,QN1206,40.70707813381,-73.75112746819
restaurant,DUNKIN,Donuts,Hollis,Queens,QN1206,40.70707813381,-73.75112746819
restaurant,"DUNKIN', BASKIN ROBBINS",Donuts,Hollis,Queens,QN1206,40.71026958985,-73.77189560774
restaurant,EL BUEN SABOR 2,Spanish,Hollis,Queens,QN1206,40.71343706949,-73.76111362174
restaurant,EL PALO RESTAURANT,Mexican,Hollis,Queens,QN1206,40.71336449576,-73.76317720026
restaurant,EL RINCONCITO PAISA 2,Latin American,Hollis,Queens,QN1206,40.71343693422,-73.76104869259
restaurant,ELENA'S 43 RESTAURANT,Latin American,Hollis,Queens,QN1206,40.71885930797,-73.75780768215
restaurant,FRANHILL DELI,Sandwiches,Hollis,Queens,QN1206,40.72041115355,-73.76092257902
restaurant,GUAC TIME,Mexican,Hollis,Queens,QN1206,40.71430869122,-73.77685973414
restaurant,HALAL KRISPY,Middle Eastern,Hollis,Queens,QN1206,40.72069228934,-73.76016757894
restaurant,HO WAH CHINA WOK INC,Chinese,Hollis,Queens,QN1206,40.71327812417,-73.76522278696
restaurant,HONG KONG RESTAURANT,Chinese,Hollis,Queens,QN1206,40.71573684238,-73.7717217098
restaurant,JAMAICAN BEST RESTAURANT,Caribbean,Hollis,Queens,QN1206,40.72037829918,-73.76096238071
restaurant,KATHERIN RESTAURANT LOUNGE,Spanish,Hollis,Queens,QN1206,40.71339059318,-73.76252420405
restaurant,KENNEDY CHICKEN GRILL SEAFOOD,Chicken,Hollis,Queens,QN1206,40.70714311537,-73.75198205083
restaurant,LA BAGUETTE SHOP,Bakery Products/Desserts,Hollis,Queens,QN1206,40.71257124007,-73.76854747585
restaurant,LA PERLA DE ORIENTE,Spanish,Hollis,Queens,QN1206,40.71349761807,-73.75597674267
restaurant,LENG EARTH FOOD,Caribbean,Hollis,Queens,QN1206,40.70701541293,-73.7525848725
restaurant,MAMA'S FRIED CHICKEN,Chicken,Hollis,Queens,QN1206,40.71328526424,-73.76468889705
restaurant,MAYA'S GARDEN & JUICE BAR,Caribbean,Hollis,Queens,QN1206,40.70714856588,-73.75196399617
restaurant,MCDONALDS,American,Hollis,Queens,QN1206,40.72039750496,-73.76095870398
restaurant,NEW PIZZA PLACE,Pizza,Hollis,Queens,QN1206,40.70714040182,-73.75199648841
restaurant,NO. 1 HALAL KITCHEN,Chinese,Hollis,Queens,QN1206,40.71478513246,-73.77486691773
restaurant,ONE STOP ROTI SHOP AND BAKERY,Caribbean,Hollis,Queens,QN1206,40.70637368675,-73.75929234045
restaurant,PANDA HOUSE,Chinese,Hollis,Queens,QN1206,40.72036465057,-73.76099850564
restaurant,PAPA JOHN'S,Pizza,Hollis,Queens,QN1206,40.70617107318,-73.75822545975
restaurant,POPEYES,Chicken,Hollis,Queens,QN1206,40.71367620981,-73.75477488339
restaurant,POPEYES,Chicken,Hollis,Queens,QN1206,40.71843010232,-73.76523703592
restaurant,SABO WEST INDIAN,Caribbean,Hollis,Queens,QN1206,40.71336450321,-73.76318080744
restaurant,SUBWAY,Sandwiches,Hollis,Queens,QN1206,40.71367620981,-73.75477488339
restaurant,TASTEE JERK,Caribbean,Hollis,Queens,QN1206,40.70616917602,-73.75732737148
restaurant,XIN XING 88 CHINESE RESTAURANT,Chinese,Hollis,Queens,QN1206,40.71094207335,-73.77052621967
restaurant,ALL AMERICAN BAGEL & BARISTA COMPANY,Other,Howard Beach-Lindenwood,Queens,QN1003,40.66621434218,-73.85108925617
restaurant,ARAMARK @ FISERV,American,Howard Beach-Lindenwood,Queens,QN1003,40.65846818623,-73.83102755449
restaurant,ASIAN CAFE,Chinese,Howard Beach-Lindenwood,Queens,QN1003,40.66025440957,-73.84015272542
restaurant,BAYA BAR,"Juice, Smoothies, Fruit Salads",Howard Beach-Lindenwood,Queens,QN1003,40.65026266296,-73.83767934673
restaurant,BROTHER'S RAVIOLIS,Italian,Howard Beach-Lindenwood,Queens,QN1003,40.66042190111,-73.84019557433
restaurant,BRUNO'S RESTAURANT,Italian,Howard Beach-Lindenwood,Queens,QN1003,40.66032579883,-73.84017057526
restaurant,"BURGER KING, POPEYES",Hamburgers,Howard Beach-Lindenwood,Queens,QN1003,40.6549743657,-73.83884995752
restaurant,CARVEL,Frozen Desserts,Howard Beach-Lindenwood,Queens,QN1003,40.65208034665,-73.8381289942
restaurant,CHARCOALGRILL & MODERN BUFFET,Chinese,Howard Beach-Lindenwood,Queens,QN1003,40.67182905188,-73.85667513586
restaurant,CHIPOTLE MEXICAN GRILL #3044,Mexican,Howard Beach-Lindenwood,Queens,QN1003,40.65712153349,-73.8393817673
restaurant,CHIPOTLE MEXICAN GRILL #3056,Mexican,Howard Beach-Lindenwood,Queens,QN1003,40.67190865029,-73.85667496415
restaurant,CHUCK E. CHEESE,Pizza,Howard Beach-Lindenwood,Queens,QN1003,40.67190865029,-73.85667496415
restaurant,COLD STONE CREAMERY,Frozen Desserts,Howard Beach-Lindenwood,Queens,QN1003,40.6620967955,-73.84060965769
restaurant,CROSSBAY DINER,American,Howard Beach-Lindenwood,Queens,QN1003,40.65688536665,-73.83929944322
restaurant,DANNY'S CHINESE KITCHEN,Chinese,Howard Beach-Lindenwood,Queens,QN1003,40.6552132422,-73.83890704283
restaurant,DANNY'S SZECHUAN GARDEN RESTAURANT,Chinese,Howard Beach-Lindenwood,Queens,QN1003,40.66345867401,-73.84094521222
restaurant,DIVINO'S,Italian,Howard Beach-Lindenwood,Queens,QN1003,40.65052900316,-73.83774716807
restaurant,DUNKIN,Donuts,Howard Beach-Lindenwood,Queens,QN1003,40.66609464645,-73.85191858792
restaurant,DUNKIN DONUTS,Donuts,Howard Beach-Lindenwood,Queens,QN1003,40.65217369956,-73.83815039004
restaurant,DUNKIN DONUTS,Donuts,Howard Beach-Lindenwood,Queens,QN1003,40.67190865029,-73.85667496415
restaurant,ETTO ESPRESSO BAR,Coffee/Tea,Howard Beach-Lindenwood,Queens,QN1003,40.65834334678,-73.8396563379
restaurant,FRENASIA,Asian/Asian Fusion,Howard Beach-Lindenwood,Queens,QN1003,40.65180299703,-73.83803957347
restaurant,FULEEN PALACE,Chinese,Howard Beach-Lindenwood,Queens,QN1003,40.66013070451,-73.83047186885
restaurant,GINO'S PIZZERIA,Pizza,Howard Beach-Lindenwood,Queens,QN1003,40.66004024176,-73.84009917615
restaurant,GUACODA RESTAURANT,Other,Howard Beach-Lindenwood,Queens,QN1003,40.66223957387,-73.84064535937
restaurant,HAGANE HIBACHI JAPANESE GRILL,Japanese,Howard Beach-Lindenwood,Queens,QN1003,40.65554822123,-73.83898912403
restaurant,HOOK & REEL,Seafood,Howard Beach-Lindenwood,Queens,QN1003,40.67182905188,-73.85667513586
restaurant,HOWARD BEACH BAGEL CAFE,Bagels/Pretzels,Howard Beach-Lindenwood,Queens,QN1003,40.65323081947,-73.83841811012
restaurant,JADE LINDEN RESTAURANT,Chinese,Howard Beach-Lindenwood,Queens,QN1003,40.67026777117,-73.85707503729
restaurant,JUICE BAR NUTRITION,"Juice, Smoothies, Fruit Salads",Howard Beach-Lindenwood,Queens,QN1003,40.67182905188,-73.85667513586
restaurant,KFC,Chicken,Howard Beach-Lindenwood,Queens,QN1003,40.65999081571,-73.84008487791
restaurant,KPOT KOREAN BBQ AND HOTPOT,Korean,Howard Beach-Lindenwood,Queens,QN1003,40.65495236695,-73.8388211787
restaurant,KUNG FU TEA,Coffee/Tea,Howard Beach-Lindenwood,Queens,QN1003,40.65547683176,-73.83897127675
restaurant,LA VILLA DE PIZZA & RESTAURANT,Pizza,Howard Beach-Lindenwood,Queens,QN1003,40.66608920813,-73.8519582509
restaurant,LENNY'S CLAM BAR,Seafood,Howard Beach-Lindenwood,Queens,QN1003,40.65555093561,-73.83896749314
restaurant,LIMITLESS FITNESS,"Juice, Smoothies, Fruit Salads",Howard Beach-Lindenwood,Queens,QN1003,40.66222032536,-73.84062017463
restaurant,MATTEO'S OF HOWARD BEACH,Italian,Howard Beach-Lindenwood,Queens,QN1003,40.66487615967,-73.84179609954
restaurant,MCDONALD'S,Hamburgers,Howard Beach-Lindenwood,Queens,QN1003,40.65843672962,-73.83969936309
restaurant,MIKADO CRUNCHY CHICKEN & SUSHI,Japanese,Howard Beach-Lindenwood,Queens,QN1003,40.66612457794,-73.85171666219
restaurant,MR. GREEN,Hawaiian,Howard Beach-Lindenwood,Queens,QN1003,40.66015830728,-73.84012772647
restaurant,NANA'S,American,Howard Beach-Lindenwood,Queens,QN1003,40.65023795487,-73.83767580331
restaurant,NEW PARK PIZZERIA & RESTAURANT,Pizza,Howard Beach-Lindenwood,Queens,QN1003,40.66310170331,-73.84083793281
restaurant,OLD COUNTRY BAGEL,Bagels/Pretzels,Howard Beach-Lindenwood,Queens,QN1003,40.6535740383,-73.83850377034
restaurant,OLD MILL YACHT CLUB,Other,Howard Beach-Lindenwood,Queens,QN1003,40.65203638442,-73.83809666651
restaurant,PANINO RUSTICO OF HOWARD BEACH,Italian,Howard Beach-Lindenwood,Queens,QN1003,40.65538073425,-73.83894988534
restaurant,PASTICCERIA LA TORRE,Bakery Products/Desserts,Howard Beach-Lindenwood,Queens,QN1003,40.66044661413,-73.84020272353
restaurant,PRIMA PASTA & CAFE,Italian,Howard Beach-Lindenwood,Queens,QN1003,40.6549743657,-73.83884995752
restaurant,ROMA VIEW CATERING,American,Howard Beach-Lindenwood,Queens,QN1003,40.65719563735,-73.83937798405
restaurant,RUSSO'S ON THE BAY,American,Howard Beach-Lindenwood,Queens,QN1003,40.65335708929,-73.83842501099
restaurant,SAKURA,Japanese,Howard Beach-Lindenwood,Queens,QN1003,40.66013633903,-73.84012057072
restaurant,SOBOL,"Juice, Smoothies, Fruit Salads",Howard Beach-Lindenwood,Queens,QN1003,40.66371952254,-73.84101307325
restaurant,STARBUCKS,Coffee/Tea,Howard Beach-Lindenwood,Queens,QN1003,40.66178924543,-73.84051307684
restaurant,SUGAR BUN BAKERY,Bakery Products/Desserts,Howard Beach-Lindenwood,Queens,QN1003,40.66367284138,-73.84099876697
restaurant,TACO BELL,Tex-Mex,Howard Beach-Lindenwood,Queens,QN1003,40.67206790122,-73.85671787998
restaurant,THAT'S A WRAP,American,Howard Beach-Lindenwood,Queens,QN1003,40.65205563349,-73.83812184666
restaurant,THE RAIL BAR & GRILL,American,Howard Beach-Lindenwood,Queens,QN1003,40.66039708081,-73.83056129719
restaurant,TWIST IT TOP IT FROZEN YOGURT,Frozen Desserts,Howard Beach-Lindenwood,Queens,QN1003,40.66037522487,-73.84018487363
restaurant,VETRO,American,Howard Beach-Lindenwood,Queens,QN1003,40.64997432875,-73.83758635341
restaurant,WIN HOU,Chinese,Howard Beach-Lindenwood,Queens,QN1003,40.66613001617,-73.85167699917
restaurant,375 CHICKEN N' FRIES,Chicken,Jackson Heights,Queens,QN0301,40.7536715685,-73.87198621694
restaurant,70 COPAS,Mexican,Jackson Heights,Queens,QN0301,40.75557939567,-73.88516075964
restaurant,969 NYC COFFEE,Japanese,Jackson Heights,Queens,QN0301,40.74918777175,-73.88609214977
restaurant,ABDULLAH SWEETS & RESTAURANT,Bangladeshi,Jackson Heights,Queens,QN0301,40.74886734659,-73.89252053816
restaurant,ADDA GHOR,Bangladeshi,Jackson Heights,Queens,QN0301,40.74879948541,-73.89333269864
restaurant,ADELA'S CAFE RESTAURANT,Latin American,Jackson Heights,Queens,QN0301,40.75093893706,-73.8730237285
restaurant,ALADDIN RESTAURANT,Bangladeshi,Jackson Heights,Queens,QN0301,40.74844477194,-73.89264754085
restaurant,ALEX'S PIZZA & DELI,American,Jackson Heights,Queens,QN0301,40.75062954672,-73.89556025075
restaurant,AMARU,Peruvian,Jackson Heights,Queens,QN0301,40.75577787657,-73.88329069839
restaurant,ANGEL INDIAN RESTAURANT,Indian,Jackson Heights,Queens,QN0301,40.7490740958,-73.89056044643
restaurant,AQUI EN BELLA PUEBLA,Mexican,Jackson Heights,Queens,QN0301,40.74884677093,-73.87243222723
restaurant,AREPA LADY,Latin American,Jackson Heights,Queens,QN0301,40.74928367885,-73.88872665758
restaurant,AREPAS BURGER,Latin American,Jackson Heights,Queens,QN0301,40.75547880724,-73.88613188313
restaurant,ARMONDO'S,Italian,Jackson Heights,Queens,QN0301,40.75469263597,-73.89348925946
restaurant,AROMA BRAZIL,Brazilian,Jackson Heights,Queens,QN0301,40.7469658519,-73.89028241997
restaurant,ARTISAN TEA & COFFEE,Coffee/Tea,Jackson Heights,Queens,QN0301,40.74985180131,-73.88316036284
restaurant,ASADERO LA FOGATA,Latin American,Jackson Heights,Queens,QN0301,40.75576972303,-73.88337012158
restaurant,BAGEL HOUSE,Bakery Products/Desserts,Jackson Heights,Queens,QN0301,40.75625334452,-73.87860109595
restaurant,BAHT,Thai,Jackson Heights,Queens,QN0301,40.74938701993,-73.88774118747
restaurant,BAR MI DELIRIO,Fusion,Jackson Heights,Queens,QN0301,40.75316429488,-73.87244197393
restaurant,BARRANQUILLA BAKERY,Latin American,Jackson Heights,Queens,QN0301,40.75375670428,-73.87202936532
restaurant,BARRELHOUSE,Latin American,Jackson Heights,Queens,QN0301,40.75558212959,-73.88514992645
restaurant,BARZOLA,Latin American,Jackson Heights,Queens,QN0301,40.75073502365,-73.87479263648
restaurant,BISTRO ELOISE,French,Jackson Heights,Queens,QN0301,40.75860529358,-73.89202107172
restaurant,BLESSDAY HERBALIFE NUTRITION CLUB,"Juice, Smoothies, Fruit Salads",Jackson Heights,Queens,QN0301,40.7558682857,-73.87785463414
restaurant,BORA BORA,Latin American,Jackson Heights,Queens,QN0301,40.74804525082,-73.88002004064
restaurant,BQE BILLIARDS & BAR,American,Jackson Heights,Queens,QN0301,40.75256229266,-73.89603724819
restaurant,BURGER KING,Hamburgers,Jackson Heights,Queens,QN0301,40.75107893451,-73.87058000593
restaurant,CAFE DE COLOMBIA BAKERY,Bakery Products/Desserts,Jackson Heights,Queens,QN0301,40.74986285015,-73.88322891766
restaurant,CAFE SALAMANCA,Spanish,Jackson Heights,Queens,QN0301,40.75528301422,-73.88799109443
restaurant,CAFETALES,Latin American,Jackson Heights,Queens,QN0301,40.74727047479,-73.88740190981
restaurant,CAFFE BENE,Bakery Products/Desserts,Jackson Heights,Queens,QN0301,40.74958552863,-73.88585687184
restaurant,CANTINA LA 87,Latin American,Jackson Heights,Queens,QN0301,40.75606329082,-73.88058306437
restaurant,CAPY,Bakery Products/Desserts,Jackson Heights,Queens,QN0301,40.74824908393,-73.87809963917
restaurant,CARVEL,Frozen Desserts,Jackson Heights,Queens,QN0301,40.75861073553,-73.8919705278
restaurant,CASSIDY'S ALE HOUSE,Irish,Jackson Heights,Queens,QN0301,40.75855073075,-73.89237490564
restaurant,CHAMPION PIZZA,Pizza,Jackson Heights,Queens,QN0301,40.74937804459,-73.88423311321
restaurant,CHAPIYORK DELI GROCERY AND RESTAURANT,Latin American,Jackson Heights,Queens,QN0301,40.75091413502,-73.87047926889
restaurant,CHEF CBTM BISTRO FUSION CORNER,Chinese,Jackson Heights,Queens,QN0301,40.74725780612,-73.8913429921
restaurant,CHEF'S MAHAL,Bangladeshi,Jackson Heights,Queens,QN0301,40.74837612257,-73.89261517008
restaurant,CHICK-FIL-A,Chicken,Jackson Heights,Queens,QN0301,40.75473571506,-73.89862541832
restaurant,CHIFA,Peruvian,Jackson Heights,Queens,QN0301,40.75469535393,-73.89346037963
restaurant,CHIPOTLE MEXICAN GRILL,Tex-Mex,Jackson Heights,Queens,QN0301,40.75605498516,-73.88051449864
restaurant,CHIVITO DE ORO,Latin American,Jackson Heights,Queens,QN0301,40.74994149303,-73.8822940026
restaurant,CHOLADOS Y MANGOS,"Juice, Smoothies, Fruit Salads",Jackson Heights,Queens,QN0301,40.75036023186,-73.87849999147
restaurant,CHOLADOS Y MANGOS 2,"Juice, Smoothies, Fruit Salads",Jackson Heights,Queens,QN0301,40.75548152692,-73.88610661212
restaurant,CIELITO LINDO,Mexican,Jackson Heights,Queens,QN0301,40.74824638134,-73.87813934406
restaurant,CLUB EVOLUTION,Latin American,Jackson Heights,Queens,QN0301,40.74706648598,-73.88932225438
restaurant,COATZINGO,Mexican,Jackson Heights,Queens,QN0301,40.74736566308,-73.88651031641
restaurant,COCO FRESH TEA & JUICE,Coffee/Tea,Jackson Heights,Queens,QN0301,40.74942196801,-73.88424025488
restaurant,CORA,Latin American,Jackson Heights,Queens,QN0301,40.7499469307,-73.88224346448
restaurant,COSITAS RICAS,Latin American,Jackson Heights,Queens,QN0301,40.74737110262,-73.8864597806
restaurant,D'ANTIGUA,Latin American,Jackson Heights,Queens,QN0301,40.75576686817,-73.88326184181
restaurant,DELICIAS CALENAS,Latin American,Jackson Heights,Queens,QN0301,40.75050641292,-73.89299429875
restaurant,DELICIAS COLOMBIANAS,Latin American,Jackson Heights,Queens,QN0301,40.74941922325,-73.88424025967
restaurant,DENNY'S,American,Jackson Heights,Queens,QN0301,40.75605498516,-73.88051449864
restaurant,DERA,Pakistani,Jackson Heights,Queens,QN0301,40.7475782251,-73.89350428681
restaurant,DOSA DELIGHT,Indian,Jackson Heights,Queens,QN0301,40.75050915768,-73.89299429432
restaurant,DUE FRATELLI,Pizza,Jackson Heights,Queens,QN0301,40.74919396633,-73.88962187357
restaurant,DUNKIN,American,Jackson Heights,Queens,QN0301,40.75439875143,-73.89627259256
restaurant,DUNKIN,American,Jackson Heights,Queens,QN0301,40.74907682679,-73.89054600541
restaurant,DUNKIN,American,Jackson Heights,Queens,QN0301,40.75605498516,-73.88051449864
restaurant,DUNKIN',Donuts,Jackson Heights,Queens,QN0301,40.7501945188,-73.87004757051
restaurant,DUNKIN' / BASKIN ROBBINS,American,Jackson Heights,Queens,QN0301,40.74686792717,-73.89121370612
restaurant,EATZY CHINESE,Bangladeshi,Jackson Heights,Queens,QN0301,40.74825653844,-73.89388937029
restaurant,EL ABUELO GOZON,Latin American,Jackson Heights,Queens,QN0301,40.7473602271,-73.88656446124
restaurant,EL BUDARE CAFE,Latin American,Jackson Heights,Queens,QN0301,40.7481512657,-73.87903817944
restaurant,EL COCINERITO,Latin American,Jackson Heights,Queens,QN0301,40.74807514846,-73.87973847874
restaurant,EL COYOTE,Mexican,Jackson Heights,Queens,QN0301,40.7553753308,-73.88696584866
restaurant,EL ENCEBOLLADO DE VICTOR 2,Latin American,Jackson Heights,Queens,QN0301,40.74862676556,-73.87453675857
restaurant,EL ENCEBOLLADO DE VICTOR 5,Spanish,Jackson Heights,Queens,QN0301,40.7473629326,-73.88652475722
restaurant,EL MAGUEY,Mexican,Jackson Heights,Queens,QN0301,40.75567715096,-73.88411022939
restaurant,EL MICHOACANO BAKERY,Bakery Products/Desserts,Jackson Heights,Queens,QN0301,40.74926858737,-73.87665050128
restaurant,EL PAISA BAR,Latin American,Jackson Heights,Queens,QN0301,40.75606600553,-73.88055418341
restaurant,EL PASO,Latin American,Jackson Heights,Queens,QN0301,40.75273623707,-73.87255468596
restaurant,EL PERRO,Latin American,Jackson Heights,Queens,QN0301,40.75538076697,-73.88691169732
restaurant,EL POLLO INKA PERU,Peruvian,Jackson Heights,Queens,QN0301,40.75624789701,-73.87864081063
restaurant,EL RUMBERO,Latin American,Jackson Heights,Queens,QN0301,40.75557669064,-73.88520046863
restaurant,EL TOUM,Middle Eastern,Jackson Heights,Queens,QN0301,40.75080570066,-73.89020388687
restaurant,EL TUCANAZO,Latin American,Jackson Heights,Queens,QN0301,40.74736021283,-73.88655002512
restaurant,ELEMENTS PIZZERIA,Pizza,Jackson Heights,Queens,QN0301,40.75567185449,-73.8843015415
restaurant,EMOJI BURGER,Hamburgers,Jackson Heights,Queens,QN0301,40.7495719376,-73.885990434
restaurant,EMPANADAS MIX,Spanish,Jackson Heights,Queens,QN0301,40.75547882156,-73.88614632101
restaurant,ENCEBOLLADOS 7 POTENCIA,Spanish,Jackson Heights,Queens,QN0301,40.75096348003,-73.87287931224
restaurant,ENERGIA Y FIGURA,"Juice, Smoothies, Fruit Salads",Jackson Heights,Queens,QN0301,40.75627306992,-73.88171968589
restaurant,ESPRESSO 77,American,Jackson Heights,Queens,QN0301,40.75091183401,-73.88925448411
restaurant,FABRIKA,Latin American,Jackson Heights,Queens,QN0301,40.7553807812,-73.88692613518
restaurant,FAMOUS PIZZA,Pizza,Jackson Heights,Queens,QN0301,40.7490713889,-73.8906001513
restaurant,FAMOUS ROTISSERIE AND GRILL,Asian/Asian Fusion,Jackson Heights,Queens,QN0301,40.74910475177,-73.86996308536
restaurant,FOOD JUNCTION,Pizza,Jackson Heights,Queens,QN0301,40.74687064455,-73.8911848296
restaurant,FRESH BAKERY & SWEETS,Bakery Products/Desserts,Jackson Heights,Queens,QN0301,40.74842553499,-73.89262230831
restaurant,FRIEND'S TAVERN,Latin American,Jackson Heights,Queens,QN0301,40.74726776898,-73.88744161374
restaurant,FRUITTI YUMMI,Frozen Desserts,Jackson Heights,Queens,QN0301,40.74956923228,-73.88603013936
restaurant,GATA GOLOSA,Latin American,Jackson Heights,Queens,QN0301,40.75044717827,-73.87766610613
restaurant,GIANNI'S PIZZERIA,Pizza,Jackson Heights,Queens,QN0301,40.7554842466,-73.88608134111
restaurant,GILDA'S RESTAURANT,Peruvian,Jackson Heights,Queens,QN0301,40.76013868773,-73.87743526341
restaurant,GURY'S MARKET,Latin American,Jackson Heights,Queens,QN0301,40.74687337904,-73.89117399809
restaurant,HAIRO'S,Latin American,Jackson Heights,Queens,QN0301,40.74755595724,-73.88466576825
restaurant,HAPPY KITCHEN,Japanese,Jackson Heights,Queens,QN0301,40.74956091553,-73.88594714307
restaurant,HIMALAYAN RESTAURANT & BAR,Asian/Asian Fusion,Jackson Heights,Queens,QN0301,40.74897344796,-73.89151703007
restaurant,HOMBRES LOUNGE,Latin American,Jackson Heights,Queens,QN0301,40.75006112788,-73.88119298962
restaurant,HOMEMADE TAQUERIA,Mexican,Jackson Heights,Queens,QN0301,40.74696041068,-73.89033295516
restaurant,HOY SE BEBE,Latin American,Jackson Heights,Queens,QN0301,40.74726505254,-73.88747049059
restaurant,IHOP#3790,American,Jackson Heights,Queens,QN0301,40.75047192724,-73.87021305074
restaurant,ITTADI GARDEN & GRILL,Bangladeshi,Jackson Heights,Queens,QN0301,40.74715709075,-73.89223458603
restaurant,J. NAZCA PALACE,Peruvian,Jackson Heights,Queens,QN0301,40.75303440987,-73.871651777
restaurant,J.J. GARDEN,Chinese,Jackson Heights,Queens,QN0301,40.75858081469,-73.89225934818
restaurant,JACKSON HOUSE,American,Jackson Heights,Queens,QN0301,40.74975391618,-73.8840736542
restaurant,JAHN'S,American,Jackson Heights,Queens,QN0301,40.74965336582,-73.88507356733
restaurant,JAX INN DINER,American,Jackson Heights,Queens,QN0301,40.75459195713,-73.89443870081
restaurant,JING FU HOUSE,Chinese,Jackson Heights,Queens,QN0301,40.74909933586,-73.87002806034
restaurant,JUANCHO VALDEZ COFFEE,American,Jackson Heights,Queens,QN0301,40.74945757563,-73.88691818197
restaurant,JUICE GARDEN,"Juice, Smoothies, Fruit Salads",Jackson Heights,Queens,QN0301,40.75073212644,-73.87216512987
restaurant,JUNCTION SEAFOOD RESTAURANT,Latin American,Jackson Heights,Queens,QN0301,40.75364136006,-73.87197183771
restaurant,JUST MADE 4 U,American,Jackson Heights,Queens,QN0301,40.74958282336,-73.88589657722
restaurant,K & L DELICATESSEN,Sandwiches,Jackson Heights,Queens,QN0301,40.74917763656,-73.88976626611
restaurant,KABAB KING,Pakistani,Jackson Heights,Queens,QN0301,40.74715438327,-73.89227428969
restaurant,KABU,Latin American,Jackson Heights,Queens,QN0301,40.75588933852,-73.88224013789
restaurant,KAFRA'S BAKERY,Latin American,Jackson Heights,Queens,QN0301,40.74995508346,-73.88216404812
restaurant,KENNEDY CHICKEN PIZZA & KABAB,Chicken,Jackson Heights,Queens,QN0301,40.75626980161,-73.87859023728
restaurant,KFC,Chicken,Jackson Heights,Queens,QN0301,40.75607417215,-73.88048919752
restaurant,KHAMPA KITCHEN,Asian/Asian Fusion,Jackson Heights,Queens,QN0301,40.74696858285,-73.8902679794
restaurant,KING HOUSE,Chinese,Jackson Heights,Queens,QN0301,40.75065638325,-73.87567343347
restaurant,KING RIVER,Chinese,Jackson Heights,Queens,QN0301,40.75904847841,-73.88763459984
restaurant,KING WAH RESTAURANT,Chinese,Jackson Heights,Queens,QN0301,40.75430633877,-73.89728337266
restaurant,KITCHEN 79,Thai,Jackson Heights,Queens,QN0301,40.74907891979,-73.8870415376
restaurant,KOTHA GRILL & KABAB,Bangladeshi,Jackson Heights,Queens,QN0301,40.74880220668,-73.89330743047
restaurant,KUSA,Spanish,Jackson Heights,Queens,QN0301,40.75073212644,-73.87216512987
restaurant,LA AUTENTICA AMBATENITA BAKERY,Latin American,Jackson Heights,Queens,QN0301,40.74886305478,-73.87226617649
restaurant,LA BOINA ROJA,Steakhouse,Jackson Heights,Queens,QN0301,40.74956634045,-73.88588216894
restaurant,LA CABANA ARGENTINIAN STEAKHOUSE,Steakhouse,Jackson Heights,Queens,QN0301,40.75597088968,-73.88147116874
restaurant,LA CASA DEL POLLO,Peruvian,Jackson Heights,Queens,QN0301,40.74814311891,-73.8791212031
restaurant,LA CASA DEL POLLO PERUANO,Peruvian,Jackson Heights,Queens,QN0301,40.74884134159,-73.87248637442
restaurant,LA ELEGANCIA,Latin American,Jackson Heights,Queens,QN0301,40.75035190966,-73.87841699513
restaurant,LA GITANA #4,Latin American,Jackson Heights,Queens,QN0301,40.75056674153,-73.87653981199
restaurant,LA GRAN URUGUAYA,Latin American,Jackson Heights,Queens,QN0301,40.75004480872,-73.88133738612
restaurant,LA GRAN URUGUAYA PANADERIA,Bakery Products/Desserts,Jackson Heights,Queens,QN0301,40.75004480872,-73.88133738612
restaurant,LA HUECA,Latin American,Jackson Heights,Queens,QN0301,40.75085197678,-73.87381431547
restaurant,LA HUECA MANABITA,Spanish,Jackson Heights,Queens,QN0301,40.75006111293,-73.88117855291
restaurant,LA MONTANA BAKERY,Bakery Products/Desserts,Jackson Heights,Queens,QN0301,40.75595339237,-73.87787252499
restaurant,LA NUEVA BAKERY,Bakery Products/Desserts,Jackson Heights,Queens,QN0301,40.75014537921,-73.88038798996
restaurant,LA NUEVA COLOMBIA,Latin American,Jackson Heights,Queens,QN0301,40.76013325603,-73.87748941941
restaurant,LA NUEVA DELICIA,Latin American,Jackson Heights,Queens,QN0301,40.75083279125,-73.87383961653
restaurant,LA PANTERA 93,Mexican,Jackson Heights,Queens,QN0301,40.74866751006,-73.87414689793
restaurant,LA PEQUENA COLOMBIA,Latin American,Jackson Heights,Queens,QN0301,40.7477924987,-73.88244578561
restaurant,LA PEQUENA TASTE OF ITALY PIZZERIA,Mexican,Jackson Heights,Queens,QN0301,40.74911759462,-73.87662190888
restaurant,LA PERRADA DE CHALO,Latin American,Jackson Heights,Queens,QN0301,40.75566628124,-73.884218533
restaurant,LA RICURA RESTAURANT BAKERY,Latin American,Jackson Heights,Queens,QN0301,40.75065911237,-73.8756589915
restaurant,LA RUANA PAISA,Spanish,Jackson Heights,Queens,QN0301,40.75074333274,-73.87486119599
restaurant,LA SAZON DEL MONO,Latin American,Jackson Heights,Queens,QN0301,40.74891464964,-73.87176801846
restaurant,LAKESIDE NYC,Asian/Asian Fusion,Jackson Heights,Queens,QN0301,40.74927552504,-73.88880968147
restaurant,LALIGURAS BISTRO,Asian/Asian Fusion,Jackson Heights,Queens,QN0301,40.74737968404,-73.88962850016
restaurant,LALY'S RESTAURANT,Mexican,Jackson Heights,Queens,QN0301,40.74697130345,-73.8902427118
restaurant,LAS AMERICAS BAKERY,Bakery Products/Desserts,Jackson Heights,Queens,QN0301,40.75082464425,-73.87391903497
restaurant,LAS MARGARITAS RESTAURANT & SPORTS BAR,Latin American,Jackson Heights,Queens,QN0301,40.74985996573,-73.8830917742
restaurant,LATINO BITES,Latin American,Jackson Heights,Queens,QN0301,40.75578060664,-73.88327625561
restaurant,LECHONERIA NEW YORK II,Latin American,Jackson Heights,Queens,QN0301,40.75578333671,-73.88326181283
restaurant,LEGENDS TAVERN,American,Jackson Heights,Queens,QN0301,40.75071936849,-73.89473359846
restaurant,LEO'S,Latin American,Jackson Heights,Queens,QN0301,40.74785772037,-73.88181047499
restaurant,LESSING'S (BULOVA CORPORATE CENTER),American,Jackson Heights,Queens,QN0301,40.76571730529,-73.89238133026
restaurant,LETY BAKERY,Bakery Products/Desserts,Jackson Heights,Queens,QN0301,40.74927825581,-73.88879524033
restaurant,LETY'S SPORT BAR,Mexican,Jackson Heights,Queens,QN0301,40.74939176156,-73.87381348289
restaurant,LHASA TIBET RESTAURANT & BAR,Asian/Asian Fusion,Jackson Heights,Queens,QN0301,40.74918036745,-73.88975182503
restaurant,LIMA,Peruvian,Jackson Heights,Queens,QN0301,40.75588391196,-73.88230150901
restaurant,LIMONCITO CON RON,Latin American,Jackson Heights,Queens,QN0301,40.75596544117,-73.88151088301
restaurant,LOS CHUZOS,Latin American,Jackson Heights,Queens,QN0301,40.74735749661,-73.88657890205
restaurant,LOS TRES POTRILLOS,Mexican,Jackson Heights,Queens,QN0301,40.74765382516,-73.88373085373
restaurant,LUCIA PIZZA,Pizza,Jackson Heights,Queens,QN0301,40.74975121153,-73.88411335975
restaurant,LUCKY STAR,Chinese,Jackson Heights,Queens,QN0301,40.7537292406,-73.87201498075
restaurant,LUCKY STRIKE,American,Jackson Heights,Queens,QN0301,40.75247519979,-73.89685669878
restaurant,MAGIA EN TU VIDA,Pancakes/Waffles,Jackson Heights,Queens,QN0301,40.74953258593,-73.86965546885
restaurant,MAGIC FRUIT,Fruits/Vegetables,Jackson Heights,Queens,QN0301,40.75547322456,-73.88603804631
restaurant,MAHARAJA QUALITY SWEETS,Indian,Jackson Heights,Queens,QN0301,40.74887006768,-73.89249526993
restaurant,MAKARA,Latin American,Jackson Heights,Queens,QN0301,40.75547050489,-73.88606331732
restaurant,MALABAR,Spanish,Jackson Heights,Queens,QN0301,40.7557833257,-73.88325098437
restaurant,MAMA'S EMPANADAS,Latin American,Jackson Heights,Queens,QN0301,40.75587848167,-73.88235927063
restaurant,MAMA'S EMPANADAS,Latin American,Jackson Heights,Queens,QN0301,40.75577517219,-73.88333040758
restaurant,MANANG ANA,Asian/Asian Fusion,Jackson Heights,Queens,QN0301,40.74724133415,-73.89133941004
restaurant,MANGO CREPES AND MORE,French,Jackson Heights,Queens,QN0301,40.75566354741,-73.88422936623
restaurant,MANNAN BAKERY,Bakery Products/Desserts,Jackson Heights,Queens,QN0301,40.75072754315,-73.89466861957
restaurant,MARISCOS EL SUBMARINO,Seafood,Jackson Heights,Queens,QN0301,40.74824093398,-73.87817905399
restaurant,MAX BAKERY & RESTAURANT,Bakery Products/Desserts,Jackson Heights,Queens,QN0301,40.74927130884,-73.87662884138
restaurant,MAYA'S SNACK BAR,Frozen Desserts,Jackson Heights,Queens,QN0301,40.75318350417,-73.87243832765
restaurant,MCDONALD'S,Hamburgers,Jackson Heights,Queens,QN0301,40.74938078935,-73.88423310842
restaurant,MEMO'S RESTAURANT,Spanish,Jackson Heights,Queens,QN0301,40.76004356623,-73.87832343175
restaurant,MERIT KABAB,Bangladeshi,Jackson Heights,Queens,QN0301,40.74717285179,-73.89148388318
restaurant,MERIT KABAB & SWEETS,Bangladeshi,Jackson Heights,Queens,QN0301,40.74859764775,-73.89176306337
restaurant,MI PEQUENO EL SALVADOR,Latin American,Jackson Heights,Queens,QN0301,40.75095480924,-73.87248592256
restaurant,MICHELADA HOUSE II,Mexican,Jackson Heights,Queens,QN0301,40.74825181335,-73.87808519781
restaurant,MING STAR,Chinese,Jackson Heights,Queens,QN0301,40.7562533598,-73.878615534
restaurant,MING WOK KITCHEN,Chinese,Jackson Heights,Queens,QN0301,40.75576685348,-73.88324740386
restaurant,MISTER CANGREJO,Spanish,Jackson Heights,Queens,QN0301,40.75568546904,-73.8841932331
restaurant,MOJITOS,Latin American,Jackson Heights,Queens,QN0301,40.75547609113,-73.88616076361
restaurant,MONTIELLE CAFE,Latin American,Jackson Heights,Queens,QN0301,40.75065366587,-73.87569870307
restaurant,MOON CHEESE,Hamburgers,Jackson Heights,Queens,QN0301,40.75987509837,-73.87994450357
restaurant,MOONLITE GRILL & CHICKEN,Middle Eastern,Jackson Heights,Queens,QN0301,40.74705553804,-73.89223835996
restaurant,MR. BRUNO'S PIZZERIA,Pizza,Jackson Heights,Queens,QN0301,40.75860800437,-73.89198497084
restaurant,MY BLACK THAI,Thai,Jackson Heights,Queens,QN0301,40.75547049414,-73.8860524889
restaurant,NABANNO,Bangladeshi,Jackson Heights,Queens,QN0301,40.74818123115,-73.89260104913
restaurant,NAMASTE TASI DELEK,Indian,Jackson Heights,Queens,QN0301,40.74717012751,-73.89150554178
restaurant,NANA'S KITCHEN,Latin American,Jackson Heights,Queens,QN0301,40.76002998398,-73.87845701649
restaurant,NANCY BLAKE'S TAVERN + TAP,Irish,Jackson Heights,Queens,QN0301,40.7555848346,-73.88511021746
restaurant,NASHVILLE FRIED CHICKEN & PIZZA,Chicken,Jackson Heights,Queens,QN0301,40.75430906091,-73.89725810256
restaurant,NEPALI BHANCHHA GHAR,Asian/Asian Fusion,Jackson Heights,Queens,QN0301,40.74686793744,-73.89122453313
restaurant,NEPALI MOMO CAFE,Asian/Asian Fusion,Jackson Heights,Queens,QN0301,40.74725222428,-73.89124555744
restaurant,NEW LIN'S KITCHEN,Chinese,Jackson Heights,Queens,QN0301,40.75063226519,-73.89553137276
restaurant,NEW PEKING KITCHEN,Chinese,Jackson Heights,Queens,QN0301,40.74928369285,-73.88874109412
restaurant,NEW YORK AL TOQUE,Latin American,Jackson Heights,Queens,QN0301,40.74984908227,-73.88318563183
restaurant,NOVA SUSHI & TERIYAKI,Other,Jackson Heights,Queens,QN0301,40.75006944808,-73.88127598594
restaurant,NUEVAS BRISAS DEL VALLE,Spanish,Jackson Heights,Queens,QN0301,40.75053940264,-73.87664092071
restaurant,NUTRICION FAMILIAR,Other,Jackson Heights,Queens,QN0301,40.75045534326,-73.87760112539
restaurant,NY LHASALIANG FEN,Asian/Asian Fusion,Jackson Heights,Queens,QN0301,40.74687064455,-73.8911848296
restaurant,OCEANIC BOIL,Seafood,Jackson Heights,Queens,QN0301,40.74995509458,-73.88217487563
restaurant,OM WOK RESTAURANT,Asian/Asian Fusion,Jackson Heights,Queens,QN0301,40.75626708358,-73.87861550889
restaurant,OVER THE MOON,Coffee/Tea,Jackson Heights,Queens,QN0301,40.74987100359,-73.88314950151
restaurant,PALACIO DE LOS CHOLADOS,Frozen Desserts,Jackson Heights,Queens,QN0301,40.75566898593,-73.88417882391
restaurant,PAN FINO CAFE BAKERY,Latin American,Jackson Heights,Queens,QN0301,40.75586758772,-73.88244230842
restaurant,PANADERIA Y PASTELERIA CARMELITA,Bakery Products/Desserts,Jackson Heights,Queens,QN0301,40.75246104232,-73.87439235526
restaurant,PARIS BAGUETTE,Bakery Products/Desserts,Jackson Heights,Queens,QN0301,40.75615552606,-73.8795433582
restaurant,PARIS BAGUETTE,French,Jackson Heights,Queens,QN0301,40.7507191268,-73.87036415448
restaurant,PARRILLADAS SUNRISE,Mexican,Jackson Heights,Queens,QN0301,40.75568001959,-73.88423294698
restaurant,PARVA BAKE SHOP & CAFE,Bakery Products/Desserts,Jackson Heights,Queens,QN0301,40.75557397477,-73.88522934919
restaurant,PAVELAND,Frozen Desserts,Jackson Heights,Queens,QN0301,40.75547322456,-73.88603804631
restaurant,PECOSHITAS CAFE BAKERY,Bakery Products/Desserts,Jackson Heights,Queens,QN0301,40.74745811768,-73.88563677035
restaurant,PHAYUL 2,Asian/Asian Fusion,Jackson Heights,Queens,QN0301,40.747554445,-73.89155904918
restaurant,PHAYUL FRESH FOOD,Asian/Asian Fusion,Jackson Heights,Queens,QN0301,40.74717285179,-73.89148388318
restaurant,PICANTERIA EL AUSTRO,Latin American,Jackson Heights,Queens,QN0301,40.74951437229,-73.88333419628
restaurant,PICO DE GALLO,Mexican,Jackson Heights,Queens,QN0301,40.74746082287,-73.88559706624
restaurant,PIO PIO TO GO,Latin American,Jackson Heights,Queens,QN0301,40.75578605576,-73.88323654159
restaurant,PIO-PIO,Latin American,Jackson Heights,Queens,QN0301,40.7557559809,-73.88335209828
restaurant,PIZZA HUT,Pizza,Jackson Heights,Queens,QN0301,40.74997155201,-73.88216401888
restaurant,PIZZA SAM,Pizza,Jackson Heights,Queens,QN0301,40.75624519423,-73.87868052029
restaurant,PLAKA ESTIATORIO,Greek,Jackson Heights,Queens,QN0301,40.75860801456,-73.89199579976
restaurant,POBLADO GASTROBAR,Latin American,Jackson Heights,Queens,QN0301,40.74908988106,-73.88702347329
restaurant,POLLOS A LA BRASA MARIO,Latin American,Jackson Heights,Queens,QN0301,40.7475505185,-73.88471630435
restaurant,POLLOS A LA BRASA MARIO,Latin American,Jackson Heights,Queens,QN0301,40.74984637793,-73.88322533747
restaurant,POLLOS MARIO,Latin American,Jackson Heights,Queens,QN0301,40.74805342093,-73.87995867161
restaurant,POPEYES,Chicken,Jackson Heights,Queens,QN0301,40.75615008958,-73.87959390127
restaurant,POT NOODLE & TEA HOUSE,Japanese,Jackson Heights,Queens,QN0301,40.75006944808,-73.88127598594
restaurant,PREMIUM SWEETS & RESTAURANT,Bangladeshi,Jackson Heights,Queens,QN0301,40.74833221655,-73.8926260684
restaurant,PRINCESA AZTECA,Mexican,Jackson Heights,Queens,QN0301,40.75096346404,-73.87286487534
restaurant,PUEBLA SEAFOOD,Mexican,Jackson Heights,Queens,QN0301,40.7490151694,-73.87084388781
restaurant,PUNTO COLOMBIANO EN LA NUEVA 90 BAKERY,Latin American,Jackson Heights,Queens,QN0301,40.75011414738,-73.87681134296
restaurant,QAHWAH VALLEY,Coffee/Tea,Jackson Heights,Queens,QN0301,40.74908784713,-73.89058929678
restaurant,QUE RICO TACO,Tex-Mex,Jackson Heights,Queens,QN0301,40.75596535491,-73.87880014556
restaurant,QUEENS BEER FACTORY,American,Jackson Heights,Queens,QN0301,40.75597359342,-73.88143145936
restaurant,RAICES COLOMBIANAS,Latin American,Jackson Heights,Queens,QN0301,40.75013994235,-73.88043852838
restaurant,RAISING CANE'S #0928,Chicken,Jackson Heights,Queens,QN0301,40.74755868749,-73.88465132732
restaurant,RAJA SWEETS & FAST FOOD,Indian,Jackson Heights,Queens,QN0301,40.74880492794,-73.8932821623
restaurant,RAJDHANI RESTAURANT & SWEET,Bangladeshi,Jackson Heights,Queens,QN0301,40.74897617907,-73.89150258911
restaurant,READY PENNY INN,American,Jackson Heights,Queens,QN0301,40.74852436321,-73.8926401939
restaurant,RED CHILLI,Indian,Jackson Heights,Queens,QN0301,40.74918035705,-73.88974099765
restaurant,RIAZOR BLUES,Tapas,Jackson Heights,Queens,QN0301,40.75625893328,-73.87869493325
restaurant,RICKY'S CAFE,American,Jackson Heights,Queens,QN0301,40.74906321654,-73.89066512908
restaurant,ROMANTICOS,Bottled Beverages,Jackson Heights,Queens,QN0301,40.74705832826,-73.88940166641
restaurant,ROMEO'S,Italian,Jackson Heights,Queens,QN0301,40.74899807911,-73.89144119819
restaurant,SABOR PERUANO II,Peruvian,Jackson Heights,Queens,QN0301,40.74897441181,-73.87121209783
restaurant,SAGAR CHINESE,Chinese,Jackson Heights,Queens,QN0301,40.74899263739,-73.89149173483
restaurant,SALUD PERFECTA,"Juice, Smoothies, Fruit Salads",Jackson Heights,Queens,QN0301,40.7507487632,-73.87480704744
restaurant,SALVAJE SOCIAL CLUB,Latin American,Jackson Heights,Queens,QN0301,40.75528846497,-73.88795138109
restaurant,SANTUARIO CAFE,Coffee/Tea,Jackson Heights,Queens,QN0301,40.74967798909,-73.88499412313
restaurant,SATORI BURGERS,Latin American,Jackson Heights,Queens,QN0301,40.76013595839,-73.87744970738
restaurant,SEBA SEBA,Latin American,Jackson Heights,Queens,QN0301,40.74947389825,-73.88677017898
restaurant,SEBA SEBA BAKERY,Latin American,Jackson Heights,Queens,QN0301,40.75567458469,-73.88428709878
restaurant,SEBRA'S CORN DOGS,Korean,Jackson Heights,Queens,QN0301,40.74994421187,-73.88226873354
restaurant,SHAKE SHACK #1506,Hamburgers,Jackson Heights,Queens,QN0301,40.74977040296,-73.88409167124
restaurant,SHANAI RESTAURANT & PARTY HALL,Bangladeshi,Jackson Heights,Queens,QN0301,40.74785367832,-73.89161630521
restaurant,SING SHENG KITCHEN,Chinese,Jackson Heights,Queens,QN0301,40.75044989609,-73.87764083669
restaurant,SOL BOULEVARD,Latin American,Jackson Heights,Queens,QN0301,40.75606873901,-73.88054334996
restaurant,SONRIE A LA FAMILIA,"Juice, Smoothies, Fruit Salads",Jackson Heights,Queens,QN0301,40.75644244502,-73.88362160625
restaurant,SONRIE CON NOSOTROS (HERBALIFE),"Juice, Smoothies, Fruit Salads",Jackson Heights,Queens,QN0301,40.75040373724,-73.87305001698
restaurant,STARBUCKS,Coffee/Tea,Jackson Heights,Queens,QN0301,40.7493897541,-73.88773035541
restaurant,STARBUCKS,Coffee/Tea,Jackson Heights,Queens,QN0301,40.75036206343,-73.87014830001
restaurant,SUBWAY,Sandwiches,Jackson Heights,Queens,QN0301,40.75858080113,-73.89224490962
restaurant,SUNRISE KARAHI HOUSE,Pakistani,Jackson Heights,Queens,QN0301,40.7546871833,-73.89352897199
restaurant,SUSANO'S PIZZERIA & RESTAURANT II,Pizza,Jackson Heights,Queens,QN0301,40.75316976032,-73.8724203073
restaurant,T-SWIRL CREPE,Bakery Products/Desserts,Jackson Heights,Queens,QN0301,40.74996884802,-73.88220372464
restaurant,TACO BELL,Tex-Mex,Jackson Heights,Queens,QN0301,40.74986012008,-73.88324335915
restaurant,TACOS AL SUADERO,Mexican,Jackson Heights,Queens,QN0301,40.74936190527,-73.87664671868
restaurant,TACOS MORELOS,Mexican,Jackson Heights,Queens,QN0301,40.75095257296,-73.87294429931
restaurant,TASTE OF NEPAL,Asian/Asian Fusion,Jackson Heights,Queens,QN0301,40.74724678607,-73.89129970179
restaurant,THE CRUS-Z FAMILY RESTAURANT,Mexican,Jackson Heights,Queens,QN0301,40.7481431037,-73.87910676681
restaurant,THE KING OF TACO,Mexican,Jackson Heights,Queens,QN0301,40.76004084826,-73.87834870481
restaurant,THE ORIGINAL AMERICAN CHICKEN,Chicken,Jackson Heights,Queens,QN0301,40.74937614678,-73.88784948023
restaurant,THE QUEENSBORO,American,Jackson Heights,Queens,QN0301,40.75536445483,-73.88707054184
restaurant,THE SISTER PIZZA,Pizza,Jackson Heights,Queens,QN0301,40.74927824182,-73.88878080379
restaurant,THOMAS PIZZA,Pizza,Jackson Heights,Queens,QN0301,40.75056130637,-73.87659035105
restaurant,TIBETAN JAPANESE RESTAURANT,Asian/Asian Fusion,Jackson Heights,Queens,QN0301,40.74908227843,-73.89050629599
restaurant,TIKKA GRILL,Pakistani,Jackson Heights,Queens,QN0301,40.76460327577,-73.88702593655
restaurant,TOP TASTY BAGEL,American,Jackson Heights,Queens,QN0301,40.7559790419,-73.88139174507
restaurant,TRUE COLORS,Latin American,Jackson Heights,Queens,QN0301,40.74736838285,-73.8864850485
restaurant,UNCLE PETER'S,Continental,Jackson Heights,Queens,QN0301,40.75568273886,-73.88420767582
restaurant,UNO CAFE & BILLIARDS,American,Jackson Heights,Queens,QN0301,40.74725960195,-73.88751019916
restaurant,URUBAMBA,Peruvian,Jackson Heights,Queens,QN0301,40.75015354198,-73.88031940068
restaurant,VALDES HOUSE BAR RESTAURANT,Latin American,Jackson Heights,Queens,QN0301,40.76013324062,-73.87747498052
restaurant,VANILLA CAFE,Bakery Products/Desserts,Jackson Heights,Queens,QN0301,40.74953258593,-73.86965546885
restaurant,VARIETY BAKERY,Bakery Products/Desserts,Jackson Heights,Queens,QN0301,40.7553834975,-73.88689725477
restaurant,VIVA FELIZ 365 (HERBALIFE),"Juice, Smoothies, Fruit Salads",Jackson Heights,Queens,QN0301,40.75246104232,-73.87439235526
restaurant,VIVA LA HEIGHTS,Latin American,Jackson Heights,Queens,QN0301,40.74726775836,-73.88743078666
restaurant,WARIQUE,Peruvian,Jackson Heights,Queens,QN0301,40.75053124207,-73.87670951085
restaurant,WENDY'S,Hamburgers,Jackson Heights,Queens,QN0301,40.75428442916,-73.89733754775
restaurant,WHITEXICANS,Mexican,Jackson Heights,Queens,QN0301,40.75548697702,-73.88606689851
restaurant,WINGSTOP,Chicken,Jackson Heights,Queens,QN0301,40.75529390513,-73.88790083937
restaurant,WOKS CHINESE CUISINE,Chinese,Jackson Heights,Queens,QN0301,40.74948218949,-73.88682791125
restaurant,WONDER,American,Jackson Heights,Queens,QN0301,40.74976766914,-73.88410250351
restaurant,YERAS,Latin American,Jackson Heights,Queens,QN0301,40.75597087477,-73.88145673075
restaurant,375° CHICKEN 'N FRIES,Chicken,Jamaica,Queens,QN1201,40.70083909755,-73.80654693756
restaurant,786 PERI PERI GRILL,American,Jamaica,Queens,QN1201,40.70881670233,-73.7784363917
restaurant,A CHURRASQUEIRA,Portuguese,Jamaica,Queens,QN1201,40.69821198002,-73.80633099502
restaurant,AASHA RESTAURANT AND PARTY HALL,Bangladeshi,Jamaica,Queens,QN1201,40.70791639274,-73.78418158091
restaurant,ADOBO MEXICAN GRILL,Tex-Mex,Jamaica,Queens,QN1201,40.70521365423,-73.80945566192
restaurant,AFRICANA,African,Jamaica,Queens,QN1201,40.69500259906,-73.80589679132
restaurant,"AIR BAR, NY DELI, TIM HORTONS",American,Jamaica,Queens,QN1201,40.69944585653,-73.80720376119
restaurant,AL AQSA RESTAURANT & SWEETS,Bangladeshi,Jamaica,Queens,QN1201,40.70596758804,-73.80892690699
restaurant,AL MEHRAN,Pakistani,Jamaica,Queens,QN1201,40.70819746665,-73.80309893283
restaurant,AMAZURA,Bottled Beverages,Jamaica,Queens,QN1201,40.70054308823,-73.81008577356
restaurant,AROMATIC KITCHEN,Chinese,Jamaica,Queens,QN1201,40.7019376114,-73.80528143697
restaurant,ATOMIC WINGS / BURGER HOLE,Chicken,Jamaica,Queens,QN1201,40.70779845255,-73.80250497886
restaurant,AUNTIE ANNE'S PRETZEL/CINNABON,Bakery Products/Desserts,Jamaica,Queens,QN1201,40.70083909755,-73.80654693756
restaurant,AZKA BBQ,American,Jamaica,Queens,QN1201,40.70873094635,-73.80367806864
restaurant,BARRIO SLICE,American,Jamaica,Queens,QN1201,40.70801514926,-73.78269882182
restaurant,BBQ VILLAGE,Pakistani,Jamaica,Queens,QN1201,40.71319226503,-73.78149872144
restaurant,BEIJING DUMPLING HOUSE,Chinese,Jamaica,Queens,QN1201,40.70440605763,-73.80907566825
restaurant,BELLA LULU'S,American,Jamaica,Queens,QN1201,40.70492565403,-73.79990585263
restaurant,BELLA'S PLACE,Mexican,Jamaica,Queens,QN1201,40.70511747359,-73.80938740973
restaurant,BERBICE BAR AND RESTAURANT,Caribbean,Jamaica,Queens,QN1201,40.70788508598,-73.78651895265
restaurant,BEST SALAD BAR,American,Jamaica,Queens,QN1201,40.70492565403,-73.79990585263
restaurant,BORA BORA,"Juice, Smoothies, Fruit Salads",Jamaica,Queens,QN1201,40.70226632098,-73.80814410633
restaurant,BUEN SABOR HONDURENO,Spanish,Jamaica,Queens,QN1201,40.70773835677,-73.78732015395
restaurant,Breadfruit Kitchen,Caribbean,Jamaica,Queens,QN1201,40.70507356336,-73.80939114251
restaurant,CANAS RESTAURANT AND BAR,Latin American,Jamaica,Queens,QN1201,40.70221651427,-73.81120984997
restaurant,CARDINAL CAFE,Coffee/Tea,Jamaica,Queens,QN1201,40.70252457316,-73.79557794709
restaurant,CARIBBEAN ROTI EXPRESS,Caribbean,Jamaica,Queens,QN1201,40.70790685601,-73.78641788949
restaurant,CARMINES RESTAURANT,American,Jamaica,Queens,QN1201,40.69560519349,-73.80515575321
restaurant,CENTRO DE BIENESTAR DAYSI,"Juice, Smoothies, Fruit Salads",Jamaica,Queens,QN1201,40.71044943555,-73.79290237776
restaurant,CHANG PAI,Chinese,Jamaica,Queens,QN1201,40.70956879039,-73.79620551901
restaurant,CHAPINES BAKERY,Bakery Products/Desserts,Jamaica,Queens,QN1201,40.70692372677,-73.79061220619
restaurant,CHECKERS,Hamburgers,Jamaica,Queens,QN1201,40.71321677538,-73.78139763951
restaurant,CHIPOTLE MEXICAN GRILL #3020,Tex-Mex,Jamaica,Queens,QN1201,40.7037768291,-73.7990437125
restaurant,CHIPOTLE MEXICAN GRILL #3483,Tex-Mex,Jamaica,Queens,QN1201,40.70083909755,-73.80654693756
restaurant,CHORIZOS LLANEROS,Latin American,Jamaica,Queens,QN1201,40.70492565403,-73.79990585263
restaurant,COCOLUAH PIZZA,Pizza,Jamaica,Queens,QN1201,40.69889635119,-73.80687717329
restaurant,COLD STONE CREAMERY,Frozen Desserts,Jamaica,Queens,QN1201,40.70446010026,-73.79738255785
restaurant,COURT HOUSE GOURMET DELI,Sandwiches/Salads/Mixed Buffet,Jamaica,Queens,QN1201,40.70438957704,-73.80906850222
restaurant,CROWN FRIED CHICKEN,Chicken,Jamaica,Queens,QN1201,40.7069912747,-73.80238113982
restaurant,CROWN FRIED CHICKEN,Chicken,Jamaica,Queens,QN1201,40.71111452529,-73.79185785934
restaurant,Cardinals' Kitechen,American,Jamaica,Queens,QN1201,40.70252457316,-73.79557794709
restaurant,Cooklyn,American,Jamaica,Queens,QN1201,40.70279130123,-73.80211232175
restaurant,DAI HING RESTAURANT,Chinese,Jamaica,Queens,QN1201,40.7050652811,-73.80936231234
restaurant,DALLAS BBQ,Barbecue,Jamaica,Queens,QN1201,40.70552409473,-73.80153070195
restaurant,DELICIAS CALENAS #4,Latin American,Jamaica,Queens,QN1201,40.69883588131,-73.80682685947
restaurant,DELICIAS CUENCANAS RESTAURANT,Spanish,Jamaica,Queens,QN1201,40.71178084046,-73.78998728808
restaurant,DELICIAS MARLEN COFFEE SHOP,Latin American,Jamaica,Queens,QN1201,40.70182865805,-73.81069882009
restaurant,DELICIOUS,Spanish,Jamaica,Queens,QN1201,40.70195941636,-73.80519120867
restaurant,DHAKA SWEETS & RESTAURANT,Bangladeshi,Jamaica,Queens,QN1201,40.71040430231,-73.79375017156
restaurant,DHANSHIRI,Bangladeshi,Jamaica,Queens,QN1201,40.71081958081,-73.79268119284
restaurant,DOLL'S,Latin American,Jamaica,Queens,QN1201,40.70517066373,-73.81167754222
restaurant,DOMENICK`S PIZZA,Pizza,Jamaica,Queens,QN1201,40.70512574985,-73.8094126332
restaurant,DRAGON CITY RESTAURANT,Chinese,Jamaica,Queens,QN1201,40.69821751829,-73.80635982984
restaurant,DUNKIN,Donuts,Jamaica,Queens,QN1201,40.71077315455,-73.79281119175
restaurant,DUNKIN,Donuts,Jamaica,Queens,QN1201,40.69965185941,-73.80728971793
restaurant,DUNKIN,Donuts,Jamaica,Queens,QN1201,40.70222356477,-73.79151424692
restaurant,DUNKIN DONUTS,Donuts,Jamaica,Queens,QN1201,40.70479069656,-73.79652314766
restaurant,DUNKIN' / BASKIN ROBBINS,Donuts,Jamaica,Queens,QN1201,40.70180325136,-73.80862151079
restaurant,DUNKIN' / BASKIN ROBBINS,Donuts,Jamaica,Queens,QN1201,40.70252281929,-73.81388868619
restaurant,"DUNKIN',' BASKIN ROBBINS",Donuts,Jamaica,Queens,QN1201,40.69267162706,-73.80877403498
restaurant,"DUNKIN',' BASKIN ROBBINS",Donuts,Jamaica,Queens,QN1201,40.70642170161,-73.79226931866
restaurant,DUNKIN/ MAMA MIA'S PIZZA,Coffee/Tea,Jamaica,Queens,QN1201,40.7033942773,-73.80002587971
restaurant,DUNKIN/BASKIN ROBBINS,Coffee/Tea,Jamaica,Queens,QN1201,40.7073044511,-73.80253890987
restaurant,Doner King NYC,Mediterranean,Jamaica,Queens,QN1201,40.70846902302,-73.78033479722
restaurant,EL BUEN SABOR,Latin American,Jamaica,Queens,QN1201,40.70664885362,-73.79804314293
restaurant,EL CATRACHO SPORTS BAR,Spanish,Jamaica,Queens,QN1201,40.70925838779,-73.77549884142
restaurant,EL COMAL RESTAURANT,Latin American,Jamaica,Queens,QN1201,40.70617486511,-73.80813281391
restaurant,EL ENCANTO CENTRO-AMERICANO RESTAURANT,Latin American,Jamaica,Queens,QN1201,40.70192659559,-73.80525982983
restaurant,EL MONUMENTAL RESTAURANT,Latin American,Jamaica,Queens,QN1201,40.70517066965,-73.81168114895
restaurant,EL NUEVO CAFE LATINO,Latin American,Jamaica,Queens,QN1201,40.70218884088,-73.81107287836
restaurant,EL PATRON DE GRECIA BAR,Other,Jamaica,Queens,QN1201,40.70746895981,-73.78858342313
restaurant,EL REY,Latin American,Jamaica,Queens,QN1201,40.70579292527,-73.80952974218
restaurant,EL RINCON HONDURENO,Latin American,Jamaica,Queens,QN1201,40.70725644786,-73.78944253326
restaurant,EL RINCONCITO PAISA RESTAURANT & BAKERY,Latin American,Jamaica,Queens,QN1201,40.70229066842,-73.81291195046
restaurant,EL SOL DE MEXICO,Mexican,Jamaica,Queens,QN1201,40.69822846689,-73.80634176606
restaurant,El RINCON,Latin American,Jamaica,Queens,QN1201,40.70793296992,-73.78423923744
restaurant,FERJE'S NB,Mexican,Jamaica,Queens,QN1201,40.70716711976,-73.80248521538
restaurant,FLORIAN AT LIRR HSF,American,Jamaica,Queens,QN1201,40.7061772411,-73.77613323558
restaurant,FOO ON RESTAURANT,Chinese,Jamaica,Queens,QN1201,40.71387037059,-73.77871171314
restaurant,Fengs Garden Chinese Food To Take Out,Chinese,Jamaica,Queens,QN1201,40.70640605533,-73.8020438407
restaurant,G &L CAJUN GRILL,Chinese,Jamaica,Queens,QN1201,40.70492565403,-73.79990585263
restaurant,G'S HOMESTYLE COOKING,Caribbean,Jamaica,Queens,QN1201,40.69822026305,-73.80635982183
restaurant,GABY'S PIZZERIA & RESTAURANT,Latin American,Jamaica,Queens,QN1201,40.69820923526,-73.80633100302
restaurant,GENESIS # 1 WEST INDIAN,Caribbean,Jamaica,Queens,QN1201,40.70852412022,-73.79994189936
restaurant,GIRASOLES MEXICAN CUISINE,Mexican,Jamaica,Queens,QN1201,40.70915756544,-73.77587430699
restaurant,GO DETOX JUICE BAR,Sandwiches,Jamaica,Queens,QN1201,40.70180329952,-73.80865036318
restaurant,GOLDEN CHICKEN,Chicken,Jamaica,Queens,QN1201,40.71276740921,-73.78325320107
restaurant,GOLDEN KRUST CARIBBEAN BAKERY & GRILL,Caribbean,Jamaica,Queens,QN1201,40.70552575888,-73.79468144315
restaurant,GOLDEN KRUST CARIBBEAN BAKERY & GRILL,Caribbean,Jamaica,Queens,QN1201,40.70157701069,-73.80792249142
restaurant,GOLDEN KRUST CARIBBEAN BAKERY & GRILL,Caribbean,Jamaica,Queens,QN1201,40.70293323875,-73.80007415418
restaurant,GRANO DE CAFE,Latin American,Jamaica,Queens,QN1201,40.69619962263,-73.80445800083
restaurant,HALAL HIBACHI BITES INC.,Other,Jamaica,Queens,QN1201,40.71298259208,-73.78237956222
restaurant,HALAL KRISPY FRIED CHICKEN AND PIZZA,American,Jamaica,Queens,QN1201,40.71276753873,-73.78332173676
restaurant,HALALBEE'S,American,Jamaica,Queens,QN1201,40.71363886496,-73.77964675243
restaurant,HOMEMADE TAQUERIA,Mexican,Jamaica,Queens,QN1201,40.70738142867,-73.80261081835
restaurant,HUNNY,Korean,Jamaica,Queens,QN1201,40.70492565403,-73.79990585263
restaurant,JAMAICA FISH MARKET,Seafood,Jamaica,Queens,QN1201,40.70793383091,-73.78469731106
restaurant,JAMAICA HOT PIZZA,Pizza,Jamaica,Queens,QN1201,40.70159347928,-73.80792244379
restaurant,JAMAICA PIZZA,Other,Jamaica,Queens,QN1201,40.70554215641,-73.79464171798
restaurant,JAMAICA POOL & PIZZA,Pizza,Jamaica,Queens,QN1201,40.70811296838,-73.78217549964
restaurant,JAMAICAN FLAVORS,Caribbean,Jamaica,Queens,QN1201,40.70424412332,-73.79787012121
restaurant,JAMAICAN FLAVORS,Caribbean,Jamaica,Queens,QN1201,40.70523075542,-73.79548305443
restaurant,JENNIFER'S RESTAURANT,Latin American,Jamaica,Queens,QN1201,40.70730461302,-73.80423413587
restaurant,JOL KHABAR,Bangladeshi,Jamaica,Queens,QN1201,40.70640816071,-73.7923703519
restaurant,JOLLIBEE,Asian/Asian Fusion,Jamaica,Queens,QN1201,40.7040118279,-73.79844429142
restaurant,JOUVAY,Caribbean,Jamaica,Queens,QN1201,40.69621874987,-73.80440745683
restaurant,JUICY KING CRAB EXPRESS,Chinese,Jamaica,Queens,QN1201,40.71277571167,-73.78328924561
restaurant,Jennyy's Bakery Deli Corp,Bakery Products/Desserts,Jamaica,Queens,QN1201,40.70751258329,-73.78842458163
restaurant,Juan Pachanga's Sports Bar & Restaurant,Spanish,Jamaica,Queens,QN1201,40.70788777702,-73.78649008882
restaurant,KAIETEUR RESTAURANT & BAKERY,Caribbean,Jamaica,Queens,QN1201,40.71357134485,-73.77879206829
restaurant,KASSIM'S BAKERY & RESTAURANT,Caribbean,Jamaica,Queens,QN1201,40.70695907264,-73.79042814553
restaurant,KFC,Chicken,Jamaica,Queens,QN1201,40.71183643955,-73.78738999127
restaurant,KHALIL BIRYANI HOUSE,Asian/Asian Fusion,Jamaica,Queens,QN1201,40.70981430299,-73.79535351305
restaurant,KING SAGITARIUS,Spanish,Jamaica,Queens,QN1201,40.7023634383,-73.81209304824
restaurant,KUNG FU TEA,Coffee/Tea,Jamaica,Queens,QN1201,40.70806554457,-73.80299833064
restaurant,LA ABUNDANCIA BAKERY AND RESTAURANT,Spanish,Jamaica,Queens,QN1201,40.70728813213,-73.80422697073
restaurant,LA CABANA PERUVIAN RESTAURANT,Spanish,Jamaica,Queens,QN1201,40.70651717977,-73.79194440589
restaurant,LA GARRA CATRACHA RESTAURANT,Spanish,Jamaica,Queens,QN1201,40.70695089108,-73.79045702612
restaurant,LA PANADERIA TOTOPAN,Latin American,Jamaica,Queens,QN1201,40.70195883682,-73.80974992008
restaurant,LET'S GET JUICED,"Juice, Smoothies, Fruit Salads",Jamaica,Queens,QN1201,40.70344353835,-73.79994277829
restaurant,LITTLE CAESARS,Pizza,Jamaica,Queens,QN1201,40.70180613455,-73.80870445349
restaurant,LOS RANCHEROS,Spanish,Jamaica,Queens,QN1201,40.70395361415,-73.79656538605
restaurant,LOVELL'S GUIDING LIGHT,Bottled Beverages,Jamaica,Queens,QN1201,40.70617769435,-73.80818330098
restaurant,MALONEY'S PUBLIC HOUSE,Other,Jamaica,Queens,QN1201,40.70516966607,-73.80941250715
restaurant,MAMA LUISA'S RESTAURANT,Tex-Mex,Jamaica,Queens,QN1201,40.70806932617,-73.78231991914
restaurant,MARGHERITA PIZZA,Pizza,Jamaica,Queens,QN1201,40.70466771305,-73.79682288244
restaurant,MARINA RESTAURANT,Spanish,Jamaica,Queens,QN1201,40.70224144866,-73.81135043606
restaurant,MCDONALD'S,Hamburgers,Jamaica,Queens,QN1201,40.70251790876,-73.81424575374
restaurant,MCDONALD'S,Hamburgers,Jamaica,Queens,QN1201,40.70340255562,-73.80005110135
restaurant,MCDONALD'S,American,Jamaica,Queens,QN1201,40.70083909755,-73.80654693756
restaurant,MI TIERRA,Latin American,Jamaica,Queens,QN1201,40.70194579669,-73.80525256038
restaurant,MIRANDA'S PUPUSERIA,Spanish,Jamaica,Queens,QN1201,40.70492565403,-73.79990585263
restaurant,MOTIN SWEETS AND MASALA,Bangladeshi,Jamaica,Queens,QN1201,40.70730187442,-73.80423775081
restaurant,MR LATTE,Coffee/Tea,Jamaica,Queens,QN1201,40.70750365137,-73.78656706833
restaurant,NABANNO RESTAURANT,Bangladeshi,Jamaica,Queens,QN1201,40.71080593525,-73.79272452012
restaurant,NEW DAI HING RESTAURANT,Chinese,Jamaica,Queens,QN1201,40.7075288455,-73.78831271658
restaurant,NEW JADE GARDEN,Chinese,Jamaica,Queens,QN1201,40.71114183539,-73.79178202517
restaurant,NEW KING WOK,Chinese,Jamaica,Queens,QN1201,40.70178682491,-73.80864680408
restaurant,NEW SARKURA JAPAN,Japanese,Jamaica,Queens,QN1201,40.70492565403,-73.79990585263
restaurant,NEW UNCLE FRIED CHICKEN,Chicken,Jamaica,Queens,QN1201,40.70872315127,-73.79917662796
restaurant,NEW YORK FRIED CHICKEN SHAKE'N BURGER,American,Jamaica,Queens,QN1201,40.69619962263,-73.80445800083
restaurant,NEXO NUTRITION CLUB,"Juice, Smoothies, Fruit Salads",Jamaica,Queens,QN1201,40.69823121775,-73.80634536441
restaurant,NURIA'S RESTAURANT,Latin American,Jamaica,Queens,QN1201,40.70249928496,-73.81461007272
restaurant,NUTRIPAN #2,Spanish,Jamaica,Queens,QN1201,40.70436211138,-73.80905776108
restaurant,NYC SLICES & PLATTERS,Pizza,Jamaica,Queens,QN1201,40.70723855815,-73.80252828523
restaurant,O LAVRADOR,Portuguese,Jamaica,Queens,QN1201,40.69453976584,-73.80978920271
restaurant,ORALE PAISANO,Mexican,Jamaica,Queens,QN1201,40.70726735405,-73.78940282318
restaurant,PANCAFE,Coffee/Tea,Jamaica,Queens,QN1201,40.70492565403,-73.79990585263
restaurant,PANDA EXPRESS #2845,Chinese,Jamaica,Queens,QN1201,40.7037768291,-73.7990437125
restaurant,PANSHI RESTAURANT & PARTY HALL,Bangladeshi,Jamaica,Queens,QN1201,40.71043990635,-73.79370677654
restaurant,PARAISO BAR & LOUNGE,Bottled Beverages,Jamaica,Queens,QN1201,40.70922840722,-73.77560715195
restaurant,PERFECTO PIZZA & COFFEE SHOP,American,Jamaica,Queens,QN1201,40.70696190968,-73.79047863244
restaurant,PITHA GHOR,Bangladeshi,Jamaica,Queens,QN1201,40.70874772145,-73.79910080784
restaurant,PIZZERIA GRANDE,Pizza,Jamaica,Queens,QN1201,40.70395361415,-73.79656538605
restaurant,PLUM BLOSSOM BAKERY,Bakery Products/Desserts,Jamaica,Queens,QN1201,40.69497520634,-73.80592932713
restaurant,POLLO CAMPERO,Chicken,Jamaica,Queens,QN1201,40.70178687306,-73.80867565646
restaurant,POPEYES,Chicken,Jamaica,Queens,QN1201,40.70505982755,-73.80938396845
restaurant,POPEYES,Chicken,Jamaica,Queens,QN1201,40.70222356477,-73.79151424692
restaurant,POPEYES,Chicken,Jamaica,Queens,QN1201,40.70309524899,-73.80011333944
restaurant,POPEYES,American,Jamaica,Queens,QN1201,40.70958788832,-73.79614053458
restaurant,PP BOY JAPAN TERIYAKI AND SUSHI,Chinese,Jamaica,Queens,QN1201,40.70518530338,-73.79927388899
restaurant,PRIVILEGE RESTAURANT & LOUNGE,Caribbean,Jamaica,Queens,QN1201,40.70946277356,-73.77474789754
restaurant,PUERTO PLATA RESTAURANT,Latin American,Jamaica,Queens,QN1201,40.70195123108,-73.80522008528
restaurant,PUNTO ROJO,Latin American,Jamaica,Queens,QN1201,40.70587471051,-73.80919407644
restaurant,QUEENS HOUSE OF WINGS,American,Jamaica,Queens,QN1201,40.70391784903,-73.79651860876
restaurant,RAISING CANE'S #998,Chicken,Jamaica,Queens,QN1201,40.70348452727,-73.79983806174
restaurant,RASTA SHACK ISLAND SPICE,Other,Jamaica,Queens,QN1201,40.70540253506,-73.79484412845
restaurant,RESTAURANTE Y ANTOJITOS GUATELINDA,Spanish,Jamaica,Queens,QN1201,40.70727543595,-73.78931983966
restaurant,RICHIE'S PLACE,American,Jamaica,Queens,QN1201,40.71075404548,-73.79286896423
restaurant,RIKO PERUVIAN CUISINE,Peruvian,Jamaica,Queens,QN1201,40.70730461918,-73.80423774272
restaurant,RINCON GUATEMALTECO,Spanish,Jamaica,Queens,QN1201,40.70747438283,-73.78854733711
restaurant,RINCON SALVADORENO,Latin American,Jamaica,Queens,QN1201,40.70169634152,-73.80544083303
restaurant,ROSE CAFE/KENNEDY FRIED CHICKEN,American,Jamaica,Queens,QN1201,40.70104716234,-73.80785910645
restaurant,ROTI CORNER RESTAURANT,Caribbean,Jamaica,Queens,QN1201,40.71303434532,-73.78217017626
restaurant,RYRY'S KITCHEN @ JAMAICA FOOD MARKET,Caribbean,Jamaica,Queens,QN1201,40.70492565403,-73.79990585263
restaurant,S & L HIGH GRADE,Vegan,Jamaica,Queens,QN1201,40.70650353448,-73.79198773051
restaurant,SABOR COMIDA DOMINICANA,Spanish,Jamaica,Queens,QN1201,40.70492565403,-73.79990585263
restaurant,SABOR RESTAURANT & BAKERY,Latin American,Jamaica,Queens,QN1201,40.70785717158,-73.79529462053
restaurant,SANGRIA,Tapas,Jamaica,Queens,QN1201,40.69820373964,-73.80632741268
restaurant,SARKU JAPAN,Japanese,Jamaica,Queens,QN1201,40.70324967178,-73.80052403215
restaurant,SEDUCTION,Spanish,Jamaica,Queens,QN1201,40.70788775016,-73.78647566131
restaurant,SHAHI KITCHEN,Bangladeshi,Jamaica,Queens,QN1201,40.70980611376,-73.7953787873
restaurant,SHAKE SHACK,Hamburgers,Jamaica,Queens,QN1201,40.70379868605,-73.79898593956
restaurant,SHANGHAI,Chinese,Jamaica,Queens,QN1201,40.6982064844,-73.80632740467
restaurant,SMART 3 CAFE,Bangladeshi,Jamaica,Queens,QN1201,40.71046723066,-73.79363815793
restaurant,SOUTH JAMAICA PORTUGUESE SPORTING CLUB,Portuguese,Jamaica,Queens,QN1201,40.69821747565,-73.80633458536
restaurant,STARBUCKS COFFEE,Coffee/Tea,Jamaica,Queens,QN1201,40.70369461072,-73.8087459002
restaurant,STOP ONE FOOD MARKET,Spanish,Jamaica,Queens,QN1201,40.70749358286,-73.78854006222
restaurant,SUBWAY,Sandwiches,Jamaica,Queens,QN1201,40.7132058926,-73.78144817597
restaurant,SUBWAY,Sandwiches,Jamaica,Queens,QN1201,40.7017897141,-73.80873335331
restaurant,SUBWAY,Sandwiches,Jamaica,Queens,QN1201,40.71017200175,-73.79430998144
restaurant,SWEET BAMBOO,Chinese,Jamaica,Queens,QN1201,40.70553905508,-73.81037084738
restaurant,SWEETS OF NY,American,Jamaica,Queens,QN1201,40.69890459764,-73.80688436213
restaurant,SYBIL'S BAKERY,Caribbean,Jamaica,Queens,QN1201,40.70778469146,-73.80248337844
restaurant,TACO BELL,Tex-Mex,Jamaica,Queens,QN1201,40.70574903869,-73.79216321944
restaurant,TACO BELL PIZZA HUT,Tex-Mex,Jamaica,Queens,QN1201,40.70378783975,-73.79906171255
restaurant,TERIYAKI R US,Japanese,Jamaica,Queens,QN1201,40.70347906292,-73.79985250484
restaurant,TEX'S CHICKEN & BURGERS,American,Jamaica,Queens,QN1201,40.7079155569,-73.78373793493
restaurant,TEXAS CHICKEN & BURGERS,Chicken,Jamaica,Queens,QN1201,40.70175193769,-73.80748198481
restaurant,TEXAS CHICKEN & BURGERS,Chicken,Jamaica,Queens,QN1201,40.70709568758,-73.80244575246
restaurant,TEXAS HOT CHICKEN AND WINGS,American,Jamaica,Queens,QN1201,40.70640816071,-73.7923703519
restaurant,THE BEST PIZZERIA & WINGS,Chicken,Jamaica,Queens,QN1201,40.70166481899,-73.80790781122
restaurant,THE BLARNEY BAR,American,Jamaica,Queens,QN1201,40.70180334165,-73.80867560901
restaurant,THE CONNECT BAR,Other,Jamaica,Queens,QN1201,40.7037768291,-73.7990437125
restaurant,THE SMILE OF THE BEYOND,Vegetarian,Jamaica,Queens,QN1201,40.70924871713,-73.80470452438
restaurant,TIENDA MI LINDA GUATEMALA,Spanish,Jamaica,Queens,QN1201,40.70730187442,-73.80423775081
restaurant,TIENDA RINCON GUATEMALTECO,Latin American,Jamaica,Queens,QN1201,40.70800295906,-73.80172167269
restaurant,TIM HORTONS,Coffee/Tea,Jamaica,Queens,QN1201,40.69944585653,-73.80720376119
restaurant,TONG,Bangladeshi,Jamaica,Queens,QN1201,40.70730461918,-73.80423774272
restaurant,TROPICAL SMOOTHIE CAFE - NY073,"Juice, Smoothies, Fruit Salads",Jamaica,Queens,QN1201,40.70083909755,-73.80654693756
restaurant,VALENTINA'S BAKERY & COFFEE SHOP,Latin American,Jamaica,Queens,QN1201,40.70747167132,-73.78856538012
restaurant,VIBES BAR LOUNGE,Spanish,Jamaica,Queens,QN1201,40.70793203227,-73.78374148817
restaurant,VILLAGE MARKET & GRILL,Sandwiches/Salads/Mixed Buffet,Jamaica,Queens,QN1201,40.70883514287,-73.7988660917
restaurant,VINA DEL MAR,Latin American,Jamaica,Queens,QN1201,40.70264973858,-73.80927908127
restaurant,WENDY'S,American,Jamaica,Queens,QN1201,40.71240539387,-73.78340948999
restaurant,WENDYS,Hamburgers,Jamaica,Queens,QN1201,40.7025393113,-73.81390306639
restaurant,WHITE CASTLE,Hamburgers,Jamaica,Queens,QN1201,40.71183374829,-73.78741885678
restaurant,Wingstop,Chicken,Jamaica,Queens,QN1201,40.70821120905,-73.80310971282
restaurant,XELA JU RESTAURANT,Spanish,Jamaica,Queens,QN1201,40.70637858279,-73.80202949533
restaurant,YAH SUH NYCE,Caribbean,Jamaica,Queens,QN1201,40.6988523742,-73.80684123712
restaurant,YOGI'S RESTAURANT INC,Caribbean,Jamaica,Queens,QN1201,40.70379972179,-73.79646126391
restaurant,ZHANG'S GARDEN,Chinese,Jamaica,Queens,QN1201,40.70793385123,-73.78470813169
restaurant,ALOHA KRAB,Seafood,Jamaica Estates-Holliswood,Queens,QN0804,40.72040297192,-73.76094786155
restaurant,BAGELS & CO,Jewish/Kosher,Jamaica Estates-Holliswood,Queens,QN0804,40.72923728478,-73.78100572501
restaurant,BENNY'S KOSHER PIZZA,Jewish/Kosher,Jamaica Estates-Holliswood,Queens,QN0804,40.72745251231,-73.78647406649
restaurant,BENNY'S PIZZA RESTAURANT,American,Jamaica Estates-Holliswood,Queens,QN0804,40.71185561275,-73.78736828719
restaurant,BUFFALO WILD WINGS GO,American,Jamaica Estates-Holliswood,Queens,QN0804,40.71267767664,-73.78370078166
restaurant,CARVEL,Frozen Desserts,Jamaica Estates-Holliswood,Queens,QN0804,40.7107841727,-73.7928327997
restaurant,CHINA KING,Chinese,Jamaica Estates-Holliswood,Queens,QN0804,40.71185292149,-73.78739715272
restaurant,CHINA KING,Chinese,Jamaica Estates-Holliswood,Queens,QN0804,40.71185292149,-73.78739715272
restaurant,CINNABON / CARVEL,Frozen Desserts,Jamaica Estates-Holliswood,Queens,QN0804,40.72070878052,-73.76017834216
restaurant,COLD CRUSH,Coffee/Tea,Jamaica Estates-Holliswood,Queens,QN0804,40.7127811671,-73.78327119198
restaurant,COLD STONE CREAMERY,Frozen Desserts,Jamaica Estates-Holliswood,Queens,QN0804,40.7258477222,-73.7914400546
restaurant,COOKED KLEAN,"Juice, Smoothies, Fruit Salads",Jamaica Estates-Holliswood,Queens,QN0804,40.72926181535,-73.78091544258
restaurant,DAL & CHAL Premium Sweets,Bangladeshi,Jamaica Estates-Holliswood,Queens,QN0804,40.71189014838,-73.78972362294
restaurant,DAVE CHINESE KITCHEN,Chinese,Jamaica Estates-Holliswood,Queens,QN0804,40.72928373895,-73.78089732992
restaurant,DUNKIN,Donuts,Jamaica Estates-Holliswood,Queens,QN0804,40.71997431068,-73.76203888737
restaurant,"DUNKIN',' BASKIN ROBBINS",Donuts,Jamaica Estates-Holliswood,Queens,QN0804,40.71264499797,-73.78383796008
restaurant,Dominos,Pizza,Jamaica Estates-Holliswood,Queens,QN0804,40.72925920839,-73.78098761239
restaurant,EVELICIOUS,"Juice, Smoothies, Fruit Salads",Jamaica Estates-Holliswood,Queens,QN0804,40.72683022462,-73.78837383783
restaurant,FITOOR,American,Jamaica Estates-Holliswood,Queens,QN0804,40.72681384926,-73.788424401
restaurant,FORTUNE,Jewish/Kosher,Jamaica Estates-Holliswood,Queens,QN0804,40.72719595317,-73.78725420832
restaurant,FORTUNE SUSHI,Japanese,Jamaica Estates-Holliswood,Queens,QN0804,40.72744431833,-73.78649574061
restaurant,GABY'S PIZZA,Pizza,Jamaica Estates-Holliswood,Queens,QN0804,40.72042480965,-73.76089006161
restaurant,GANDA SUSHI,Korean,Jamaica Estates-Holliswood,Queens,QN0804,40.7263406398,-73.7893134527
restaurant,HALAL DYNASTY,Chinese,Jamaica Estates-Holliswood,Queens,QN0804,40.71219066071,-73.78895435223
restaurant,HILLSIDE HOT BAGELS INC,Bagels/Pretzels,Jamaica Estates-Holliswood,Queens,QN0804,40.72040843887,-73.76093701912
restaurant,IHOP,American,Jamaica Estates-Holliswood,Queens,QN0804,40.71117196882,-73.79174946699
restaurant,Lulu's Bakery,Bakery Products/Desserts,Jamaica Estates-Holliswood,Queens,QN0804,40.72667734936,-73.78882531503
restaurant,MCDONALD'S,Hamburgers,Jamaica Estates-Holliswood,Queens,QN0804,40.71320329905,-73.78152754263
restaurant,MIXLY,American,Jamaica Estates-Holliswood,Queens,QN0804,40.71280567902,-73.78317011134
restaurant,PARA TI COLOMBIA CON SABOR,Latin American,Jamaica Estates-Holliswood,Queens,QN0804,40.71221256569,-73.78892542554
restaurant,PREGAME BAR,Bottled Beverages,Jamaica Estates-Holliswood,Queens,QN0804,40.71235089606,-73.78507977397
restaurant,PUSH FITNESS CLUB OF FRESH MEADOWS,"Juice, Smoothies, Fruit Salads",Jamaica Estates-Holliswood,Queens,QN0804,40.72925091212,-73.78095516722
restaurant,ROMEO'S PIZZERIA,Pizza,Jamaica Estates-Holliswood,Queens,QN0804,40.72924819492,-73.78096960843
restaurant,SAGAR CHINESE,Asian/Asian Fusion,Jamaica Estates-Holliswood,Queens,QN0804,40.71124835659,-73.79300809838
restaurant,SHOGUN JAPANESE RESTAURANT,Japanese,Jamaica Estates-Holliswood,Queens,QN0804,40.7207142474,-73.76016749962
restaurant,TACO BELL,Tex-Mex,Jamaica Estates-Holliswood,Queens,QN0804,40.71185290143,-73.78738633144
restaurant,THE ARTISAN CREPE,Other,Jamaica Estates-Holliswood,Queens,QN0804,40.72608240445,-73.79068887697
restaurant,THE HOT SPOT BBQ & GRILL,Barbecue,Jamaica Estates-Holliswood,Queens,QN0804,40.72669646967,-73.78877474333
restaurant,TOAST IT NYC,Sandwiches,Jamaica Estates-Holliswood,Queens,QN0804,40.72711134719,-73.78751425132
restaurant,A PLUS CHINA STAR,Chinese,Jamaica Hills-Briarwood,Queens,QN0805,40.71432531725,-73.80238095487
restaurant,ALBA'S PIZZERIA & RESTAURANT,Italian,Jamaica Hills-Briarwood,Queens,QN0805,40.70891772026,-73.81876178872
restaurant,ANNAM BRAHAM RESTAURANT,Indian,Jamaica Hills-Briarwood,Queens,QN0805,40.71335810898,-73.8017742178
restaurant,AVENITA DINER,American,Jamaica Hills-Briarwood,Queens,QN0805,40.71519615729,-73.80766304777
restaurant,BRIARWOOD BAGEL CAFE,Bagels/Pretzels,Jamaica Hills-Briarwood,Queens,QN0805,40.70685640355,-73.81703973869
restaurant,BRIARWOOD CAFE,American,Jamaica Hills-Briarwood,Queens,QN0805,40.70789234556,-73.81776908418
restaurant,CHECKERS,Hamburgers,Jamaica Hills-Briarwood,Queens,QN0805,40.71480348084,-73.80755957439
restaurant,CHIU'S GARDEN,Other,Jamaica Hills-Briarwood,Queens,QN0805,40.70910625257,-73.81822022994
restaurant,COFFEE CLOUD,Coffee/Tea,Jamaica Hills-Briarwood,Queens,QN0805,40.70823592788,-73.81807472898
restaurant,CROWN FRIED CHICKEN,Chicken,Jamaica Hills-Briarwood,Queens,QN0805,40.710412582,-73.79377539508
restaurant,DOMINO'S,Pizza,Jamaica Hills-Briarwood,Queens,QN0805,40.70746092423,-73.81746007712
restaurant,DUNKIN,Donuts,Jamaica Hills-Briarwood,Queens,QN0805,40.70870873029,-73.81851708723
restaurant,"DUNKIN',' BASKIN ROBBINS",Donuts,Jamaica Hills-Briarwood,Queens,QN0805,40.71478975097,-73.80755600691
restaurant,EL KAMBUCHE DE LOLA 2,Spanish,Jamaica Hills-Briarwood,Queens,QN0805,40.70909531354,-73.81824550861
restaurant,EL RINCONCITO DE LOS SABORES,Mexican,Jamaica Hills-Briarwood,Queens,QN0805,40.70269151588,-73.81297934684
restaurant,EL SEMBRADOR,Spanish,Jamaica Hills-Briarwood,Queens,QN0805,40.70492789244,-73.81260155485
restaurant,FATIMA HALAL RESTAURANT,Chinese,Jamaica Hills-Briarwood,Queens,QN0805,40.71516046328,-73.80765593659
restaurant,GHOROA,Bangladeshi,Jamaica Hills-Briarwood,Queens,QN0805,40.71045357176,-73.79367427075
restaurant,GHOROA HALAL FOOD,Bangladeshi,Jamaica Hills-Briarwood,Queens,QN0805,40.71045357176,-73.79367427075
restaurant,HD HALAL DINER,Afghan,Jamaica Hills-Briarwood,Queens,QN0805,40.7130013879,-73.80665578949
restaurant,JAMAICA HALAL WINGS/APNAR CHA GHAR,Bangladeshi,Jamaica Hills-Briarwood,Queens,QN0805,40.70982532066,-73.79537512111
restaurant,JOHN'S PIZZERIA & RESTAURANT,Pizza,Jamaica Hills-Briarwood,Queens,QN0805,40.71482823212,-73.80758836083
restaurant,KFC,Chicken,Jamaica Hills-Briarwood,Queens,QN0805,40.70373522697,-73.81510073614
restaurant,KOLAPATA,Bangladeshi,Jamaica Hills-Briarwood,Queens,QN0805,40.71512202451,-73.80764883336
restaurant,LOS ALMUERZOS,Mexican,Jamaica Hills-Briarwood,Queens,QN0805,40.70251846332,-73.81458837956
restaurant,MANNAN BAKERY & RESTAURANT,Bangladeshi,Jamaica Hills-Briarwood,Queens,QN0805,40.70981713142,-73.79540039536
restaurant,MATHA NOSTO,Bangladeshi,Jamaica Hills-Briarwood,Queens,QN0805,40.71097972787,-73.79320732439
restaurant,MAXIM GARDEN,Chinese,Jamaica Hills-Briarwood,Queens,QN0805,40.70736199786,-73.81738821172
restaurant,MEHMAN,Bangladeshi,Jamaica Hills-Briarwood,Queens,QN0805,40.71055205128,-73.79501939145
restaurant,NEW JOY KITCHEN,Chinese,Jamaica Hills-Briarwood,Queens,QN0805,40.70779010063,-73.81733653797
restaurant,NEW YORK TAVERN,Other,Jamaica Hills-Briarwood,Queens,QN0805,40.70250779903,-73.81478316591
restaurant,NEW YORK TAVERN & LOUNGE,Bottled Beverages,Jamaica Hills-Briarwood,Queens,QN0805,40.70250779903,-73.81478316591
restaurant,OR-YEHUDA,Jewish/Kosher,Jamaica Hills-Briarwood,Queens,QN0805,40.70780099349,-73.81728240465
restaurant,PANORAMA OF MY SILENCE-HEART,Coffee/Tea,Jamaica Hills-Briarwood,Queens,QN0805,40.71236711054,-73.80651695797
restaurant,Pollos Cuzco,Spanish,Jamaica Hills-Briarwood,Queens,QN0805,40.70851352648,-73.81831202577
restaurant,SAGAR RESTAURANT,Bangladeshi,Jamaica Hills-Briarwood,Queens,QN0805,40.71028960573,-73.79407516033
restaurant,SAKA SUSHI & ASIAN CUISINE,Other,Jamaica Hills-Briarwood,Queens,QN0805,40.71486942775,-73.80760267055
restaurant,SHAD RESTAURANT,Bangladeshi,Jamaica Hills-Briarwood,Queens,QN0805,40.70980621673,-73.79543649901
restaurant,STAR KABAB RESTAURANT,Bangladeshi,Jamaica Hills-Briarwood,Queens,QN0805,40.71025134096,-73.79416545464
restaurant,SUBWAY,Sandwiches/Salads/Mixed Buffet,Jamaica Hills-Briarwood,Queens,QN0805,40.70864549223,-73.81844872827
restaurant,THE DART SPORTS BAR,American,Jamaica Hills-Briarwood,Queens,QN0805,40.71527032635,-73.80769890589
restaurant,ZOEFIA,Filipino,Jamaica Hills-Briarwood,Queens,QN0805,40.7148721362,-73.80758101905
restaurant,99 CENT SUPREME PIZZA,Pizza,Kew Gardens,Queens,QN0901,40.71384526273,-73.82995235863
restaurant,ATEAZ ORGANIC COFFEE & TEA,Coffee/Tea,Kew Gardens,Queens,QN0901,40.70720790184,-73.83525340116
restaurant,AUSTIN'S ALE HOUSE,American,Kew Gardens,Queens,QN0901,40.70962939605,-73.83002447379
restaurant,BAKER'S DOZEN BAGEL,Bagels/Pretzels,Kew Gardens,Queens,QN0901,40.70908873624,-73.83006553432
restaurant,BURGER KING,Hamburgers,Kew Gardens,Queens,QN0901,40.70372590547,-73.82134029973
restaurant,COOKIES AND CREAM PASTRY SHOP,Bakery Products/Desserts,Kew Gardens,Queens,QN0901,40.70603307514,-73.83143311501
restaurant,DANI PIZZA AND RESTAURANT,Pizza,Kew Gardens,Queens,QN0901,40.70887517322,-73.83042316869
restaurant,DUNKIN,Donuts,Kew Gardens,Queens,QN0901,40.71300776569,-73.82788398649
restaurant,DUNKIN,Donuts,Kew Gardens,Queens,QN0901,40.70814567313,-73.83083621918
restaurant,DUNKIN',Donuts,Kew Gardens,Queens,QN0901,40.70750273419,-73.83604978859
restaurant,EL RINCONCITO DE LOS SABORES,Mexican,Kew Gardens,Queens,QN0901,40.70807411654,-73.8270275104
restaurant,EL RINCONCITO PAISA,Latin American,Kew Gardens,Queens,QN0901,40.703667045,-73.82232147114
restaurant,FLAME KABAB & GRILL,Middle Eastern,Kew Gardens,Queens,QN0901,40.71227229114,-73.82614725502
restaurant,FRESH TORTILLAS,Tex-Mex,Kew Gardens,Queens,QN0901,40.70687705894,-73.83423348655
restaurant,GOLDEN FOUNTAIN,Chinese,Kew Gardens,Queens,QN0901,40.70737049503,-73.83570746285
restaurant,GOLDEN FOUNTAIN CHINESE KITCHEN,Chinese,Kew Gardens,Queens,QN0901,40.70737049503,-73.83570746285
restaurant,HALAL MUNCHIES,Middle Eastern,Kew Gardens,Queens,QN0901,40.7134347747,-73.82893257355
restaurant,HANGAR 11 BAR & GRILL,American,Kew Gardens,Queens,QN0901,40.7060522938,-73.83143667301
restaurant,HOMEMADE TAQUERIA,Mexican,Kew Gardens,Queens,QN0901,40.70930512324,-73.82976199497
restaurant,KEW GARDENS CHICKEN,Chicken,Kew Gardens,Queens,QN0901,40.71334868505,-73.83010513239
restaurant,KEW GARDENS CINEMAS,American,Kew Gardens,Queens,QN0901,40.70919005188,-73.82990296161
restaurant,LA CASA DEL MARIACHI,Mexican,Kew Gardens,Queens,QN0901,40.70750266198,-73.83599929255
restaurant,LA RONDINE PIZZA,Pizza,Kew Gardens,Queens,QN0901,40.71340998572,-73.82887492231
restaurant,LA SALA BY TU CASA,Latin American,Kew Gardens,Queens,QN0901,40.70717484025,-73.83516691866
restaurant,LAST CALL,American,Kew Gardens,Queens,QN0901,40.70797843928,-73.83097010048
restaurant,MIKADO,Japanese,Kew Gardens,Queens,QN0901,40.70740072879,-73.83573624299
restaurant,MR. WISH,Coffee/Tea,Kew Gardens,Queens,QN0901,40.70929690501,-73.82977283695
restaurant,NABHYA,Indian,Kew Gardens,Queens,QN0901,40.70846266368,-73.83174796375
restaurant,NEW CHINA FRESH,Chinese,Kew Gardens,Queens,QN0901,40.70603307514,-73.83143311501
restaurant,NEW GREAT TAYSTEE GARDENS,Chinese,Kew Gardens,Queens,QN0901,40.7090340066,-73.83017749003
restaurant,NEW JADE CHINESE RESTAURANT,Chinese,Kew Gardens,Queens,QN0901,40.70811002844,-73.83086155833
restaurant,NEW METRO SUSHI CAFE,Japanese,Kew Gardens,Queens,QN0901,40.70686326732,-73.83418663208
restaurant,PAUL MICHAEL'S BRICK OVEN CAFE,Pizza,Kew Gardens,Queens,QN0901,40.70367162268,-73.82530056478
restaurant,PETIT PARIS CAFE,Bakery Products/Desserts,Kew Gardens,Queens,QN0901,40.70839252631,-73.8307165619
restaurant,POPEYES LOUISIANA KITCHEN,Chicken,Kew Gardens,Queens,QN0901,40.71348711347,-73.82905869065
restaurant,ROAST&CO,Coffee/Tea,Kew Gardens,Queens,QN0901,40.70970637774,-73.83011084457
restaurant,SIMPLY FRIED,American,Kew Gardens,Queens,QN0901,40.70906852671,-73.82939469178
restaurant,SINGAS FAMOUS PIZZA,American,Kew Gardens,Queens,QN0901,40.70883130499,-73.83045574323
restaurant,SPOLINI'S,Italian,Kew Gardens,Queens,QN0901,40.70722993768,-73.83530744936
restaurant,TAAN THAI KITCHEN,Thai,Kew Gardens,Queens,QN0901,40.71264688818,-73.82701199093
restaurant,TACO BELL,Tex-Mex,Kew Gardens,Queens,QN0901,40.70283207525,-73.81846101465
restaurant,TEX'S CHICKEN & BURGERS,Chicken,Kew Gardens,Queens,QN0901,40.71364688444,-73.82944425048
restaurant,TIKKA INDIAN GRILL,Indian,Kew Gardens,Queens,QN0901,40.70603032507,-73.83142951519
restaurant,TOUS LES JOURS,Bakery Products/Desserts,Kew Gardens,Queens,QN0901,40.71291716326,-73.82970584095
restaurant,TU CASA RESTAURANT,Peruvian,Kew Gardens,Queens,QN0901,40.7060522991,-73.8314402798
restaurant,VILLAGE DINER,American,Kew Gardens,Queens,QN0901,40.70795924187,-73.83098097004
restaurant,ANNIE'S KITCHEN,Jewish/Kosher,Kew Gardens Hills,Queens,QN0801,40.72587363869,-73.82143583331
restaurant,BELLEROSE FAMOUS PIZZA,Pizza,Kew Gardens Hills,Queens,QN0801,40.71848680371,-73.81753437938
restaurant,BENJYS PIZZA,Jewish/Kosher,Kew Gardens Hills,Queens,QN0801,40.72489019314,-73.82091173702
restaurant,BRAVO PIZZA,Pizza,Kew Gardens Hills,Queens,QN0801,40.73060925433,-73.82378281116
restaurant,BUFFALO WILD WINGS GO,Chicken,Kew Gardens Hills,Queens,QN0801,40.71839065668,-73.8174841391
restaurant,CAFE PREMIATA,Jewish/Kosher,Kew Gardens Hills,Queens,QN0801,40.72639005217,-73.82169060516
restaurant,CHARISMA BALLROOM,American,Kew Gardens Hills,Queens,QN0801,40.72705756126,-73.82203156619
restaurant,CHEAP SHOTS,American,Kew Gardens Hills,Queens,QN0801,40.71865066729,-73.81360899064
restaurant,DUNKIN,Donuts,Kew Gardens Hills,Queens,QN0801,40.7183631861,-73.81746978475
restaurant,EL RINCONCITO DE LOS SABORES,Other,Kew Gardens Hills,Queens,QN0801,40.71974485858,-73.80967370022
restaurant,ELITE CAFE,Other,Kew Gardens Hills,Queens,QN0801,40.72580221313,-73.82139633888
restaurant,ESQUINA DEL BUEN SABOR,Spanish,Kew Gardens Hills,Queens,QN0801,40.72041928455,-73.80919917426
restaurant,GENESIS PIZZA PARLOR,Pizza,Kew Gardens Hills,Queens,QN0801,40.71865885467,-73.81358010781
restaurant,GRILL POINT,Jewish/Kosher,Kew Gardens Hills,Queens,QN0801,40.72992801572,-73.82343463464
restaurant,HALAL XTREME / CROWN FRIED CHICKEN,Chicken,Kew Gardens Hills,Queens,QN0801,40.72929471336,-73.81519190599
restaurant,HAPISGAH,Jewish/Kosher,Kew Gardens Hills,Queens,QN0801,40.71829047367,-73.81491590261
restaurant,HOLY SCHNITZEL,Jewish/Kosher,Kew Gardens Hills,Queens,QN0801,40.72607690819,-73.82153630729
restaurant,JEWEL BAGELS,Jewish/Kosher,Kew Gardens Hills,Queens,QN0801,40.73012304913,-73.82353514275
restaurant,JI YOU BRAISED FOOD,Chinese,Kew Gardens Hills,Queens,QN0801,40.73020305424,-73.81508113389
restaurant,KEW MOTOR INN RESTAURANT & BAR,American,Kew Gardens Hills,Queens,QN0801,40.71717155903,-73.81895209457
restaurant,KINGWOK,Chinese,Kew Gardens Hills,Queens,QN0801,40.71837692139,-73.81747696192
restaurant,MAIN BAKHTAR HALAL KABAB,Afghan,Kew Gardens Hills,Queens,QN0801,40.73379279796,-73.82532232128
restaurant,MAMA KITCHEN NY,Jewish/Kosher,Kew Gardens Hills,Queens,QN0801,40.73380926102,-73.82531866966
restaurant,MEAL MART,Jewish/Kosher,Kew Gardens Hills,Queens,QN0801,40.72634610235,-73.82166907583
restaurant,MIRA SUSHI,Japanese,Kew Gardens Hills,Queens,QN0801,40.71953471896,-73.81040302342
restaurant,NAOMI'S KOSHER PIZZA,Jewish/Kosher,Kew Gardens Hills,Queens,QN0801,40.73246630342,-73.82481705153
restaurant,NOCHES DE COLOMBIA,Latin American,Kew Gardens Hills,Queens,QN0801,40.729503286,-73.81517328497
restaurant,PAMIR KABAB HOUSE & GRILL,Mediterranean,Kew Gardens Hills,Queens,QN0801,40.73012072892,-73.81509218754
restaurant,PANDA GARDEN,Chinese,Kew Gardens Hills,Queens,QN0801,40.71828501908,-73.81493756258
restaurant,PARSONS ALE HOUSE,American,Kew Gardens Hills,Queens,QN0801,40.72074332234,-73.80929204045
restaurant,Q.C CAMPUS EATS / TAIWANESE YUMMY / PAN ASIAN FOOD / MAMA KITCHEN,Asian/Asian Fusion,Kew Gardens Hills,Queens,QN0801,40.73765740472,-73.81480416144
restaurant,Q.C. CAMPUS EATS,American,Kew Gardens Hills,Queens,QN0801,40.73669931532,-73.81470218929
restaurant,SANDWICH BAR,Sandwiches,Kew Gardens Hills,Queens,QN0801,40.72713447612,-73.82207104733
restaurant,SHOBU RAMEN & IZAKAYA,Japanese,Kew Gardens Hills,Queens,QN0801,40.71954016673,-73.81037775516
restaurant,SIMCHA PALACE,Jewish/Kosher,Kew Gardens Hills,Queens,QN0801,40.72455225501,-73.82069978843
restaurant,SMASH HOUSE,Hamburgers,Kew Gardens Hills,Queens,QN0801,40.73024391845,-73.82359976741
restaurant,SOY SAUCE,Jewish/Kosher,Kew Gardens Hills,Queens,QN0801,40.73246630342,-73.82481705153
restaurant,SWEET GARDEN CHINESE TAKEOUT RESTAURANT,Chinese,Kew Gardens Hills,Queens,QN0801,40.72057031841,-73.80924203122
restaurant,THE PIZZA PROFESSOR,Jewish/Kosher,Kew Gardens Hills,Queens,QN0801,40.72991217402,-73.82384239111
restaurant,THE UPPER CRUST,Jewish/Kosher,Kew Gardens Hills,Queens,QN0801,40.73387239048,-73.82531850352
restaurant,TOP NOTCH SUSHI,Japanese,Kew Gardens Hills,Queens,QN0801,40.72714546636,-73.82207823376
restaurant,TURNPIKE BURGER GRILL,Jewish/Kosher,Kew Gardens Hills,Queens,QN0801,40.71829319515,-73.81490146518
restaurant,URBAN PRESS,Jewish/Kosher,Kew Gardens Hills,Queens,QN0801,40.72456324533,-73.82070697435
restaurant,ZEN FUSION CUISINE,Asian/Asian Fusion,Kew Gardens Hills,Queens,QN0801,40.72049617386,-73.80922059877
restaurant,ADOBO MEXICAN GRILL,Mexican,Laurelton,Queens,QN1305,40.67571176463,-73.73924340467
restaurant,BLU SEAFOOD RESTAURANT & BAR,Seafood,Laurelton,Queens,QN1305,40.67825400166,-73.7468405967
restaurant,BUTTER BUTTERCREAM,Bakery Products/Desserts,Laurelton,Queens,QN1305,40.67805719859,-73.74350645974
restaurant,CARIBEAN SOUL,Caribbean,Laurelton,Queens,QN1305,40.67441132064,-73.73590298871
restaurant,CHEF LOTHIAN KITCHEN,Caribbean,Laurelton,Queens,QN1305,40.67992613614,-73.75211971752
restaurant,CREOLE PLATE,Caribbean,Laurelton,Queens,QN1305,40.67483053173,-73.73677375869
restaurant,CROWN FRIED CHICKEN,Chicken,Laurelton,Queens,QN1305,40.67634463858,-73.7411480666
restaurant,DUNKIN,Donuts,Laurelton,Queens,QN1305,40.66643246372,-73.75710842929
restaurant,DUNKIN,Donuts,Laurelton,Queens,QN1305,40.67429276391,-73.73567273487
restaurant,GARDEN CITY CHINESE RESTAURANT,Chinese,Laurelton,Queens,QN1305,40.67784201368,-73.74547937409
restaurant,GOLDEN KRUST CARIBBEAN BAKERY & GRILL,Caribbean,Laurelton,Queens,QN1305,40.67604902415,-73.74029839717
restaurant,GOLDWATER BAR & GRILL,Caribbean,Laurelton,Queens,QN1305,40.6795338396,-73.75094943849
restaurant,GOOKIES KITCHEN,Chinese,Laurelton,Queens,QN1305,40.67435341472,-73.73578785623
restaurant,HOME CHEF INTERNATIONAL FLAVORS,Caribbean,Laurelton,Queens,QN1305,40.67562346448,-73.73903825759
restaurant,INTRIGUE BAR AND RESTAURANT,Caribbean,Laurelton,Queens,QN1305,40.67813510018,-73.74644446821
restaurant,JAMAICA BREEZE RESTAURANT,Caribbean,Laurelton,Queens,QN1305,40.67514265741,-73.737630542
restaurant,JAMAICAN FLAVORS,Caribbean,Laurelton,Queens,QN1305,40.66948398429,-73.75040312883
restaurant,JAMAICAN FLAVORS,Caribbean,Laurelton,Queens,QN1305,40.67913682999,-73.75394696512
restaurant,JUICY KING CRAB EXPRESS,Fusion,Laurelton,Queens,QN1305,40.6790326837,-73.75401945756
restaurant,KELLY D JAMAICAN AND AMERICAN RESTAURANT,Caribbean,Laurelton,Queens,QN1305,40.67781992746,-73.74542177438
restaurant,LE CAP RESTAURANT & LOUNGE,Caribbean,Laurelton,Queens,QN1305,40.67632263976,-73.74113012637
restaurant,LOVELLS AFTER DARK BAR AND LOUNGE,American,Laurelton,Queens,QN1305,40.67784201368,-73.74547937409
restaurant,MERRICK JERK,Caribbean,Laurelton,Queens,QN1305,40.67435893749,-73.7358022546
restaurant,NEW DE XING,Chinese,Laurelton,Queens,QN1305,40.67750228217,-73.7445252836
restaurant,ONLY RARE NYC,Frozen Desserts,Laurelton,Queens,QN1305,40.6763335781,-73.74111205779
restaurant,PEPPA'S JERK CHICKEN,Caribbean,Laurelton,Queens,QN1305,40.67721510444,-73.74375486711
restaurant,POT TO PLATE RESTAURANT,Caribbean,Laurelton,Queens,QN1305,40.67926290643,-73.75005632791
restaurant,RAISING CANE’S # C1016,Chicken,Laurelton,Queens,QN1305,40.67606273163,-73.74029113323
restaurant,ROBSCOES CATERING,Caribbean,Laurelton,Queens,QN1305,40.67662650666,-73.74199058654
restaurant,S G SOUTHERN RESTAURANT,American,Laurelton,Queens,QN1305,40.67803557841,-73.74612397797
restaurant,SANDZ,Caribbean,Laurelton,Queens,QN1305,40.67430655424,-73.73570152065
restaurant,SPRING GARDENS RESTAURANT,Caribbean,Laurelton,Queens,QN1305,40.67851199793,-73.75440354801
restaurant,STARZ BANQUET HALL,Caribbean,Laurelton,Queens,QN1305,40.67541621835,-73.73842980289
restaurant,TEX'S CHICKEN & BURGERS,Chicken,Laurelton,Queens,QN1305,40.6799150869,-73.7520873103
restaurant,THE VELVET HAUS CAFE,Coffee/Tea,Laurelton,Queens,QN1305,40.66925835474,-73.75140971703
restaurant,TRUTH RESTAURANT AND LOUNGE,Caribbean,Laurelton,Queens,QN1305,40.676328056,-73.74109765855
restaurant,WINGTIDE,American,Laurelton,Queens,QN1305,40.67602691898,-73.74023359045
restaurant,YUMMY TACO,Tex-Mex,Laurelton,Queens,QN1305,40.67691664327,-73.74285110771
restaurant,21ST STREET DELI & INDIAN GRILL,American,Long Island City-Hunters Point,Queens,QN0201,40.75001122252,-73.94622326118
restaurant,4747LIC,New American,Long Island City-Hunters Point,Queens,QN0201,40.74489536539,-73.95336220039
restaurant,5 STAR BANQUET,Indian,Long Island City-Hunters Point,Queens,QN0201,40.75098840787,-73.94633074621
restaurant,51ST BAKERY & CAFE,Bakery Products/Desserts,Long Island City-Hunters Point,Queens,QN0201,40.74242074931,-73.95630869121
restaurant,AFTERLIFE KTV,Korean,Long Island City-Hunters Point,Queens,QN0201,40.74874567966,-73.94025482073
restaurant,ALIDORO,Sandwiches,Long Island City-Hunters Point,Queens,QN0201,40.74850872093,-73.93853349526
restaurant,AMERICAN BRASS,American,Long Island City-Hunters Point,Queens,QN0201,40.74358261006,-73.95853457303
restaurant,ANABLE BASIN,Eastern European,Long Island City-Hunters Point,Queens,QN0201,40.74949904495,-73.95515271232
restaurant,ARTEASSAN,Coffee/Tea,Long Island City-Hunters Point,Queens,QN0201,40.74975082988,-73.94135471068
restaurant,BAHNMEBOIS,Asian/Asian Fusion,Long Island City-Hunters Point,Queens,QN0201,40.74802983472,-73.94693224445
restaurant,BAREBURGER,Hamburgers,Long Island City-Hunters Point,Queens,QN0201,40.74391012893,-73.95369129769
restaurant,BEANSTALK CAFE,Sandwiches/Salads/Mixed Buffet,Long Island City-Hunters Point,Queens,QN0201,40.74453933008,-73.94876473763
restaurant,BENTO EXPRESS,Chinese,Long Island City-Hunters Point,Queens,QN0201,40.74885512998,-73.93960508152
restaurant,BIRCH COFFEE,Coffee/Tea,Long Island City-Hunters Point,Queens,QN0201,40.74683742794,-73.94443937551
restaurant,BLACK SEED BAGELS,Bagels/Pretzels,Long Island City-Hunters Point,Queens,QN0201,40.74309587539,-73.95608450109
restaurant,BLACK STAR BAKERY & CAFE,Bakery Products/Desserts,Long Island City-Hunters Point,Queens,QN0201,40.74347815045,-73.95809797083
restaurant,BLEND,Latin American,Long Island City-Hunters Point,Queens,QN0201,40.74528782224,-73.95325365698
restaurant,BLEND ON THE WATER,Latin American,Long Island City-Hunters Point,Queens,QN0201,40.74836883904,-73.9568100475
restaurant,BOBWHITE COUNTER,Chicken,Long Island City-Hunters Point,Queens,QN0201,40.74842650355,-73.93876816236
restaurant,BONCHON,Korean,Long Island City-Hunters Point,Queens,QN0201,40.74683742794,-73.94443937551
restaurant,BOYCE TECHNOLOGIES,American,Long Island City-Hunters Point,Queens,QN0201,40.74271660234,-73.94253738893
restaurant,BRICKTOWN BAGELS & CAFE,Bagels/Pretzels,Long Island City-Hunters Point,Queens,QN0201,40.74182440734,-73.9544361518
restaurant,BUFFALO WILD WINGS GO,Chicken,Long Island City-Hunters Point,Queens,QN0201,40.74328990571,-73.95392269441
restaurant,CAFE COCO,Coffee/Tea,Long Island City-Hunters Point,Queens,QN0201,40.74801336783,-73.94693586669
restaurant,CAFE HENRI,French,Long Island City-Hunters Point,Queens,QN0201,40.74260080884,-73.95352259886
restaurant,CANNELLE PATISSERIE,Bakery Products/Desserts,Long Island City-Hunters Point,Queens,QN0201,40.74587870511,-73.95515515881
restaurant,CASA ENRIQUE,Mexican,Long Island City-Hunters Point,Queens,QN0201,40.74378471648,-73.95583864425
restaurant,CENTRO PIZZA BAR,Pizza,Long Island City-Hunters Point,Queens,QN0201,40.74493653241,-73.95335134476
restaurant,CHAIRMAN SUN,Chinese,Long Island City-Hunters Point,Queens,QN0201,40.74464289127,-73.95347064437
restaurant,CHECKERS,Hamburgers,Long Island City-Hunters Point,Queens,QN0201,40.75007931778,-73.93965088676
restaurant,CHEF PAPA VIETNAMESE KITCHEN,Southeast Asian,Long Island City-Hunters Point,Queens,QN0201,40.74948196854,-73.9416003704
restaurant,CHI CHICKEN,Asian/Asian Fusion,Long Island City-Hunters Point,Queens,QN0201,40.74878679464,-73.94014651038
restaurant,CHIP CITY,Bakery Products/Desserts,Long Island City-Hunters Point,Queens,QN0201,40.75015958999,-73.94094651146
restaurant,CHIPOTLE MEXCIAN GRILL # 2760,Tex-Mex,Long Island City-Hunters Point,Queens,QN0201,40.74730274042,-73.94182243895
restaurant,CHUN YANG TEA,Coffee/Tea,Long Island City-Hunters Point,Queens,QN0201,40.74325971767,-73.9539335418
restaurant,CITYPICKLE,American,Long Island City-Hunters Point,Queens,QN0201,40.74977492901,-73.9518537495
restaurant,COOKIES AND CREAM PASTRY SHOP,Bakery Products/Desserts,Long Island City-Hunters Point,Queens,QN0201,40.74365627259,-73.95048683215
restaurant,COURT SQUARE DINER,American,Long Island City-Hunters Point,Queens,QN0201,40.74614903091,-73.94556234074
restaurant,COURT SQUARE PIZZERIA,Pizza,Long Island City-Hunters Point,Queens,QN0201,40.74676925602,-73.94537055492
restaurant,COZY TEA HOUSE,Coffee/Tea,Long Island City-Hunters Point,Queens,QN0201,40.7493056371,-73.94030484456
restaurant,CRISPY BURGER / LAANKEE,Chicken,Long Island City-Hunters Point,Queens,QN0201,40.75036786121,-73.94030749823
restaurant,CUPPA TEA,Coffee/Tea,Long Island City-Hunters Point,Queens,QN0201,40.74876486478,-73.94020066681
restaurant,CYCLO,Southeast Asian,Long Island City-Hunters Point,Queens,QN0201,40.74587595329,-73.95513711591
restaurant,DA LONG YI HOT POT,Chinese,Long Island City-Hunters Point,Queens,QN0201,40.75005535219,-73.94106931634
restaurant,DAI HACHI,Japanese,Long Island City-Hunters Point,Queens,QN0201,40.74633068992,-73.95290646059
restaurant,DIM SUM PALACE,Asian/Asian Fusion,Long Island City-Hunters Point,Queens,QN0201,40.74639265929,-73.94419794616
restaurant,DISH FOOD & EVENTS,Fusion,Long Island City-Hunters Point,Queens,QN0201,40.75380605554,-73.94969241314
restaurant,DOMINIE'S HOEK,American,Long Island City-Hunters Point,Queens,QN0201,40.74392110652,-73.95368768118
restaurant,DUN HUANG LIC,Asian/Asian Fusion,Long Island City-Hunters Point,Queens,QN0201,40.74794137258,-73.94007870064
restaurant,DUNKIN,Donuts,Long Island City-Hunters Point,Queens,QN0201,40.75009855577,-73.93969778863
restaurant,DUNKIN,American,Long Island City-Hunters Point,Queens,QN0201,40.74587450679,-73.94546151526
restaurant,DUNKIN,Donuts,Long Island City-Hunters Point,Queens,QN0201,40.74329813855,-73.95391907988
restaurant,DUNKIN,American,Long Island City-Hunters Point,Queens,QN0201,40.74764858188,-73.94751721526
restaurant,DUOMI RICE YOGURT HOUSE,Chinese,Long Island City-Hunters Point,Queens,QN0201,40.7493056371,-73.94030484456
restaurant,DUTCH KILLS,American,Long Island City-Hunters Point,Queens,QN0201,40.74788927109,-73.9401725833
restaurant,ELEVATED AT PARTAKE,American,Long Island City-Hunters Point,Queens,QN0201,40.74950535568,-73.9504752498
restaurant,EMACK & BOLIO'S,Frozen Desserts,Long Island City-Hunters Point,Queens,QN0201,40.74309312787,-73.95607728531
restaurant,ERYE TEA SHOP,Chinese,Long Island City-Hunters Point,Queens,QN0201,40.74845908322,-73.94928863899
restaurant,FAT CAT FLATBREAD,Chinese,Long Island City-Hunters Point,Queens,QN0201,40.7493056371,-73.94030484456
restaurant,FIRST STOP BAR & GRILL,American,Long Island City-Hunters Point,Queens,QN0201,40.75008756345,-73.93967253435
restaurant,FIVE IRON GOLF,American,Long Island City-Hunters Point,Queens,QN0201,40.74567440715,-73.94602828355
restaurant,FRANK OTTOMANELLI'S BY THE WATER,American,Long Island City-Hunters Point,Queens,QN0201,40.74201866599,-73.96014504935
restaurant,FRANKIE'S BROOKLYN PIZZA,Pizza,Long Island City-Hunters Point,Queens,QN0201,40.74349186371,-73.95806909159
restaurant,FRESH PICK,"Juice, Smoothies, Fruit Salads",Long Island City-Hunters Point,Queens,QN0201,40.7503706116,-73.94031832335
restaurant,GAMEHAUS,American,Long Island City-Hunters Point,Queens,QN0201,40.74240428486,-73.95631952834
restaurant,GANTRY BAR & KITCHEN,American,Long Island City-Hunters Point,Queens,QN0201,40.74533447584,-73.9532355795
restaurant,GO NONNA,Italian,Long Island City-Hunters Point,Queens,QN0201,40.7487176716,-73.95062020192
restaurant,GREEN VALLEY MARKET & DELI,American,Long Island City-Hunters Point,Queens,QN0201,40.75035961941,-73.94029306886
restaurant,GUAGUA,Chinese,Long Island City-Hunters Point,Queens,QN0201,40.7493056371,-73.94030484456
restaurant,GULP / 929,Asian/Asian Fusion,Long Island City-Hunters Point,Queens,QN0201,40.74904517453,-73.94086449326
restaurant,GYU-KAKU,Japanese,Long Island City-Hunters Point,Queens,QN0201,40.74821116192,-73.94730744373
restaurant,HAN DYNASTY LIC,Chinese,Long Island City-Hunters Point,Queens,QN0201,40.74576982397,-73.94466402401
restaurant,HENG THAI,Thai,Long Island City-Hunters Point,Queens,QN0201,40.74587999117,-73.94545068389
restaurant,HEYTEA,Coffee/Tea,Long Island City-Hunters Point,Queens,QN0201,40.75012392482,-73.94097902585
restaurant,HIBINO LIC,Japanese,Long Island City-Hunters Point,Queens,QN0201,40.74275946087,-73.95219806438
restaurant,HOT PEPPERS,Mexican,Long Island City-Hunters Point,Queens,QN0201,40.74794137258,-73.94007870064
restaurant,HUNAN NOODLE,Chinese,Long Island City-Hunters Point,Queens,QN0201,40.7493056371,-73.94030484456
restaurant,HUPO,Chinese,Long Island City-Hunters Point,Queens,QN0201,40.74264203428,-73.95365609473
restaurant,HYATT PLACE,American,Long Island City-Hunters Point,Queens,QN0201,40.74823572024,-73.94135244051
restaurant,I'MILKY,Coffee/Tea,Long Island City-Hunters Point,Queens,QN0201,40.74567440715,-73.94602828355
restaurant,I-FORTUNE COOKIE,Chinese,Long Island City-Hunters Point,Queens,QN0201,40.74776657852,-73.94745576801
restaurant,IL FALCO,Italian,Long Island City-Hunters Point,Queens,QN0201,40.7480133695,-73.94693947576
restaurant,INNOLAB COFFEE,Coffee/Tea,Long Island City-Hunters Point,Queens,QN0201,40.74572534854,-73.94351641673
restaurant,IZAYAKA NONAME,Thai,Long Island City-Hunters Point,Queens,QN0201,40.74593824229,-73.95303666149
restaurant,JAX PIZZA JOINT,Pizza,Long Island City-Hunters Point,Queens,QN0201,40.74787008598,-73.94022673652
restaurant,JIANG NAN,Chinese,Long Island City-Hunters Point,Queens,QN0201,40.74629572982,-73.94245128348
restaurant,JING LI,Japanese,Long Island City-Hunters Point,Queens,QN0201,40.74794137258,-73.94007870064
restaurant,JORA,Peruvian,Long Island City-Hunters Point,Queens,QN0201,40.74410392575,-73.95108556831
restaurant,JOYPOT,Chinese,Long Island City-Hunters Point,Queens,QN0201,40.74588821687,-73.94543263236
restaurant,KUKU KOREAN CUISINE,Korean,Long Island City-Hunters Point,Queens,QN0201,40.74365079085,-73.9505048804
restaurant,KYURAMEN,Japanese,Long Island City-Hunters Point,Queens,QN0201,40.7493056371,-73.94030484456
restaurant,L. M. CAFE,American,Long Island City-Hunters Point,Queens,QN0201,40.74923026186,-73.94906428332
restaurant,LADY M CONFECTIONS,Bakery Products/Desserts,Long Island City-Hunters Point,Queens,QN0201,40.75231061251,-73.95073302598
restaurant,LATELY CAFE,Coffee/Tea,Long Island City-Hunters Point,Queens,QN0201,40.7475538734,-73.94456870128
restaurant,LEE & BAI,Chinese,Long Island City-Hunters Point,Queens,QN0201,40.74873473818,-73.94032701275
restaurant,LIC BAR,American,Long Island City-Hunters Point,Queens,QN0201,40.7472445676,-73.95259543576
restaurant,LIC HOTEL,American,Long Island City-Hunters Point,Queens,QN0201,40.74933078443,-73.9467868385
restaurant,LITTLE BANCHAN SHOP / MEJU,Korean,Long Island City-Hunters Point,Queens,QN0201,40.74378746541,-73.95584946894
restaurant,LITTLE CHEF LITTLE CAFE,Soups/Salads/Sandwiches,Long Island City-Hunters Point,Queens,QN0201,40.74443788626,-73.95562167717
restaurant,LOOK BUBBLE TEA,Coffee/Tea,Long Island City-Hunters Point,Queens,QN0201,40.7436425628,-73.95051932186
restaurant,LOST IN PARADISE / THE NEWSROOM,Latin American,Long Island City-Hunters Point,Queens,QN0201,40.75177963384,-73.94792540528
restaurant,LUCKY PIZZERIA & CAFE,American,Long Island City-Hunters Point,Queens,QN0201,40.750084813,-73.93966170931
restaurant,LUPO ROSSO,Pizza,Long Island City-Hunters Point,Queens,QN0201,40.75041871748,-73.94900562392
restaurant,MADERA,Latin American,Long Island City-Hunters Point,Queens,QN0201,40.74467856,-73.95343813938
restaurant,MAIELLA,Italian,Long Island City-Hunters Point,Queens,QN0201,40.74704845472,-73.95640308798
restaurant,MAMABITES,American,Long Island City-Hunters Point,Queens,QN0201,40.74963439401,-73.93913518188
restaurant,MAMAN,French,Long Island City-Hunters Point,Queens,QN0201,40.7433365822,-73.94186922142
restaurant,MANDUCATIS,Italian,Long Island City-Hunters Point,Queens,QN0201,40.74446802904,-73.94890553884
restaurant,MANDUCATIS RUSTICA,Italian,Long Island City-Hunters Point,Queens,QN0201,40.74598763174,-73.95299692799
restaurant,MANETTA'S RISTORANTE,Italian,Long Island City-Hunters Point,Queens,QN0201,40.74278688592,-73.95214391286
restaurant,MANGO MANGO,Fruits/Vegetables,Long Island City-Hunters Point,Queens,QN0201,40.74458250505,-73.95346707783
restaurant,MARATHON HONG KONG DINER,Chinese,Long Island City-Hunters Point,Queens,QN0201,40.7493056371,-73.94030484456
restaurant,MASTER L RICE NOODLE,Chinese,Long Island City-Hunters Point,Queens,QN0201,40.74908907023,-73.94082475374
restaurant,MATSUNORI HANDROLL BAR,Japanese,Long Island City-Hunters Point,Queens,QN0201,40.7463094898,-73.94252345108
restaurant,MBJ FOOD SERVICE,American,Long Island City-Hunters Point,Queens,QN0201,40.74520901375,-73.93760184195
restaurant,"MBJ LIC CORP (Coffee, 1 Floor)",Coffee/Tea,Long Island City-Hunters Point,Queens,QN0201,40.74520901375,-73.93760184195
restaurant,MEERA DELI,Sandwiches,Long Island City-Hunters Point,Queens,QN0201,40.7484755454,-73.94927419004
restaurant,MERCATO LIC,Italian,Long Island City-Hunters Point,Queens,QN0201,40.74454134825,-73.95350319548
restaurant,MILLIE'S GOOD TIMES DELI,American,Long Island City-Hunters Point,Queens,QN0201,40.74416363366,-73.94952288816
restaurant,MISTER CHICKEN II,Chicken,Long Island City-Hunters Point,Queens,QN0201,40.747810498,-73.94746295135
restaurant,MYSTTIK MASAALA,Indian,Long Island City-Hunters Point,Queens,QN0201,40.7499713536,-73.94907815119
restaurant,NAGAIKI RAMEN,Japanese,Long Island City-Hunters Point,Queens,QN0201,40.74850872093,-73.93853349526
restaurant,NAI BROTHER,Chinese,Long Island City-Hunters Point,Queens,QN0201,40.7493056371,-73.94030484456
restaurant,NAISNOW,Bakery Products/Desserts,Long Island City-Hunters Point,Queens,QN0201,40.74812775132,-73.93957326181
restaurant,NAYA,Middle Eastern,Long Island City-Hunters Point,Queens,QN0201,40.74723148076,-73.94202821593
restaurant,NIFOROS COFFEE SHOP,American,Long Island City-Hunters Point,Queens,QN0201,40.7505312334,-73.94896222698
restaurant,NO STRESS COFFEE,Coffee/Tea,Long Island City-Hunters Point,Queens,QN0201,40.74860040032,-73.94062668893
restaurant,NOODLE CRAFT,Chinese,Long Island City-Hunters Point,Queens,QN0201,40.74461226669,-73.95241687178
restaurant,NU LOOK DELI,American,Long Island City-Hunters Point,Queens,QN0201,40.74322952819,-73.95394078037
restaurant,OH! CALCUTTA,Indian,Long Island City-Hunters Point,Queens,QN0201,40.74261686063,-73.95250491299
restaurant,ON THE 7,New American,Long Island City-Hunters Point,Queens,QN0201,40.74257633843,-73.95410001969
restaurant,OOI SUSHI & LOUNGE,Japanese,Long Island City-Hunters Point,Queens,QN0201,40.74966303811,-73.94143418976
restaurant,ORIGIN CAFE & WINE BAR,Coffee/Tea,Long Island City-Hunters Point,Queens,QN0201,40.74758409713,-73.94463363886
restaurant,OSTERIA BROOKLYN @ LIC,Italian,Long Island City-Hunters Point,Queens,QN0201,40.74363488393,-73.95887737927
restaurant,OVERFLOW COFFEE,Coffee/Tea,Long Island City-Hunters Point,Queens,QN0201,40.74598764061,-73.95301858174
restaurant,P. J. LEAHY'S,Irish,Long Island City-Hunters Point,Queens,QN0201,40.74263123656,-73.95410719928
restaurant,PANDA EXPRESS,Chinese,Long Island City-Hunters Point,Queens,QN0201,40.75007382067,-73.93963645503
restaurant,PANTRY MARKET EATERY,Sandwiches/Salads/Mixed Buffet,Long Island City-Hunters Point,Queens,QN0201,40.74630492854,-73.94440734054
restaurant,PARIS BAGUETTE,Bakery Products/Desserts,Long Island City-Hunters Point,Queens,QN0201,40.74791122541,-73.94016534538
restaurant,PARTAKE,Fusion,Long Island City-Hunters Point,Queens,QN0201,40.74950535568,-73.9504752498
restaurant,PARTNERS COFFEE,American,Long Island City-Hunters Point,Queens,QN0201,40.74743706855,-73.9414975078
restaurant,PETEY'S BURGER,Hamburgers,Long Island City-Hunters Point,Queens,QN0201,40.74592451996,-73.95304028015
restaurant,PHO VITAL,Southeast Asian,Long Island City-Hunters Point,Queens,QN0201,40.7493056371,-73.94030484456
restaurant,POKE BOWL,Hawaiian,Long Island City-Hunters Point,Queens,QN0201,40.74928092862,-73.94029403937
restaurant,POKE BURRITO,Asian/Asian Fusion,Long Island City-Hunters Point,Queens,QN0201,40.74689616236,-73.94112986579
restaurant,R40,Latin American,Long Island City-Hunters Point,Queens,QN0201,40.74499691717,-73.95335130231
restaurant,RAJ'S INDIAN KITCHEN,Indian,Long Island City-Hunters Point,Queens,QN0201,40.74962069126,-73.93917489517
restaurant,RAMEN SPOT,Japanese,Long Island City-Hunters Point,Queens,QN0201,40.74658263975,-73.94542845239
restaurant,RAVEL EVENTS,American,Long Island City-Hunters Point,Queens,QN0201,40.75412417218,-73.94906774556
restaurant,RECORD ROOM,New American,Long Island City-Hunters Point,Queens,QN0201,40.74586839413,-73.95689828961
restaurant,RED CUP CAFÉ,American,Long Island City-Hunters Point,Queens,QN0201,40.74782970802,-73.94745571802
restaurant,RED SORGHUM,Chinese,Long Island City-Hunters Point,Queens,QN0201,40.74832509729,-73.93904976464
restaurant,ROS NIYOM,Thai,Long Island City-Hunters Point,Queens,QN0201,40.74308037122,-73.95165651317
restaurant,SAANG THAI,Thai,Long Island City-Hunters Point,Queens,QN0201,40.74456878417,-73.95347430521
restaurant,SAFIR MEDITERRANEAN,Turkish,Long Island City-Hunters Point,Queens,QN0201,40.74466483765,-73.95344175789
restaurant,SANTA CHIARA CAFFE,Italian,Long Island City-Hunters Point,Queens,QN0201,40.74140127005,-73.96065424806
restaurant,SAPPS,Japanese,Long Island City-Hunters Point,Queens,QN0201,40.74790023696,-73.94014730997
restaurant,SERAFINA,Italian,Long Island City-Hunters Point,Queens,QN0201,40.74863476461,-73.93813276809
restaurant,SHI,Asian/Asian Fusion,Long Island City-Hunters Point,Queens,QN0201,40.74564066816,-73.95713662753
restaurant,SHIMIAODAO TEN SECONDS,Chinese,Long Island City-Hunters Point,Queens,QN0201,40.7493056371,-73.94030484456
restaurant,SHOW PALACE GENTLEMEN'S CLUB,American,Long Island City-Hunters Point,Queens,QN0201,40.75097695341,-73.94532378028
restaurant,SIAM THAI EXPRESS,Thai,Long Island City-Hunters Point,Queens,QN0201,40.74850872093,-73.93853349526
restaurant,SKINNY'S CANTINA,Mexican,Long Island City-Hunters Point,Queens,QN0201,40.74596442822,-73.95681161227
restaurant,SKY LOUNGE & BAR,American,Long Island City-Hunters Point,Queens,QN0201,40.74914999364,-73.94187856562
restaurant,SKYBAR,American,Long Island City-Hunters Point,Queens,QN0201,40.74574785891,-73.94464960654
restaurant,SLICE,Pizza,Long Island City-Hunters Point,Queens,QN0201,40.74394854977,-73.95367683549
restaurant,SOBREMESA,Mexican,Long Island City-Hunters Point,Queens,QN0201,40.75013572311,-73.94837062495
restaurant,SOFT SWERVE ICE CREAM,Frozen Desserts,Long Island City-Hunters Point,Queens,QN0201,40.74850872093,-73.93853349526
restaurant,SOFTBITE,Japanese,Long Island City-Hunters Point,Queens,QN0201,40.74917195538,-73.94188576465
restaurant,SOMEDAYS BAKERY,Bakery Products/Desserts,Long Island City-Hunters Point,Queens,QN0201,40.74664775929,-73.95650801204
restaurant,SOOTHR LIC,Thai,Long Island City-Hunters Point,Queens,QN0201,40.74864499059,-73.94194397177
restaurant,SPICY MOON,Vegan,Long Island City-Hunters Point,Queens,QN0201,40.74576982397,-73.94466402401
restaurant,SPOT DESSERT BAR,Bakery Products/Desserts,Long Island City-Hunters Point,Queens,QN0201,40.74874989828,-73.93786197757
restaurant,STARBUCKS,Coffee/Tea,Long Island City-Hunters Point,Queens,QN0201,40.75035686902,-73.94028224374
restaurant,STARBUCKS,Coffee/Tea,Long Island City-Hunters Point,Queens,QN0201,40.74730274042,-73.94182243895
restaurant,STARBUCKS #63280,Coffee/Tea,Long Island City-Hunters Point,Queens,QN0201,40.74321579858,-73.95392635467
restaurant,STEPPING STONE CAFE,Coffee/Tea,Long Island City-Hunters Point,Queens,QN0201,40.7399294235,-73.95879306801
restaurant,SUBWAY,Other,Long Island City-Hunters Point,Queens,QN0201,40.74963439401,-73.93913518188
restaurant,SUSHI NIKKO,Japanese,Long Island City-Hunters Point,Queens,QN0201,40.74850872093,-73.93853349526
restaurant,SUSHI OF MISO AJA DUMPLINGS,Japanese,Long Island City-Hunters Point,Queens,QN0201,40.74232612535,-73.95301395614
restaurant,SWEET CHICK,American,Long Island City-Hunters Point,Queens,QN0201,40.74594921986,-73.95303304476
restaurant,SWEETGREEN,Salads,Long Island City-Hunters Point,Queens,QN0201,40.74717962964,-73.94262375013
restaurant,SWEETLEAF COFFEE & COCKTAIL BAR,American,Long Island City-Hunters Point,Queens,QN0201,40.74723234412,-73.95637770399
restaurant,SWEETLEAF COFFEE ROASTERS,Coffee/Tea,Long Island City-Hunters Point,Queens,QN0201,40.74312972822,-73.95154099552
restaurant,SWEETLEAF COFFEE ROASTERS,Coffee/Tea,Long Island City-Hunters Point,Queens,QN0201,40.74848402775,-73.9385515636
restaurant,TACOMBI,Mexican,Long Island City-Hunters Point,Queens,QN0201,40.74807664562,-73.94159077987
restaurant,TAIPEI HANG,Chinese,Long Island City-Hunters Point,Queens,QN0201,40.7493056371,-73.94030484456
restaurant,TAKUMEN,Japanese,Long Island City-Hunters Point,Queens,QN0201,40.74309312511,-73.95607006771
restaurant,TAMASHII BLUE RAMEN,Japanese,Long Island City-Hunters Point,Queens,QN0201,40.74460447046,-73.95348510684
restaurant,TERRONE,Pizza,Long Island City-Hunters Point,Queens,QN0201,40.74215860995,-73.96003309405
restaurant,THE BARONESS,American,Long Island City-Hunters Point,Queens,QN0201,40.74494751879,-73.95336938154
restaurant,THE BEAST NEXT DOOR,New American,Long Island City-Hunters Point,Queens,QN0201,40.74891623026,-73.94098009994
restaurant,THE GREATS OF CRAFT,American,Long Island City-Hunters Point,Queens,QN0201,40.752123038,-73.94861090135
restaurant,THE GREATS OF CRAFT,American,Long Island City-Hunters Point,Queens,QN0201,40.74564066816,-73.95713662753
restaurant,THE GUTTER,American,Long Island City-Hunters Point,Queens,QN0201,40.74672006761,-73.95199310768
restaurant,THE INFAMOUS,American,Long Island City-Hunters Point,Queens,QN0201,40.74516447869,-73.94731347161
restaurant,THE INKAN,Peruvian,Long Island City-Hunters Point,Queens,QN0201,40.74676925602,-73.94537055492
restaurant,THE LOCAL,American,Long Island City-Hunters Point,Queens,QN0201,40.74964400971,-73.9474867639
restaurant,THE OASIS CAFE,Bakery Products/Desserts,Long Island City-Hunters Point,Queens,QN0201,40.74380118227,-73.95583141561
restaurant,THE SHANNON POT,Irish,Long Island City-Hunters Point,Queens,QN0201,40.7487176716,-73.95062020192
restaurant,TOURNESOL,French,Long Island City-Hunters Point,Queens,QN0201,40.74232658238,-73.95414349753
restaurant,TUK TUK,Thai,Long Island City-Hunters Point,Queens,QN0201,40.74327892811,-73.95392631084
restaurant,U NI RICE LIC,Japanese,Long Island City-Hunters Point,Queens,QN0201,40.7493056371,-73.94030484456
restaurant,UMIYA,Japanese,Long Island City-Hunters Point,Queens,QN0201,40.74539749334,-73.94668533339
restaurant,UNITED NATIONS FEDERAL CREDIT UNION,American,Long Island City-Hunters Point,Queens,QN0201,40.74819848462,-73.94373085652
restaurant,UTOPIA BAGELS,Other,Long Island City-Hunters Point,Queens,QN0201,40.74730002676,-73.94188379485
restaurant,VERNON GRILLE,Greek,Long Island City-Hunters Point,Queens,QN0201,40.7439046496,-73.95371656343
restaurant,VERT FRAIS,Japanese,Long Island City-Hunters Point,Queens,QN0201,40.74870007329,-73.94231566154
restaurant,WARABI OMAKASE,Japanese,Long Island City-Hunters Point,Queens,QN0201,40.75015958999,-73.94094651146
restaurant,WEN IN NY,Coffee/Tea,Long Island City-Hunters Point,Queens,QN0201,40.74428155337,-73.94928461333
restaurant,WESTVILLE,Californian,Long Island City-Hunters Point,Queens,QN0201,40.74809609683,-73.94205994231
restaurant,WILDFLOUR,Bakery Products/Desserts,Long Island City-Hunters Point,Queens,QN0201,40.74977492901,-73.9518537495
restaurant,WOODBINES,Irish,Long Island City-Hunters Point,Queens,QN0201,40.74514236898,-73.9533006753
restaurant,WXYZ BAR & LOUNGE,American,Long Island City-Hunters Point,Queens,QN0201,40.74810856649,-73.93962741539
restaurant,XI'AN FAMOUS FOODS,Chinese,Long Island City-Hunters Point,Queens,QN0201,40.7436727287,-73.95045794922
restaurant,XI'AN FAMOUS FOODS,Asian/Asian Fusion,Long Island City-Hunters Point,Queens,QN0201,40.7473877327,-73.94163469462
restaurant,YANN NURY NYC,French,Long Island City-Hunters Point,Queens,QN0201,40.75380605554,-73.94969241314
restaurant,YARDS BAR & GRILL,American,Long Island City-Hunters Point,Queens,QN0201,40.74405262295,-73.94119734747
restaurant,YI FANG TAIWAN FRUIT TEA,Coffee/Tea,Long Island City-Hunters Point,Queens,QN0201,40.7477693332,-73.94747742016
restaurant,YUMPLING,Chinese,Long Island City-Hunters Point,Queens,QN0201,40.74325696422,-73.95391189085
restaurant,AFFY'S GRILL,American,Maspeth,Queens,QN0501,40.72710218862,-73.89341446533
restaurant,ALEXANDRA'S DELI & PIZZA,Pizza,Maspeth,Queens,QN0501,40.72117446192,-73.90383194156
restaurant,ANDREA'S CHICKEN,Peruvian,Maspeth,Queens,QN0501,40.72415299682,-73.90438322396
restaurant,ANGELO'S DELI RESTAURANT,Latin American,Maspeth,Queens,QN0501,40.71745337502,-73.91911831541
restaurant,ASK SUSHI,Japanese,Maspeth,Queens,QN0501,40.7330935684,-73.89591619352
restaurant,BAKE A BAGEL,Coffee/Tea,Maspeth,Queens,QN0501,40.72087020929,-73.90433023037
restaurant,BELLA DONNA PIZZA,Pizza,Maspeth,Queens,QN0501,40.71349496051,-73.91108630977
restaurant,BROTHERS M TAQUERIA,Mexican,Maspeth,Queens,QN0501,40.71406316557,-73.91475048911
restaurant,BUBBLE LINE,Coffee/Tea,Maspeth,Queens,QN0501,40.72288088515,-73.90285538958
restaurant,BUKOWSKI'S,Irish,Maspeth,Queens,QN0501,40.72672669758,-73.89399955022
restaurant,CARNITAS N FIESTAS,Mexican,Maspeth,Queens,QN0501,40.71342062663,-73.91439780949
restaurant,CARVEL # 102224,Frozen Desserts,Maspeth,Queens,QN0501,40.72635946436,-73.89461347852
restaurant,CASA MELANIA,Latin American,Maspeth,Queens,QN0501,40.72600099904,-73.91221686349
restaurant,CHINA HOUSE,Chinese,Maspeth,Queens,QN0501,40.71305111629,-73.90862320716
restaurant,CHIPOTLE MEXICAN GRILL #3056,Tex-Mex,Maspeth,Queens,QN0501,40.72616574099,-73.90877111799
restaurant,CHUNKY BITES,Bakery Products/Desserts,Maspeth,Queens,QN0501,40.71658067312,-73.90172107391
restaurant,COMFORT INN & SUITES,American,Maspeth,Queens,QN0501,40.72914350331,-73.90500744344
restaurant,CONNOLLY'S CORNER,Continental,Maspeth,Queens,QN0501,40.72785851558,-73.892099948
restaurant,DANNY PIZZERIA & RESTAURANT,Pizza,Maspeth,Queens,QN0501,40.72208076519,-73.90446557701
restaurant,DELIGHTFUL BAKERY & CAFE,Bakery Products/Desserts,Maspeth,Queens,QN0501,40.72762831116,-73.89247915826
restaurant,DUNKIN,American,Maspeth,Queens,QN0501,40.71437334416,-73.90110028826
restaurant,DUNKIN',Donuts,Maspeth,Queens,QN0501,40.72607440915,-73.89505048429
restaurant,DUNKIN' / BASKIN ROBBINS,American,Maspeth,Queens,QN0501,40.7211278916,-73.90394023728
restaurant,ECB / THE SPACE NEXT DOOR BY ECB,American,Maspeth,Queens,QN0501,40.71329283892,-73.9123743447
restaurant,EL ALTO DELI MEXICAN FOOD,Mexican,Maspeth,Queens,QN0501,40.71287550363,-73.9053048613
restaurant,EL POLLO REAL,Latin American,Maspeth,Queens,QN0501,40.72686099076,-73.89378286053
restaurant,EL POLLO SABROSON,Latin American,Maspeth,Queens,QN0501,40.72462762064,-73.89776222885
restaurant,FAY DA BAKERY,Bakery Products/Desserts,Maspeth,Queens,QN0501,40.72632203746,-73.90857607709
restaurant,FEVY'S,Korean,Maspeth,Queens,QN0501,40.73016532116,-73.8876329778
restaurant,FLAVOR EAST,Asian/Asian Fusion,Maspeth,Queens,QN0501,40.72010818692,-73.90556511171
restaurant,FRUIT PARADISE JUICE BAR & DELI,Mexican,Maspeth,Queens,QN0501,40.72651564704,-73.8943209905
restaurant,GLEN PATRICK'S PUB,American,Maspeth,Queens,QN0501,40.72925197681,-73.90022301332
restaurant,GOOD EATS,American,Maspeth,Queens,QN0501,40.72654031002,-73.8942776564
restaurant,HALAL KITCHEN,Chinese,Maspeth,Queens,QN0501,40.72783929884,-73.89209637126
restaurant,HOLIDAY INN EXPRESS,American,Maspeth,Queens,QN0501,40.72667238303,-73.9073489052
restaurant,HOMEMADE TAQUERIA,Mexican,Maspeth,Queens,QN0501,40.72782563949,-73.89216494496
restaurant,HUSH,American,Maspeth,Queens,QN0501,40.72762557316,-73.89248637862
restaurant,ISABELLA'S FROZEN TREATS,Frozen Desserts,Maspeth,Queens,QN0501,40.72761461058,-73.8954737888
restaurant,JERSEY MIKE'S,Sandwiches,Maspeth,Queens,QN0501,40.72616574099,-73.90877111799
restaurant,JOEY'S PIZZA,Pizza,Maspeth,Queens,QN0501,40.72607992509,-73.8950793386
restaurant,KASAMIA,Latin American,Maspeth,Queens,QN0501,40.71310767927,-73.90072342027
restaurant,KNOCKDOWN CENTER / BASEMENT NY,American,Maspeth,Queens,QN0501,40.71454023545,-73.91405367724
restaurant,KOI ASIAN CUISINE,Japanese,Maspeth,Queens,QN0501,40.72762831454,-73.89248276622
restaurant,LA BELLA MARIELLA,Pizza,Maspeth,Queens,QN0501,40.71525460699,-73.90132262756
restaurant,LA COCINA DE MAMA,Latin American,Maspeth,Queens,QN0501,40.71294259268,-73.90678731004
restaurant,LA LAMPARA CAFE,Pancakes/Waffles,Maspeth,Queens,QN0501,40.71523661757,-73.91300666218
restaurant,LECHONERIA NY,Latin American,Maspeth,Queens,QN0501,40.73272848874,-73.89588790006
restaurant,LEE PANDA,Chinese,Maspeth,Queens,QN0501,40.71522715311,-73.90131545379
restaurant,LINSWAY GRILL & TERIYAKI,Japanese,Maspeth,Queens,QN0501,40.72666637277,-73.89406458893
restaurant,LITTLE CAESARS,Pizza,Maspeth,Queens,QN0501,40.71439803462,-73.90108582251
restaurant,MAMA PISCO KITCHEN,Peruvian,Maspeth,Queens,QN0501,40.73081094603,-73.9001557236
restaurant,MAMI YSABEL,Latin American,Maspeth,Queens,QN0501,40.71517081153,-73.91309693052
restaurant,MASPETH BAGELS & SANDWICH SHOP,American,Maspeth,Queens,QN0501,40.72921356895,-73.90024471935
restaurant,MASPETH PIZZA,Pizza,Maspeth,Queens,QN0501,40.72784207754,-73.89213244649
restaurant,MCDONALD'S,Hamburgers,Maspeth,Queens,QN0501,40.7131095141,-73.90957902763
restaurant,MCDONALD'S,American,Maspeth,Queens,QN0501,40.72665573061,-73.90712163016
restaurant,MIS TIERRAS COLOMBIANAS,Latin American,Maspeth,Queens,QN0501,40.71596293044,-73.90152358524
restaurant,MOON PALACE KITCHEN,Chinese,Maspeth,Queens,QN0501,40.72224344309,-73.90208428103
restaurant,MTA MASPETH CAFETERIA,American,Maspeth,Queens,QN0501,40.71728641043,-73.91978228031
restaurant,MUUMOO FOODS,Polish,Maspeth,Queens,QN0501,40.71553466006,-73.90142321589
restaurant,NEW MAURICE DELI,American,Maspeth,Queens,QN0501,40.72604492542,-73.908713558
restaurant,NEW TASTE RESTAURANT INC,Chinese,Maspeth,Queens,QN0501,40.71494596439,-73.91339302117
restaurant,NOODLE VALLEY,Chinese,Maspeth,Queens,QN0501,40.71654772665,-73.9017103006
restaurant,NYC CHECKER FLAG GRILL,American,Maspeth,Queens,QN0501,40.7276393105,-73.89250078823
restaurant,O'NEILL'S,American,Maspeth,Queens,QN0501,40.72866792389,-73.90089498268
restaurant,OCEAN PRIME,American,Maspeth,Queens,QN0501,40.72274779337,-73.90128262844
restaurant,P & Y COFFEE SHOP,American,Maspeth,Queens,QN0501,40.72762745757,-73.9261089723
restaurant,PANADERIA LOS TRES REYES,Bakery Products/Desserts,Maspeth,Queens,QN0501,40.71512694171,-73.91315831174
restaurant,PANERA BREAD,Bakery Products/Desserts,Maspeth,Queens,QN0501,40.71356238312,-73.91680723454
restaurant,PATRIZIA'S OF MASPETH,Italian,Maspeth,Queens,QN0501,40.72655678525,-73.89428484597
restaurant,PEDRO'S KITCHEN & PIZZA,Pizza,Maspeth,Queens,QN0501,40.71380386302,-73.92059450281
restaurant,PLANT MILK DELI STORE,American,Maspeth,Queens,QN0501,40.72320428731,-73.91248753287
restaurant,RAICES COLOMBIANAS,Latin American,Maspeth,Queens,QN0501,40.72289895085,-73.9015096891
restaurant,ROSA'S PIZZA,Pizza,Maspeth,Queens,QN0501,40.72743895226,-73.8954812813
restaurant,ROSIE'S ROADSIDE TAVERN,Irish,Maspeth,Queens,QN0501,40.72018222725,-73.90548203257
restaurant,SAKURA 7,Japanese,Maspeth,Queens,QN0501,40.7238247547,-73.89928954592
restaurant,SAN CAFFE,Bakery Products/Desserts,Maspeth,Queens,QN0501,40.72410910464,-73.90441214935
restaurant,SMASHBURGER,Hamburgers,Maspeth,Queens,QN0501,40.72636042389,-73.90852551372
restaurant,SUBWAY,Sandwiches,Maspeth,Queens,QN0501,40.72728032971,-73.89312554381
restaurant,SUBWAY,Sandwiches,Maspeth,Queens,QN0501,40.71437334416,-73.90110028826
restaurant,SUPER BOWL GAO,Chinese,Maspeth,Queens,QN0501,40.72567503898,-73.906127234
restaurant,TACO BELL,Tex-Mex,Maspeth,Queens,QN0501,40.71437334416,-73.90110028826
restaurant,TANG MUSIC LOUNGE,Asian/Asian Fusion,Maspeth,Queens,QN0501,40.72689573711,-73.9121435219
restaurant,TASTE OF CHINA,Chinese,Maspeth,Queens,QN0501,40.72780642275,-73.89216136821
restaurant,TERIYAKI ONE,Japanese,Maspeth,Queens,QN0501,40.72624526165,-73.90867359577
restaurant,TEX-MEX EXPRESS,Chinese,Maspeth,Queens,QN0501,40.72763656574,-73.89250079267
restaurant,THAI TAI EATERY,Thai,Maspeth,Queens,QN0501,40.72183738766,-73.89305493764
restaurant,THE CITY DINER,American,Maspeth,Queens,QN0501,40.72360558436,-73.89975888509
restaurant,THE LIVE OAK,Irish,Maspeth,Queens,QN0501,40.71725328299,-73.90188601862
restaurant,TIDE ISLE TEA,Coffee/Tea,Maspeth,Queens,QN0501,40.72661704695,-73.89415125742
restaurant,TIO BOLO'S PIZZA,Pizza,Maspeth,Queens,QN0501,40.72318501612,-73.91241179615
restaurant,VIXEN,American,Maspeth,Queens,QN0501,40.71286990978,-73.90517861867
restaurant,WENDY'S,Hamburgers,Maspeth,Queens,QN0501,40.7144447081,-73.90110018197
restaurant,WINGSTOP,Chicken,Maspeth,Queens,QN0501,40.71437334416,-73.90110028826
restaurant,YUMMY YUMMY CHINESE,Chinese,Maspeth,Queens,QN0501,40.73208173375,-73.90011051369
restaurant,AROMA / SUGAR N COAL,Indian,Middle Village,Queens,QN0504,40.72341194185,-73.86839353799
restaurant,ARTISTIC STITCH SPORTS COMPLEX(PARTY PLACE),Pizza,Middle Village,Queens,QN0504,40.7082240856,-73.87233352925
restaurant,ASIA CHINESE RESTAURANT,Chinese,Middle Village,Queens,QN0504,40.72184297492,-73.86691751183
restaurant,BRIDIE'S GRILL ROOM,American,Middle Village,Queens,QN0504,40.7184706741,-73.87265292801
restaurant,BURRITO BLVD,Mexican,Middle Village,Queens,QN0504,40.71266496878,-73.87980622085
restaurant,CARLO'S PIZZERIA,Pizza,Middle Village,Queens,QN0504,40.7128252087,-73.87819353069
restaurant,CHICKN ROTONDA,Filipino,Middle Village,Queens,QN0504,40.7184459592,-73.87264215302
restaurant,COOKIES N CREAM,Bakery Products/Desserts,Middle Village,Queens,QN0504,40.71839378863,-73.87262421579
restaurant,CUPS N CAKES CAFE,Coffee/Tea,Middle Village,Queens,QN0504,40.72630708025,-73.87028194187
restaurant,DUNKIN,American,Middle Village,Queens,QN0504,40.71320780297,-73.8741022867
restaurant,DUNKIN' / BASKIN ROBBINS,Donuts,Middle Village,Queens,QN0504,40.72542788449,-73.87955221124
restaurant,ELIOT PIZZERIA,Pizza,Middle Village,Queens,QN0504,40.72483773752,-73.87953163509
restaurant,FRAMBOISE PATISSERIE,Bakery Products/Desserts,Middle Village,Queens,QN0504,40.71842945856,-73.87261332496
restaurant,GINO'S PIZZA EXPRESS,Pizza,Middle Village,Queens,QN0504,40.72286138326,-73.87430404988
restaurant,GOLDEN HARBOR,Chinese,Middle Village,Queens,QN0504,40.72225170914,-73.87399855211
restaurant,GREENLEAF,Chinese,Middle Village,Queens,QN0504,40.71265952461,-73.8798495165
restaurant,GYRO GRILL,Mediterranean,Middle Village,Queens,QN0504,40.72427469327,-73.86917471631
restaurant,HAVEN GRILL & SUSHI,Jewish/Kosher,Middle Village,Queens,QN0504,40.72197486585,-73.86703990778
restaurant,HONG KONG KITCHEN,Chinese,Middle Village,Queens,QN0504,40.72762279877,-73.87361312918
restaurant,JOEY'S CORNER,Pizza,Middle Village,Queens,QN0504,40.70818031783,-73.87246706896
restaurant,JOHN'S BAR,Other,Middle Village,Queens,QN0504,40.71838003275,-73.87259538249
restaurant,JOYA HALL,Indian,Middle Village,Queens,QN0504,40.72176054406,-73.86684191652
restaurant,KLAN DESTINO,Mexican,Middle Village,Queens,QN0504,40.71292588469,-73.87736730531
restaurant,LAS TIAS,Latin American,Middle Village,Queens,QN0504,40.71284168879,-73.87820432193
restaurant,LONDON LENNIE'S,Seafood,Middle Village,Queens,QN0504,40.72219742993,-73.86724509918
restaurant,MA KIN,Thai,Middle Village,Queens,QN0504,40.71292588083,-73.87736369815
restaurant,METRO DINER,American,Middle Village,Queens,QN0504,40.71274646586,-73.87900167781
restaurant,MIDDLE VILLAGE BAGELS,Bagels/Pretzels,Middle Village,Queens,QN0504,40.72482952218,-73.87954968906
restaurant,MILAN SPORTS BAR,Coffee/Tea,Middle Village,Queens,QN0504,40.71275206952,-73.87910988225
restaurant,MY SUSHI,Fusion,Middle Village,Queens,QN0504,40.72483500034,-73.87953885568
restaurant,NUR THAI,Thai,Middle Village,Queens,QN0504,40.72361803077,-73.86859516323
restaurant,PARCEROS BAKERY & COFFEE SHOP,Latin American,Middle Village,Queens,QN0504,40.72311517168,-73.86810190108
restaurant,PHILLIES PIZZERIA II,Pizza,Middle Village,Queens,QN0504,40.72205519791,-73.88553261571
restaurant,POLLOS A LA BRASA MARIO,Latin American,Middle Village,Queens,QN0504,40.72396423428,-73.86891196128
restaurant,PURO CAFE,Coffee/Tea,Middle Village,Queens,QN0504,40.71658011599,-73.88627074222
restaurant,RALPH'S ITALIAN ICE,Frozen Desserts,Middle Village,Queens,QN0504,40.71273829625,-73.87906301432
restaurant,RICHIE'S SWEETS & TREATS,American,Middle Village,Queens,QN0504,40.71284168879,-73.87820432193
restaurant,RICO'S CHICKEN,Chicken,Middle Village,Queens,QN0504,40.71292861403,-73.87735287161
restaurant,ROSA'S PIZZA & PASTA,Pizza,Middle Village,Queens,QN0504,40.71312418444,-73.87544792173
restaurant,SALSA PIZZERIA,Pizza,Middle Village,Queens,QN0504,40.72155446881,-73.86665473287
restaurant,THE VILLAGE SALOON,American,Middle Village,Queens,QN0504,40.72592494101,-73.87720258545
restaurant,TOYO,Japanese,Middle Village,Queens,QN0504,40.71273288277,-73.87913516726
restaurant,UNCLE LOUIE G,Italian,Middle Village,Queens,QN0504,40.72463944585,-73.87889702195
restaurant,UYGHUR LAGMAN HOUSE,Asian/Asian Fusion,Middle Village,Queens,QN0504,40.72671352944,-73.87047958294
restaurant,VILLA ERASAMO,Italian,Middle Village,Queens,QN0504,40.71665132598,-73.88611550348
restaurant,YUZU SUSHI,Japanese,Middle Village,Queens,QN0504,40.7184212483,-73.8726349855
restaurant,1.5 DAK GALBI,Korean,Murray Hill-Broadway Flushing,Queens,QN0704,40.76344840862,-73.80718383634
restaurant,162 K-TOWN BAR,Korean,Murray Hill-Broadway Flushing,Queens,QN0704,40.76101919033,-73.80388433303
restaurant,18.5 GRAM COFFEE,Coffee/Tea,Murray Hill-Broadway Flushing,Queens,QN0704,40.76256839386,-73.80456201908
restaurant,3 TOWNS CAFE,Coffee/Tea,Murray Hill-Broadway Flushing,Queens,QN0704,40.77336014679,-73.79629116342
restaurant,50 BAY,Chinese,Murray Hill-Broadway Flushing,Queens,QN0704,40.76512250185,-73.81370225449
restaurant,98K/ MR. BO BO,Chicken,Murray Hill-Broadway Flushing,Queens,QN0704,40.76241749844,-73.8145256781
restaurant,ADAM'S CHICKEN & POCHA,Korean,Murray Hill-Broadway Flushing,Queens,QN0704,40.76482570956,-73.81180062258
restaurant,ARIRANG USA,Korean,Murray Hill-Broadway Flushing,Queens,QN0704,40.76120418231,-73.802919971
restaurant,ASIAN CHEF,Chinese,Murray Hill-Broadway Flushing,Queens,QN0704,40.77004453239,-73.79325427087
restaurant,BA SAK CHICKEN,Korean,Murray Hill-Broadway Flushing,Queens,QN0704,40.75799631965,-73.79551533783
restaurant,BB.Q CHICKEN,Korean,Murray Hill-Broadway Flushing,Queens,QN0704,40.7634042742,-73.80705400769
restaurant,BEAN HOUSE,Coffee/Tea,Murray Hill-Broadway Flushing,Queens,QN0704,40.77118215349,-73.80335967278
restaurant,BEANS & MALT,Coffee/Tea,Murray Hill-Broadway Flushing,Queens,QN0704,40.7612140615,-73.80388014724
restaurant,BEAT MAZESOBA,Japanese,Murray Hill-Broadway Flushing,Queens,QN0704,40.7625652739,-73.80434182628
restaurant,BEST 164,Korean,Murray Hill-Broadway Flushing,Queens,QN0704,40.76257186716,-73.80178601935
restaurant,BLOOMY 7,Korean,Murray Hill-Broadway Flushing,Queens,QN0704,40.76256529237,-73.80435265583
restaurant,BO AND GA,Asian/Asian Fusion,Murray Hill-Broadway Flushing,Queens,QN0704,40.76582324395,-73.81085196099
restaurant,BONJUK & BIBIMBAB,Korean,Murray Hill-Broadway Flushing,Queens,QN0704,40.76482570956,-73.81180062258
restaurant,BOOMERANG,Korean,Murray Hill-Broadway Flushing,Queens,QN0704,40.76174363188,-73.80378111665
restaurant,BOYANG KFOOD,Korean,Murray Hill-Broadway Flushing,Queens,QN0704,40.76198093448,-73.8029104441
restaurant,BREIFNE PUB,American,Murray Hill-Broadway Flushing,Queens,QN0704,40.76275542181,-73.79687964451
restaurant,BURGER KING,American,Murray Hill-Broadway Flushing,Queens,QN0704,40.76500150201,-73.82044607475
restaurant,BYUNG CHUN SOON DAE,Korean,Murray Hill-Broadway Flushing,Queens,QN0704,40.76402781861,-73.80898351657
restaurant,CAFE JOIE,Coffee/Tea,Murray Hill-Broadway Flushing,Queens,QN0704,40.76197815253,-73.80288879335
restaurant,CAFE LA JOLIE,Coffee/Tea,Murray Hill-Broadway Flushing,Queens,QN0704,40.76525361901,-73.81500871147
restaurant,CAFE W,Bakery Products/Desserts,Murray Hill-Broadway Flushing,Queens,QN0704,40.7658122352,-73.81083394215
restaurant,CAKE HOUSE WIN,Coffee/Tea,Murray Hill-Broadway Flushing,Queens,QN0704,40.76518674246,-73.81438797612
restaurant,CAKES BY LANA NEW YORK,Bakery Products/Desserts,Murray Hill-Broadway Flushing,Queens,QN0704,40.76725367514,-73.81277568863
restaurant,CANAAN BREAD,Bakery Products/Desserts,Murray Hill-Broadway Flushing,Queens,QN0704,40.76399470731,-73.80887892346
restaurant,CARVEL,Frozen Desserts,Murray Hill-Broadway Flushing,Queens,QN0704,40.77097582052,-73.79370626983
restaurant,CARVEL,Frozen Desserts,Murray Hill-Broadway Flushing,Queens,QN0704,40.75792734049,-73.79531341184
restaurant,CAST IRON POT,Korean,Murray Hill-Broadway Flushing,Queens,QN0704,40.76368297151,-73.80793401998
restaurant,CHEOGOD.ZIP,Korean,Murray Hill-Broadway Flushing,Queens,QN0704,40.76277814865,-73.80524005874
restaurant,CHI MAC ZIP,Korean,Murray Hill-Broadway Flushing,Queens,QN0704,40.76396168011,-73.80882486943
restaurant,COCO,"Juice, Smoothies, Fruit Salads",Murray Hill-Broadway Flushing,Queens,QN0704,40.76244064431,-73.80368880876
restaurant,COCOHODO,Bakery Products/Desserts,Murray Hill-Broadway Flushing,Queens,QN0704,40.76344012585,-73.80715498108
restaurant,COFFEE FACTORY,Bakery Products/Desserts,Murray Hill-Broadway Flushing,Queens,QN0704,40.76320750228,-73.81422384772
restaurant,COFFEE MONSTER,Bakery Products/Desserts,Murray Hill-Broadway Flushing,Queens,QN0704,40.76240111743,-73.81457987177
restaurant,COFFEE PRINCESS,Coffee/Tea,Murray Hill-Broadway Flushing,Queens,QN0704,40.76522558321,-73.81464417836
restaurant,COFFEE TREE LOUNGE,Korean,Murray Hill-Broadway Flushing,Queens,QN0704,40.7618855672,-73.80172309264
restaurant,CROFFLE HOUSE,Bakery Products/Desserts,Murray Hill-Broadway Flushing,Queens,QN0704,40.76298379693,-73.81506918852
restaurant,D'ANNA'S PIZZA & DELI,Latin American,Murray Hill-Broadway Flushing,Queens,QN0704,40.76275537709,-73.79685437549
restaurant,DAE BAK RESTAURANT,Korean,Murray Hill-Broadway Flushing,Queens,QN0704,40.76724189592,-73.82087322595
restaurant,DANGOL,Korean,Murray Hill-Broadway Flushing,Queens,QN0704,40.76276710837,-73.80520399235
restaurant,DAORI BBQ,Korean,Murray Hill-Broadway Flushing,Queens,QN0704,40.76330792183,-73.81521990124
restaurant,DELICIOUS EGG WAFFLE SKEWER.,Chinese,Murray Hill-Broadway Flushing,Queens,QN0704,40.76516128798,-73.819073839
restaurant,DOKDOYA,Korean,Murray Hill-Broadway Flushing,Queens,QN0704,40.7625597167,-73.80430213411
restaurant,DOMINO'S,Pizza,Murray Hill-Broadway Flushing,Queens,QN0704,40.76535018129,-73.81703005305
restaurant,DONG WON SUSHI & TUNA,Korean,Murray Hill-Broadway Flushing,Queens,QN0704,40.76108230727,-73.80387692689
restaurant,DOUBLE MA LA TANG,Chinese,Murray Hill-Broadway Flushing,Queens,QN0704,40.76339876042,-73.80703958407
restaurant,DUNKIN,American,Murray Hill-Broadway Flushing,Queens,QN0704,40.77615135979,-73.82440561487
restaurant,DUNKIN,Donuts,Murray Hill-Broadway Flushing,Queens,QN0704,40.75965685033,-73.80015952841
restaurant,DUNKIN BASKIN ROBBINS,Donuts,Murray Hill-Broadway Flushing,Queens,QN0704,40.76503965731,-73.82027269139
restaurant,DYNASTY,Chinese,Murray Hill-Broadway Flushing,Queens,QN0704,40.76515857168,-73.81909189645
restaurant,EE LANG,Korean,Murray Hill-Broadway Flushing,Queens,QN0704,40.76256637766,-73.80178603575
restaurant,EL RANCHITO DE DAISY,Latin American,Murray Hill-Broadway Flushing,Queens,QN0704,40.76151540587,-73.81340915844
restaurant,ENJOY SUSHI,Japanese,Murray Hill-Broadway Flushing,Queens,QN0704,40.75792734049,-73.79531341184
restaurant,FRATELLI'S PIZZERIA,Pizza,Murray Hill-Broadway Flushing,Queens,QN0704,40.76173544083,-73.80380640964
restaurant,GA HWA RESTAURANT,Korean,Murray Hill-Broadway Flushing,Queens,QN0704,40.77143642322,-73.82658069431
restaurant,GAMSUNG POCHA,Korean,Murray Hill-Broadway Flushing,Queens,QN0704,40.76257186716,-73.80178601935
restaurant,GEO SI GI KOREAN RESTAURANT,Korean,Murray Hill-Broadway Flushing,Queens,QN0704,40.76488940069,-73.8121433914
restaurant,GINO'S PIZZA,Pizza,Murray Hill-Broadway Flushing,Queens,QN0704,40.77601689471,-73.82442402381
restaurant,GOLDEN HOT POT KING,Chinese,Murray Hill-Broadway Flushing,Queens,QN0704,40.76461533936,-73.81072544535
restaurant,GOLDEN PIG,Korean,Murray Hill-Broadway Flushing,Queens,QN0704,40.76489216317,-73.81215421356
restaurant,GOLDEN WONTON KING,Chinese,Murray Hill-Broadway Flushing,Queens,QN0704,40.76465671298,-73.8108480667
restaurant,GOO GONG TAN,Korean,Murray Hill-Broadway Flushing,Queens,QN0704,40.76317057961,-73.81515530552
restaurant,GOO GONG TAN,Korean,Murray Hill-Broadway Flushing,Queens,QN0704,40.76317057961,-73.81515530552
restaurant,GOOD LUCK KITCHEN,Chinese,Murray Hill-Broadway Flushing,Queens,QN0704,40.75803218147,-73.79561629676
restaurant,GOPCHANG STORY,Korean,Murray Hill-Broadway Flushing,Queens,QN0704,40.76279193978,-73.80527972695
restaurant,GREAT EAST CHINESE CUISINE,Chinese,Murray Hill-Broadway Flushing,Queens,QN0704,40.77145563647,-73.82658064408
restaurant,GUACTIME,Mexican,Murray Hill-Broadway Flushing,Queens,QN0704,40.77592634009,-73.82443870587
restaurant,GUKSU JIP,Korean,Murray Hill-Broadway Flushing,Queens,QN0704,40.76276987151,-73.80521481387
restaurant,GUPJI,Korean,Murray Hill-Broadway Flushing,Queens,QN0704,40.7621774791,-73.81546851907
restaurant,HAEJANG,Korean,Murray Hill-Broadway Flushing,Queens,QN0704,40.76249793193,-73.80348287694
restaurant,HAHM JI BACH,Korean,Murray Hill-Broadway Flushing,Queens,QN0704,40.76312388395,-73.81513377623
restaurant,HAINAN KOREAN CHINESE CUISINE,Korean,Murray Hill-Broadway Flushing,Queens,QN0704,40.76103565884,-73.80388428435
restaurant,HAN JOO BBQ CYCJ,Korean,Murray Hill-Broadway Flushing,Queens,QN0704,40.76211309341,-73.81468897199
restaurant,HAN YANG COFFEE,Coffee/Tea,Murray Hill-Broadway Flushing,Queens,QN0704,40.76516129146,-73.81392596615
restaurant,HANEUL BABSANG,Korean,Murray Hill-Broadway Flushing,Queens,QN0704,40.76727013775,-73.81277203205
restaurant,HANJAN,Korean,Murray Hill-Broadway Flushing,Queens,QN0704,40.7648894066,-73.81214700137
restaurant,HANYANG CHICKEN,Chicken,Murray Hill-Broadway Flushing,Queens,QN0704,40.76516129146,-73.81392596615
restaurant,HAO FU MEN BBQ,Chinese,Murray Hill-Broadway Flushing,Queens,QN0704,40.76199219607,-73.81460989324
restaurant,HAPPY & SMILE OF NY,Korean,Murray Hill-Broadway Flushing,Queens,QN0704,40.76203892682,-73.81465308074
restaurant,HAPPY KARAOKE,Korean,Murray Hill-Broadway Flushing,Queens,QN0704,40.76276710837,-73.80520399235
restaurant,HEY YOGURT,Frozen Desserts,Murray Hill-Broadway Flushing,Queens,QN0704,40.76113448222,-73.80389121184
restaurant,HONG KONG GOURMET,Chinese,Murray Hill-Broadway Flushing,Queens,QN0704,40.76468985916,-73.82302444595
restaurant,HONGDAE,Korean,Murray Hill-Broadway Flushing,Queens,QN0704,40.76216383659,-73.81551909485
restaurant,HOPE AND LIFE,"Juice, Smoothies, Fruit Salads",Murray Hill-Broadway Flushing,Queens,QN0704,40.76123048683,-73.80385483011
restaurant,HY FOOD COURT,Korean,Murray Hill-Broadway Flushing,Queens,QN0704,40.765136167,-73.81366611604
restaurant,HY SUSHI,Japanese,Murray Hill-Broadway Flushing,Queens,QN0704,40.765136167,-73.81366611604
restaurant,IHOP,Pancakes/Waffles,Murray Hill-Broadway Flushing,Queens,QN0704,40.76429542641,-73.80980581757
restaurant,JANCHI MYEONGA,Korean,Murray Hill-Broadway Flushing,Queens,QN0704,40.76324870862,-73.81424539177
restaurant,JAYA DAY,American,Murray Hill-Broadway Flushing,Queens,QN0704,40.7628277134,-73.8053337702
restaurant,JD BREAKFAST & COFFEE,Bakery Products/Desserts,Murray Hill-Broadway Flushing,Queens,QN0704,40.76463474308,-73.81084090938
restaurant,JEJUDO SEAFOOD RESTAURANT,Korean,Murray Hill-Broadway Flushing,Queens,QN0704,40.76224559248,-73.81515427264
restaurant,JEUN JU KOREAN RESTAURANT,Korean,Murray Hill-Broadway Flushing,Queens,QN0704,40.76338051511,-73.81428112187
restaurant,JIA YOUNG CAFE,Bakery Products/Desserts,Murray Hill-Broadway Flushing,Queens,QN0704,40.76236727004,-73.80411859897
restaurant,JKJ 41,Chinese,Murray Hill-Broadway Flushing,Queens,QN0704,40.76215010122,-73.81551191335
restaurant,JM GUKBOP,Korean,Murray Hill-Broadway Flushing,Queens,QN0704,40.76582324395,-73.81085196099
restaurant,JONGRO BBQ,Korean,Murray Hill-Broadway Flushing,Queens,QN0704,40.76401230999,-73.80956115276
restaurant,JUN HE RA MYUNG POOM,Korean,Murray Hill-Broadway Flushing,Queens,QN0704,40.761197593,-73.80388019592
restaurant,KARAOKE FLOWER,Korean,Murray Hill-Broadway Flushing,Queens,QN0704,40.76251172367,-73.80352254462
restaurant,KARAT CONFECTIONS,Bakery Products/Desserts,Murray Hill-Broadway Flushing,Queens,QN0704,40.76521441175,-73.81452507917
restaurant,KFC,Chicken,Murray Hill-Broadway Flushing,Queens,QN0704,40.76490863167,-73.81215416693
restaurant,KIMCHAYUL MYUNGPOOM GALBI,Korean,Murray Hill-Broadway Flushing,Queens,QN0704,40.76105215819,-73.80390228452
restaurant,KPOP KARAOKE,Korean,Murray Hill-Broadway Flushing,Queens,QN0704,40.76533070893,-73.81686765593
restaurant,LA DEPORTIVA RESTAURANT,Latin American,Murray Hill-Broadway Flushing,Queens,QN0704,40.76725293126,-73.82090929738
restaurant,LA HACIENDA AL ZAPOTE,Latin American,Murray Hill-Broadway Flushing,Queens,QN0704,40.76730928777,-73.81321596708
restaurant,LA NUEVA AMISTAD BAKERY AND RESTAURANT,Latin American,Murray Hill-Broadway Flushing,Queens,QN0704,40.76172077155,-73.8032541501
restaurant,LOSE SHOES BBQ,Chinese,Murray Hill-Broadway Flushing,Queens,QN0704,40.76335461747,-73.81524143065
restaurant,LUNG HWA,Chinese,Murray Hill-Broadway Flushing,Queens,QN0704,40.76257186716,-73.80178601935
restaurant,LUOGONG GRILLED SKEWER,Asian/Asian Fusion,Murray Hill-Broadway Flushing,Queens,QN0704,40.76395339775,-73.80879601375
restaurant,LUX,Asian/Asian Fusion,Murray Hill-Broadway Flushing,Queens,QN0704,40.76108508904,-73.8038985774
restaurant,MAD FOR CHICKEN,Korean,Murray Hill-Broadway Flushing,Queens,QN0704,40.76369401696,-73.80797369723
restaurant,MAHSIL,Korean,Murray Hill-Broadway Flushing,Queens,QN0704,40.76346566666,-73.81432059261
restaurant,MAPO B.B.Q,Korean,Murray Hill-Broadway Flushing,Queens,QN0704,40.76225923483,-73.81510369671
restaurant,MARIO'S PIZZA & ITALIAN CUCINA,Italian,Murray Hill-Broadway Flushing,Queens,QN0704,40.7711157114,-73.80143556154
restaurant,MEAT ME,Korean,Murray Hill-Broadway Flushing,Queens,QN0704,40.77173560645,-73.82658352257
restaurant,MOGE TEE,"Juice, Smoothies, Fruit Salads",Murray Hill-Broadway Flushing,Queens,QN0704,40.76372159129,-73.80804942598
restaurant,MUKBANG,Korean,Murray Hill-Broadway Flushing,Queens,QN0704,40.76325416306,-73.81422371707
restaurant,MUSIC BOX KARAOKE,Korean,Murray Hill-Broadway Flushing,Queens,QN0704,40.76329536355,-73.81424165124
restaurant,MYUNG SAN,Korean,Murray Hill-Broadway Flushing,Queens,QN0704,40.76200338188,-73.80319555466
restaurant,NAJU GOMTANG,Korean,Murray Hill-Broadway Flushing,Queens,QN0704,40.76398099558,-73.80888618285
restaurant,NEW ASIAN NY,Chinese,Murray Hill-Broadway Flushing,Queens,QN0704,40.76103568968,-73.80390233319
restaurant,NEW KUM SUNG BBQ,Korean,Murray Hill-Broadway Flushing,Queens,QN0704,40.76321727527,-73.81517683485
restaurant,NEW NOBLESSE,Chinese,Murray Hill-Broadway Flushing,Queens,QN0704,40.76239565709,-73.81459793633
restaurant,NEW OPEN KARAOKE,Korean,Murray Hill-Broadway Flushing,Queens,QN0704,40.76293164083,-73.815065724
restaurant,NEW YORK K. B.B.Q,Korean,Murray Hill-Broadway Flushing,Queens,QN0704,40.76533070893,-73.81686765593
restaurant,NEW YORK SPA & SAUNA CAFE,Korean,Murray Hill-Broadway Flushing,Queens,QN0704,40.76533070893,-73.81686765593
restaurant,NOLBU SUSHI,Korean,Murray Hill-Broadway Flushing,Queens,QN0704,40.76062579504,-73.80176656465
restaurant,NORTHERN 160,Korean,Murray Hill-Broadway Flushing,Queens,QN0704,40.76281943629,-73.80530852531
restaurant,NORTHERN KING DUMPLING,Chinese,Murray Hill-Broadway Flushing,Queens,QN0704,40.76529064768,-73.81584613196
restaurant,NORTHERN SONG LAI ZIANG,Chinese,Murray Hill-Broadway Flushing,Queens,QN0704,40.76275608648,-73.80517875555
restaurant,NORTHERN SUSHI,Japanese,Murray Hill-Broadway Flushing,Queens,QN0704,40.76481184962,-73.81171763211
restaurant,NY BEER GARDEN,Korean,Murray Hill-Broadway Flushing,Queens,QN0704,40.76340711604,-73.80711175806
restaurant,ONE SIP ONE BITE,Coffee/Tea,Murray Hill-Broadway Flushing,Queens,QN0704,40.76118496905,-73.80292002807
restaurant,PANDA KING KITCHEN,Chinese,Murray Hill-Broadway Flushing,Queens,QN0704,40.7621774791,-73.81546851907
restaurant,PARADISE ALLEY,American,Murray Hill-Broadway Flushing,Queens,QN0704,40.76233121864,-73.81378950882
restaurant,PARIS BAGUETTE,Bakery Products/Desserts,Murray Hill-Broadway Flushing,Queens,QN0704,40.77131565421,-73.82658101001
restaurant,PARIS BAGUETTE,Bakery Products/Desserts,Murray Hill-Broadway Flushing,Queens,QN0704,40.76396721171,-73.80885012311
restaurant,PARKSANBAL BABS,Korean,Murray Hill-Broadway Flushing,Queens,QN0704,40.76115094456,-73.80388755339
restaurant,PARKSIDE PUB,Other,Murray Hill-Broadway Flushing,Queens,QN0704,40.77692023802,-73.81758667508
restaurant,PELICANA CHICKEN,Korean,Murray Hill-Broadway Flushing,Queens,QN0704,40.76105212118,-73.80388062591
restaurant,PHO TAN,Thai,Murray Hill-Broadway Flushing,Queens,QN0704,40.76516128229,-73.81907022901
restaurant,PHO TOP,Asian/Asian Fusion,Murray Hill-Broadway Flushing,Queens,QN0704,40.77597024503,-73.82443136848
restaurant,PHOGRAND FLUSHING,Asian/Asian Fusion,Murray Hill-Broadway Flushing,Queens,QN0704,40.76398376438,-73.80890061466
restaurant,PIAO XIANG YUAN,Chinese,Murray Hill-Broadway Flushing,Queens,QN0704,40.7648894066,-73.81214700137
restaurant,PICNIC GARDEN BBQ BUFFET,Barbecue,Murray Hill-Broadway Flushing,Queens,QN0704,40.76464568638,-73.81081921829
restaurant,PIZZA GARDEN,Pizza,Murray Hill-Broadway Flushing,Queens,QN0704,40.75804874639,-73.7956703901
restaurant,PLATEIA GR,Greek,Murray Hill-Broadway Flushing,Queens,QN0704,40.77001983616,-73.79325795811
restaurant,ROLLY KIMBAB,Korean,Murray Hill-Broadway Flushing,Queens,QN0704,40.76127235446,-73.802659863
restaurant,SAGWA NAMOO,Korean,Murray Hill-Broadway Flushing,Queens,QN0704,40.76203145404,-73.80356006522
restaurant,SALT LIME AND TEQUILA,Mexican,Murray Hill-Broadway Flushing,Queens,QN0704,40.77043697936,-73.79322416546
restaurant,SAMBA BBQ,Brazilian,Murray Hill-Broadway Flushing,Queens,QN0704,40.76398420734,-73.81082471436
restaurant,SAMBAK SAMBABJIP,Korean,Murray Hill-Broadway Flushing,Queens,QN0704,40.76229825233,-73.81377155207
restaurant,SAY HI,Chinese,Murray Hill-Broadway Flushing,Queens,QN0704,40.76130811691,-73.80270668405
restaurant,SEAFOOD JUMBO,Chinese,Murray Hill-Broadway Flushing,Queens,QN0704,40.76395616656,-73.80881044554
restaurant,SEOUL TOFU,Korean,Murray Hill-Broadway Flushing,Queens,QN0704,40.76502609745,-73.82037741816
restaurant,SEOUL TTUKBAEGI,Korean,Murray Hill-Broadway Flushing,Queens,QN0704,40.76219102868,-73.81536018596
restaurant,SHIBAIWEI SEAFOOD RESTAURANT,Chinese,Murray Hill-Broadway Flushing,Queens,QN0704,40.76468986473,-73.82302805591
restaurant,SIAM THAI RESTAURANT,Thai,Murray Hill-Broadway Flushing,Queens,QN0704,40.76373263067,-73.80808549337
restaurant,SIMPLY Q,Korean,Murray Hill-Broadway Flushing,Queens,QN0704,40.76237277187,-73.80412580245
restaurant,SODAM,Korean,Murray Hill-Broadway Flushing,Queens,QN0704,40.76391752347,-73.80868059899
restaurant,SOGONGDONG TOFU & BBQ,Korean,Murray Hill-Broadway Flushing,Queens,QN0704,40.76398376438,-73.80890061466
restaurant,SOMUNNAN SUSHI,Korean,Murray Hill-Broadway Flushing,Queens,QN0704,40.76224843025,-73.81521202234
restaurant,SONAMU HOUSE,Korean,Murray Hill-Broadway Flushing,Queens,QN0704,40.76342082766,-73.80710449836
restaurant,SONG SONG GIMBAP,Korean,Murray Hill-Broadway Flushing,Queens,QN0704,40.76167950744,-73.80320012515
restaurant,SSAM TONG,Korean,Murray Hill-Broadway Flushing,Queens,QN0704,40.76207738249,-73.81467102252
restaurant,SUBWAY,Sandwiches/Salads/Mixed Buffet,Murray Hill-Broadway Flushing,Queens,QN0704,40.77592634009,-73.82443870587
restaurant,SUBWAY / STAR MINI MART,Sandwiches,Murray Hill-Broadway Flushing,Queens,QN0704,40.76515857737,-73.81909550644
restaurant,SUWON GALBI KOREAN BBQ,Korean,Murray Hill-Broadway Flushing,Queens,QN0704,40.76009478993,-73.80103537496
restaurant,SWEETS BAKERY & CAFE,Chinese,Murray Hill-Broadway Flushing,Queens,QN0704,40.76468715337,-73.82304972304
restaurant,TAMBOURINE,Korean,Murray Hill-Broadway Flushing,Queens,QN0704,40.76121402449,-73.80385848858
restaurant,TANG HUO KUNG FU,Chinese,Murray Hill-Broadway Flushing,Queens,QN0704,40.76535031938,-73.81711669313
restaurant,TASTE OF URUMQI,Chinese,Murray Hill-Broadway Flushing,Queens,QN0704,40.76516125383,-73.81905217904
restaurant,TAVERN 157,Asian/Asian Fusion,Murray Hill-Broadway Flushing,Queens,QN0704,40.76371331477,-73.80802418041
restaurant,TEX'S CHICKEN & BURGERS,Chicken,Murray Hill-Broadway Flushing,Queens,QN0704,40.76468987586,-73.82303527585
restaurant,THE BASAC,Korean,Murray Hill-Broadway Flushing,Queens,QN0704,40.76343461815,-73.80714416735
restaurant,THE BBQ AND SPICY HOT POT HOUSE,Chinese,Murray Hill-Broadway Flushing,Queens,QN0704,40.76340711604,-73.80711175806
restaurant,THE SWEET SAP,Asian/Asian Fusion,Murray Hill-Broadway Flushing,Queens,QN0704,40.75778659491,-73.79183779167
restaurant,TOFU STORY,Korean,Murray Hill-Broadway Flushing,Queens,QN0704,40.7648894066,-73.81214700137
restaurant,TONG SAM GYUP GOO YI,Korean,Murray Hill-Broadway Flushing,Queens,QN0704,40.76198372262,-73.80293570468
restaurant,TOSOCCHON,Korean,Murray Hill-Broadway Flushing,Queens,QN0704,40.76223195011,-73.81520484854
restaurant,TOUS LES JOURS,Bakery Products/Desserts,Murray Hill-Broadway Flushing,Queens,QN0704,40.76073583441,-73.80191062667
restaurant,Tamra Soondae,Korean,Murray Hill-Broadway Flushing,Queens,QN0704,40.76304265353,-73.81412323227
restaurant,WE VILLAGE CORP,Korean,Murray Hill-Broadway Flushing,Queens,QN0704,40.76482568588,-73.81178618268
restaurant,WHEN IN BANGKOK,Thai,Murray Hill-Broadway Flushing,Queens,QN0704,40.76237827369,-73.80413300592
restaurant,WHITESTONE BAGEL FACTORY,Sandwiches,Murray Hill-Broadway Flushing,Queens,QN0704,40.77686257535,-73.81757239107
restaurant,XI TOP BBQ,Asian/Asian Fusion,Murray Hill-Broadway Flushing,Queens,QN0704,40.76254158928,-73.814882708
restaurant,XINGYUE EATERY,Chinese,Murray Hill-Broadway Flushing,Queens,QN0704,40.76243113468,-73.81447149207
restaurant,XITA BBQ,Chinese,Murray Hill-Broadway Flushing,Queens,QN0704,40.76248940406,-73.81486119442
restaurant,XTRA CHEESE PIZZERIA,Pizza,Murray Hill-Broadway Flushing,Queens,QN0704,40.76515856599,-73.81908828646
restaurant,XY CLUB,Bottled Beverages,Murray Hill-Broadway Flushing,Queens,QN0704,40.76516128229,-73.81907022901
restaurant,YETNAL TONGDAK & JOKBAL,Korean,Murray Hill-Broadway Flushing,Queens,QN0704,40.7619000827,-73.80378065397
restaurant,YUK JUN GUI,Korean,Murray Hill-Broadway Flushing,Queens,QN0704,40.76239713953,-73.81381820268
restaurant,YUPDDUK,Korean,Murray Hill-Broadway Flushing,Queens,QN0704,40.76369124805,-73.80795926552
restaurant,ZIGGLE,Korean,Murray Hill-Broadway Flushing,Queens,QN0704,40.7621364587,-73.81556248911
restaurant,593 BAR,Latin American,North Corona,Queens,QN0303,40.75275958968,-73.86419904109
restaurant,"809 STEAK & FRIES ""R"" US",Latin American,North Corona,Queens,QN0303,40.75393612822,-73.86109977254
restaurant,AC BENTO,Japanese,North Corona,Queens,QN0303,40.75167851041,-73.85550290742
restaurant,ANGELO'S PIZZA,Pizza,North Corona,Queens,QN0303,40.75053493354,-73.86302338204
restaurant,ANTOJITOS EL MIJIN,Latin American,North Corona,Queens,QN0303,40.75744577167,-73.86729008424
restaurant,AZOGUENITA BAKERY,Latin American,North Corona,Queens,QN0303,40.75277329637,-73.86418457571
restaurant,AZOGUENITA BAKERY & RESTAURANT,Latin American,North Corona,Queens,QN0303,40.74974553836,-73.86394534897
restaurant,BOCA CHICA QUEENS,Latin American,North Corona,Queens,QN0303,40.75160317913,-73.87057537424
restaurant,BURGER KING,Hamburgers,North Corona,Queens,QN0303,40.74989746764,-73.86245444816
restaurant,CANTARITOS MEXICAN RESTAURANT,Mexican,North Corona,Queens,QN0303,40.75781150073,-73.86090757018
restaurant,CARIDAD RESTAURANT,Latin American,North Corona,Queens,QN0303,40.75733715822,-73.86831181246
restaurant,CHARO RESTAURANT,Spanish,North Corona,Queens,QN0303,40.75304904009,-73.86525959659
restaurant,CHEN'S GARDEN,Chinese,North Corona,Queens,QN0303,40.75679685447,-73.87356117033
restaurant,CHINA DELIGHT,Chinese,North Corona,Queens,QN0303,40.75228649093,-73.86804752826
restaurant,CHIPOTLE MEXICAN GRILL #3622,Tex-Mex,North Corona,Queens,QN0303,40.75061472811,-73.8702777373
restaurant,CNY BAGEL & PIZZA SHOP,Pizza,North Corona,Queens,QN0303,40.75687296594,-73.87288964827
restaurant,CO PAN,Bakery Products/Desserts,North Corona,Queens,QN0303,40.75182459792,-73.86977368234
restaurant,CORONA KING RESTAURANT & BAR,Latin American,North Corona,Queens,QN0303,40.75281746736,-73.85983162848
restaurant,CORONA NUTRITION,"Juice, Smoothies, Fruit Salads",North Corona,Queens,QN0303,40.75741573633,-73.86275650687
restaurant,CROISSANT BAKERY & RESTAURANT,Latin American,North Corona,Queens,QN0303,40.74997610669,-73.8616566565
restaurant,DELI GLORIA'S CAFE,Spanish,North Corona,Queens,QN0303,40.75231655869,-73.86793918928
restaurant,DELICIAS CALENAS 3,Spanish,North Corona,Queens,QN0303,40.74988933285,-73.86253747604
restaurant,DELICIAS CELAYA,Mexican,North Corona,Queens,QN0303,40.75549464365,-73.86527628748
restaurant,DELICIAS CREATIVES 37,"Juice, Smoothies, Fruit Salads",North Corona,Queens,QN0303,40.75184372927,-73.86970145919
restaurant,DON JULIO BAR & RESTAURANT,Mexican,North Corona,Queens,QN0303,40.75049532647,-73.8620381501
restaurant,DORA'S CAFFE,Latin American,North Corona,Queens,QN0303,40.75070772394,-73.8629147488
restaurant,DUNKIN,Donuts,North Corona,Queens,QN0303,40.74976994562,-73.86369626633
restaurant,EL ARCOIRIS,Latin American,North Corona,Queens,QN0303,40.75274857647,-73.86417018899
restaurant,EL ATICO RESTAURANT,Mexican,North Corona,Queens,QN0303,40.75072693293,-73.8629110999
restaurant,EL CANGREJAL RESTAURANT,Latin American,North Corona,Queens,QN0303,40.75257353637,-73.86704717573
restaurant,EL CHANGARO,Latin American,North Corona,Queens,QN0303,40.75305170006,-73.86518740425
restaurant,EL ENCEBOLLADO DE VICTOR 3,Latin American,North Corona,Queens,QN0303,40.75785140292,-73.85986430984
restaurant,EL MANATIAL,Latin American,North Corona,Queens,QN0303,40.75013966566,-73.86072514492
restaurant,EL NUEVO RANCHO LATINO,Latin American,North Corona,Queens,QN0303,40.7528529712,-73.86424938069
restaurant,EL NUEVO SALINAS BAR & RESTAURANT,Spanish,North Corona,Queens,QN0303,40.7575353393,-73.86641999383
restaurant,EL PARAISO RESTAURANT & SPORTS BAR,Mexican,North Corona,Queens,QN0303,40.75230015244,-73.86799336151
restaurant,EL PASILLO,Fusion,North Corona,Queens,QN0303,40.75275956404,-73.86417738516
restaurant,EL QUETZALITO,Spanish,North Corona,Queens,QN0303,40.75304811347,-73.87163370377
restaurant,EL SABOR AZOGUENO,Latin American,North Corona,Queens,QN0303,40.75284408348,-73.86602880115
restaurant,EL TRI MX,Mexican,North Corona,Queens,QN0303,40.75723668772,-73.86926132981
restaurant,ESTRELLA LATINA,Latin American,North Corona,Queens,QN0303,40.75051726717,-73.86202366765
restaurant,GIANT NUTRITION,American,North Corona,Queens,QN0303,40.75210066207,-73.85948665023
restaurant,GRANO DE CAFE,Spanish,North Corona,Queens,QN0303,40.75048278315,-73.86302348969
restaurant,GRANO DE CAFE,Latin American,North Corona,Queens,QN0303,40.75713893779,-73.87019640068
restaurant,GRECIA SPORTS BAR,Spanish,North Corona,Queens,QN0303,40.75704662515,-73.87109175301
restaurant,HEALTHY SNACK,"Juice, Smoothies, Fruit Salads",North Corona,Queens,QN0303,40.75449244647,-73.86038394184
restaurant,HO MEI,Chinese,North Corona,Queens,QN0303,40.75330591158,-73.86429537578
restaurant,J'S BAKERY & COFFEE SHOP,Mexican,North Corona,Queens,QN0303,40.75273761881,-73.86418825806
restaurant,JAKARU,Latin American,North Corona,Queens,QN0303,40.75086402554,-73.85827295889
restaurant,JARDIN DE CHINA,Chinese/Cuban,North Corona,Queens,QN0303,40.75075480457,-73.87036047557
restaurant,JUAN BAR,Mexican,North Corona,Queens,QN0303,40.74918620836,-73.86918335237
restaurant,KENNEDY FRIED CHICKEN,American,North Corona,Queens,QN0303,40.75306808801,-73.86511879336
restaurant,KENNEDY FRIED CHICKEN,American,North Corona,Queens,QN0303,40.75298769651,-73.8716049459
restaurant,LA ABUNDANCIA RESTAURANT & BAKERY,Spanish,North Corona,Queens,QN0303,40.75125194377,-73.87065907198
restaurant,LA BRISA DEL CIBAO,Latin American,North Corona,Queens,QN0303,40.75274308269,-73.8641665909
restaurant,LA CABANA,Latin American,North Corona,Queens,QN0303,40.75045529248,-73.86298745438
restaurant,LA CALETA DEL ENCEBOLLADO,Latin American,North Corona,Queens,QN0303,40.75207612098,-73.86889973978
restaurant,LA GITANA #2,Spanish,North Corona,Queens,QN0303,40.75164024282,-73.85562931522
restaurant,LA K'FETERIA,Coffee/Tea,North Corona,Queens,QN0303,40.75351076639,-73.86345036389
restaurant,LA MONTANITA BAR RESTAURANT,Latin American,North Corona,Queens,QN0303,40.7573480378,-73.86822516095
restaurant,LA MORENITA ECUATORIANA,Latin American,North Corona,Queens,QN0303,40.75734259802,-73.86826848671
restaurant,LA PARRILLA,Tex-Mex,North Corona,Queens,QN0303,40.74988660539,-73.86255191839
restaurant,LITTLE PIZZA,Pizza,North Corona,Queens,QN0303,40.75636576057,-73.87341039167
restaurant,LOS 3 POTRILLOS,Mexican,North Corona,Queens,QN0303,40.75185747355,-73.86971947861
restaurant,LOS CHILES BAR & RESTAURANT,Mexican,North Corona,Queens,QN0303,40.75159230997,-73.87067284564
restaurant,LUCKY STAR,Chinese,North Corona,Queens,QN0303,40.75053649349,-73.8620344553
restaurant,MCDONALD'S,Hamburgers,North Corona,Queens,QN0303,40.75100199985,-73.87050797128
restaurant,MI CASITA BAKERY Y RESTAURANT,Bakery Products/Desserts,North Corona,Queens,QN0303,40.75784343292,-73.86008090312
restaurant,MILENIO,Latin American,North Corona,Queens,QN0303,40.75183833399,-73.86978448323
restaurant,MR. CEBAS,Latin American,North Corona,Queens,QN0303,40.74917534039,-73.86928082045
restaurant,NATIVIDAD RESTAURANT,Latin American,North Corona,Queens,QN0303,40.75275684492,-73.86419904671
restaurant,NEW KING HOUSE,Chinese,North Corona,Queens,QN0303,40.75167304362,-73.85552096569
restaurant,NO. 1 RESTAURANT,Chinese,North Corona,Queens,QN0303,40.75775038486,-73.86257894419
restaurant,NUEVA AMBATENITA LA ESQUINA DEL SABOR,Latin American,North Corona,Queens,QN0303,40.7512574905,-73.85905532567
restaurant,NUTRICION ACTIVA,"Juice, Smoothies, Fruit Salads",North Corona,Queens,QN0303,40.75043434835,-73.86383926983
restaurant,NUTRITION 4 ALL,"Juice, Smoothies, Fruit Salads",North Corona,Queens,QN0303,40.75257891712,-73.86695332261
restaurant,NUTRITION 4 U (HERBALIFE),"Juice, Smoothies, Fruit Salads",North Corona,Queens,QN0303,40.75274860638,-73.86419545424
restaurant,PALO BAR,Latin American,North Corona,Queens,QN0303,40.75131377108,-73.86245873107
restaurant,PAN DE CASA BAKERY,Bakery Products/Desserts,North Corona,Queens,QN0303,40.75136185776,-73.85910924283
restaurant,PAPA JOHN'S,Pizza,North Corona,Queens,QN0303,40.7572339923,-73.86930465001
restaurant,PARADISE SPORTS BAR,Mexican,North Corona,Queens,QN0303,40.75185200042,-73.86973392648
restaurant,PASTELES CAPY,Bakery Products/Desserts,North Corona,Queens,QN0303,40.74976724802,-73.86373597272
restaurant,PS NUTRITION,Other,North Corona,Queens,QN0303,40.75706555573,-73.868424248
restaurant,QUEENS COFFEE SHOP,Latin American,North Corona,Queens,QN0303,40.75086129415,-73.85828379241
restaurant,QUISQUEYA,Caribbean,North Corona,Queens,QN0303,40.74928128407,-73.86831697104
restaurant,RINCON LATINO,Latin American,North Corona,Queens,QN0303,40.75047179981,-73.86301990315
restaurant,SABOR HISPANO,Latin American,North Corona,Queens,QN0303,40.75282547666,-73.86420973426
restaurant,SALUD ES VIDA (HEBALIFE),"Juice, Smoothies, Fruit Salads",North Corona,Queens,QN0303,40.7512574905,-73.85905532567
restaurant,SARKU JAPAN,Japanese,North Corona,Queens,QN0303,40.75097453598,-73.87049358794
restaurant,SINGAS FAMOUS PIZZA,Pizza,North Corona,Queens,QN0303,40.75158403908,-73.87064037836
restaurant,STEPHANIE'S MEXICAN BAKERY,Mexican,North Corona,Queens,QN0303,40.75281749822,-73.85985689376
restaurant,SUBWAY,Sandwiches,North Corona,Queens,QN0303,40.75375118658,-73.87200411027
restaurant,SWEET OCCASIONS EXPRESS,Bakery Products/Desserts,North Corona,Queens,QN0303,40.75248117136,-73.87028130729
restaurant,TACO BELL,Tex-Mex,North Corona,Queens,QN0303,40.7495407956,-73.8696337978
restaurant,TACOS AL SUADERO,Mexican,North Corona,Queens,QN0303,40.75051848223,-73.86303785283
restaurant,TACOS DON JOSE,Mexican,North Corona,Queens,QN0303,40.75274033793,-73.86416659652
restaurant,TARROS BAR,Spanish,North Corona,Queens,QN0303,40.75166757682,-73.85553902395
restaurant,TBAAR,"Juice, Smoothies, Fruit Salads",North Corona,Queens,QN0303,40.75158684893,-73.87069812115
restaurant,TEPPANYAKI ONE,Japanese,North Corona,Queens,QN0303,40.7495407956,-73.8696337978
restaurant,TEX'S CHICKEN & BURGERS,Chicken,North Corona,Queens,QN0303,40.75303438161,-73.87162651164
restaurant,THAYA,Frozen Desserts,North Corona,Queens,QN0303,40.752798012,-73.86419535313
restaurant,THE BIRRIA ON THE BLOCK,Mexican,North Corona,Queens,QN0303,40.75768401538,-73.86447051132
restaurant,TIPICO DOMINICANO,Latin American,North Corona,Queens,QN0303,40.75071045145,-73.86290030629
restaurant,TITAHS DELI GROCERY,Latin American,North Corona,Queens,QN0303,40.75776687068,-73.86259334846
restaurant,ANDA BOBA TEA/RED MANGO,Coffee/Tea,Oakland Gardens-Hollis Hills,Queens,QN1104,40.74880213673,-73.75654709379
restaurant,BAGEL SHOPPE,Bagels/Pretzels,Oakland Gardens-Hollis Hills,Queens,QN1104,40.74057865838,-73.75908168059
restaurant,BELL DINER,American,Oakland Gardens-Hollis Hills,Queens,QN1104,40.74062503113,-73.75894438242
restaurant,BI WON,Korean,Oakland Gardens-Hollis Hills,Queens,QN1104,40.74876921504,-73.75655443281
restaurant,BLUE SKY,Chinese,Oakland Gardens-Hollis Hills,Queens,QN1104,40.73562099161,-73.74731822017
restaurant,BUFFALO WILD WINGS GO,Other,Oakland Gardens-Hollis Hills,Queens,QN1104,40.74877140806,-73.75759024319
restaurant,CHILSUNG GARDEN,Korean,Oakland Gardens-Hollis Hills,Queens,QN1104,40.74931356392,-73.75567902086
restaurant,CUGINI PIZZERIA & RESTAURANT,Italian,Oakland Gardens-Hollis Hills,Queens,QN1104,40.74016738891,-73.75798975086
restaurant,DANNY'S GRILL,Barbecue,Oakland Gardens-Hollis Hills,Queens,QN1104,40.74055753946,-73.75817597943
restaurant,DUNKIN,Donuts,Oakland Gardens-Hollis Hills,Queens,QN1104,40.73710379346,-73.74760125446
restaurant,"DUNKIN', BASKIN ROBBINS",Donuts,Oakland Gardens-Hollis Hills,Queens,QN1104,40.74060582545,-73.75894806085
restaurant,"DUNKIN', BASKIN ROBBINS",Donuts,Oakland Gardens-Hollis Hills,Queens,QN1104,40.74876921504,-73.75655443281
restaurant,FAMILI,Chinese,Oakland Gardens-Hollis Hills,Queens,QN1104,40.74875230917,-73.75764444979
restaurant,GINO'S PIZZA,Other,Oakland Gardens-Hollis Hills,Queens,QN1104,40.74878569885,-73.75656159059
restaurant,GREEK FAMILY KITCHEN,Greek,Oakland Gardens-Hollis Hills,Queens,QN1104,40.73367496674,-73.75880364023
restaurant,Grandpa Chen,Bakery Products/Desserts,Oakland Gardens-Hollis Hills,Queens,QN1104,40.74879939198,-73.75654710386
restaurant,HALAL MUNCHIES,Mediterranean,Oakland Gardens-Hollis Hills,Queens,QN1104,40.73670781028,-73.74726717266
restaurant,HI HOT KITCHEN,Chinese,Oakland Gardens-Hollis Hills,Queens,QN1104,40.74052181964,-73.7581580662
restaurant,HI TEA,Chinese,Oakland Gardens-Hollis Hills,Queens,QN1104,40.74879119601,-73.75656517955
restaurant,HOLY COW,American,Oakland Gardens-Hollis Hills,Queens,QN1104,40.73682604129,-73.74736054283
restaurant,HOT PEPPERS,Mexican,Oakland Gardens-Hollis Hills,Queens,QN1104,40.73685078379,-73.74737849103
restaurant,KOKIO,Chicken,Oakland Gardens-Hollis Hills,Queens,QN1104,40.74939249265,-73.75536473358
restaurant,NEW IMPERIAL TASTE,Chinese,Oakland Gardens-Hollis Hills,Queens,QN1104,40.74940610866,-73.75531415517
restaurant,OSAKA,Japanese,Oakland Gardens-Hollis Hills,Queens,QN1104,40.73583281251,-73.74628901378
restaurant,PATOUG RESTAURANT & CATERING,Iranian,Oakland Gardens-Hollis Hills,Queens,QN1104,40.74873594738,-73.75769503724
restaurant,RIVER JAPANESE CUISINE,Japanese,Oakland Gardens-Hollis Hills,Queens,QN1104,40.74877745695,-73.7565580117
restaurant,RIVIERA V  RISTORANTE,Pizza,Oakland Gardens-Hollis Hills,Queens,QN1104,40.73562369662,-73.74730016783
restaurant,ROLLY KIMBAB,Korean,Oakland Gardens-Hollis Hills,Queens,QN1104,40.74879664723,-73.75654711393
restaurant,RYAN'S IRISH BAR & GRILL,Hamburgers,Oakland Gardens-Hollis Hills,Queens,QN1104,40.73583009968,-73.74630345784
restaurant,SEASON'S KITCHEN,Chinese,Oakland Gardens-Hollis Hills,Queens,QN1104,40.74880214438,-73.75655070289
restaurant,SPRINGFIELD LITTLE DUMPLING,Chinese,Oakland Gardens-Hollis Hills,Queens,QN1104,40.74914483984,-73.75636177023
restaurant,STARBUCKS COFFEE # 49196,Coffee/Tea,Oakland Gardens-Hollis Hills,Queens,QN1104,40.74915844862,-73.7563075831
restaurant,SUSHI YOU GARDEN,Japanese,Oakland Gardens-Hollis Hills,Queens,QN1104,40.74058411758,-73.75906722607
restaurant,SWEET TREATS PASTRY SHOPPE,Bakery Products/Desserts,Oakland Gardens-Hollis Hills,Queens,QN1104,40.74879119601,-73.75656517955
restaurant,TASTE OF CANTON,Chinese,Oakland Gardens-Hollis Hills,Queens,QN1104,40.74878020935,-73.75656161073
restaurant,TEX'S CHICKEN & BURGERS,American,Oakland Gardens-Hollis Hills,Queens,QN1104,40.73582737089,-73.74631068511
restaurant,THAI SOCIAL,Thai,Oakland Gardens-Hollis Hills,Queens,QN1104,40.74057593637,-73.75909251651
restaurant,THANK YOU DONUTS & CORN DOGS,Korean,Oakland Gardens-Hollis Hills,Queens,QN1104,40.7491693203,-73.75625701514
restaurant,THE EMPANADA SPOT,Spanish,Oakland Gardens-Hollis Hills,Queens,QN1104,40.74880488914,-73.75655069282
restaurant,Thai Social,Thai,Oakland Gardens-Hollis Hills,Queens,QN1104,40.74057593637,-73.75909251651
restaurant,VITO'S PIZZA,Pizza,Oakland Gardens-Hollis Hills,Queens,QN1104,40.73680404354,-73.74734258419
restaurant,WINDSOR PARK PATIO GRILL (OPEN JUN-AUG ONLY),American,Oakland Gardens-Hollis Hills,Queens,QN1104,40.73831911261,-73.75879758928
restaurant,ARCADIA,American,Old Astoria-Hallets Point,Queens,QN0102,40.77211970479,-73.92994057471
restaurant,ASTORIA PROVISIONS,American,Old Astoria-Hallets Point,Queens,QN0102,40.77211970479,-73.92994057471
restaurant,ASTORIA TACO FACTORY,Mexican,Old Astoria-Hallets Point,Queens,QN0102,40.77103911814,-73.92689821436
restaurant,BEL AIRE DINER,Greek,Old Astoria-Hallets Point,Queens,QN0102,40.7653603328,-73.93153972815
restaurant,BROTHER'S PIZZERIA,Pizza,Old Astoria-Hallets Point,Queens,QN0102,40.76965274574,-73.93089267477
restaurant,CHATEAU LE WOOF CAFE,American,Old Astoria-Hallets Point,Queens,QN0102,40.76944122228,-73.93529738179
restaurant,CHIPICHAPE CAFE,Latin American,Old Astoria-Hallets Point,Queens,QN0102,40.77184840272,-73.9262438463
restaurant,COMPTON'S,Sandwiches,Old Astoria-Hallets Point,Queens,QN0102,40.77070347078,-73.93003954854
restaurant,DAGNY ASTORIA,American,Old Astoria-Hallets Point,Queens,QN0102,40.77002003241,-73.93470834385
restaurant,DUNKIN',Donuts,Old Astoria-Hallets Point,Queens,QN0102,40.77494928164,-73.93412580667
restaurant,EASTERN CHINESE RESTAURANT,Chinese,Old Astoria-Hallets Point,Queens,QN0102,40.76511327025,-73.9314822231
restaurant,FRESCO'S CANTINA,Mexican,Old Astoria-Hallets Point,Queens,QN0102,40.76856973095,-73.93285413478
restaurant,GUAC TIME,Mexican,Old Astoria-Hallets Point,Queens,QN0102,40.76511327241,-73.93148583309
restaurant,INCA PAISA,Latin American,Old Astoria-Hallets Point,Queens,QN0102,40.76510502952,-73.93147140161
restaurant,ITA-MEX,Mexican,Old Astoria-Hallets Point,Queens,QN0102,40.76877757974,-73.93157952421
restaurant,MCDONALD'S,American,Old Astoria-Hallets Point,Queens,QN0102,40.76626835753,-73.93072291708
restaurant,POCO MAS,Southwestern,Old Astoria-Hallets Point,Queens,QN0102,40.77226071754,-73.92718569931
restaurant,RENAISSANCE,American,Old Astoria-Hallets Point,Queens,QN0102,40.77151371633,-73.9265149945
restaurant,ROSA'S PIZZA,Pizza,Old Astoria-Hallets Point,Queens,QN0102,40.76721481619,-73.92992770372
restaurant,S & S CALABRO PIZZERIA,Pizza,Old Astoria-Hallets Point,Queens,QN0102,40.76935644022,-73.93110598703
restaurant,SAMARA KITCHEN,Fusion,Old Astoria-Hallets Point,Queens,QN0102,40.7715630988,-73.92647883629
restaurant,SAMARIA PIZZA,Pizza,Old Astoria-Hallets Point,Queens,QN0102,40.7651105255,-73.93148222593
restaurant,SOPHISTIAN PIZZA,Pizza,Old Astoria-Hallets Point,Queens,QN0102,40.77321579348,-73.92702940205
restaurant,SPRING FOOD SPOT,American,Old Astoria-Hallets Point,Queens,QN0102,40.76593757968,-73.93297593016
restaurant,TRATTORIA ORA,Italian,Old Astoria-Hallets Point,Queens,QN0102,40.77226072442,-73.92719653047
restaurant,VELA JUICE BAR,"Juice, Smoothies, Fruit Salads",Old Astoria-Hallets Point,Queens,QN0102,40.77328823677,-73.92874789395
restaurant,VESTA TRATTORIA & WINE BAR,Italian,Old Astoria-Hallets Point,Queens,QN0102,40.76978247114,-73.92761081905
restaurant,VIDA ENERGETICA,"Juice, Smoothies, Fruit Salads",Old Astoria-Hallets Point,Queens,QN0102,40.7721491592,-73.92874189663
restaurant,YUMMY EATERY,Chinese,Old Astoria-Hallets Point,Queens,QN0102,40.77256848902,-73.93225437051
restaurant,ADRIAN & ROCKY'S CATERERS,Other,Ozone Park,Queens,QN1002,40.67646992594,-73.84365760925
restaurant,ALDO'S PIZZERIA,Pizza,Ozone Park,Queens,QN1002,40.67203640512,-73.84314532469
restaurant,AREPALICIOUS,Latin American,Ozone Park,Queens,QN1002,40.67136099863,-73.84300632772
restaurant,BK TACO FACTORY # 2,Mexican,Ozone Park,Queens,QN1002,40.67352146494,-73.84324275937
restaurant,BOWL 360,American,Ozone Park,Queens,QN1002,40.68011088614,-73.84067459775
restaurant,C & C ITALIAN DELI,Sandwiches,Ozone Park,Queens,QN1002,40.67077797925,-73.83824926532
restaurant,CHICKENLICIOUS GRILL,Chicken,Ozone Park,Queens,QN1002,40.68013268609,-73.84659458962
restaurant,CJ CAFE,Caribbean,Ozone Park,Queens,QN1002,40.68033525281,-73.84214866716
restaurant,COMPADRES MEXICAN DELI,Mexican,Ozone Park,Queens,QN1002,40.68014914024,-73.84658373546
restaurant,CROSSBAY DELI & GRILL,Sandwiches,Ozone Park,Queens,QN1002,40.67991581531,-73.84453281632
restaurant,DOMINO'S,Pizza,Ozone Park,Queens,QN1002,40.66997710923,-73.84262748515
restaurant,DUNKIN,Donuts,Ozone Park,Queens,QN1002,40.67430914544,-73.84319042987
restaurant,DUNKIN' / BASKIN ROBBINS,Donuts,Ozone Park,Queens,QN1002,40.68076729005,-73.84497068494
restaurant,DUNKIN' / BASKIN ROBBINS,Donuts,Ozone Park,Queens,QN1002,40.66987276331,-73.84259528884
restaurant,ESQUIRE DINER,American,Ozone Park,Queens,QN1002,40.67928700341,-73.84434320486
restaurant,GOLDEN WAY CHINESE RESTAURANT,Chinese,Ozone Park,Queens,QN1002,40.67523975128,-73.8432819665
restaurant,GYRO QILA,Chicken,Ozone Park,Queens,QN1002,40.68002837047,-73.84454697444
restaurant,HALAL PIZZA & GRILL,Italian,Ozone Park,Queens,QN1002,40.67992402517,-73.84451477024
restaurant,HALALICIOUS GRILL,Middle Eastern,Ozone Park,Queens,QN1002,40.68013268609,-73.84659458962
restaurant,HANA ASIAN BISTRO,Asian/Asian Fusion,Ozone Park,Queens,QN1002,40.67004026374,-73.84264535976
restaurant,HO HO GARDEN,Chinese,Ozone Park,Queens,QN1002,40.68018638619,-73.84570393454
restaurant,HYDRA LOUNGE,American,Ozone Park,Queens,QN1002,40.67989342907,-73.85039881049
restaurant,IHOP,Pancakes/Waffles,Ozone Park,Queens,QN1002,40.68094055234,-73.84120981701
restaurant,JADE GARDEN,Chinese,Ozone Park,Queens,QN1002,40.67397219027,-73.83969432467
restaurant,JING WAH,Chinese,Ozone Park,Queens,QN1002,40.67983424504,-73.85132191836
restaurant,JOELENY'S,Latin American,Ozone Park,Queens,QN1002,40.67523151696,-73.84328198593
restaurant,KANDELA,Mexican,Ozone Park,Queens,QN1002,40.67004026374,-73.84264535976
restaurant,KAWSAR SWEET HOUSE,Frozen Desserts,Ozone Park,Queens,QN1002,40.68042639415,-73.85945077304
restaurant,LA BONANZA BAKERY,Bakery Products/Desserts,Ozone Park,Queens,QN1002,40.68019180292,-73.84564984112
restaurant,LA CABANA PERUANA,Peruvian,Ozone Park,Queens,QN1002,40.6801864056,-73.84571835606
restaurant,LA LIBERTAD RESTAURANT,Spanish,Ozone Park,Queens,QN1002,40.68068449311,-73.84262375225
restaurant,LIBERTY COFFEE SHOP,American,Ozone Park,Queens,QN1002,40.67988804303,-73.85047814081
restaurant,LUCKY 88 STORE INC.,Coffee/Tea,Ozone Park,Queens,QN1002,40.67650860608,-73.84587110455
restaurant,MCDONALD'S,Hamburgers,Ozone Park,Queens,QN1002,40.67972398519,-73.86191832729
restaurant,MIA HALAL FOOD,Middle Eastern,Ozone Park,Queens,QN1002,40.67995972186,-73.84452550282
restaurant,MIA HALAL FOOD,Middle Eastern,Ozone Park,Queens,QN1002,40.67989344319,-73.85040962657
restaurant,MIKE'S TAVERN,American,Ozone Park,Queens,QN1002,40.67989071724,-73.8504240542
restaurant,MISTURA PERUANA,Peruvian,Ozone Park,Queens,QN1002,40.67654955873,-73.84368265819
restaurant,MR. CHICKEN AND MRS. TEA,Chicken,Ozone Park,Queens,QN1002,40.66987276331,-73.84259528884
restaurant,NEW GARDEN CHINESE RESTAURANT,Chinese,Ozone Park,Queens,QN1002,40.67921535328,-73.86121634414
restaurant,OZONE PIZZERIA,Pizza,Ozone Park,Queens,QN1002,40.68068176814,-73.84263818037
restaurant,PANERA BREAD,Sandwiches,Ozone Park,Queens,QN1002,40.67136099863,-73.84300632772
restaurant,PAPA JOHN'S,Pizza,Ozone Park,Queens,QN1002,40.68055988071,-73.84382825421
restaurant,POPEYES LOUISIANA KITCHEN,Chicken,Ozone Park,Queens,QN1002,40.6803299821,-73.84431552325
restaurant,RADESH ROTI SHOP & BAKERY,Caribbean,Ozone Park,Queens,QN1002,40.68034359819,-73.84423617259
restaurant,ROMEO'S PIZZA,Pizza,Ozone Park,Queens,QN1002,40.67421311295,-73.84321589199
restaurant,THE ALIBI,American,Ozone Park,Queens,QN1002,40.67498172302,-73.84326815474
restaurant,THE LOCAL PRESS,American,Ozone Park,Queens,QN1002,40.68131098747,-73.84718676784
restaurant,THE ROCK,Latin American,Ozone Park,Queens,QN1002,40.6800845933,-73.84757897033
restaurant,WHITE CASTLE,Hamburgers,Ozone Park,Queens,QN1002,40.68012196042,-73.84074307352
restaurant,YUMMY YUMMY,Chinese,Ozone Park,Queens,QN1002,40.67650836749,-73.84366833436
restaurant,101 CAFE,American,Ozone Park (North),Queens,QN0904,40.68506320721,-73.84320109989
restaurant,AREFIN'S CREPE MANIA NEW YORK,Frozen Desserts,Ozone Park (North),Queens,QN0904,40.68504399875,-73.84320475088
restaurant,AREFIN'S TEA MANIA NEW YORK,Coffee/Tea,Ozone Park (North),Queens,QN0904,40.68504947349,-73.843193921
restaurant,BAGEL STATION EXPRESS,Bagels/Pretzels,Ozone Park (North),Queens,QN0904,40.68187651017,-73.84933433331
restaurant,CHAI WALA,Pakistani,Ozone Park (North),Queens,QN0904,40.68188754611,-73.84937757406
restaurant,CHANG PAI,Chinese/Japanese,Ozone Park (North),Queens,QN0904,40.68016957074,-73.86042116552
restaurant,CHINA FUN CHINESE RESTAURANT,Chinese,Ozone Park (North),Queens,QN0904,40.68435287514,-73.84564017247
restaurant,CHINA WOK EXPRESS,Asian/Asian Fusion,Ozone Park (North),Queens,QN0904,40.6860547312,-73.83970843423
restaurant,CHROME 101,Spanish,Ozone Park (North),Queens,QN0904,40.68460975892,-73.84480667522
restaurant,COMPADRES MEXICAN CAFE,Mexican,Ozone Park (North),Queens,QN0904,40.68336403967,-73.84109946261
restaurant,DENISE PIZZA,Pizza,Ozone Park (North),Queens,QN0904,40.68284485628,-73.85100510431
restaurant,DON POLLO,Peruvian,Ozone Park (North),Queens,QN0904,40.68424466701,-73.85745960962
restaurant,DUE MONDI CIVIC ASSOCIATION,American,Ozone Park (North),Queens,QN0904,40.68666616264,-73.84320452753
restaurant,EL CAMPEON DE LOS POLLOS 2,Latin American,Ozone Park (North),Queens,QN0904,40.68604380758,-73.83974812337
restaurant,EL POLLO INKA PERU,Peruvian,Ozone Park (North),Queens,QN0904,40.68286390088,-73.85087526237
restaurant,EL VIEJO YAYO,Latin American,Ozone Park (North),Queens,QN0904,40.68481727985,-73.84400934386
restaurant,ENZOS PIZZA,Pizza,Ozone Park (North),Queens,QN0904,40.68439811801,-73.85947482006
restaurant,GALLERIA PIZZA,Pizza,Ozone Park (North),Queens,QN0904,40.68451678792,-73.84506649736
restaurant,HALAL QUICKBITES,Chicken,Ozone Park (North),Queens,QN0904,40.6816425627,-73.85522619786
restaurant,LONG RIVER,Chinese,Ozone Park (North),Queens,QN0904,40.68242335296,-73.85192545475
restaurant,M & O BAGELS,American,Ozone Park (North),Queens,QN0904,40.68395239199,-73.84788378212
restaurant,MANNAN SWEETS & RESTAURANT,Bangladeshi,Ozone Park (North),Queens,QN0904,40.67977325204,-73.86180285319
restaurant,MEDINA BURGER & FRIES,Chicken,Ozone Park (North),Queens,QN0904,40.6816425627,-73.85522619786
restaurant,MEDINA FRIED CHICKEN & INDIAN CUISINE,Chicken,Ozone Park (North),Queens,QN0904,40.67993724138,-73.86122565215
restaurant,NEW GRAM BANGLA RESTAURANT,Bangladeshi,Ozone Park (North),Queens,QN0904,40.67991810653,-73.86129058884
restaurant,NUTRICION RADIANTE,Coffee/Tea,Ozone Park (North),Queens,QN0904,40.68481181974,-73.84403099052
restaurant,PAPA JOHN'S,Pizza,Ozone Park (North),Queens,QN0904,40.68603562367,-73.83978420018
restaurant,PENSANDO EN TU BIENESTAR (HERBALIFE),"Juice, Smoothies, Fruit Salads",Ozone Park (North),Queens,QN0904,40.68284485628,-73.85100510431
restaurant,PIZZA HUT,Pizza,Ozone Park (North),Queens,QN0904,40.68698367492,-73.85289244909
restaurant,PUNJABI CHAAP CORNER,Vegetarian,Ozone Park (North),Queens,QN0904,40.68628690437,-73.83890019256
restaurant,QUEENS BUFFET & CAJUN SEAFOOD,Chinese,Ozone Park (North),Queens,QN0904,40.68718860961,-73.85217444729
restaurant,SUNRISE,Chinese,Ozone Park (North),Queens,QN0904,40.68461521917,-73.84478502869
restaurant,SWEET LIL SWEETS,Bakery Products/Desserts,Ozone Park (North),Queens,QN0904,40.68579517486,-73.84056721569
restaurant,TACO BEANS,Mexican,Ozone Park (North),Queens,QN0904,40.68407704698,-73.84667922625
restaurant,YANG KEE'S NO. 1 CHINESE KITCHEN,Chinese,Ozone Park (North),Queens,QN0904,40.67966392564,-73.86218885409
restaurant,ANDY'S,American,Pomonok-Electchester-Hillcrest,Queens,QN0802,40.71724207656,-73.80343285028
restaurant,BLACK OLIVE DELI,American,Pomonok-Electchester-Hillcrest,Queens,QN0802,40.71823336167,-73.80367883007
restaurant,BONBON BAKERY,Bakery Products/Desserts,Pomonok-Electchester-Hillcrest,Queens,QN0802,40.7330677665,-73.80464526981
restaurant,"BURGER KING, POPEYES",Hamburgers,Pomonok-Electchester-Hillcrest,Queens,QN0802,40.72165106383,-73.80394651219
restaurant,Boondee Moo Ka T,Thai,Pomonok-Electchester-Hillcrest,Queens,QN0802,40.72300293072,-73.80001010747
restaurant,CAFE RAE'S,Sandwiches,Pomonok-Electchester-Hillcrest,Queens,QN0802,40.71845029657,-73.80373590813
restaurant,CARVEL,Frozen Desserts,Pomonok-Electchester-Hillcrest,Queens,QN0802,40.72085072376,-73.80622887922
restaurant,CHEF'S GARDEN,Chinese,Pomonok-Electchester-Hillcrest,Queens,QN0802,40.72120178537,-73.8044529057
restaurant,CHILL'D TASTE THAI,Thai,Pomonok-Electchester-Hillcrest,Queens,QN0802,40.72271073538,-73.8008696208
restaurant,DUNKIN,Donuts,Pomonok-Electchester-Hillcrest,Queens,QN0802,40.7221814301,-73.79033319313
restaurant,"DUNKIN', BASKIN ROBBINS",Donuts,Pomonok-Electchester-Hillcrest,Queens,QN0802,40.72301376505,-73.79992709731
restaurant,EASTERN CHINESE RESTAURANT,Chinese,Pomonok-Electchester-Hillcrest,Queens,QN0802,40.73048989012,-73.81087687065
restaurant,FIDELA'S RESTAURANT,Tex-Mex,Pomonok-Electchester-Hillcrest,Queens,QN0802,40.73307057884,-73.80468495244
restaurant,FUTIGI SUSHI,Japanese,Pomonok-Electchester-Hillcrest,Queens,QN0802,40.73307341574,-73.80473906807
restaurant,GINO'S OF KISSENA,Pizza,Pomonok-Electchester-Hillcrest,Queens,QN0802,40.73695454865,-73.81468343437
restaurant,HALAL MUNCHIES,Mediterranean,Pomonok-Electchester-Hillcrest,Queens,QN0802,40.73269233017,-73.80499637442
restaurant,JIB LANES,American,Pomonok-Electchester-Hillcrest,Queens,QN0802,40.73298188096,-73.81071822366
restaurant,KABAYAN RESTAURANT AND BAKERY,Filipino,Pomonok-Electchester-Hillcrest,Queens,QN0802,40.72097363402,-73.80587136737
restaurant,MCDONALD'S,Hamburgers,Pomonok-Electchester-Hillcrest,Queens,QN0802,40.7275212055,-73.81325936756
restaurant,NAPOLI PIZZA,Pizza,Pomonok-Electchester-Hillcrest,Queens,QN0802,40.7330734403,-73.80475350106
restaurant,NEW ARIA KABAB,Afghan,Pomonok-Electchester-Hillcrest,Queens,QN0802,40.72758730286,-73.81339628433
restaurant,NEW TOKYO SUSHI,Japanese,Pomonok-Electchester-Hillcrest,Queens,QN0802,40.72115118134,-73.80536217423
restaurant,NEW YORK PHO HOUSE,Asian/Asian Fusion,Pomonok-Electchester-Hillcrest,Queens,QN0802,40.73047067681,-73.81087692539
restaurant,PAPA JOHN'S,Pizza,Pomonok-Electchester-Hillcrest,Queens,QN0802,40.72114844882,-73.80536939747
restaurant,PATSON BAGEL PLUS,American,Pomonok-Electchester-Hillcrest,Queens,QN0802,40.73063534449,-73.81086563185
restaurant,POPEYES,Chicken,Pomonok-Electchester-Hillcrest,Queens,QN0802,40.73185115359,-73.8107900037
restaurant,POPRICE,Asian/Asian Fusion,Pomonok-Electchester-Hillcrest,Queens,QN0802,40.72115118134,-73.80536217423
restaurant,SHEIKHS N BURGERS,Sandwiches/Salads/Mixed Buffet,Pomonok-Electchester-Hillcrest,Queens,QN0802,40.71827729637,-73.80368952254
restaurant,ST JOHN'S UNIVERSITY FACULTY DINING ROOM,American,Pomonok-Electchester-Hillcrest,Queens,QN0802,40.7221814301,-73.79033319313
restaurant,ST JOHN'S UNIVERSITY LAW SCHOOL,American,Pomonok-Electchester-Hillcrest,Queens,QN0802,40.7221814301,-73.79033319313
restaurant,ST JOHN'S UNIVERSITY LIBRARY CAFE  (St.Augustine Hall),Coffee/Tea,Pomonok-Electchester-Hillcrest,Queens,QN0802,40.7221814301,-73.79033319313
restaurant,ST JOHN'S UNIVERSITY MARILLAC HALL,American,Pomonok-Electchester-Hillcrest,Queens,QN0802,40.7221814301,-73.79033319313
restaurant,ST JOHN'S UNIVERSITY MONTGORIS,American,Pomonok-Electchester-Hillcrest,Queens,QN0802,40.7221814301,-73.79033319313
restaurant,STARBUCKS,Coffee/Tea,Pomonok-Electchester-Hillcrest,Queens,QN0802,40.7221814301,-73.79033319313
restaurant,SUPREME DINER,American,Pomonok-Electchester-Hillcrest,Queens,QN0802,40.71667623661,-73.80804835652
restaurant,SWEET CATS CAFE,Coffee/Tea,Pomonok-Electchester-Hillcrest,Queens,QN0802,40.72301659161,-73.79997398913
restaurant,TACO BELL @ D'ANGELO CENTER,Mexican,Pomonok-Electchester-Hillcrest,Queens,QN0802,40.7221814301,-73.79033319313
restaurant,TEA MANIA,Other,Pomonok-Electchester-Hillcrest,Queens,QN0802,40.71849423744,-73.80375020813
restaurant,VALENTINO'S,Italian,Pomonok-Electchester-Hillcrest,Queens,QN0802,40.72864414141,-73.81515402891
restaurant,VINCENZOS PIZZARIA RESTAURANT,Pizza,Pomonok-Electchester-Hillcrest,Queens,QN0802,40.72302206225,-73.79996314949
restaurant,WO KEE NOODLE,Chinese,Pomonok-Electchester-Hillcrest,Queens,QN0802,40.72299191394,-73.79998849436
restaurant,ANTUN'S,American,Queens Village,Queens,QN1303,40.71760478912,-73.73537764826
restaurant,BELVEDERE RESTAURANT,Creole,Queens Village,Queens,QN1303,40.71341003507,-73.73625288056
restaurant,BENEDICTION RESTAURANT,Creole,Queens Village,Queens,QN1303,40.71496166694,-73.75010591473
restaurant,BIG JOHN'S PIZZA & RESTAURANT,Pizza,Queens Village,Queens,QN1303,40.71828926448,-73.73582224631
restaurant,BURGER KING,Hamburgers,Queens Village,Queens,QN1303,40.72824562437,-73.74724887769
restaurant,CD RESTAURANT AND BAR,Caribbean,Queens Village,Queens,QN1303,40.71545376305,-73.74795410389
restaurant,CHACHA BHATIJA SWEETS & SNACKS,Indian,Queens Village,Queens,QN1303,40.7272587289,-73.74905661265
restaurant,CHINA DELIGHT,Chinese,Queens Village,Queens,QN1303,40.71315280337,-73.73539899833
restaurant,CINCO ESTRELLAS BAR AND RESTAURANT,Spanish,Queens Village,Queens,QN1303,40.71738900322,-73.73943324824
restaurant,COOKERZ BLEND,Caribbean,Queens Village,Queens,QN1303,40.71413472709,-73.73868128371
restaurant,CREOLE FUSION,Caribbean,Queens Village,Queens,QN1303,40.70553223415,-73.73973585352
restaurant,CROWN FRIED CHICKEN,Chicken,Queens Village,Queens,QN1303,40.71305244472,-73.73591883283
restaurant,D ROTI HUT,Caribbean,Queens Village,Queens,QN1303,40.71439509459,-73.75210646667
restaurant,D'ELISA RESTAURANT,Latin American,Queens Village,Queens,QN1303,40.71785073146,-73.73729222136
restaurant,DUNKIN,Donuts,Queens Village,Queens,QN1303,40.72955552285,-73.74505739374
restaurant,DUNKIN,Donuts,Queens Village,Queens,QN1303,40.71516822886,-73.74917084718
restaurant,DUNKIN,Donuts,Queens Village,Queens,QN1303,40.7179783534,-73.73668927191
restaurant,EASTERN RESTAURANT,Chinese,Queens Village,Queens,QN1303,40.71441144616,-73.75205229678
restaurant,EL PATIO LOUNGE,American,Queens Village,Queens,QN1303,40.71803016408,-73.73654116078
restaurant,ELEGANT CHINESE RESTAURANT,Chinese,Queens Village,Queens,QN1303,40.72480709662,-73.75387149783
restaurant,ELYON RESTAURANT,French,Queens Village,Queens,QN1303,40.71586678824,-73.7460586846
restaurant,FAZEES DELIGHT,Caribbean,Queens Village,Queens,QN1303,40.71725324705,-73.74008672263
restaurant,FLAM'S CUISINE & CATERING,Caribbean,Queens Village,Queens,QN1303,40.7171662645,-73.74046223351
restaurant,FOY JUICE BAR & EATERY,"Juice, Smoothies, Fruit Salads",Queens Village,Queens,QN1303,40.71406266434,-73.73837495201
restaurant,GREAT HOP'S KITCHEN,Chinese,Queens Village,Queens,QN1303,40.70695719216,-73.75104857072
restaurant,HA BO,Chinese,Queens Village,Queens,QN1303,40.71386444387,-73.73572081294
restaurant,HA BO KITCHEN,Chinese,Queens Village,Queens,QN1303,40.71386444387,-73.73572081294
restaurant,HALAL BROS GRILL,Chicken,Queens Village,Queens,QN1303,40.71320536143,-73.73557554133
restaurant,HALAL ZONE,Chicken,Queens Village,Queens,QN1303,40.71546191011,-73.74791439251
restaurant,HAPPY KITCHEN,Chinese,Queens Village,Queens,QN1303,40.71734839714,-73.7396823194
restaurant,HIBISCUS RESTAURANT & LOUNGE II,Caribbean,Queens Village,Queens,QN1303,40.71975384469,-73.73296284757
restaurant,JERICHO PALACE,Indian,Queens Village,Queens,QN1303,40.71755472609,-73.73868225269
restaurant,LE BON PAIN BAKERY,Bakery Products/Desserts,Queens Village,Queens,QN1303,40.71554071457,-73.7475533615
restaurant,LITTLE CAESARS,Pizza,Queens Village,Queens,QN1303,40.71379171641,-73.73751750023
restaurant,MATEUS RESTAURANT,Portuguese,Queens Village,Queens,QN1303,40.72052862478,-73.73210833975
restaurant,MCDONALD'S,American,Queens Village,Queens,QN1303,40.72954037791,-73.74441882187
restaurant,MINAS RESTAURANT,Filipino,Queens Village,Queens,QN1303,40.72626619612,-73.74089929173
restaurant,NARESH ESSEQUIBO CUISINE,Caribbean,Queens Village,Queens,QN1303,40.71694336203,-73.74142267197
restaurant,NETTIES RESTAURANT BAR,Soul Food,Queens Village,Queens,QN1303,40.7128895746,-73.73432871612
restaurant,OUR VILLAGE ROTI SHOP,Caribbean,Queens Village,Queens,QN1303,40.71552442069,-73.74763278443
restaurant,PANDA KING,Chinese,Queens Village,Queens,QN1303,40.71273455486,-73.73376301109
restaurant,PAPA JOHN'S,Pizza,Queens Village,Queens,QN1303,40.71882627183,-73.75776090522
restaurant,PATES PLUS BAKERY,Bakery Products/Desserts,Queens Village,Queens,QN1303,40.71686931116,-73.73543108308
restaurant,PEKING CHINESE RESTAURANT,Chinese,Queens Village,Queens,QN1303,40.72548756139,-73.74007613087
restaurant,POPEYES,Chicken,Queens Village,Queens,QN1303,40.71802183865,-73.73650151182
restaurant,POPEYES,Chicken,Queens Village,Queens,QN1303,40.72824562437,-73.74724887769
restaurant,PRIMA PIZZA,Pizza,Queens Village,Queens,QN1303,40.72841477101,-73.73582885504
restaurant,RICE & BEANS LECHONERA,Latin American,Queens Village,Queens,QN1303,40.72552332495,-73.74011206946
restaurant,Rose Concession Stand,American,Queens Village,Queens,QN1303,40.71917411159,-73.73389231129
restaurant,SILVER SPOON RESTAURANT,Caribbean,Queens Village,Queens,QN1303,40.707550246,-73.74987050322
restaurant,SPICE ON A SLICE,American,Queens Village,Queens,QN1303,40.7173809984,-73.73953428739
restaurant,ST. BEST JERK SPOT,Caribbean,Queens Village,Queens,QN1303,40.70478623265,-73.73999124873
restaurant,STELLA'S COFFEE SHOP,American,Queens Village,Queens,QN1303,40.72060255617,-73.73203228194
restaurant,STREET VYBZ NYAMMINGS,Caribbean,Queens Village,Queens,QN1303,40.71322736107,-73.73559348969
restaurant,SZECHUAN KITCHEN,Chinese,Queens Village,Queens,QN1303,40.70521685703,-73.73985611259
restaurant,THE POUR HOUSE,American,Queens Village,Queens,QN1303,40.71208041202,-73.73103142785
restaurant,TROPICAL JERK,Caribbean,Queens Village,Queens,QN1303,40.71404883356,-73.73832811241
restaurant,Tealicious,Coffee/Tea,Queens Village,Queens,QN1303,40.71339621173,-73.73620964903
restaurant,VICTOR'S COFFEE SHOP,Spanish,Queens Village,Queens,QN1303,40.71604619016,-73.7452679897
restaurant,WENDYS,Hamburgers,Queens Village,Queens,QN1303,40.73013541838,-73.74416035491
restaurant,WHITE CASTLE,Hamburgers,Queens Village,Queens,QN1303,40.70538683563,-73.73976888428
restaurant,WINDIES RESTAURANT AND BAR,Caribbean,Queens Village,Queens,QN1303,40.71755201421,-73.73869669307
restaurant,WINGSTOP,Chicken,Queens Village,Queens,QN1303,40.71407940438,-73.73849392497
restaurant,WINGSTOP,Chicken,Queens Village,Queens,QN1303,40.71407940438,-73.73849392497
restaurant,YUMMY TACO,Tex-Mex,Queens Village,Queens,QN1303,40.71972373637,-73.73299904414
restaurant,ZONA VIVA,Latin American,Queens Village,Queens,QN1303,40.71551352898,-73.74767250631
restaurant,88 CANTEEN,Chinese,Queensboro Hill,Queens,QN0706,40.74413297613,-73.82573899638
restaurant,ANDA CAFE,Chinese/Japanese,Queensboro Hill,Queens,QN0706,40.74307869333,-73.825546889
restaurant,BODHI VILLAGE,Vegetarian,Queensboro Hill,Queens,QN0706,40.74720611365,-73.82871920483
restaurant,CHAKRA,Chinese/Japanese,Queensboro Hill,Queens,QN0706,40.74371016296,-73.82566071205
restaurant,CHINA FU ZHOU SNACK BAR,Chinese,Queensboro Hill,Queens,QN0706,40.74580223176,-73.82602693866
restaurant,CHINA FUN,Chinese,Queensboro Hill,Queens,QN0706,40.74581595554,-73.82602690268
restaurant,DUMPLING STORY,Chinese,Queensboro Hill,Queens,QN0706,40.7436717254,-73.82565359534
restaurant,DUNKIN' / BASKIN ROBBINS,Donuts,Queensboro Hill,Queens,QN0706,40.73939635269,-73.81574115592
restaurant,EL GAUCHITO II,Brazilian,Queensboro Hill,Queens,QN0706,40.73884370528,-73.81010970003
restaurant,GANG YUE,Chinese,Queensboro Hill,Queens,QN0706,40.73965062818,-73.81512698434
restaurant,GOLDEN LAKE PAVILION,Chinese,Queensboro Hill,Queens,QN0706,40.74304022283,-73.82551811968
restaurant,GRANDPA CHEN KISSENA CHAR SIU BAO,Bakery Products/Desserts,Queensboro Hill,Queens,QN0706,40.73969179954,-73.81512686966
restaurant,KAN WAH CHINESE RESTAURANT,Chinese,Queensboro Hill,Queens,QN0706,40.74369094418,-73.8256571537
restaurant,KISSENA CAFE,Chinese,Queensboro Hill,Queens,QN0706,40.73977140331,-73.81513025656
restaurant,LOU WAI LOU,Chinese,Queensboro Hill,Queens,QN0706,40.74306496954,-73.82554692507
restaurant,MAIN STREET IMPERIAL TAIWANESE,Chinese,Queensboro Hill,Queens,QN0706,40.74370192869,-73.82566073368
restaurant,MAXI'S NOODLE- 2,Chinese,Queensboro Hill,Queens,QN0706,40.74364976186,-73.8256500442
restaurant,NEW SI HAI JU,Chinese,Queensboro Hill,Queens,QN0706,40.74051236556,-73.81505241064
restaurant,NEW WOKS KITCHEN,Chinese,Queensboro Hill,Queens,QN0706,40.73973297671,-73.81513036359
restaurant,PHIL & SONS ON MAIN,Pizza,Queensboro Hill,Queens,QN0706,40.74584066929,-73.82603405581
restaurant,QIU SUSHI & TEA BAR,Japanese,Queensboro Hill,Queens,QN0706,40.7394611876,-73.81509503451
restaurant,RECOVERY ROOM,American,Queensboro Hill,Queens,QN0706,40.74755874828,-73.82959529396
restaurant,REFRESH CO,"Juice, Smoothies, Fruit Salads",Queensboro Hill,Queens,QN0706,40.73965062818,-73.81512698434
restaurant,SOUR LITTLE 7,Chinese,Queensboro Hill,Queens,QN0706,40.74372114747,-73.82566429204
restaurant,SWEET WONTON KING,Chinese,Queensboro Hill,Queens,QN0706,40.74617288876,-73.82610175548
restaurant,TIANXIA ASIAN CUISINE,Chinese,Queensboro Hill,Queens,QN0706,40.74371016296,-73.82566071205
restaurant,TORI O'TOOLES,Irish,Queensboro Hill,Queens,QN0706,40.74044924778,-73.81505980385
restaurant,TOST & GRILL,American,Queensboro Hill,Queens,QN0706,40.73965062818,-73.81512698434
restaurant,YEH'S BAKERY,Bakery Products/Desserts,Queensboro Hill,Queens,QN0706,40.74586537757,-73.8260376
restaurant,ZAO DIAN JIAN MIAN,Chinese,Queensboro Hill,Queens,QN0706,40.74367996515,-73.82565718254
restaurant,3 GREEKS GRILL,Greek,Queensbridge-Ravenswood-Dutch Kills,Queens,QN0105,40.76277228482,-73.94197131876
restaurant,98K CHICKEN & BURGERS,Other,Queensbridge-Ravenswood-Dutch Kills,Queens,QN0105,40.75686979528,-73.93453358682
restaurant,ALADDIN,Bangladeshi,Queensbridge-Ravenswood-Dutch Kills,Queens,QN0105,40.7572466229,-73.93120158054
restaurant,AMBASSADOR FOOD SERVICES,American,Queensbridge-Ravenswood-Dutch Kills,Queens,QN0105,40.75924627378,-73.94399221356
restaurant,ANNTREMET CAKE LIC,Bakery Products/Desserts,Queensbridge-Ravenswood-Dutch Kills,Queens,QN0105,40.75151427973,-73.93861733355
restaurant,ARIANA'S PIZZA,Pizza,Queensbridge-Ravenswood-Dutch Kills,Queens,QN0105,40.76134983419,-73.94066942701
restaurant,ARTPRESSO CAFE,American,Queensbridge-Ravenswood-Dutch Kills,Queens,QN0105,40.75343871258,-73.93430236313
restaurant,BAKERS CAFE,Sandwiches,Queensbridge-Ravenswood-Dutch Kills,Queens,QN0105,40.7649805771,-73.93957235261
restaurant,BEEBE'S AT BORO HOTEL,American,Queensbridge-Ravenswood-Dutch Kills,Queens,QN0105,40.75502305547,-73.93538723911
restaurant,BEIJA FLOR,Brazilian,Queensbridge-Ravenswood-Dutch Kills,Queens,QN0105,40.75442374694,-73.9337202716
restaurant,BOISHAKHI,Bangladeshi,Queensbridge-Ravenswood-Dutch Kills,Queens,QN0105,40.75722463669,-73.93115467892
restaurant,BON BAGEL,American,Queensbridge-Ravenswood-Dutch Kills,Queens,QN0105,40.75297822718,-73.94049644505
restaurant,BURGER KING,Hamburgers,Queensbridge-Ravenswood-Dutch Kills,Queens,QN0105,40.7644413763,-73.93244677708
restaurant,BUTTERFIELD MARKET CAFE,American,Queensbridge-Ravenswood-Dutch Kills,Queens,QN0105,40.75219869207,-73.93537916125
restaurant,CAFE 9,Coffee/Tea,Queensbridge-Ravenswood-Dutch Kills,Queens,QN0105,40.76515334817,-73.93929061513
restaurant,CAFE TRISKELL,French,Queensbridge-Ravenswood-Dutch Kills,Queens,QN0105,40.75575426398,-73.9280159478
restaurant,CAFE XOCHIMILCO,Mexican,Queensbridge-Ravenswood-Dutch Kills,Queens,QN0105,40.75442921769,-73.93368778137
restaurant,CASA CARLA,Tex-Mex,Queensbridge-Ravenswood-Dutch Kills,Queens,QN0105,40.7534269477,-73.93781789494
restaurant,CIELITO,Mexican,Queensbridge-Ravenswood-Dutch Kills,Queens,QN0105,40.75575976029,-73.92802677031
restaurant,COFFEE & GREEN,American,Queensbridge-Ravenswood-Dutch Kills,Queens,QN0105,40.75978864648,-73.93662072882
restaurant,COFFEE CLOUD,American,Queensbridge-Ravenswood-Dutch Kills,Queens,QN0105,40.76508581622,-73.93147142145
restaurant,COOKING WITH COREY,American,Queensbridge-Ravenswood-Dutch Kills,Queens,QN0105,40.75986872111,-73.94274994659
restaurant,"COURTYARD LONG ISLAND CITY, MANHATTAN VIEW",American,Queensbridge-Ravenswood-Dutch Kills,Queens,QN0105,40.7498556178,-73.93709218915
restaurant,DARJEELING KITCHEN & CAFE,Asian/Asian Fusion,Queensbridge-Ravenswood-Dutch Kills,Queens,QN0105,40.75647984558,-73.92957086806
restaurant,DHAKAYA,Bangladeshi,Queensbridge-Ravenswood-Dutch Kills,Queens,QN0105,40.75590419659,-73.94060210617
restaurant,DIVE BAR LIC,Latin American,Queensbridge-Ravenswood-Dutch Kills,Queens,QN0105,40.75573777278,-73.9279798708
restaurant,DK PUBLIC,American,Queensbridge-Ravenswood-Dutch Kills,Queens,QN0105,40.75413019922,-73.93396600413
restaurant,DUNKIN,Donuts,Queensbridge-Ravenswood-Dutch Kills,Queens,QN0105,40.75300182382,-73.93348347536
restaurant,DUNKIN / BASKIN ROBBINS,Donuts,Queensbridge-Ravenswood-Dutch Kills,Queens,QN0105,40.76425483684,-73.9326238547
restaurant,DUNKIN',American,Queensbridge-Ravenswood-Dutch Kills,Queens,QN0105,40.75473549014,-73.94169681101
restaurant,DUNKIN' / BASKIN ROBBINS,Donuts,Queensbridge-Ravenswood-Dutch Kills,Queens,QN0105,40.75631266271,-73.92997531184
restaurant,EAST GARDEN,Chinese,Queensbridge-Ravenswood-Dutch Kills,Queens,QN0105,40.75648534174,-73.92958169082
restaurant,ECUADORIAN RESTAURANT II,Latin American,Queensbridge-Ravenswood-Dutch Kills,Queens,QN0105,40.75537497497,-73.92720422854
restaurant,EL GALLO NEGRO,Mexican,Queensbridge-Ravenswood-Dutch Kills,Queens,QN0105,40.75173161962,-73.93956637087
restaurant,ESCOLA'S,Latin American,Queensbridge-Ravenswood-Dutch Kills,Queens,QN0105,40.75613079577,-73.92881685076
restaurant,EXQUISITO,Latin American,Queensbridge-Ravenswood-Dutch Kills,Queens,QN0105,40.75976941124,-73.9365810404
restaurant,FER,Chinese,Queensbridge-Ravenswood-Dutch Kills,Queens,QN0105,40.75075586744,-73.93703358825
restaurant,FLAVORS CORNER,Latin American,Queensbridge-Ravenswood-Dutch Kills,Queens,QN0105,40.75552782835,-73.9454535811
restaurant,FRIENDLY RESTAURANT,Chinese,Queensbridge-Ravenswood-Dutch Kills,Queens,QN0105,40.75598485012,-73.94267749796
restaurant,FUSION JUICE BAR,"Juice, Smoothies, Fruit Salads",Queensbridge-Ravenswood-Dutch Kills,Queens,QN0105,40.75538596774,-73.92722587331
restaurant,GHAYA,Coffee/Tea,Queensbridge-Ravenswood-Dutch Kills,Queens,QN0105,40.75485571902,-73.93083950584
restaurant,HILTON GARDEN INN LONG ISLAND CITY,American,Queensbridge-Ravenswood-Dutch Kills,Queens,QN0105,40.75074192509,-73.93663658754
restaurant,HOME2 SUITES BY HILTON,American,Queensbridge-Ravenswood-Dutch Kills,Queens,QN0105,40.75288953478,-73.93390948938
restaurant,HOUSE OF THAI,Thai,Queensbridge-Ravenswood-Dutch Kills,Queens,QN0105,40.7534269477,-73.93781789494
restaurant,HUNCHOS HALAL SPOT,Chicken,Queensbridge-Ravenswood-Dutch Kills,Queens,QN0105,40.76159717637,-73.93138477945
restaurant,IL MIGLIO BRICK OVEN PIZZA,Pizza,Queensbridge-Ravenswood-Dutch Kills,Queens,QN0105,40.76105296814,-73.93983944345
restaurant,IRV DELI RESTAURANT,American,Queensbridge-Ravenswood-Dutch Kills,Queens,QN0105,40.75446556326,-73.93017938857
restaurant,ISLAND FOODIE,Caribbean,Queensbridge-Ravenswood-Dutch Kills,Queens,QN0105,40.75597386027,-73.94265585045
restaurant,J & M BAKERY,Bakery Products/Desserts,Queensbridge-Ravenswood-Dutch Kills,Queens,QN0105,40.75686186038,-73.93037900193
restaurant,J.A COFFEE SHOP,Latin American,Queensbridge-Ravenswood-Dutch Kills,Queens,QN0105,40.75315484579,-73.92780942535
restaurant,JOHN BROWN BBQ,Barbecue,Queensbridge-Ravenswood-Dutch Kills,Queens,QN0105,40.75295713106,-73.93697014076
restaurant,KABULI GRILL,Afghan,Queensbridge-Ravenswood-Dutch Kills,Queens,QN0105,40.76156969425,-73.93132705097
restaurant,KALON FOOD + EVENTS,Fusion,Queensbridge-Ravenswood-Dutch Kills,Queens,QN0105,40.75224614304,-73.9367975697
restaurant,L & M ITALIAN DELI & CATERING,Sandwiches,Queensbridge-Ravenswood-Dutch Kills,Queens,QN0105,40.75624407678,-73.93002952697
restaurant,L.M CAFE,Coffee/Tea,Queensbridge-Ravenswood-Dutch Kills,Queens,QN0105,40.754126693,-73.93265579478
restaurant,LIC BAGELS,Mexican,Queensbridge-Ravenswood-Dutch Kills,Queens,QN0105,40.7564908379,-73.92959251358
restaurant,LILCAFE,Asian/Asian Fusion,Queensbridge-Ravenswood-Dutch Kills,Queens,QN0105,40.75433967085,-73.94057824072
restaurant,LITTLE CAESARS,Pizza,Queensbridge-Ravenswood-Dutch Kills,Queens,QN0105,40.75496593783,-73.94147643226
restaurant,LITTLE FLOWER CAFE,Coffee/Tea,Queensbridge-Ravenswood-Dutch Kills,Queens,QN0105,40.75818373959,-73.93315341466
restaurant,MAISON MUKONG,Southeast Asian,Queensbridge-Ravenswood-Dutch Kills,Queens,QN0105,40.75463562341,-73.92562771887
restaurant,MAMA'S,Latin American,Queensbridge-Ravenswood-Dutch Kills,Queens,QN0105,40.75558648076,-73.94192346059
restaurant,MEDITERRA,Bakery Products/Desserts,Queensbridge-Ravenswood-Dutch Kills,Queens,QN0105,40.75603007795,-73.93018135186
restaurant,MELROSE BALLROOM,Greek,Queensbridge-Ravenswood-Dutch Kills,Queens,QN0105,40.75547731425,-73.92844938529
restaurant,MELTING POT CUISINE,Caribbean,Queensbridge-Ravenswood-Dutch Kills,Queens,QN0105,40.76168570025,-73.94264730405
restaurant,MICHAEL'S CAFE,American,Queensbridge-Ravenswood-Dutch Kills,Queens,QN0105,40.75426851402,-73.93586441585
restaurant,MTEA,Coffee/Tea,Queensbridge-Ravenswood-Dutch Kills,Queens,QN0105,40.75297822718,-73.94049644505
restaurant,NEW CHAMPION WOK,Chinese,Queensbridge-Ravenswood-Dutch Kills,Queens,QN0105,40.75535472948,-73.9450783387
restaurant,NIFOROS CORNER,Sandwiches,Queensbridge-Ravenswood-Dutch Kills,Queens,QN0105,40.76182683039,-73.93953551685
restaurant,NYC GREENS PLAZA DELI,Sandwiches/Salads/Mixed Buffet,Queensbridge-Ravenswood-Dutch Kills,Queens,QN0105,40.75128303914,-73.93735792026
restaurant,NYCAKES BOUTIQUE,Bakery Products/Desserts,Queensbridge-Ravenswood-Dutch Kills,Queens,QN0105,40.75343871258,-73.93430236313
restaurant,ORA'S MARKET / DOUBLE TREE BY HILTON,American,Queensbridge-Ravenswood-Dutch Kills,Queens,QN0105,40.75870809428,-73.94357033871
restaurant,PALACE FRIED CHICKEN,Chicken,Queensbridge-Ravenswood-Dutch Kills,Queens,QN0105,40.75979963946,-73.93664598629
restaurant,PALACE GRILL,American,Queensbridge-Ravenswood-Dutch Kills,Queens,QN0105,40.75473549014,-73.94169681101
restaurant,POPEYES,Chicken,Queensbridge-Ravenswood-Dutch Kills,Queens,QN0105,40.76434810766,-73.93253712099
restaurant,PRINCE GRILL & JUICE BAR,Sandwiches/Salads/Mixed Buffet,Queensbridge-Ravenswood-Dutch Kills,Queens,QN0105,40.75907081111,-73.94440747377
restaurant,PSARI,Greek,Queensbridge-Ravenswood-Dutch Kills,Queens,QN0105,40.75611430482,-73.92878077335
restaurant,PUEBLO QUERIDO COFFEE,Latin American,Queensbridge-Ravenswood-Dutch Kills,Queens,QN0105,40.74995649056,-73.93585775573
restaurant,QUIJOTE,Latin American,Queensbridge-Ravenswood-Dutch Kills,Queens,QN0105,40.75649633406,-73.92960333634
restaurant,RESIDENCE INN & SPRINGHILL SUITES,American,Queensbridge-Ravenswood-Dutch Kills,Queens,QN0105,40.75868340388,-73.94359562725
restaurant,RICE THIEF,Korean,Queensbridge-Ravenswood-Dutch Kills,Queens,QN0105,40.75263164778,-73.93411908681
restaurant,SABROSURA MEXICANA,Mexican,Queensbridge-Ravenswood-Dutch Kills,Queens,QN0105,40.7572301327,-73.93116550193
restaurant,SAM LEE KITCHEN,Chinese,Queensbridge-Ravenswood-Dutch Kills,Queens,QN0105,40.75978040423,-73.93660629786
restaurant,SAMI'S KABAB HOUSE,Afghan,Queensbridge-Ravenswood-Dutch Kills,Queens,QN0105,40.75892182002,-73.93270868258
restaurant,SARKU JAPAN,Japanese,Queensbridge-Ravenswood-Dutch Kills,Queens,QN0105,40.7644413763,-73.93244677708
restaurant,SHERO CAKES,Asian/Asian Fusion,Queensbridge-Ravenswood-Dutch Kills,Queens,QN0105,40.75160206954,-73.93853784853
restaurant,SILKY KITCHEN,Chinese,Queensbridge-Ravenswood-Dutch Kills,Queens,QN0105,40.75302932578,-73.93357729068
restaurant,SUBWAY,Sandwiches,Queensbridge-Ravenswood-Dutch Kills,Queens,QN0105,40.75592065766,-73.94058765344
restaurant,SUN WAH,Chinese,Queensbridge-Ravenswood-Dutch Kills,Queens,QN0105,40.75684537212,-73.93034653329
restaurant,SUNSHINE COFFEE,Latin American,Queensbridge-Ravenswood-Dutch Kills,Queens,QN0105,40.75997236074,-73.94143952899
restaurant,TACO BELL,Tex-Mex,Queensbridge-Ravenswood-Dutch Kills,Queens,QN0105,40.75496593783,-73.94147643226
restaurant,THE BUFFS,Thai,Queensbridge-Ravenswood-Dutch Kills,Queens,QN0105,40.75558647893,-73.94191985111
restaurant,THE GOODFELLAS PIZZERIA OF L.I.C.,Pizza,Queensbridge-Ravenswood-Dutch Kills,Queens,QN0105,40.75342145427,-73.93781068137
restaurant,THE HUNTRESS,American,Queensbridge-Ravenswood-Dutch Kills,Queens,QN0105,40.75257435197,-73.93973885061
restaurant,TOWN PLACE SUITES,American,Queensbridge-Ravenswood-Dutch Kills,Queens,QN0105,40.75805131602,-73.94200432436
restaurant,VERONICA'S BAR,Irish,Queensbridge-Ravenswood-Dutch Kills,Queens,QN0105,40.75538047135,-73.92721505092
restaurant,VISTA SKY LOUNGE / VISTA BANQUET HALL,American,Queensbridge-Ravenswood-Dutch Kills,Queens,QN0105,40.75426851402,-73.93586441585
restaurant,WAG & BONE BAR,American,Queensbridge-Ravenswood-Dutch Kills,Queens,QN0105,40.75517204806,-73.93197976509
restaurant,WENDY'S,Hamburgers,Queensbridge-Ravenswood-Dutch Kills,Queens,QN0105,40.75496593783,-73.94147643226
restaurant,WING STOP,Chicken,Queensbridge-Ravenswood-Dutch Kills,Queens,QN0105,40.75496593783,-73.94147643226
restaurant,WINGATE BY WYNDHAM LONG ISLAND CITY,Continental,Queensbridge-Ravenswood-Dutch Kills,Queens,QN0105,40.75771058224,-73.94125021651
restaurant,YANAGI,Japanese,Queensbridge-Ravenswood-Dutch Kills,Queens,QN0105,40.7536131211,-73.9321437849
restaurant,ZIYAN,Asian/Asian Fusion,Queensbridge-Ravenswood-Dutch Kills,Queens,QN0105,40.75533917722,-73.93623515618
restaurant,ALMAZ PALACE,Jewish/Kosher,Rego Park,Queens,QN0601,40.72570010695,-73.86519243842
restaurant,ART OF GRILL,Jewish/Kosher,Rego Park,Queens,QN0601,40.72963107054,-73.86097383398
restaurant,AUNTIE ANNE'S PRETZELS,Bakery Products/Desserts,Rego Park,Queens,QN0601,40.7334281698,-73.86417003345
restaurant,AVELLINO RISTORANTE & PIZZERIA,Italian,Rego Park,Queens,QN0601,40.72977834486,-73.86019778803
restaurant,BAGEL CHEF,American,Rego Park,Queens,QN0601,40.72954294491,-73.86073227795
restaurant,BAGELETTE,Jewish/Kosher,Rego Park,Queens,QN0601,40.73128513551,-73.8601260595
restaurant,BAROSA BRICK OVEN,Italian,Rego Park,Queens,QN0601,40.72602693476,-73.8701237427
restaurant,BURGER KING,Hamburgers,Rego Park,Queens,QN0601,40.73177314149,-73.86656564973
restaurant,CAFE BORA-BORA,Bagels/Pretzels,Rego Park,Queens,QN0601,40.72920980494,-73.85989230109
restaurant,CHAIKHANA 7:40,Jewish/Kosher,Rego Park,Queens,QN0601,40.72884673449,-73.86381860479
restaurant,CHAMPION PIZZA,Pizza,Rego Park,Queens,QN0601,40.7334281698,-73.86417003345
restaurant,CHEBURECHNAYA,Jewish/Kosher,Rego Park,Queens,QN0601,40.72751027059,-73.86401978413
restaurant,CHIPOTLE MEXICAN GRILL #2834,Tex-Mex,Rego Park,Queens,QN0601,40.7334281698,-73.86417003345
restaurant,DALLAS BBQ,Barbecue,Rego Park,Queens,QN0601,40.7334281698,-73.86417003345
restaurant,DOMINO'S,Pizza,Rego Park,Queens,QN0601,40.73056193644,-73.8635841661
restaurant,DON ALEX,Peruvian,Rego Park,Queens,QN0601,40.72978654397,-73.86016890611
restaurant,DUNKIN,American,Rego Park,Queens,QN0601,40.7227469454,-73.86773103968
restaurant,DUNKIN,American,Rego Park,Queens,QN0601,40.7298982022,-73.86170932444
restaurant,FATSA,Turkish,Rego Park,Queens,QN0601,40.73049584747,-73.86340389591
restaurant,FORTUNE,Jewish/Kosher,Rego Park,Queens,QN0601,40.72571930757,-73.86518157585
restaurant,FU YING CHINESE,Chinese,Rego Park,Queens,QN0601,40.72967513098,-73.8610928082
restaurant,GONG CHA,Coffee/Tea,Rego Park,Queens,QN0601,40.7334281698,-73.86417003345
restaurant,IL PRIMO CAFFE,Coffee/Tea,Rego Park,Queens,QN0601,40.72630950793,-73.86524531931
restaurant,IMPACT SPORTS CLUB,"Juice, Smoothies, Fruit Salads",Rego Park,Queens,QN0601,40.71851814256,-73.86380010804
restaurant,IRON AGE,Korean,Rego Park,Queens,QN0601,40.7334281698,-73.86417003345
restaurant,J&D PIZZERIA,Pizza,Rego Park,Queens,QN0601,40.73240201592,-73.85769897939
restaurant,JADE BAMBOO CHINESE CUISINE,Other,Rego Park,Queens,QN0601,40.71950739759,-73.86476128728
restaurant,L'CHAIM,Jewish/Kosher,Rego Park,Queens,QN0601,40.72878833882,-73.86318371176
restaurant,MARANI,Jewish/Kosher,Rego Park,Queens,QN0601,40.73118653954,-73.860303067
restaurant,NOM TEA,Asian/Asian Fusion,Rego Park,Queens,QN0601,40.72813009858,-73.86360720342
restaurant,OCEANIC BOIL,Seafood,Rego Park,Queens,QN0601,40.72988724055,-73.86172377963
restaurant,OMAKASE RAMEN,Japanese,Rego Park,Queens,QN0601,40.73051237189,-73.86345076748
restaurant,PANERA BREAD,Soups/Salads/Sandwiches,Rego Park,Queens,QN0601,40.7334281698,-73.86417003345
restaurant,PARIS BAGUETTE,Bakery Products/Desserts,Rego Park,Queens,QN0601,40.72994777313,-73.86184632861
restaurant,PERI PERI ORIGINAL,American,Rego Park,Queens,QN0601,40.73065557557,-73.86385097521
restaurant,PHO THAI,Thai,Rego Park,Queens,QN0601,40.73057571174,-73.86362743529
restaurant,PIZZA HUT,Pizza,Rego Park,Queens,QN0601,40.7300029072,-73.86204465901
restaurant,POPEYES,Chicken,Rego Park,Queens,QN0601,40.72941638076,-73.86275666607
restaurant,POSH FUSION,Fusion,Rego Park,Queens,QN0601,40.72581966602,-73.85960721885
restaurant,PRESTIGE,Jewish/Kosher,Rego Park,Queens,QN0601,40.72694255319,-73.86439977936
restaurant,RED MANGO,"Juice, Smoothies, Fruit Salads",Rego Park,Queens,QN0601,40.73346936685,-73.86419159884
restaurant,REGISTAN  PLOV CENTER,Eastern European,Rego Park,Queens,QN0601,40.7322912965,-73.85695231557
restaurant,REGO BAGELS,American,Rego Park,Queens,QN0601,40.72942735118,-73.86274942727
restaurant,REGO GARDEN,Chinese,Rego Park,Queens,QN0601,40.72812186858,-73.86361082832
restaurant,REGO PARK COFFEE SHOP,American,Rego Park,Queens,QN0601,40.72880750912,-73.86314759196
restaurant,REGO SLICE PIZZERIA,Pizza,Rego Park,Queens,QN0601,40.72820415139,-73.86356014732
restaurant,RETRO FITNESS,"Juice, Smoothies, Fruit Salads",Rego Park,Queens,QN0601,40.73192440948,-73.86682874409
restaurant,SHASHLICHNAYA/ SEZAM,Jewish/Kosher,Rego Park,Queens,QN0601,40.72979912521,-73.86148943781
restaurant,SKYLINE COFFEE,Coffee/Tea,Rego Park,Queens,QN0601,40.72630950793,-73.86524531931
restaurant,SPRING THAI FUSION & BAR,Thai,Rego Park,Queens,QN0601,40.72966968951,-73.86113250842
restaurant,STARBUCKS,Coffee/Tea,Rego Park,Queens,QN0601,40.7334281698,-73.86417003345
restaurant,STARBUCKS COFFEE,Coffee/Tea,Rego Park,Queens,QN0601,40.7294630374,-73.86275296154
restaurant,STARBUCKS COFFEE #22716,Coffee/Tea,Rego Park,Queens,QN0601,40.73192440948,-73.86682874409
restaurant,SUSHI 33,Japanese,Rego Park,Queens,QN0601,40.7288054345,-73.86371044866
restaurant,SUSHI YA,Japanese,Rego Park,Queens,QN0601,40.72965310296,-73.8610351251
restaurant,TACO BELL,Tex-Mex,Rego Park,Queens,QN0601,40.72941638076,-73.86275666607
restaurant,TANDOOR RESTAURANT,Indian,Rego Park,Queens,QN0601,40.73059223178,-73.86367069885
restaurant,TASTY AND CO,Chinese/Japanese,Rego Park,Queens,QN0601,40.72883496535,-73.86315475142
restaurant,TERIYAKI ONE,Japanese,Rego Park,Queens,QN0601,40.7334281698,-73.86417003345
restaurant,THE CHICKEN SHACK,Chicken,Rego Park,Queens,QN0601,40.72941641098,-73.86278192244
restaurant,THE DINERBAR,American,Rego Park,Queens,QN0601,40.7292262647,-73.85988505025
restaurant,THE TACO PLACE,Tex-Mex,Rego Park,Queens,QN0601,40.72876091272,-73.86320180842
restaurant,TROPIX BAR & LOUNGE,American,Rego Park,Queens,QN0601,40.73052889199,-73.86349403096
restaurant,UTHAI,Thai,Rego Park,Queens,QN0601,40.72819936844,-73.86415547639
restaurant,VERSAILLES PALACE,Russian,Rego Park,Queens,QN0601,40.72772837641,-73.86509451234
restaurant,WENDY'S,Hamburgers,Rego Park,Queens,QN0601,40.71177429181,-73.85929784811
restaurant,104 CHINA HOUSE,Chinese,Richmond Hill,Queens,QN0902,40.69041495728,-73.84079772497
restaurant,678 DELI,Sandwiches,Richmond Hill,Queens,QN0902,40.70212937157,-73.81671013649
restaurant,ALFIE'S PIZZA AND PASTA,Pizza,Richmond Hill,Queens,QN0902,40.69997988605,-73.83265303848
restaurant,ATL WING SPOT,Chicken,Richmond Hill,Queens,QN0902,40.69957623786,-73.83067051213
restaurant,ATLANTIC BAKERY,Latin American,Richmond Hill,Queens,QN0902,40.69340540423,-73.83028236027
restaurant,ATLANTIC DINER,American,Richmond Hill,Queens,QN0902,40.69218477055,-73.83458027445
restaurant,BLEND LOUNGE,Caribbean,Richmond Hill,Queens,QN0902,40.69540272245,-73.82068832656
restaurant,C BAR & LOUNGE,Caribbean,Richmond Hill,Queens,QN0902,40.69955979057,-73.83068497983
restaurant,CALETA 111,Spanish,Richmond Hill,Queens,QN0902,40.69704362812,-73.83691587686
restaurant,CARIBBEAN CABANA,Caribbean,Richmond Hill,Queens,QN0902,40.6991544891,-73.83318886844
restaurant,CHICAGO'S PIZZA WITH A TWIST,Pizza,Richmond Hill,Queens,QN0902,40.69361568674,-73.82956420522
restaurant,DEJA BREW CAFE,Other,Richmond Hill,Queens,QN0902,40.69514734233,-73.84508857947
restaurant,DELI ANTOJITOS POBLANOS,Spanish,Richmond Hill,Queens,QN0902,40.70019793554,-73.83348558505
restaurant,DOMINO'S,Pizza,Richmond Hill,Queens,QN0902,40.69957074833,-73.83067052612
restaurant,DON MIGUEL RESTAURANT,Latin American,Richmond Hill,Queens,QN0902,40.69518525337,-73.84269397205
restaurant,DUNKIN,Donuts,Richmond Hill,Queens,QN0902,40.6899315436,-73.84254414806
restaurant,DUNKIN,Donuts,Richmond Hill,Queens,QN0902,40.69712730048,-73.81432935063
restaurant,DUNKIN,Donuts,Richmond Hill,Queens,QN0902,40.70239435271,-73.81763990715
restaurant,DUNKIN',Donuts,Richmond Hill,Queens,QN0902,40.70094958857,-73.8313233966
restaurant,EL CAFETAL BAKERY,Bakery Products/Desserts,Richmond Hill,Queens,QN0902,40.69517392087,-73.84444661341
restaurant,EL CAMARON SALSERO,Seafood,Richmond Hill,Queens,QN0902,40.69517509903,-73.84329623197
restaurant,EL CHALACO,Peruvian,Richmond Hill,Queens,QN0902,40.6964985452,-73.83771059585
restaurant,EL RINCONCITO PAISA,Latin American,Richmond Hill,Queens,QN0902,40.6965204625,-73.83768169208
restaurant,ELIAS BAR LOUNGE,American,Richmond Hill,Queens,QN0902,40.69521698984,-73.84182119523
restaurant,FORTUNE KITCHEN,Chinese,Richmond Hill,Queens,QN0902,40.69543966453,-73.8400932868
restaurant,GEO'S PIZZERIA,Pizza,Richmond Hill,Queens,QN0902,40.70240760579,-73.81734412975
restaurant,GIRASOL BAKERY,Bakery Products/Desserts,Richmond Hill,Queens,QN0902,40.69878498749,-73.83390747004
restaurant,GO DETOX JUICE BAR GRILL,American,Richmond Hill,Queens,QN0902,40.70209915033,-73.816692187
restaurant,GOLDEN CHOPSTICK,Chinese,Richmond Hill,Queens,QN0902,40.69956254066,-73.83068857926
restaurant,GOLDEN TERRACE BANQUET HALL,Indian,Richmond Hill,Queens,QN0902,40.6943853642,-73.8266628766
restaurant,HANG YAN,Chinese,Richmond Hill,Queens,QN0902,40.70240758856,-73.81733331001
restaurant,HEAT CARIBBEAN KITCHEN & LOUNGE,Caribbean,Richmond Hill,Queens,QN0902,40.68953551919,-73.8439838396
restaurant,HONG KONG II,Chinese,Richmond Hill,Queens,QN0902,40.69518891651,-73.84336471724
restaurant,JAMAICA FISH MARKET,Seafood,Richmond Hill,Queens,QN0902,40.70226122982,-73.81677829777
restaurant,JOHNNY DELI & GROCERY,Latin American,Richmond Hill,Queens,QN0902,40.70216507473,-73.82019039186
restaurant,JOPHSUA 19,Mexican,Richmond Hill,Queens,QN0902,40.70235187265,-73.81854527903
restaurant,JUMBO CHINESE KITCHEN,Chinese,Richmond Hill,Queens,QN0902,40.69789247602,-73.83549289019
restaurant,JUNIX,Latin American,Richmond Hill,Queens,QN0902,40.69746538679,-73.83625848957
restaurant,KAIETEUR,Caribbean,Richmond Hill,Queens,QN0902,40.69957627515,-73.83069575713
restaurant,KENNEDY FRIED CHICKEN,American,Richmond Hill,Queens,QN0902,40.70240755983,-73.8173152771
restaurant,KINWA PERUVIAN KITCHEN,Peruvian,Richmond Hill,Queens,QN0902,40.69479940467,-73.84762093089
restaurant,LA CABANA,Latin American,Richmond Hill,Queens,QN0902,40.69514731797,-73.84507054852
restaurant,LA COCINITA TEX-MEX,Mexican,Richmond Hill,Queens,QN0902,40.6974845538,-73.83622598535
restaurant,LA DULCE BAKERY,Bakery Products/Desserts,Richmond Hill,Queens,QN0902,40.69528174191,-73.84100964405
restaurant,LA DULCE II BAKERY,Bakery Products/Desserts,Richmond Hill,Queens,QN0902,40.69957901991,-73.83069575013
restaurant,LA OBEJA NEGRA,American,Richmond Hill,Queens,QN0902,40.69523073358,-73.84183558732
restaurant,LA OBEJA NEGRA SPORTS BAR,Other,Richmond Hill,Queens,QN0902,40.69699705939,-73.83698090465
restaurant,LA REYNA DE TEHUACAN,Spanish,Richmond Hill,Queens,QN0902,40.69749829309,-73.83623677046
restaurant,LEO'S,Latin American,Richmond Hill,Queens,QN0902,40.69520170218,-73.84267950827
restaurant,LITTLE BROWN JUG,American,Richmond Hill,Queens,QN0902,40.70079409423,-73.82644779132
restaurant,LITTLE TOWN COFFEE SHOP,American,Richmond Hill,Queens,QN0902,40.69867438806,-73.82061818451
restaurant,LOS MUNCHIES,Latin American,Richmond Hill,Queens,QN0902,40.68928147409,-73.84488230112
restaurant,LUCKY DHABA,Indian,Richmond Hill,Queens,QN0902,40.6983387163,-73.83468756317
restaurant,LUIGI'S PIZZA,Pizza,Richmond Hill,Queens,QN0902,40.69041496229,-73.8408013309
restaurant,MARACAS,American,Richmond Hill,Queens,QN0902,40.70052479665,-73.82806420463
restaurant,MR. POLLO RICO,Peruvian,Richmond Hill,Queens,QN0902,40.69634511371,-73.83790570917
restaurant,OLIGARCH,Jewish/Kosher,Richmond Hill,Queens,QN0902,40.70084522377,-73.83128038353
restaurant,POLLO NENE,Spanish,Richmond Hill,Queens,QN0902,40.69700527831,-73.83697006557
restaurant,POPEYES LOUISIANA KITCHEN,Chicken,Richmond Hill,Queens,QN0902,40.69116881741,-73.83815633661
restaurant,Q102 POOL HALL AND LOUNGE,American,Richmond Hill,Queens,QN0902,40.69514733746,-73.84508497328
restaurant,RICHI RICH PALACE,Fusion,Richmond Hill,Queens,QN0902,40.69193362675,-73.8355364972
restaurant,RICKY'S HALAL PIZZA,Pizza,Richmond Hill,Queens,QN0902,40.70005386984,-73.83069814606
restaurant,RICOS NACHOS,Mexican,Richmond Hill,Queens,QN0902,40.69281142431,-73.83516650397
restaurant,RONG HUA CHINESE RESTAURANT,Chinese,Richmond Hill,Queens,QN0902,40.70210801661,-73.82056202421
restaurant,SABORES LATINOS,Latin American,Richmond Hill,Queens,QN0902,40.70080769793,-73.82636841255
restaurant,SHERRY'S WEAKNESS 4 SWEETNESS,Caribbean,Richmond Hill,Queens,QN0902,40.69834971097,-73.83469835493
restaurant,SNACK TIME GRILL,Coffee/Tea,Richmond Hill,Queens,QN0902,40.69948559665,-73.83062746598
restaurant,SOHNA PUNJAB,Indian,Richmond Hill,Queens,QN0902,40.69362933551,-73.82951368452
restaurant,SOHNA PUNJAB INDIAN RESTAURANT,Indian,Richmond Hill,Queens,QN0902,40.69362933551,-73.82951368452
restaurant,SPICY LANKA,Indian,Richmond Hill,Queens,QN0902,40.70018572775,-73.83264170036
restaurant,STARBUCKS,Coffee/Tea,Richmond Hill,Queens,QN0902,40.7029623043,-73.81923608359
restaurant,SUBWAY,American,Richmond Hill,Queens,QN0902,40.68993153865,-73.84254054215
restaurant,SUBWAY,Sandwiches,Richmond Hill,Queens,QN0902,40.69992550404,-73.8311312487
restaurant,SUBWAY,Sandwiches,Richmond Hill,Queens,QN0902,40.7029623043,-73.81923608359
restaurant,SWEET BAKERY,Bakery Products/Desserts,Richmond Hill,Queens,QN0902,40.6995239862,-73.83247025884
restaurant,TASTE OF THE TOWN,American,Richmond Hill,Queens,QN0902,40.7002773594,-73.82963005798
restaurant,TAUROS,Latin American,Richmond Hill,Queens,QN0902,40.69561156656,-73.83936441511
restaurant,THE CLASSIC DINER,American,Richmond Hill,Queens,QN0902,40.69999186133,-73.83145926831
restaurant,THE LATIN CORNER,Spanish,Richmond Hill,Queens,QN0902,40.69920375844,-73.8330949777
restaurant,THIRFT N SIP,Coffee/Tea,Richmond Hill,Queens,QN0902,40.70077246889,-73.82666784482
restaurant,TLAXCALITA LA BELLA,Mexican,Richmond Hill,Queens,QN0902,40.69518254818,-73.84272282808
restaurant,TOMS PIZZA,Pizza,Richmond Hill,Queens,QN0902,40.69517746392,-73.84301854876
restaurant,TONY'S PIZZA,Pizza,Richmond Hill,Queens,QN0902,40.69600282701,-73.83847993801
restaurant,TROPICAL REVIVAL,Caribbean,Richmond Hill,Queens,QN0902,40.70235186695,-73.81854167245
restaurant,VANESSA BAR & LOUNGE,American,Richmond Hill,Queens,QN0902,40.69646015419,-73.83773593357
restaurant,VINCENT & ANDREA'S PIZZERIA,Pizza,Richmond Hill,Queens,QN0902,40.69794454378,-73.83543505956
restaurant,WING YUM,Chinese,Richmond Hill,Queens,QN0902,40.69651224352,-73.837692531
restaurant,WINGSTOP,Chicken,Richmond Hill,Queens,QN0902,40.68993427351,-73.84253332383
restaurant,YOSMIRA BAR,Latin American,Richmond Hill,Queens,QN0902,40.70206453463,-73.82083984826
restaurant,4 CAMINOS,Mexican,Ridgewood,Queens,QN0502,40.70524825953,-73.89633493933
restaurant,ABRACADABRA MAGIC DINER,Mediterranean,Ridgewood,Queens,QN0502,40.70562212387,-73.91001842795
restaurant,ACE PIZZA,Pizza,Ridgewood,Queens,QN0502,40.70082707469,-73.89403728301
restaurant,AFTERMATH NYC,American,Ridgewood,Queens,QN0502,40.70029280766,-73.9078617626
restaurant,AMBATO RESTAURANT,Latin American,Ridgewood,Queens,QN0502,40.7034143175,-73.90874106002
restaurant,ANGELINANA SUSHI,Japanese,Ridgewood,Queens,QN0502,40.70055032331,-73.89757569268
restaurant,ANTICA TRATTORIA,Italian,Ridgewood,Queens,QN0502,40.70486382221,-73.89614798973
restaurant,ARRIGO'S OF FRESH POND RD,New American,Ridgewood,Queens,QN0502,40.70165952324,-73.89488710098
restaurant,ASK ALITA,Mediterranean,Ridgewood,Queens,QN0502,40.70223040191,-73.90424888555
restaurant,ATOMIC WINGS,Chicken,Ridgewood,Queens,QN0502,40.70063715826,-73.89646475796
restaurant,AUNT GINNY'S,American,Ridgewood,Queens,QN0502,40.70564440927,-73.90698871304
restaurant,AUTHENTIC ECUADORIAN CUISINE,Latin American,Ridgewood,Queens,QN0502,40.69694030128,-73.9064563523
restaurant,BABA,American,Ridgewood,Queens,QN0502,40.70230442409,-73.90091629301
restaurant,BAKERI,Bakery Products/Desserts,Ridgewood,Queens,QN0502,40.70334929517,-73.90308953984
restaurant,BAKERS DOZEN BAGELS,Bagels/Pretzels,Ridgewood,Queens,QN0502,40.70875506659,-73.89826999676
restaurant,BAMBINO EXPRESS,Pizza,Ridgewood,Queens,QN0502,40.70218023495,-73.90665454641
restaurant,BAMBOO TROPICAL,"Juice, Smoothies, Fruit Salads",Ridgewood,Queens,QN0502,40.70063421244,-73.8993211073
restaurant,BAR FREDA,American,Ridgewood,Queens,QN0502,40.70142709477,-73.90534643151
restaurant,BARCELO RESTAURANT,Latin American,Ridgewood,Queens,QN0502,40.69997412686,-73.90750516523
restaurant,BEIJING,Chinese,Ridgewood,Queens,QN0502,40.70696916283,-73.90920145693
restaurant,BENNY'S CUBAN CAFE,Spanish,Ridgewood,Queens,QN0502,40.70150302178,-73.89483325054
restaurant,BEST BUDS BURGERS,Hamburgers,Ridgewood,Queens,QN0502,40.70065063037,-73.89926337846
restaurant,BHOJAN,Indian,Ridgewood,Queens,QN0502,40.70318809495,-73.90730593052
restaurant,BILL'S RESTAURANT,American,Ridgewood,Queens,QN0502,40.6961541437,-73.90505462745
restaurant,BLEECKER STREET CAFE,Coffee/Tea,Ridgewood,Queens,QN0502,40.71171001207,-73.90325769225
restaurant,BONUS ROOM,American,Ridgewood,Queens,QN0502,40.6960469422,-73.90486725588
restaurant,BOSNA EXPRESS,Eastern European,Ridgewood,Queens,QN0502,40.70473490518,-73.90249962267
restaurant,BRUNCH SPOT NYC,"Juice, Smoothies, Fruit Salads",Ridgewood,Queens,QN0502,40.70053674433,-73.8977380057
restaurant,BUREK PIZZA,Eastern European,Ridgewood,Queens,QN0502,40.70226598174,-73.90089831745
restaurant,BURGER CITY,Hamburgers,Ridgewood,Queens,QN0502,40.71285417441,-73.90606960948
restaurant,BUTTAH,Bakery Products/Desserts,Ridgewood,Queens,QN0502,40.70800765239,-73.91401524274
restaurant,C&B LUNCHEONETTE,American,Ridgewood,Queens,QN0502,40.69618438395,-73.90511228428
restaurant,C.LO CAFE,Sandwiches/Salads/Mixed Buffet,Ridgewood,Queens,QN0502,40.70660677439,-73.90570333721
restaurant,CABANA JORGE,Latin American,Ridgewood,Queens,QN0502,40.70300204307,-73.90804194151
restaurant,CACHAPAS Y MAS,Latin American,Ridgewood,Queens,QN0502,40.70314221697,-73.9082797851
restaurant,CAFE KATAN,Coffee/Tea,Ridgewood,Queens,QN0502,40.70990789294,-73.90804680576
restaurant,CAFE ON SENECA,Asian/Asian Fusion,Ridgewood,Queens,QN0502,40.7001655117,-73.9032709028
restaurant,CALIBELLA,Latin American,Ridgewood,Queens,QN0502,40.70218023495,-73.90665454641
restaurant,CALIBELLA BAKERY & PIQUETEADERO,Bakery Products/Desserts,Ridgewood,Queens,QN0502,40.70297455776,-73.90799509348
restaurant,CANTINA 33,Latin American,Ridgewood,Queens,QN0502,40.69997412686,-73.90750516523
restaurant,CARLOS PIZZERIA,Pizza,Ridgewood,Queens,QN0502,40.70449717209,-73.91053571109
restaurant,CARRIE'S CORNER CAFE,Coffee/Tea,Ridgewood,Queens,QN0502,40.7025046394,-73.90073927102
restaurant,CARVEL,Frozen Desserts,Ridgewood,Queens,QN0502,40.71292612407,-73.90678733316
restaurant,CARVEL / CINNABON,Frozen Desserts,Ridgewood,Queens,QN0502,40.70047921465,-73.90099114593
restaurant,CASSETTE,American,Ridgewood,Queens,QN0502,40.70269709113,-73.90110685736
restaurant,CATALPA HOUSE COFFEE SHOP,Coffee/Tea,Ridgewood,Queens,QN0502,40.70381484896,-73.89563026987
restaurant,CHACHAWAN,Thai,Ridgewood,Queens,QN0502,40.70255763198,-73.90171658046
restaurant,CHOLITA,Coffee/Tea,Ridgewood,Queens,QN0502,40.70176590695,-73.9034993914
restaurant,COCINA MAMA ROSA,Latin American,Ridgewood,Queens,QN0502,40.70300201703,-73.90800948193
restaurant,COCO LIN VEGETARIAN HOUSE,Vegan,Ridgewood,Queens,QN0502,40.71013927043,-73.89922012729
restaurant,CORATO 1,Pizza,Ridgewood,Queens,QN0502,40.70588258433,-73.89664773904
restaurant,CORATO II PIZZERIA,Pizza,Ridgewood,Queens,QN0502,40.70075936774,-73.89502917932
restaurant,COYOTE BOHEMIO,Mexican,Ridgewood,Queens,QN0502,40.6999305154,-73.90788390398
restaurant,COZY CORNER,American,Ridgewood,Queens,QN0502,40.70161892992,-73.89857666529
restaurant,CRAZY CHEF PIZZA,Pizza,Ridgewood,Queens,QN0502,40.7038467814,-73.90390031462
restaurant,CUTE CAFE,American,Ridgewood,Queens,QN0502,40.70679148874,-73.89707553724
restaurant,CYPRESS CAFE & BAR,Coffee/Tea,Ridgewood,Queens,QN0502,40.70580182181,-73.91531293144
restaurant,DADA,Tapas,Ridgewood,Queens,QN0502,40.70062903787,-73.89659099797
restaurant,DECADES PIZZA,Pizza,Ridgewood,Queens,QN0502,40.70501223553,-73.90591479197
restaurant,DELICIAS SECUENAS,Latin American,Ridgewood,Queens,QN0502,40.70442849093,-73.91045645618
restaurant,DELIGHT DONUT,Greek,Ridgewood,Queens,QN0502,40.7062038457,-73.89678429738
restaurant,DISTRICT 385,Latin American,Ridgewood,Queens,QN0502,40.70047209107,-73.90228588535
restaurant,DOMINO'S,Pizza,Ridgewood,Queens,QN0502,40.70224414383,-73.90427050523
restaurant,DON POLLOS,Peruvian,Ridgewood,Queens,QN0502,40.71014203739,-73.89924537218
restaurant,DUNKIN,American,Ridgewood,Queens,QN0502,40.71292612994,-73.90679454748
restaurant,DUNKIN DONUTS,American,Ridgewood,Queens,QN0502,40.70785146008,-73.89762214126
restaurant,DUNKIN' / BASKIN ROBBINS,Donuts,Ridgewood,Queens,QN0502,40.70016763743,-73.90582428063
restaurant,DUNKIN' DONUTS,Donuts,Ridgewood,Queens,QN0502,40.70061256925,-73.89659102361
restaurant,E-CHIBAN SUSHI JAPANESE RESTAURANT,Asian/Asian Fusion,Ridgewood,Queens,QN0502,40.70749995569,-73.89742791228
restaurant,EAGLES BAR & GRILL,Mexican,Ridgewood,Queens,QN0502,40.70333979688,-73.89540379798
restaurant,EARTHLY DELIGHTS,American,Ridgewood,Queens,QN0502,40.70047206955,-73.90226063997
restaurant,EL DORADO,Latin American,Ridgewood,Queens,QN0502,40.69976700478,-73.90935916814
restaurant,EL ENCEBOLLADO DE VICTOR CORP,Latin American,Ridgewood,Queens,QN0502,40.70294707243,-73.90794824549
restaurant,EL FOGON COSTENO,Latin American,Ridgewood,Queens,QN0502,40.70180312627,-73.90872884785
restaurant,EL MANABA,Latin American,Ridgewood,Queens,QN0502,40.70053864919,-73.9098197457
restaurant,EL MARIACHI,Mexican,Ridgewood,Queens,QN0502,40.70403272114,-73.90978975406
restaurant,EL MONTANERO,Latin American,Ridgewood,Queens,QN0502,40.69993870624,-73.90782979576
restaurant,EL PARCE,Latin American,Ridgewood,Queens,QN0502,40.70414366861,-73.90444088792
restaurant,EL SABORITO,Mexican,Ridgewood,Queens,QN0502,40.69679541496,-73.9006287963
restaurant,ENCEBOLLADO MACHALENO,Latin American,Ridgewood,Queens,QN0502,40.70307079307,-73.89538618853
restaurant,ENERGY FUEL,"Juice, Smoothies, Fruit Salads",Ridgewood,Queens,QN0502,40.70955703664,-73.89883145707
restaurant,ESTRELLA DEL MAR,Spanish,Ridgewood,Queens,QN0502,40.70492319979,-73.91129255006
restaurant,EUROPEAN BAR,Coffee/Tea,Ridgewood,Queens,QN0502,40.70879074858,-73.89826994209
restaurant,FAJITAS SUNRISE,Mexican,Ridgewood,Queens,QN0502,40.70049927107,-73.89881279699
restaurant,FALAFEL BITES,Egyptian,Ridgewood,Queens,QN0502,40.7004916837,-73.89954853212
restaurant,FLAMIN' CHICKEN & GYRO,American,Ridgewood,Queens,QN0502,40.70274365484,-73.9075698334
restaurant,FONTANA PIZZERIA,Pizza,Ridgewood,Queens,QN0502,40.71246878682,-73.89527038181
restaurant,FRESH TACO,Tex-Mex,Ridgewood,Queens,QN0502,40.70053320849,-73.90645489798
restaurant,FRESH TACO,Tex-Mex,Ridgewood,Queens,QN0502,40.70053320849,-73.90645489798
restaurant,FRUITTI YUMMI,Frozen Desserts,Ridgewood,Queens,QN0502,40.70049081741,-73.9017160327
restaurant,GARLIC TO THE CHICKEN,Korean,Ridgewood,Queens,QN0502,40.70525339926,-73.90218507444
restaurant,GOOD DAYS,American,Ridgewood,Queens,QN0502,40.7052180312,-73.89629531233
restaurant,GORY'S PLACE,American,Ridgewood,Queens,QN0502,40.69979685144,-73.90892274696
restaurant,GOTTSCHEER HALL,German,Ridgewood,Queens,QN0502,40.70664797261,-73.90573574011
restaurant,GRACE CHINESE CUISINE,Chinese,Ridgewood,Queens,QN0502,40.69992910779,-73.90285289807
restaurant,GREEN SPOT CAFE,Coffee/Tea,Ridgewood,Queens,QN0502,40.7071673989,-73.89693789426
restaurant,GUAC TIME,Mexican,Ridgewood,Queens,QN0502,40.69994959829,-73.90772158689
restaurant,GUNTHER'S,Soups/Salads/Sandwiches,Ridgewood,Queens,QN0502,40.70565698153,-73.91249983715
restaurant,GYRO WORLD,Greek,Ridgewood,Queens,QN0502,40.70724182802,-73.89729485737
restaurant,H0L0,American,Ridgewood,Queens,QN0502,40.69387103185,-73.90242902361
restaurant,HAAGEN-DAZS #1424,Frozen Desserts,Ridgewood,Queens,QN0502,40.706843662,-73.8971007042
restaurant,HALAL MUNCHIES,Mediterranean,Ridgewood,Queens,QN0502,40.70814534971,-73.89784531619
restaurant,HALALIFY,American,Ridgewood,Queens,QN0502,40.70309273806,-73.89537172744
restaurant,HELLBENDER,Mexican,Ridgewood,Queens,QN0502,40.70296068847,-73.90122187672
restaurant,HINODE SUSHI,Japanese,Ridgewood,Queens,QN0502,40.70269709113,-73.90110685736
restaurant,HONEY MOON COFFEE SHOP,Coffee/Tea,Ridgewood,Queens,QN0502,40.70617727125,-73.91091937479
restaurant,HONG KONG,Chinese,Ridgewood,Queens,QN0502,40.71095405602,-73.90517414044
restaurant,HONG KONG EXPRESS,Chinese,Ridgewood,Queens,QN0502,40.69606893327,-73.90490689311
restaurant,HUITLACOCHE TAQUERIA,Mexican,Ridgewood,Queens,QN0502,40.7018256707,-73.90605635579
restaurant,HUNGRY BURRITO TACOS,Tex-Mex,Ridgewood,Queens,QN0502,40.70136387868,-73.90524193209
restaurant,I.O. CAFE,Eastern European,Ridgewood,Queens,QN0502,40.70470466671,-73.90244556631
restaurant,ICE CREAM WINDOW,American,Ridgewood,Queens,QN0502,40.70512218298,-73.90610579338
restaurant,IL GIGANTE,Italian,Ridgewood,Queens,QN0502,40.7025439205,-73.90173102715
restaurant,IN BETWEEN DOS CAFE,Mexican,Ridgewood,Queens,QN0502,40.7118817027,-73.91941727786
restaurant,INTERNATIONAL COFFEE SHOP,Latin American,Ridgewood,Queens,QN0502,40.70050157233,-73.89831149156
restaurant,IVA'S SWEET PARLOUR,Bakery Products/Desserts,Ridgewood,Queens,QN0502,40.69733336633,-73.90714821139
restaurant,JIN NOODLE & SUSHI,Japanese,Ridgewood,Queens,QN0502,40.70765647521,-73.89750341493
restaurant,JOE & JOHN'S PIZZERIA,Pizza,Ridgewood,Queens,QN0502,40.70049427351,-73.89937181028
restaurant,JOE'S,Italian,Ridgewood,Queens,QN0502,40.70743378816,-73.90341180363
restaurant,JOE'S PIZZA,Pizza,Ridgewood,Queens,QN0502,40.70607717377,-73.90258782165
restaurant,JOEL'S BAKERY,Bakery Products/Desserts,Ridgewood,Queens,QN0502,40.69991075187,-73.91065729612
restaurant,JONES BAR,American,Ridgewood,Queens,QN0502,40.70576516366,-73.89429991148
restaurant,JUANITO'S PIZZA,Pizza,Ridgewood,Queens,QN0502,40.69876896052,-73.90391126865
restaurant,JULIA'S,New American,Ridgewood,Queens,QN0502,40.70334929517,-73.90308953984
restaurant,JULIE'S,Pizza,Ridgewood,Queens,QN0502,40.70408844633,-73.90738762748
restaurant,KAFE,American,Ridgewood,Queens,QN0502,40.69655908293,-73.9003045852
restaurant,KID'S FUN HOUSE,American,Ridgewood,Queens,QN0502,40.71239653123,-73.90043230563
restaurant,KIJITORA,Coffee/Tea,Ridgewood,Queens,QN0502,40.70198704286,-73.91226663906
restaurant,KING WAH CHINESE RESTAURANT,Chinese,Ridgewood,Queens,QN0502,40.71015025585,-73.89922732464
restaurant,KING'S JUICE BAR,"Juice, Smoothies, Fruit Salads",Ridgewood,Queens,QN0502,40.69994007464,-73.90283845619
restaurant,L'AROMA DELI CAFE,Coffee/Tea,Ridgewood,Queens,QN0502,40.7120496526,-73.90569921467
restaurant,LA CANOA,Latin American,Ridgewood,Queens,QN0502,40.70452545944,-73.9081263929
restaurant,LA CASITA MEXICANA,Mexican,Ridgewood,Queens,QN0502,40.71246976205,-73.9058934035
restaurant,LA ESQUINITA,Latin American,Ridgewood,Queens,QN0502,40.70082164845,-73.89410581529
restaurant,LA PARRILLADA COLOMBIANA,Latin American,Ridgewood,Queens,QN0502,40.71339564578,-73.9140263013
restaurant,LA PARRILLADA COLOMBIANA 2,Spanish,Ridgewood,Queens,QN0502,40.69766870579,-73.9077391814
restaurant,LA RUTA DEL TACO CANTINA,Mexican,Ridgewood,Queens,QN0502,40.69503814059,-73.90311248548
restaurant,LAS CHILANGAS,Mexican,Ridgewood,Queens,QN0502,40.7020950325,-73.90651400975
restaurant,LAS MARGARITAS,Mexican,Ridgewood,Queens,QN0502,40.70547342833,-73.89644279059
restaurant,LIN'S GARDEN,Chinese,Ridgewood,Queens,QN0502,40.70360945688,-73.90906899764
restaurant,LOW CINEMA,Other,Ridgewood,Queens,QN0502,40.70138579662,-73.89877177432
restaurant,LTAUHA,American,Ridgewood,Queens,QN0502,40.70003670174,-73.90681985011
restaurant,LUCY'S VIETNAMESE,Southeast Asian,Ridgewood,Queens,QN0502,40.70580077121,-73.91032115505
restaurant,LUGO,Latin American,Ridgewood,Queens,QN0502,40.69642716758,-73.90011365105
restaurant,MAMA YOSHI MINI MART,Japanese,Ridgewood,Queens,QN0502,40.70319940644,-73.91119386692
restaurant,MANO'S PIZZERIA,Pizza,Ridgewood,Queens,QN0502,40.71091014271,-73.9051778102
restaurant,MARY'S NUTRITION,"Juice, Smoothies, Fruit Salads",Ridgewood,Queens,QN0502,40.70521467043,-73.90183167053
restaurant,MATTARELLO PIZZERIA,Pizza,Ridgewood,Queens,QN0502,40.70062612055,-73.89639985825
restaurant,MCDONALD'S,Hamburgers,Ridgewood,Queens,QN0502,40.69958966713,-73.91072625041
restaurant,MILK & PULL,Coffee/Tea,Ridgewood,Queens,QN0502,40.7018256707,-73.90605635579
restaurant,MILO'S YARD,American,Ridgewood,Queens,QN0502,40.70475554808,-73.91100784321
restaurant,MINITALIA PIZZERIA,Pizza,Ridgewood,Queens,QN0502,40.70820300269,-73.89785965513
restaurant,MIYAMA SUSHI & STEAKHOUSE,Japanese,Ridgewood,Queens,QN0502,40.70033526622,-73.90947740636
restaurant,MON CHERI,Italian,Ridgewood,Queens,QN0502,40.71015027803,-73.8992525737
restaurant,MR. CHEN,Chinese,Ridgewood,Queens,QN0502,40.70050309773,-73.90004621029
restaurant,MR. NANCY'S,American,Ridgewood,Queens,QN0502,40.7027189461,-73.90756265457
restaurant,MR. SUSHI,Japanese,Ridgewood,Queens,QN0502,40.70047930181,-73.90109212744
restaurant,MR. SUSHI,Japanese,Ridgewood,Queens,QN0502,40.70047930181,-73.90109212744
restaurant,MR. WISH,Coffee/Tea,Ridgewood,Queens,QN0502,40.70815356795,-73.89782726903
restaurant,MY JARABACOA,Latin American,Ridgewood,Queens,QN0502,40.709526806,-73.89878821938
restaurant,MYRTLE PUB,American,Ridgewood,Queens,QN0502,40.70032293442,-73.90442835317
restaurant,NATURAL JUICE BAR CAFE,"Juice, Smoothies, Fruit Salads",Ridgewood,Queens,QN0502,40.70269417918,-73.90748334369
restaurant,NENA SWEETS CAKES,Coffee/Tea,Ridgewood,Queens,QN0502,40.70822577742,-73.90520328485
restaurant,NEW TEXAS CHICKEN & GRILL,Chicken,Ridgewood,Queens,QN0502,40.7002971877,-73.9064912952
restaurant,NHA MINH,Asian/Asian Fusion,Ridgewood,Queens,QN0502,40.6969320552,-73.90644193873
restaurant,NOIR,American,Ridgewood,Queens,QN0502,40.70689007448,-73.90311683398
restaurant,NOMAD CAFE & EATERY,Coffee/Tea,Ridgewood,Queens,QN0502,40.70411940875,-73.90171787571
restaurant,NOVA SOCCER CLUB,Coffee/Tea,Ridgewood,Queens,QN0502,40.7038467814,-73.90390031462
restaurant,NOWADAYS,American,Ridgewood,Queens,QN0502,40.69296478031,-73.90187141264
restaurant,ONDERDONK CAFE,Coffee/Tea,Ridgewood,Queens,QN0502,40.70844187523,-73.91475049198
restaurant,OTRA CASITA MEXICANA,Mexican,Ridgewood,Queens,QN0502,40.70830187537,-73.89792803438
restaurant,PAN,Pizza,Ridgewood,Queens,QN0502,40.69387103185,-73.90242902361
restaurant,PAPA JOHN'S PIZZA,Pizza,Ridgewood,Queens,QN0502,40.71298178371,-73.90773233255
restaurant,PATTANIAN THAI,Thai,Ridgewood,Queens,QN0502,40.71020520824,-73.89929216753
restaurant,PEG'S CAVALIER,American,Ridgewood,Queens,QN0502,40.69981291936,-73.89863352018
restaurant,PIZZERIA PANINA,Italian,Ridgewood,Queens,QN0502,40.70269709113,-73.90110685736
restaurant,POPEYES LOUISIANA KITCHEN,American,Ridgewood,Queens,QN0502,40.71252284689,-73.90049704476
restaurant,PUPUSERIA RIDGEWOOD,Latin American,Ridgewood,Queens,QN0502,40.70156617132,-73.89485478981
restaurant,RANDY'S,Chinese,Ridgewood,Queens,QN0502,40.70019863437,-73.90680880349
restaurant,RELAX LOUNGE,Eastern European,Ridgewood,Queens,QN0502,40.70313640029,-73.90127571484
restaurant,RICO POLLO #1,Latin American,Ridgewood,Queens,QN0502,40.69998776338,-73.90739695243
restaurant,RIDGEWOOD LABELLA,Pizza,Ridgewood,Queens,QN0502,40.6995195175,-73.90212499731
restaurant,RIDGEWOOD TACO FACTORY,Mexican,Ridgewood,Queens,QN0502,40.70494584349,-73.90201961789
restaurant,ROGNER CAFE & LOUNGE,American,Ridgewood,Queens,QN0502,40.70958115134,-73.90454848624
restaurant,ROLO'S,Italian,Ridgewood,Queens,QN0502,40.70186208005,-73.90362548133
restaurant,ROSA'S PIZZA & PASTA,Pizza,Ridgewood,Queens,QN0502,40.71244870373,-73.90045747736
restaurant,ROSAS BAKERY & RESTAURANT,Latin American,Ridgewood,Queens,QN0502,40.70013252272,-73.90320964088
restaurant,ROYAL PIZZERIA,Pizza,Ridgewood,Queens,QN0502,40.69990588487,-73.90797409954
restaurant,RUDY'S BAKERY,Bakery Products/Desserts,Ridgewood,Queens,QN0502,40.70064649193,-73.90403838595
restaurant,RUMBA Y SAZON,Latin American,Ridgewood,Queens,QN0502,40.70153596894,-73.894844018
restaurant,RUSTICO,Italian,Ridgewood,Queens,QN0502,40.70951032465,-73.89877381659
restaurant,SAFFRON INDIAN CUISINE,Indian,Ridgewood,Queens,QN0502,40.70318809495,-73.90730593052
restaurant,SALTY LUNCH LADY'S LITTLE LUNCHEONETTE,Sandwiches,Ridgewood,Queens,QN0502,40.70677402388,-73.90887350233
restaurant,SALVO'S,Italian,Ridgewood,Queens,QN0502,40.70773585232,-73.9035772808
restaurant,SAN REMO PIZZERIA,Pizza,Ridgewood,Queens,QN0502,40.70013494271,-73.9061200574
restaurant,SATYR GRILL,American,Ridgewood,Queens,QN0502,40.69603700076,-73.89964542584
restaurant,SENA CAFE & CO.,Coffee/Tea,Ridgewood,Queens,QN0502,40.70131717883,-73.9051951138
restaurant,SENECA BAR,Other,Ridgewood,Queens,QN0502,40.70310645703,-73.90818245548
restaurant,SENECA COFFEE & RESTAURANT,Mexican,Ridgewood,Queens,QN0502,40.70709982259,-73.91493977091
restaurant,SENECA FIESTA,Latin American,Ridgewood,Queens,QN0502,40.70404643363,-73.90977530871
restaurant,SETH THAI,Thai,Ridgewood,Queens,QN0502,40.7024694943,-73.8951743466
restaurant,SIEVE CAFE,Coffee/Tea,Ridgewood,Queens,QN0502,40.70222143585,-73.90669055431
restaurant,SIMON'S KITCHEN,Indian,Ridgewood,Queens,QN0502,40.7006245066,-73.90400595926
restaurant,SIMPLE PERUVIAN,Peruvian,Ridgewood,Queens,QN0502,40.7004793298,-73.90112458579
restaurant,SKY COFFEE SHOP,Coffee/Tea,Ridgewood,Queens,QN0502,40.70809879687,-73.9111584594
restaurant,SON DE CALI BAKERY,Latin American,Ridgewood,Queens,QN0502,40.6973636026,-73.90720226388
restaurant,STARBUCKS,Coffee/Tea,Ridgewood,Queens,QN0502,40.69975490156,-73.91143289201
restaurant,STARBUCKS COFFEE,Coffee/Tea,Ridgewood,Queens,QN0502,40.70641803498,-73.89689216876
restaurant,SUPER POLLO,Latin American,Ridgewood,Queens,QN0502,40.70284075031,-73.9021922347
restaurant,SUPER SMOOTHIES NUTRITION,Other,Ridgewood,Queens,QN0502,40.70150656758,-73.90857417409
restaurant,SUSANO'S PIZZERIA,Pizza,Ridgewood,Queens,QN0502,40.7031311946,-73.90822570085
restaurant,SUSHI YOSHI / TSAOCAA,Japanese,Ridgewood,Queens,QN0502,40.70955426959,-73.89880621243
restaurant,SZE'S GARDEN,Chinese,Ridgewood,Queens,QN0502,40.70822325743,-73.91989422234
restaurant,TACO BELL,American,Ridgewood,Queens,QN0502,40.70045078501,-73.90305409815
restaurant,TAQUERIA AL PASTOR,Mexican,Ridgewood,Queens,QN0502,40.69996311868,-73.90746911598
restaurant,TAQUERIA EL MOLCAJETE,Mexican,Ridgewood,Queens,QN0502,40.70472806398,-73.91096099271
restaurant,TAQUERIA KERMES,Spanish,Ridgewood,Queens,QN0502,40.70794485945,-73.89770856269
restaurant,TASTY THAI,Thai,Ridgewood,Queens,QN0502,40.69999199015,-73.89938339073
restaurant,TASTY'S,American,Ridgewood,Queens,QN0502,40.70047677143,-73.90134097883
restaurant,TENDO SUSHI,Japanese,Ridgewood,Queens,QN0502,40.70819478445,-73.8978777023
restaurant,THAYA,Frozen Desserts,Ridgewood,Queens,QN0502,40.70050157233,-73.89831149156
restaurant,THE BAD OLD DAYS,American,Ridgewood,Queens,QN0502,40.7008422671,-73.90849213896
restaurant,THE DEEP END,American,Ridgewood,Queens,QN0502,40.69461760035,-73.90241710834
restaurant,THE FLYING FOX TAVERN,American,Ridgewood,Queens,QN0502,40.70517989988,-73.90619948707
restaurant,THE KEEP,American,Ridgewood,Queens,QN0502,40.70817379613,-73.91981493011
restaurant,THE NEST FINE DESSERT,Bakery Products/Desserts,Ridgewood,Queens,QN0502,40.70669814395,-73.89705043414
restaurant,THE ORIGINAL SAL'S PIZZERIA,Pizza,Ridgewood,Queens,QN0502,40.70062612055,-73.89639985825
restaurant,THE SENECA,American,Ridgewood,Queens,QN0502,40.70440100661,-73.91040960615
restaurant,THE WINDJAMMER,American,Ridgewood,Queens,QN0502,40.70922625908,-73.90689352181
restaurant,TIME TEQUILA BAR CAFE,Mexican,Ridgewood,Queens,QN0502,40.70342203038,-73.90808824635
restaurant,TOPOS BOOKSTORE CAFE,Coffee/Tea,Ridgewood,Queens,QN0502,40.70372861715,-73.90373457909
restaurant,TOPOS TOO,Coffee/Tea,Ridgewood,Queens,QN0502,40.70049931244,-73.89885968128
restaurant,TORNADO CREPES,Pancakes/Waffles,Ridgewood,Queens,QN0502,40.70023366104,-73.90271540656
restaurant,TRANS-PECOS,American,Ridgewood,Queens,QN0502,40.6969320552,-73.90644193873
restaurant,TV EYE,Mexican,Ridgewood,Queens,QN0502,40.69775716732,-73.90514610058
restaurant,TWIST IT TOP IT,Frozen Desserts,Ridgewood,Queens,QN0502,40.70888689862,-73.89836357534
restaurant,UCREW,Coffee/Tea,Ridgewood,Queens,QN0502,40.7002030494,-73.90549604145
restaurant,UN NUEVO PRICIPIO,"Juice, Smoothies, Fruit Salads",Ridgewood,Queens,QN0502,40.70311198699,-73.90823294066
restaurant,VARIETY COFFEE ROASTERS,Coffee/Tea,Ridgewood,Queens,QN0502,40.70740388382,-73.90375449914
restaurant,VELMA,Italian,Ridgewood,Queens,QN0502,40.70437352227,-73.91036275615
restaurant,WALSH'S PUB,Irish,Ridgewood,Queens,QN0502,40.70335078912,-73.89541820724
restaurant,WAN'S GARDEN,Chinese,Ridgewood,Queens,QN0502,40.70289478915,-73.9011931218
restaurant,WENDY'S,Hamburgers,Ridgewood,Queens,QN0502,40.70043701235,-73.9029964145
restaurant,WHILE IN KATHMANDU,Asian/Asian Fusion,Ridgewood,Queens,QN0502,40.70220772374,-73.9067049999
restaurant,WILLOWS TAVERN,American,Ridgewood,Queens,QN0502,40.71013379992,-73.89924177767
restaurant,WINGS & SEAFOOD,Seafood,Ridgewood,Queens,QN0502,40.70482561433,-73.90265457859
restaurant,WOW BAGEL,Bagels/Pretzels,Ridgewood,Queens,QN0502,40.70347989847,-73.89553341673
restaurant,XOXO KITCHEN & BAKERY,American,Ridgewood,Queens,QN0502,40.69936542047,-73.90492381155
restaurant,YE GARDEN,Chinese,Ridgewood,Queens,QN0502,40.70170619754,-73.89490145332
restaurant,YOFRESH YOGURT CAFE,Frozen Desserts,Ridgewood,Queens,QN0502,40.69979414104,-73.90896602808
restaurant,YOYO CHICKEN,Chicken,Ridgewood,Queens,QN0502,40.70055032331,-73.89757569268
restaurant,YSO SUSHI,Japanese,Ridgewood,Queens,QN0502,40.7043193499,-73.90781289554
restaurant,YUMMY CHINESE,Chinese,Ridgewood,Queens,QN0502,40.70035945371,-73.9054381152
restaurant,301,Chinese,Rockaway Beach-Arverne-Edgemere,Queens,QN1402,40.58753139764,-73.81140210306
restaurant,BATESY'S,American,Rockaway Beach-Arverne-Edgemere,Queens,QN1402,40.59038365605,-73.79719714567
restaurant,BEACH DUNES EATERY AND ARTS,Caribbean,Rockaway Beach-Arverne-Edgemere,Queens,QN1402,40.59358681375,-73.77654816589
restaurant,BEST CARIBBEAN RESTAURANT & GRILL,Caribbean,Rockaway Beach-Arverne-Edgemere,Queens,QN1402,40.58672719586,-73.81477788889
restaurant,BOARDWALK PIZZERIA RESTAURANT,Pizza,Rockaway Beach-Arverne-Edgemere,Queens,QN1402,40.59038365605,-73.79719714567
restaurant,BRISAS DEL MAR RESTAURANT,Latin American,Rockaway Beach-Arverne-Edgemere,Queens,QN1402,40.58416165387,-73.82047332757
restaurant,BUNGALOW BAR & RESTAURANT,American,Rockaway Beach-Arverne-Edgemere,Queens,QN1402,40.58875663685,-73.8171305239
restaurant,CAFE ROCKAWAY,American,Rockaway Beach-Arverne-Edgemere,Queens,QN1402,40.59300921746,-73.79345164732
restaurant,CHINA KINGS 70TH STREET,Chinese,Rockaway Beach-Arverne-Edgemere,Queens,QN1402,40.59265699241,-73.79912016253
restaurant,DOMINO'S,Pizza,Rockaway Beach-Arverne-Edgemere,Queens,QN1402,40.58752054307,-73.8114777416
restaurant,DRAGON GARDEN,Chinese,Rockaway Beach-Arverne-Edgemere,Queens,QN1402,40.58753156963,-73.81150651331
restaurant,DUNKIN,Donuts,Rockaway Beach-Arverne-Edgemere,Queens,QN1402,40.58740665855,-73.81232775009
restaurant,DUNKIN,Donuts,Rockaway Beach-Arverne-Edgemere,Queens,QN1402,40.59038365605,-73.79719714567
restaurant,DUNKIN,Donuts,Rockaway Beach-Arverne-Edgemere,Queens,QN1402,40.59394606734,-73.78941233198
restaurant,ELEGANTE RESTAURANT & PIZZERIA,Pizza,Rockaway Beach-Arverne-Edgemere,Queens,QN1402,40.5863744502,-73.81560334137
restaurant,GOODY'S BBQ,Caribbean,Rockaway Beach-Arverne-Edgemere,Queens,QN1402,40.59263071162,-73.79978636164
restaurant,H H HEAT WAVE,Sandwiches/Salads/Mixed Buffet,Rockaway Beach-Arverne-Edgemere,Queens,QN1402,40.58718087153,-73.81357050817
restaurant,KIMOS KITCHEN,Mediterranean,Rockaway Beach-Arverne-Edgemere,Queens,QN1402,40.58633624937,-73.81574385915
restaurant,LA BARRACUDA,Latin American,Rockaway Beach-Arverne-Edgemere,Queens,QN1402,40.58464453431,-73.81860351383
restaurant,LA CABANA PERUANA RESTAURANT,Latin American,Rockaway Beach-Arverne-Edgemere,Queens,QN1402,40.58668065107,-73.81485002496
restaurant,LA PLAYA RESTAURANT,Latin American,Rockaway Beach-Arverne-Edgemere,Queens,QN1402,40.58741774982,-73.81239612571
restaurant,LOCALS,Coffee/Tea,Rockaway Beach-Arverne-Edgemere,Queens,QN1402,40.5896161749,-73.79779716584
restaurant,MARA'S ICE CREAM PARLOR,Not Listed/Not Applicable,Rockaway Beach-Arverne-Edgemere,Queens,QN1402,40.58634170995,-73.8157258425
restaurant,MCDONALDS,Hamburgers,Rockaway Beach-Arverne-Edgemere,Queens,QN1402,40.58890653954,-73.81646763011
restaurant,NEW NEW GARDEN RESTAURANT,Chinese,Rockaway Beach-Arverne-Edgemere,Queens,QN1402,40.59570006866,-73.77502512325
restaurant,OASIS RAMEN HOUSE,Japanese,Rockaway Beach-Arverne-Edgemere,Queens,QN1402,40.58636359285,-73.8156789779
restaurant,PAPA JOHN'S,Pizza,Rockaway Beach-Arverne-Edgemere,Queens,QN1402,40.59300921746,-73.79345164732
restaurant,PILOT HOUSE,American,Rockaway Beach-Arverne-Edgemere,Queens,QN1402,40.5896161749,-73.79779716584
restaurant,POPEYES,American,Rockaway Beach-Arverne-Edgemere,Queens,QN1402,40.58758558058,-73.81096990468
restaurant,Phase Surf,Coffee/Tea,Rockaway Beach-Arverne-Edgemere,Queens,QN1402,40.58542819234,-73.81775171669
restaurant,RIPPERS 2,American,Rockaway Beach-Arverne-Edgemere,Queens,QN1402,40.58496414746,-73.81087654676
restaurant,ROCKAWAY BEACH BAZAAR LLC,American,Rockaway Beach-Arverne-Edgemere,Queens,QN1402,40.58316924787,-73.81776510509
restaurant,ROCKAWAY BEACH GOLF,American,Rockaway Beach-Arverne-Edgemere,Queens,QN1402,40.58433333411,-73.82143411669
restaurant,ROCKAWAY BEACH SURF CLUB,American,Rockaway Beach-Arverne-Edgemere,Queens,QN1402,40.58886407859,-73.81228763405
restaurant,ROCKAWAY TIKI BAR,Asian/Asian Fusion,Rockaway Beach-Arverne-Edgemere,Queens,QN1402,40.59066464192,-73.79622414293
restaurant,Rockaway Roasters,Coffee/Tea,Rockaway Beach-Arverne-Edgemere,Queens,QN1402,40.58636905342,-73.81566096124
restaurant,SAL Y LIMA,Tex-Mex,Rockaway Beach-Arverne-Edgemere,Queens,QN1402,40.5871726841,-73.81359933392
restaurant,SAYRAS WINE BAR,American,Rockaway Beach-Arverne-Edgemere,Queens,QN1402,40.58669431673,-73.81481398368
restaurant,STARBUCKS COFFEE COMPANY,American,Rockaway Beach-Arverne-Edgemere,Queens,QN1402,40.59102147231,-73.80090737873
restaurant,SUBWAY,Sandwiches,Rockaway Beach-Arverne-Edgemere,Queens,QN1402,40.59038365605,-73.79719714567
restaurant,SUPER BURRITO,Mexican,Rockaway Beach-Arverne-Edgemere,Queens,QN1402,40.5896161749,-73.79779716584
restaurant,Similan on the bay,Thai,Rockaway Beach-Arverne-Edgemere,Queens,QN1402,40.58874564622,-73.81712335324
restaurant,THE FAT CARDINAL PROVISIONS,American,Rockaway Beach-Arverne-Edgemere,Queens,QN1402,40.58621742866,-73.81525094733
restaurant,THE RESTAURANT,American,Rockaway Beach-Arverne-Edgemere,Queens,QN1402,40.58752867066,-73.8114129119
restaurant,THE ROCK BILLIARD AND BAR,Other,Rockaway Beach-Arverne-Edgemere,Queens,QN1402,40.59206018125,-73.80000771643
restaurant,UMA'S,Russian,Rockaway Beach-Arverne-Edgemere,Queens,QN1402,40.58635531211,-73.81565019839
restaurant,XING XING ROCKAWAY RESTAURANT,Chinese,Rockaway Beach-Arverne-Edgemere,Queens,QN1402,40.5847443717,-73.81925128097
restaurant,12.6 LOUNGE,Spanish,Rosedale,Queens,QN1307,40.63601343488,-73.74027105185
restaurant,BAYHOUSE,American,Rosedale,Queens,QN1307,40.63748504344,-73.7453384428
restaurant,BEST WOK CHINESE FOOD,Chinese,Rosedale,Queens,QN1307,40.667142844,-73.73697723945
restaurant,CHECKERS,Hamburgers,Rosedale,Queens,QN1307,40.66515281034,-73.73457004547
restaurant,CHICK-FIL-A,American,Rosedale,Queens,QN1307,40.63820588981,-73.74120290029
restaurant,CHINA GOURMET,Chinese,Rosedale,Queens,QN1307,40.6647747837,-73.73489596628
restaurant,CJ CAFE,Caribbean,Rosedale,Queens,QN1307,40.66534423906,-73.73073759638
restaurant,COVE RESTAURANT,Caribbean,Rosedale,Queens,QN1307,40.67401402456,-73.73030950676
restaurant,DE ISLANDS,Caribbean,Rosedale,Queens,QN1307,40.66745924438,-73.73730401549
restaurant,DI-JUICE,"Juice, Smoothies, Fruit Salads",Rosedale,Queens,QN1307,40.67403831163,-73.73013275989
restaurant,DOMINO'S,Pizza,Rosedale,Queens,QN1307,40.66534129946,-73.73065470261
restaurant,DUNKIN,Donuts,Rosedale,Queens,QN1307,40.6648325405,-73.73494619978
restaurant,G & M CARIBBEAN RESTAURANT,Caribbean,Rosedale,Queens,QN1307,40.66017949959,-73.73946294341
restaurant,GUAC TIME,Tex-Mex,Rosedale,Queens,QN1307,40.66534129946,-73.73065470261
restaurant,HALAL BROS,Middle Eastern,Rosedale,Queens,QN1307,40.66534420518,-73.73072317814
restaurant,HALAL IN-N-OUT,Chicken,Rosedale,Queens,QN1307,40.66534129946,-73.73065470261
restaurant,HENRICA'S RESTAURANT,Caribbean,Rosedale,Queens,QN1307,40.66676052689,-73.73663270442
restaurant,IHOP,Pancakes/Waffles,Rosedale,Queens,QN1307,40.63559038887,-73.74011777657
restaurant,ISLAND FUSION,Caribbean,Rosedale,Queens,QN1307,40.66509241313,-73.73575258928
restaurant,JAH SON JUICE WURL,Vegetarian,Rosedale,Queens,QN1307,40.66072197088,-73.73902469097
restaurant,KENNEDY CHICKEN,American,Rosedale,Queens,QN1307,40.66022602948,-73.73940509191
restaurant,KERRION K'S JAMAICAN RESTAURANT,Caribbean,Rosedale,Queens,QN1307,40.66018218699,-73.73943770267
restaurant,MCDONALDS,Hamburgers,Rosedale,Queens,QN1307,40.6741461638,-73.72931036519
restaurant,NANA COLOMBIAN RESTAURANT,Spanish,Rosedale,Queens,QN1307,40.66478303467,-73.73490314249
restaurant,NEW WIN CHINESE RESTAURANT,Chinese,Rosedale,Queens,QN1307,40.66020690628,-73.73944481438
restaurant,OPTIMUS FOOD MANAGEMENT LLC/LINQ CAFE,American,Rosedale,Queens,QN1307,40.67438753991,-73.73274863356
restaurant,PA-NASH EUROSOUL RESTAURANT & LOUNGE,Mediterranean,Rosedale,Queens,QN1307,40.66017128168,-73.73947018425
restaurant,PIZZA HUT,American,Rosedale,Queens,QN1307,40.66481609692,-73.73495707907
restaurant,POPEYES,Chicken,Rosedale,Queens,QN1307,40.6648325405,-73.73494619978
restaurant,SECRETS,American,Rosedale,Queens,QN1307,40.66479128564,-73.7349103187
restaurant,SOCIAL CORNER,American,Rosedale,Queens,QN1307,40.67404641008,-73.73007504592
restaurant,TEXAS CHICKEN & BURGERS,Chicken,Rosedale,Queens,QN1307,40.6741793461,-73.72825394309
restaurant,TRUCK STOP KITCHEN,Caribbean,Rosedale,Queens,QN1307,40.6648325405,-73.73494619978
restaurant,WINGSTOP,American,Rosedale,Queens,QN1307,40.63664255883,-73.74052080639
restaurant,3 Pizza King,Pizza,South Jamaica,Queens,QN1202,40.69128126244,-73.77893481784
restaurant,APPLE GARDEN,Chinese,South Jamaica,Queens,QN1202,40.69571405364,-73.79061509059
restaurant,BURGERS TACOS WINGS & SEAFOOD,Tex-Mex,South Jamaica,Queens,QN1202,40.69498419238,-73.78191563713
restaurant,CARIBBEAN CRAVE RESTAURANT,Caribbean,South Jamaica,Queens,QN1202,40.6955670416,-73.78241859541
restaurant,CHEUNG HING KITCHEN,Chinese,South Jamaica,Queens,QN1202,40.69063530999,-73.77845376881
restaurant,CHINA ONE,Chinese,South Jamaica,Queens,QN1202,40.69761805595,-73.79468425179
restaurant,CHINA SING,Chinese,South Jamaica,Queens,QN1202,40.69137936056,-73.79788042327
restaurant,COUNTRY LIFE JERK JAMAICAN & AMERICAN DISHES,Caribbean,South Jamaica,Queens,QN1202,40.69465825808,-73.80195985125
restaurant,CREEMZ,American,South Jamaica,Queens,QN1202,40.69787986723,-73.79222390901
restaurant,DOMINO'S,Pizza,South Jamaica,Queens,QN1202,40.69640035798,-73.78328858387
restaurant,HALAL HEAVEN,Not Listed/Not Applicable,South Jamaica,Queens,QN1202,40.70268514646,-73.78144312706
restaurant,HONG KONG KITCHEN,Other,South Jamaica,Queens,QN1202,40.69689289586,-73.78393611096
restaurant,HUANG LONG CHINESE RESTAURANT,Chinese,South Jamaica,Queens,QN1202,40.69679382603,-73.78379939401
restaurant,INNER CIRCLE BAR & LOUNGE,Caribbean,South Jamaica,Queens,QN1202,40.69897648274,-73.7930247084
restaurant,JAARAE RESTAURANT,African,South Jamaica,Queens,QN1202,40.69366455165,-73.80032202765
restaurant,JAMAO COFFEE SHOP RESTAURANT,Latin American,South Jamaica,Queens,QN1202,40.70545071392,-73.78227079474
restaurant,JAMROCK JERK,Caribbean,South Jamaica,Queens,QN1202,40.68754331131,-73.80650272697
restaurant,JUICI PATTIES JAMAICA QUEENS,Caribbean,South Jamaica,Queens,QN1202,40.68674792484,-73.79423828614
restaurant,KELLY D JAMAICAN AND AMERICAN RESTAURANT,Caribbean,South Jamaica,Queens,QN1202,40.68903735106,-73.79592956054
restaurant,LA CASA DE CHICHARRON,Latin American,South Jamaica,Queens,QN1202,40.69436717586,-73.80188138362
restaurant,NYAMINZ & JAMINZ CARIBBEAN KITCHEN,Caribbean,South Jamaica,Queens,QN1202,40.69620332579,-73.79099941824
restaurant,PAPA JOHN'S PIZZA,Pizza,South Jamaica,Queens,QN1202,40.69674429105,-73.78373103569
restaurant,PORT ROYAL,Caribbean,South Jamaica,Queens,QN1202,40.68679190582,-73.79427420742
restaurant,SOUL CITY RESTAURANT,Soul Food,South Jamaica,Queens,QN1202,40.69058582757,-73.7784142683
restaurant,SWEET BAMBOO 2,Chinese,South Jamaica,Queens,QN1202,40.69327094928,-73.79969214292
restaurant,THE NOURISH SPOT,"Juice, Smoothies, Fruit Salads",South Jamaica,Queens,QN1202,40.69786333328,-73.7921878972
restaurant,THREE BROTHER'S PIZZERIA,Pizza,South Jamaica,Queens,QN1202,40.6947411007,-73.78990413351
restaurant,Zamzam Halal,Other,South Jamaica,Queens,QN1202,40.70268514646,-73.78144312706
restaurant,3M BAR & GRILL,Indian,South Ozone Park,Queens,QN1001,40.68643739178,-73.82365840957
restaurant,ALBAIT AL YEMENI RESTAURANT,Middle Eastern,South Ozone Park,Queens,QN1001,40.67462841553,-73.80447462457
restaurant,ANIL'S ROTI SHOP,Caribbean,South Ozone Park,Queens,QN1001,40.68815694825,-73.81922228737
restaurant,APNA PIND,Indian,South Ozone Park,Queens,QN1001,40.67622365745,-73.81986763904
restaurant,AVENUE BBQ HUT,Barbecue,South Ozone Park,Queens,QN1001,40.68726028031,-73.82153242366
restaurant,B&B GRILL & ROTI SHOP,Caribbean,South Ozone Park,Queens,QN1001,40.67547039174,-73.81396446973
restaurant,BACCARAT CLUB,Bottled Beverages,South Ozone Park,Queens,QN1001,40.67766457116,-73.82875789315
restaurant,BAKEWELL BAKERY & RESTAURANT,Caribbean,South Ozone Park,Queens,QN1001,40.68874460624,-73.81766295834
restaurant,BAR 360,American,South Ozone Park,Queens,QN1001,40.67766457116,-73.82875789315
restaurant,BENI'S  RESTAURANT & BAR,Caribbean,South Ozone Park,Queens,QN1001,40.68937334509,-73.81606021724
restaurant,BIGWELL BAKERY & HALAL RESTAURANT 2,Caribbean,South Ozone Park,Queens,QN1001,40.69012870575,-73.81469508349
restaurant,BIGWELL BAKERY AND HALAL RESTAURANT,Bakery Products/Desserts,South Ozone Park,Queens,QN1001,40.68339288506,-73.83433175074
restaurant,BILLIARDS NUNEZ BAR,American,South Ozone Park,Queens,QN1001,40.68022490953,-73.82121241721
restaurant,BORA BORA,"Juice, Smoothies, Fruit Salads",South Ozone Park,Queens,QN1001,40.67488294617,-73.80728225184
restaurant,BOWL BITES,Fusion,South Ozone Park,Queens,QN1001,40.68148561161,-73.83842149362
restaurant,BROOKLYN DUMPLING SHOP/VIBES BBQ,Other,South Ozone Park,Queens,QN1001,40.67766457116,-73.82875789315
restaurant,BROWN BETTY RESTAURANT,Caribbean,South Ozone Park,Queens,QN1001,40.69063255734,-73.81396166824
restaurant,BURGER KING,Hamburgers,South Ozone Park,Queens,QN1001,40.6865822092,-73.82323254804
restaurant,Baccarat Club,American,South Ozone Park,Queens,QN1001,40.67766457116,-73.82875789315
restaurant,CABANA BREEZE,American,South Ozone Park,Queens,QN1001,40.67026094291,-73.82095084113
restaurant,CAP'T LOUI,Seafood,South Ozone Park,Queens,QN1001,40.67880033162,-73.83396104016
restaurant,CARIBBEAN FEST,Caribbean,South Ozone Park,Queens,QN1001,40.67651457617,-73.82160455262
restaurant,CARIBBEAN FLAME CUISINE,Caribbean,South Ozone Park,Queens,QN1001,40.68229006769,-73.81497654582
restaurant,CARIBBEAN RESTAURANT & SPORTS BAR,Caribbean,South Ozone Park,Queens,QN1001,40.6841397349,-73.83262804281
restaurant,CARIFESTA,Caribbean,South Ozone Park,Queens,QN1001,40.6886845309,-73.81785783929
restaurant,CARRIBEAN CRAVINGS,Caribbean,South Ozone Park,Queens,QN1001,40.67722337973,-73.82559363878
restaurant,CARVEL,Frozen Desserts,South Ozone Park,Queens,QN1001,40.68584358606,-73.82664550359
restaurant,CHAWLAS 2,Indian,South Ozone Park,Queens,QN1001,40.67487173666,-73.80714529042
restaurant,CHECKERS,Hamburgers,South Ozone Park,Queens,QN1001,40.68664782776,-73.82306650932
restaurant,CHINA STAR QUEENS CHINESE RESTAURANT,Chinese,South Ozone Park,Queens,QN1001,40.67862916673,-73.83328006525
restaurant,CHOP CHOP KITCHEN,Chinese,South Ozone Park,Queens,QN1001,40.67661440171,-73.82225682522
restaurant,CHRIS RESTAURANT,Latin American,South Ozone Park,Queens,QN1001,40.6857680488,-73.82751827851
restaurant,CONCESSION STAND 3RD FLOOR,American,South Ozone Park,Queens,QN1001,40.67766457116,-73.82875789315
restaurant,CUPS AND CONES,Frozen Desserts,South Ozone Park,Queens,QN1001,40.67766457116,-73.82875789315
restaurant,CURRY ROTI BOX,Caribbean,South Ozone Park,Queens,QN1001,40.68171780642,-73.83763493581
restaurant,D HACK'S HALAL,Caribbean,South Ozone Park,Queens,QN1001,40.68365571501,-73.83386958125
restaurant,DAN'S BAKERY & ROTI HOUSE,Caribbean,South Ozone Park,Queens,QN1001,40.67523554691,-73.81134420294
restaurant,DAR AL-YEMEN,Middle Eastern,South Ozone Park,Queens,QN1001,40.67488014684,-73.80724981402
restaurant,DARBAR'S CHICKEN & RIBS,Chicken,South Ozone Park,Queens,QN1001,40.68858339242,-73.81812134345
restaurant,DOMINO'S,Pizza,South Ozone Park,Queens,QN1001,40.67534429136,-73.81237856615
restaurant,DON PEPPE,Italian,South Ozone Park,Queens,QN1001,40.67025823756,-73.82097608239
restaurant,DRAGON KING RESTAURANT,Chinese,South Ozone Park,Queens,QN1001,40.67486893729,-73.80711285261
restaurant,DUNKIN,Donuts,South Ozone Park,Queens,QN1001,40.68706618657,-73.82203775214
restaurant,DUNKIN,Donuts,South Ozone Park,Queens,QN1001,40.66711342101,-73.81115458781
restaurant,DUNKIN,Donuts,South Ozone Park,Queens,QN1001,40.67825882133,-73.83153964183
restaurant,DUNKIN' / 'BASKIN ROBBINS,Donuts,South Ozone Park,Queens,QN1001,40.68586006012,-73.82664906629
restaurant,"DUNKIN', 'BASKIN ROBBINS",Donuts,South Ozone Park,Queens,QN1001,40.67467346769,-73.80514143422
restaurant,EL CAMPEON DE LOS POLLOS,Spanish,South Ozone Park,Queens,QN1001,40.6802221985,-73.82123405686
restaurant,EL CAMPO CARRIBBEAN RESTAURANT,Caribbean,South Ozone Park,Queens,QN1001,40.68404134926,-73.83292034423
restaurant,EL CASTILLO DEL POLLO,Spanish,South Ozone Park,Queens,QN1001,40.68277860989,-73.81326616283
restaurant,EL DORADO SPORTS LOUNGE,Caribbean,South Ozone Park,Queens,QN1001,40.68399486155,-73.83303944585
restaurant,ELEVATE SKY LOUNGE,Caribbean,South Ozone Park,Queens,QN1001,40.68749813045,-73.82092601226
restaurant,EPIC LOUNGE,American,South Ozone Park,Queens,QN1001,40.67567389176,-73.81590346873
restaurant,EQUESTRIS,American,South Ozone Park,Queens,QN1001,40.67766457116,-73.82875789315
restaurant,FIRST SERVICE BAR,Bottled Beverages,South Ozone Park,Queens,QN1001,40.67766457116,-73.82875789315
restaurant,FLY'N LOUNGE,American,South Ozone Park,Queens,QN1001,40.66521308397,-73.80728867032
restaurant,G'S EATERY & BAKERY,Caribbean,South Ozone Park,Queens,QN1001,40.67444678587,-73.80259691191
restaurant,GEMINI LOUNGE,American,South Ozone Park,Queens,QN1001,40.68363928819,-73.83389846695
restaurant,GEMINI'S LOUNGE,Caribbean,South Ozone Park,Queens,QN1001,40.68363928819,-73.83389846695
restaurant,GOOD FRIENDS,Asian/Asian Fusion,South Ozone Park,Queens,QN1001,40.67766457116,-73.82875789315
restaurant,GOOD HOPE RESTAURANT,Chinese,South Ozone Park,Queens,QN1001,40.68706345299,-73.822044971
restaurant,GREEN LEAF BISTRO NYC,Salads,South Ozone Park,Queens,QN1001,40.6888321519,-73.817482425
restaurant,GREENWOOD QUALITY BAKERY,Bakery Products/Desserts,South Ozone Park,Queens,QN1001,40.68478782213,-73.83097502684
restaurant,GT KINGSTON RESTAURANT & BAR,Caribbean,South Ozone Park,Queens,QN1001,40.67793126111,-73.82009014086
restaurant,HIBISCUS RESTAURANT EXPRESS,Chinese,South Ozone Park,Queens,QN1001,40.67542005402,-73.81339139455
restaurant,HILTON GARDEN INN,American,South Ozone Park,Queens,QN1001,40.66601478871,-73.80579763576
restaurant,IMPULSE LOUNGE,American,South Ozone Park,Queens,QN1001,40.68934054093,-73.81614324352
restaurant,ISLAND MIX,Middle Eastern,South Ozone Park,Queens,QN1001,40.6801974787,-73.82122330721
restaurant,ISLAND ROTI SHOP,Caribbean,South Ozone Park,Queens,QN1001,40.67625123544,-73.81995048334
restaurant,JAY'S ROTI HUT,Caribbean,South Ozone Park,Queens,QN1001,40.67026094291,-73.82095084113
restaurant,JULIE'S BAKERY & ROTI SHOP,Caribbean,South Ozone Park,Queens,QN1001,40.68594646022,-73.82570414659
restaurant,KAIETEUR EXPRESS RESTAURANT,Caribbean,South Ozone Park,Queens,QN1001,40.68659861664,-73.82319284126
restaurant,KAM KITCHEN,Chinese,South Ozone Park,Queens,QN1001,40.68331355144,-73.80647178099
restaurant,KENNEDY FRIED CHICKEN,Chicken,South Ozone Park,Queens,QN1001,40.67747317585,-73.82742084131
restaurant,KENNEDY FRIED CHICKEN,Chicken,South Ozone Park,Queens,QN1001,40.67625295327,-73.81929794155
restaurant,KENNEDY FRIED CHICKEN,Chicken,South Ozone Park,Queens,QN1001,40.68330534928,-73.83453748592
restaurant,LA COCINITA,Mexican,South Ozone Park,Queens,QN1001,40.69144549177,-73.8125710802
restaurant,LEGEND COOKHOUSE,Caribbean,South Ozone Park,Queens,QN1001,40.67448000861,-73.80276264701
restaurant,LENNY'S WEST INDIAN COOKHOUSE,Caribbean,South Ozone Park,Queens,QN1001,40.68512142074,-73.83011963704
restaurant,LET'S DO BRUNCH,American,South Ozone Park,Queens,QN1001,40.66884332093,-73.81157142987
restaurant,LIBERTY BAR,American,South Ozone Park,Queens,QN1001,40.67766457116,-73.82875789315
restaurant,LIBERTY KENNEDY FRIED CHICKEN & PIZZA,American,South Ozone Park,Queens,QN1001,40.6847988331,-73.83099663267
restaurant,LIBERTY RESTAURANT,Fusion,South Ozone Park,Queens,QN1001,40.6893651455,-73.81608187529
restaurant,LONG HING KITCHEN,Chinese,South Ozone Park,Queens,QN1001,40.6821062629,-73.83671819093
restaurant,LONG SHOTS,American,South Ozone Park,Queens,QN1001,40.67766457116,-73.82875789315
restaurant,LYNX LOUNGE,Caribbean,South Ozone Park,Queens,QN1001,40.68207072979,-73.83682283753
restaurant,Lucky Dhaba,Indian,South Ozone Park,Queens,QN1001,40.67628465366,-73.82025683301
restaurant,MANHATTAN TERRACE BAR,American,South Ozone Park,Queens,QN1001,40.67766457116,-73.82875789315
restaurant,MCDONALD'S,Hamburgers,South Ozone Park,Queens,QN1001,40.68632802781,-73.82393634065
restaurant,MIKE'S DELI,Sandwiches,South Ozone Park,Queens,QN1001,40.67084254557,-73.8225282129
restaurant,MR. REGENT STREET LOUNGE,Fusion,South Ozone Park,Queens,QN1001,40.69020265121,-73.81459391101
restaurant,MR. ZENG KITCHEN,Chinese,South Ozone Park,Queens,QN1001,40.68565146287,-73.82847769397
restaurant,MY MOTHER'S PLACE,Frozen Desserts,South Ozone Park,Queens,QN1001,40.67890799838,-73.8343898042
restaurant,Medina Halal,Caribbean,South Ozone Park,Queens,QN1001,40.68020842966,-73.82120525078
restaurant,NAD'S ROTI SHOP & RESTAURANT,Caribbean,South Ozone Park,Queens,QN1001,40.67517934923,-73.81055484123
restaurant,NAMASTE,Indian,South Ozone Park,Queens,QN1001,40.67485811592,-73.8072066167
restaurant,NANKING,Indian,South Ozone Park,Queens,QN1001,40.67457800569,-73.80388714357
restaurant,NARESH'S ESSEQUIBO CUISINE,Caribbean,South Ozone Park,Queens,QN1001,40.68904530071,-73.81689047627
restaurant,NEW BRISAS LATINAS RESTAURANT,Spanish,South Ozone Park,Queens,QN1001,40.67026094291,-73.82095084113
restaurant,NEW CHINESE GARDEN OF GUYANA,Fusion,South Ozone Park,Queens,QN1001,40.68414246387,-73.83261721912
restaurant,NEW CHUN FENG CHINESE FOOD,Chinese,South Ozone Park,Queens,QN1001,40.68818148052,-73.81911404585
restaurant,NEW GT RICEBOWL,Caribbean,South Ozone Park,Queens,QN1001,40.68567336706,-73.82844158053
restaurant,NEW HAPPY GOLDEN HOUSE,Chinese,South Ozone Park,Queens,QN1001,40.68247854279,-73.83601059511
restaurant,NEW THRIVING RESTAURANT,Asian/Asian Fusion,South Ozone Park,Queens,QN1001,40.68666149594,-73.82303041549
restaurant,NEW THRIVING RESTAURANT,Caribbean,South Ozone Park,Queens,QN1001,40.6858517222,-73.82658057979
restaurant,NEW THRIVING RESTAURANT OF GUYANA,Chinese,South Ozone Park,Queens,QN1001,40.6833135055,-73.83448338221
restaurant,NEW TONY'S DRAGON 1,Chinese,South Ozone Park,Queens,QN1001,40.68347500397,-73.8341765065
restaurant,NEW WORLD AMERICAN KITCHEN,Chinese,South Ozone Park,Queens,QN1001,40.68254949667,-73.81415737026
restaurant,ON THE ROX LOUNGE & BAR,American,South Ozone Park,Queens,QN1001,40.68250323025,-73.83599971762
restaurant,ONE BAR AND LOUNGE,Caribbean,South Ozone Park,Queens,QN1001,40.67534707744,-73.81240379419
restaurant,PEKING EXPRESS,Chinese,South Ozone Park,Queens,QN1001,40.6745839514,-73.80415390256
restaurant,PIZZA PORT,Pizza,South Ozone Park,Queens,QN1001,40.67026094291,-73.82095084113
restaurant,POPEYES,American,South Ozone Park,Queens,QN1001,40.67766457116,-73.82875789315
restaurant,POPEYES,Chicken,South Ozone Park,Queens,QN1001,40.68594389308,-73.82402389569
restaurant,RANGLA PUNJAB,Indian,South Ozone Park,Queens,QN1001,40.69166086869,-73.81167978684
restaurant,RESORT WORLD CASINO- GRAB & GO,Bakery Products/Desserts,South Ozone Park,Queens,QN1001,40.67766457116,-73.82875789315
restaurant,RESORT WORLD CASINO- REGENCY CLUB,Tapas,South Ozone Park,Queens,QN1001,40.67766457116,-73.82875789315
restaurant,RESORTS WORLD CASINO GROUND LEVEL ( EMPLOYEE DINING),Continental,South Ozone Park,Queens,QN1001,40.67766457116,-73.82875789315
restaurant,RINCONCITO DE LOS SABORES 2,Spanish,South Ozone Park,Queens,QN1001,40.69014239461,-73.81467340971
restaurant,ROCKAWAY ROTI SHOP,Caribbean,South Ozone Park,Queens,QN1001,40.67565994198,-73.8157629067
restaurant,ROMEO'S PIZZA AND PASTA,Italian,South Ozone Park,Queens,QN1001,40.6817478814,-73.83755193639
restaurant,ROSE VALLEY CAKES,Bakery Products/Desserts,South Ozone Park,Queens,QN1001,40.69144276469,-73.81258190591
restaurant,ROY'S PUB,American,South Ozone Park,Queens,QN1001,40.6847988331,-73.83099663267
restaurant,RW CAFE,Other,South Ozone Park,Queens,QN1001,40.67766457116,-73.82875789315
restaurant,RW PRIME,Steakhouse,South Ozone Park,Queens,QN1001,40.67766457116,-73.82875789315
restaurant,Rockaway Pizza,Pizza,South Ozone Park,Queens,QN1001,40.67766457116,-73.82875789315
restaurant,SATGURU SWEETS & CATERING,Indian,South Ozone Park,Queens,QN1001,40.67458673313,-73.80417552489
restaurant,SATI'S ROTI SHOP,Caribbean,South Ozone Park,Queens,QN1001,40.67465362239,-73.80477016794
restaurant,SECOND SERVICE BAR,Bottled Beverages,South Ozone Park,Queens,QN1001,40.67766457116,-73.82875789315
restaurant,SERVICE BAR 3,American,South Ozone Park,Queens,QN1001,40.67766457116,-73.82875789315
restaurant,SERVICE BAR 5,American,South Ozone Park,Queens,QN1001,40.67766457116,-73.82875789315
restaurant,SERVICE BAR 6,American,South Ozone Park,Queens,QN1001,40.67766457116,-73.82875789315
restaurant,SERVICE BAR 7,American,South Ozone Park,Queens,QN1001,40.67766457116,-73.82875789315
restaurant,SERVICE BAR-4,American,South Ozone Park,Queens,QN1001,40.67766457116,-73.82875789315
restaurant,SHANTA'S RESTAURANT & BAKERY,Caribbean,South Ozone Park,Queens,QN1001,40.6833408803,-73.83443283614
restaurant,SHERIFF STREET LOUNGE,Caribbean,South Ozone Park,Queens,QN1001,40.68676272932,-73.82282101241
restaurant,SHISHA LOUNGE,American,South Ozone Park,Queens,QN1001,40.69018073973,-73.81462281965
restaurant,SHIVRAM'S,Caribbean,South Ozone Park,Queens,QN1001,40.68934608251,-73.81617568117
restaurant,SHUN FOOK CHINESE RESTAURANT,Chinese,South Ozone Park,Queens,QN1001,40.67026094291,-73.82095084113
restaurant,SILKS,Bottled Beverages,South Ozone Park,Queens,QN1001,40.67766457116,-73.82875789315
restaurant,SILVER STAR ROTI SHOP,Caribbean,South Ozone Park,Queens,QN1001,40.67536693923,-73.81280030242
restaurant,SIMPLY CARIBBEAN,Caribbean,South Ozone Park,Queens,QN1001,40.67606292112,-73.81889107452
restaurant,SINGH'S ROTI SHOP & BAR,Caribbean,South Ozone Park,Queens,QN1001,40.69017520937,-73.81459759354
restaurant,SOFI'S DELI & GRILL,Latin American,South Ozone Park,Queens,QN1001,40.67533062063,-73.81241105091
restaurant,SOFIA'S PIZZA,Pizza,South Ozone Park,Queens,QN1001,40.67722064044,-73.8255972512
restaurant,SONNY'S ROTI SHOP,Caribbean,South Ozone Park,Queens,QN1001,40.68603305089,-73.8248890294
restaurant,STARBUCKS,Coffee/Tea,South Ozone Park,Queens,QN1001,40.67766457116,-73.82875789315
restaurant,SUBWAY,Sandwiches,South Ozone Park,Queens,QN1001,40.68604665352,-73.82480966795
restaurant,SUBWAY,Sandwiches,South Ozone Park,Queens,QN1001,40.67880033162,-73.83396104016
restaurant,"SUBWAY, KRISPY KRUNCHY CHICKEN",Sandwiches,South Ozone Park,Queens,QN1001,40.66706748446,-73.80993273186
restaurant,SYBIL'S BAKERY,Caribbean,South Ozone Park,Queens,QN1001,40.69068738245,-73.81391824314
restaurant,TACO BELL,Tex-Mex,South Ozone Park,Queens,QN1001,40.68630881443,-73.82393639157
restaurant,TALK OF THE TRACK,American,South Ozone Park,Queens,QN1001,40.67766457116,-73.82875789315
restaurant,TEXAS CHICKEN & BURGERS,Chicken,South Ozone Park,Queens,QN1001,40.68818701557,-73.81914287738
restaurant,THE FOOD HUT,Caribbean,South Ozone Park,Queens,QN1001,40.67444679208,-73.80260051697
restaurant,TINA'S EXOTIC LOUNGE,Caribbean,South Ozone Park,Queens,QN1001,40.68583817285,-73.82669599747
restaurant,TOMMY'S PIZZA & RESTAURANT,Italian,South Ozone Park,Queens,QN1001,40.68595749959,-73.82574378037
restaurant,TOXIC ULTRA LOUNGE,Caribbean,South Ozone Park,Queens,QN1001,40.68749813045,-73.82092601226
restaurant,TRACKSIDE,American,South Ozone Park,Queens,QN1001,40.67677785412,-73.82323339868
restaurant,TRINCITI ROTI SHOP & RESTAURANT,Caribbean,South Ozone Park,Queens,QN1001,40.68023040469,-73.82121600781
restaurant,TRINI DELITE,Caribbean,South Ozone Park,Queens,QN1001,40.68438585167,-73.83200365078
restaurant,TROPICAL ISLE ROTI SHOP & BAKERY,Bakery Products/Desserts,South Ozone Park,Queens,QN1001,40.68606038288,-73.82481323745
restaurant,TROPICAL JADE 1,Caribbean,South Ozone Park,Queens,QN1001,40.68383899716,-73.83344366348
restaurant,TROPICAL JADE 2,Caribbean,South Ozone Park,Queens,QN1001,40.68703330532,-73.82207389786
restaurant,TROPICAL JADE 3 ROTI EXPRESS,Caribbean,South Ozone Park,Queens,QN1001,40.68604407402,-73.82491784601
restaurant,TROPICAL JADE 4,Caribbean,South Ozone Park,Queens,QN1001,40.6851460328,-73.83005827789
restaurant,TROPIX LOUNGE,Caribbean,South Ozone Park,Queens,QN1001,40.67463676633,-73.81960877006
restaurant,TWIST BAR & LOUNGE,Bottled Beverages,South Ozone Park,Queens,QN1001,40.68255221806,-73.81414294057
restaurant,UNDERGROUND LOUNGE,Caribbean,South Ozone Park,Queens,QN1001,40.68721219537,-73.82062029247
restaurant,VEGGIE CASTLE,Vegetarian,South Ozone Park,Queens,QN1001,40.69065999916,-73.81395798542
restaurant,VIBE 592,Caribbean,South Ozone Park,Queens,QN1001,40.68786991092,-73.81996225923
restaurant,VILLA RUSSO,Italian,South Ozone Park,Queens,QN1001,40.68976035431,-73.82662446347
restaurant,WAH HING,Chinese,South Ozone Park,Queens,QN1001,40.67534431497,-73.8123929866
restaurant,XSCAPE NYC,Caribbean,South Ozone Park,Queens,QN1001,40.68879106649,-73.81753662576
restaurant,101 APizza,Pizza,South Richmond Hill,Queens,QN0903,40.692154455,-73.81818729154
restaurant,1313 CAFE & JUICE BAR,Indian,South Richmond Hill,Queens,QN0903,40.68809750767,-73.83249186645
restaurant,APNA PIND,Indian,South Richmond Hill,Queens,QN0903,40.69278232858,-73.8160399582
restaurant,AURA,Caribbean,South Richmond Hill,Queens,QN0903,40.69254477532,-73.81681591951
restaurant,BAANI SWEETS & CATERING,Indian,South Richmond Hill,Queens,QN0903,40.68858909838,-73.83081030244
restaurant,DESI BITES CAFE,Indian,South Richmond Hill,Queens,QN0903,40.68927716733,-73.82837818422
restaurant,DESI JUNCTION,Indian,South Richmond Hill,Queens,QN0903,40.69003618704,-73.8257078385
restaurant,DESI KING,Indian,South Richmond Hill,Queens,QN0903,40.68927444416,-73.82839261479
restaurant,DUST TIL DAWN BAR & RESTAURANT,Caribbean,South Richmond Hill,Queens,QN0903,40.6868659143,-73.83686153835
restaurant,ELEGANCE LOUNGE,Caribbean,South Richmond Hill,Queens,QN0903,40.69118542188,-73.82160120878
restaurant,FARIEDA'S DHAL PURI HUT,Caribbean,South Richmond Hill,Queens,QN0903,40.68833233763,-73.83165832702
restaurant,FRIEND RESTAURANT,Chinese,South Richmond Hill,Queens,QN0903,40.68785726074,-73.83337950066
restaurant,GOLDEN ARROW BAR & LOUNGE,Caribbean,South Richmond Hill,Queens,QN0903,40.68720448339,-73.83561311019
restaurant,GOLDEN PUNJAB INDIAN RESTAURANT,Indian,South Richmond Hill,Queens,QN0903,40.69251748318,-73.81691335842
restaurant,GUAC TIME MEXICAN GRILL,Tex-Mex,South Richmond Hill,Queens,QN0903,40.69147005315,-73.8124844668
restaurant,HARBOR BREEZE RESTAURANT & LOUNGE,Caribbean,South Richmond Hill,Queens,QN0903,40.68718808716,-73.83566363155
restaurant,HIBISCUS RESTAURANT,Caribbean,South Richmond Hill,Queens,QN0903,40.69119361689,-73.82157594485
restaurant,INDIA CAFE,Indian,South Richmond Hill,Queens,QN0903,40.69377236729,-73.82787974149
restaurant,LASSI LOUNGE,Indian,South Richmond Hill,Queens,QN0903,40.69340575139,-73.8286704292
restaurant,LUIGI'S CATERING,Italian,South Richmond Hill,Queens,QN0903,40.68832961404,-73.83167275725
restaurant,NALS NEST,Caribbean,South Richmond Hill,Queens,QN0903,40.69146122569,-73.82069175526
restaurant,NEW APNA VIRSA RESTAURANT,Indian,South Richmond Hill,Queens,QN0903,40.68975498472,-73.8267038075
restaurant,NEW CHEUN HING KITCHEN,Chinese,South Richmond Hill,Queens,QN0903,40.69169861254,-73.81979321645
restaurant,NEW KING GARDEN,Chinese,South Richmond Hill,Queens,QN0903,40.6878408812,-73.83344084044
restaurant,PUNJABI DHABA CATERING & SWEETS,Indian,South Richmond Hill,Queens,QN0903,40.69001698462,-73.82571510074
restaurant,PUNJABI KABAB AND GYRO,Indian,South Richmond Hill,Queens,QN0903,40.68731380833,-73.83528831974
restaurant,RICHMOND PIZZA HUT,Pizza,South Richmond Hill,Queens,QN0903,40.68835144508,-73.83158616193
restaurant,SR 101 MEAT SHOP,Indian,South Richmond Hill,Queens,QN0903,40.68927444416,-73.82839261479
restaurant,TANDOORI HUT,Indian,South Richmond Hill,Queens,QN0903,40.69374726343,-73.82761295319
restaurant,TANDOORI PIZZA,Pizza,South Richmond Hill,Queens,QN0903,40.68785180788,-73.83340475498
restaurant,TASTE OF PUNJAB,Indian,South Richmond Hill,Queens,QN0903,40.69609093097,-73.81335134656
restaurant,TEALICIOUSS,"Juice, Smoothies, Fruit Salads",South Richmond Hill,Queens,QN0903,40.68762505349,-73.8341372998
restaurant,THE RANCH,Caribbean,South Richmond Hill,Queens,QN0903,40.69144004351,-73.8125963376
restaurant,ZAKI'S HALAL FOOD,Middle Eastern,South Richmond Hill,Queens,QN0903,40.68736296535,-73.83511512044
restaurant,ZEN,Caribbean,South Richmond Hill,Queens,QN0903,40.68953383327,-73.82748325841
restaurant,876 CARIBBEAN EATERY,Caribbean,Springfield Gardens (North)-Rochdale Village,Queens,QN1204,40.66959088806,-73.78266948274
restaurant,ANN'S  ROTI SHOP,Caribbean,Springfield Gardens (North)-Rochdale Village,Queens,QN1204,40.67163068906,-73.77436786491
restaurant,ASO ROCK LOUNGE AND RESTAURANT,African,Springfield Gardens (North)-Rochdale Village,Queens,QN1204,40.6720139346,-73.76431235102
restaurant,BUGGING OUT 4 BURGERS,American,Springfield Gardens (North)-Rochdale Village,Queens,QN1204,40.67309582367,-73.7754696274
restaurant,BURGER KING,Hamburgers,Springfield Gardens (North)-Rochdale Village,Queens,QN1204,40.66793531877,-73.78098427964
restaurant,DRAGON PALACE,Chinese,Springfield Gardens (North)-Rochdale Village,Queens,QN1204,40.6720139346,-73.76431235102
restaurant,DUNKIN DONUTS,Donuts,Springfield Gardens (North)-Rochdale Village,Queens,QN1204,40.672643968,-73.77044940862
restaurant,DUNKIN',Coffee/Tea,Springfield Gardens (North)-Rochdale Village,Queens,QN1204,40.68365696346,-73.76953880035
restaurant,HAHA! DELI,Sandwiches,Springfield Gardens (North)-Rochdale Village,Queens,QN1204,40.67218432026,-73.78537553432
restaurant,HIP HOP BURGER NYC,Hamburgers,Springfield Gardens (North)-Rochdale Village,Queens,QN1204,40.67262500727,-73.77057564862
restaurant,HUSKY-P MEALS DIRECT,Caribbean,Springfield Gardens (North)-Rochdale Village,Queens,QN1204,40.672369988,-73.75997430596
restaurant,HYDERABAD TANDOORI,Indian,Springfield Gardens (North)-Rochdale Village,Queens,QN1204,40.66793262223,-73.78100952164
restaurant,KFC,Chicken,Springfield Gardens (North)-Rochdale Village,Queens,QN1204,40.67213481991,-73.78532522483
restaurant,NEW SUCCESS CHINESE,Chinese,Springfield Gardens (North)-Rochdale Village,Queens,QN1204,40.67014130799,-73.76531753761
restaurant,OCCASIONS BANQUET AND CATERING HALL,American,Springfield Gardens (North)-Rochdale Village,Queens,QN1204,40.68131462285,-73.76497160102
restaurant,OCHI JERK PLACE,Caribbean,Springfield Gardens (North)-Rochdale Village,Queens,QN1204,40.68185764261,-73.76609459177
restaurant,PIMENTO,Caribbean,Springfield Gardens (North)-Rochdale Village,Queens,QN1204,40.67163068906,-73.77436786491
restaurant,SILVER'S CRUST,Caribbean,Springfield Gardens (North)-Rochdale Village,Queens,QN1204,40.68047661545,-73.76322594088
restaurant,SPRINGFIELD & LA BARI,Pizza,Springfield Gardens (North)-Rochdale Village,Queens,QN1204,40.67447198336,-73.76369076633
restaurant,SUBWAY,Sandwiches,Springfield Gardens (North)-Rochdale Village,Queens,QN1204,40.68131462285,-73.76497160102
restaurant,Wingstop,Chicken,Springfield Gardens (North)-Rochdale Village,Queens,QN1204,40.68185764261,-73.76609459177
restaurant,XIN BAO,Chinese,Springfield Gardens (North)-Rochdale Village,Queens,QN1204,40.67163068906,-73.77436786491
restaurant,YUMMY A Chinese restaurant,Chinese,Springfield Gardens (North)-Rochdale Village,Queens,QN1204,40.66976139172,-73.7828419568
restaurant,BEST YUMMY,Chinese,Springfield Gardens (South)-Brookville,Queens,QN1306,40.6633932019,-73.77697664679
restaurant,BUTTERFLIES CHINESE & THAI CUISINE,Chinese,Springfield Gardens (South)-Brookville,Queens,QN1306,40.66323625249,-73.76842375231
restaurant,BUTTERFLIES CHINESE FOOD,Chinese,Springfield Gardens (South)-Brookville,Queens,QN1306,40.66323625249,-73.76842375231
restaurant,CHINA EXPRESS INN,Chinese,Springfield Gardens (South)-Brookville,Queens,QN1306,40.6661866453,-73.77942563193
restaurant,CROWN FRIED CHICKEN,Other,Springfield Gardens (South)-Brookville,Queens,QN1306,40.66429019984,-73.76839845198
restaurant,DIVINE BICKLES RESTAURANT.,Caribbean,Springfield Gardens (South)-Brookville,Queens,QN1306,40.66615365257,-73.77939690438
restaurant,DUNKIN,Donuts,Springfield Gardens (South)-Brookville,Queens,QN1306,40.65696958058,-73.76826538311
restaurant,ERICA'S CARIBBEAN CUISINE,Caribbean,Springfield Gardens (South)-Brookville,Queens,QN1306,40.66643833511,-73.75728864039
restaurant,EXOTIC EATS,Other,Springfield Gardens (South)-Brookville,Queens,QN1306,40.66544457267,-73.74706602589
restaurant,FOO AN CHINESE FOOD,Chinese,Springfield Gardens (South)-Brookville,Queens,QN1306,40.665463389,-73.75445538255
restaurant,FOREVER JERK,Caribbean,Springfield Gardens (South)-Brookville,Queens,QN1306,40.66361797921,-73.76852334788
restaurant,GOLDEN KRUST CARIBBEAN BAKERY & GRILL,Caribbean,Springfield Gardens (South)-Brookville,Queens,QN1306,40.66546329631,-73.75441212771
restaurant,GUY R CAFE SNACK CORNER,Caribbean,Springfield Gardens (South)-Brookville,Queens,QN1306,40.66380465259,-73.76853711562
restaurant,JD's YARD STYLE,Caribbean,Springfield Gardens (South)-Brookville,Queens,QN1306,40.65760493622,-73.76755675003
restaurant,MARIO'S PIZZA,Pizza,Springfield Gardens (South)-Brookville,Queens,QN1306,40.65758018211,-73.76753160743
restaurant,MCDONALD'S,Hamburgers,Springfield Gardens (South)-Brookville,Queens,QN1306,40.66548727734,-73.75664689102
restaurant,MCDONALDS,Hamburgers,Springfield Gardens (South)-Brookville,Queens,QN1306,40.66010219265,-73.77416912505
restaurant,NEW CASTLE DELICATESSEN,Spanish,Springfield Gardens (South)-Brookville,Queens,QN1306,40.65754178459,-73.76754615842
restaurant,PATMAR BAKE SHOP,Caribbean,Springfield Gardens (South)-Brookville,Queens,QN1306,40.66546350484,-73.75450945111
restaurant,PIZZA SHOP @ JFK,Pizza,Springfield Gardens (South)-Brookville,Queens,QN1306,40.66342069168,-73.77699818143
restaurant,POPEYES,Chicken,Springfield Gardens (South)-Brookville,Queens,QN1306,40.66643833511,-73.75728864039
restaurant,ROCKAWAY PLAZA,American,Springfield Gardens (South)-Brookville,Queens,QN1306,40.66347292646,-73.77704125999
restaurant,SOUTH CONDUIT JERK RESTAURANT,Caribbean,Springfield Gardens (South)-Brookville,Queens,QN1306,40.66661798781,-73.76714673057
restaurant,THE GOLDEN GRILLERS,Caribbean,Springfield Gardens (South)-Brookville,Queens,QN1306,40.66333236309,-73.76844504425
restaurant,100'S RESTAURANT AND GRILL,Caribbean,St. Albans,Queens,QN1205,40.68148819318,-73.76528826803
restaurant,APU KENNEDY FRIED CHICKEN,Chicken,St. Albans,Queens,QN1205,40.68151575894,-73.76534585813
restaurant,BEBE FRITAY GROUP,Caribbean,St. Albans,Queens,QN1205,40.70350093095,-73.74952148215
restaurant,BELLA PIZZA,Pizza,St. Albans,Queens,QN1205,40.67899711781,-73.75407366925
restaurant,BURGER KING,Hamburgers,St. Albans,Queens,QN1205,40.69298088143,-73.75750898284
restaurant,CHECKERS,Hamburgers,St. Albans,Queens,QN1205,40.68359628858,-73.76939478761
restaurant,CHICKEN BOX,Fusion,St. Albans,Queens,QN1205,40.70027925615,-73.75364503031
restaurant,CONGOS GRILL BY KIZZIE'S,Caribbean,St. Albans,Queens,QN1205,40.69476225367,-73.7511087061
restaurant,CREAM N TINGS,Other,St. Albans,Queens,QN1205,40.69343026957,-73.755859347
restaurant,CROWN FRIED CHICKEN,Chicken,St. Albans,Queens,QN1205,40.69172257602,-73.76217977078
restaurant,"CUTS & SLICES, INC -Queens",Pizza,St. Albans,Queens,QN1205,40.69569901845,-73.74770451099
restaurant,Chances Caribbean Restaurant and Bakery,Caribbean,St. Albans,Queens,QN1205,40.69438626423,-73.75239751732
restaurant,DAILY DOSE JUICE BAR & CAFE,"Juice, Smoothies, Fruit Salads",St. Albans,Queens,QN1205,40.70152215375,-73.76518500333
restaurant,DOMINO'S,Pizza,St. Albans,Queens,QN1205,40.67926107591,-73.76077503226
restaurant,DUNKIN,Donuts,St. Albans,Queens,QN1205,40.69632837346,-73.74434828458
restaurant,DUNKIN,Donuts,St. Albans,Queens,QN1205,40.69172528338,-73.76216173097
restaurant,"DUNKIN', BASKIN ROBBINS",Donuts,St. Albans,Queens,QN1205,40.68071810762,-73.75280179343
restaurant,FARMERS KITCHEN,Tex-Mex,St. Albans,Queens,QN1205,40.70131035637,-73.76496575308
restaurant,FARMERS PIZZA & GRILL,American,St. Albans,Queens,QN1205,40.69080874195,-73.76226598016
restaurant,FARMERS PIZZERIA,Pizza,St. Albans,Queens,QN1205,40.70126634407,-73.76491902381
restaurant,HALAL GRILL EAT,Mediterranean,St. Albans,Queens,QN1205,40.68065233436,-73.75284890868
restaurant,HAPPY GARDEN,Chinese,St. Albans,Queens,QN1205,40.69356113427,-73.75544416176
restaurant,HEALTHY EATERS JAMAICAN RESTAURANT,Caribbean,St. Albans,Queens,QN1205,40.69418746755,-73.75312670231
restaurant,IDEAL JAMAICAN FLAVORS,Caribbean,St. Albans,Queens,QN1205,40.69192453313,-73.77802756277
restaurant,IHOP,Pancakes/Waffles,St. Albans,Queens,QN1205,40.6790025996,-73.75407004362
restaurant,J & C SEAFOOD,Seafood,St. Albans,Queens,QN1205,40.7005950447,-73.76415321463
restaurant,JAMAICAN FLAVORS,Caribbean,St. Albans,Queens,QN1205,40.69139083359,-73.76236125884
restaurant,Jamaica Breeze,Caribbean,St. Albans,Queens,QN1205,40.69297555969,-73.75758833628
restaurant,KAM HUNG KITCHEN,Chinese,St. Albans,Queens,QN1205,40.69192724997,-73.77801312956
restaurant,KANSAS CHICKEN & BURGER,American,St. Albans,Queens,QN1205,40.69584321958,-73.74712696347
restaurant,KFC,Chicken,St. Albans,Queens,QN1205,40.69589028986,-73.7460701527
restaurant,KIM PO RESTAURANT,Chinese,St. Albans,Queens,QN1205,40.70295275657,-73.76681014264
restaurant,KRISS WEST INDIAN RESTAURANT,Caribbean,St. Albans,Queens,QN1205,40.70071334385,-73.76428623542
restaurant,LA BODEGA DE TONY,Spanish,St. Albans,Queens,QN1205,40.69080050766,-73.76226600963
restaurant,LD ORGANIC HEALTH HAVEN,"Juice, Smoothies, Fruit Salads",St. Albans,Queens,QN1205,40.6924892594,-73.76527463489
restaurant,LIVE LONG JUICE BAR,"Juice, Smoothies, Fruit Salads",St. Albans,Queens,QN1205,40.67928044726,-73.7608506748
restaurant,LUCKY STAR,Chinese,St. Albans,Queens,QN1205,40.69586514585,-73.74711245499
restaurant,MAKAYA BISTRO,Creole,St. Albans,Queens,QN1205,40.69177143537,-73.76191635597
restaurant,MAXINE ON THE BOULEVARD,Caribbean,St. Albans,Queens,QN1205,40.69850838355,-73.7625197168
restaurant,MR DEMUS FISHNET RESTAURANT,Caribbean,St. Albans,Queens,QN1205,40.69204386297,-73.76093093039
restaurant,NEW YORK FRIED CHICKEN,Chicken,St. Albans,Queens,QN1205,40.67940787857,-73.76141265138
restaurant,NU3S - CAR WASH / CAFE / AUTO CARE,American,St. Albans,Queens,QN1205,40.68016499507,-73.76252039404
restaurant,New Hong Kong,Chinese,St. Albans,Queens,QN1205,40.68152953443,-73.76537104776
restaurant,ORIENTAL STAR RESTAURANT,Chinese,St. Albans,Queens,QN1205,40.70034740747,-73.76385836181
restaurant,PAPA JOHN'S,Pizza,St. Albans,Queens,QN1205,40.68065233436,-73.75284890868
restaurant,PATMAR BAKE SHOP,Caribbean,St. Albans,Queens,QN1205,40.69582428457,-73.74725325422
restaurant,POPEYES,Chicken,St. Albans,Queens,QN1205,40.69080874195,-73.76226598016
restaurant,PURE LOUNGE,Caribbean,St. Albans,Queens,QN1205,40.68186306592,-73.76606212329
restaurant,SEAMORHEN II,Soul Food,St. Albans,Queens,QN1205,40.69223388759,-73.76656650337
restaurant,SEAMORHEN RESTAURANT,Seafood,St. Albans,Queens,QN1205,40.70342671924,-73.76637567938
restaurant,SMOKE BBQ PIT,Barbecue,St. Albans,Queens,QN1205,40.68073016054,-73.76372258599
restaurant,SOVIC AFRICAN RESTAURANT,African,St. Albans,Queens,QN1205,40.70366894848,-73.7667138543
restaurant,SPRINGFIELD DINER,American,St. Albans,Queens,QN1205,40.68117121445,-73.764640407
restaurant,STARBUCKS,Coffee/Tea,St. Albans,Queens,QN1205,40.68367066554,-73.76952793606
restaurant,THE LAVISH BAR & LOUNGE,American,St. Albans,Queens,QN1205,40.69633549588,-73.76166919332
restaurant,THE SMOKE HOUSE,Caribbean,St. Albans,Queens,QN1205,40.69179061876,-73.7619018631
restaurant,TIEN CHU CHINESE KITCHEN,Chinese,St. Albans,Queens,QN1205,40.69175772991,-73.76325063427
restaurant,TROPICAL VYBZ,Caribbean,St. Albans,Queens,QN1205,40.68186858489,-73.76607652581
restaurant,TWO QUEENS CUISINE,Caribbean,St. Albans,Queens,QN1205,40.69590870395,-73.74695000779
restaurant,WEST BAR & LOUNGE,Caribbean,St. Albans,Queens,QN1205,40.68075647211,-73.75277280724
restaurant,YARDIE'S JERK INC,Caribbean,St. Albans,Queens,QN1205,40.69399135678,-73.75383062994
restaurant,52ND BRO SUSHI,Japanese,Sunnyside,Queens,QN0202,40.74425641977,-73.91219632611
restaurant,ANGELO'S PIZZA,Pizza,Sunnyside,Queens,QN0202,40.73514849828,-73.93586845696
restaurant,APPLE BLOSSOM THAI,Thai,Sunnyside,Queens,QN0202,40.73937656047,-73.92016335383
restaurant,ARCOBALENO,Frozen Desserts,Sunnyside,Queens,QN0202,40.74335386069,-73.9203606631
restaurant,ARIYOSHI,Japanese,Sunnyside,Queens,QN0202,40.74367687848,-73.92311742455
restaurant,ASIR-ET,Steakhouse,Sunnyside,Queens,QN0202,40.74443037184,-73.92961974381
restaurant,AUBERGINE CAFE,American,Sunnyside,Queens,QN0202,40.74619903982,-73.91494740106
restaurant,AURA CAFE,Coffee/Tea,Sunnyside,Queens,QN0202,40.74420417806,-73.92781194368
restaurant,AVE COFFEE HOUSE,American,Sunnyside,Queens,QN0202,40.74188225873,-73.91977420491
restaurant,BAJEKO SEKUWA,Asian/Asian Fusion,Sunnyside,Queens,QN0202,40.74343955366,-73.92123750377
restaurant,BANTRY BAY PUBLICK HOUSE,Irish,Sunnyside,Queens,QN0202,40.73567195481,-73.93446428431
restaurant,BAR 43,Irish,Sunnyside,Queens,QN0202,40.74491621284,-73.92120327119
restaurant,BELO,Brazilian,Sunnyside,Queens,QN0202,40.74632057242,-73.91598302195
restaurant,BISTRO PUNTA SAL,Peruvian,Sunnyside,Queens,QN0202,40.74199968477,-73.91892239968
restaurant,BLENDED SMOOTHIES,"Juice, Smoothies, Fruit Salads",Sunnyside,Queens,QN0202,40.74195790431,-73.92615075765
restaurant,BLINKS DELI & PIZZA,American,Sunnyside,Queens,QN0202,40.74594541795,-73.92951708631
restaurant,BLISS 46 BISTRO,French,Sunnyside,Queens,QN0202,40.7441457992,-73.91851197676
restaurant,BOLIVIAN LLAMA PARTY,Latin American,Sunnyside,Queens,QN0202,40.73948150308,-73.92109063928
restaurant,BON CAFE ET RESTAURANT,Coffee/Tea,Sunnyside,Queens,QN0202,40.74366307481,-73.92299834905
restaurant,BROOKSIDE MARKET,New American,Sunnyside,Queens,QN0202,40.74345602966,-73.92124831068
restaurant,BURGER KING,American,Sunnyside,Queens,QN0202,40.74378453715,-73.92403755394
restaurant,CAFE 52,American,Sunnyside,Queens,QN0202,40.74429566441,-73.91327171681
restaurant,CAFE BLISS & ORGANIC JUICE BAR,"Juice, Smoothies, Fruit Salads",Sunnyside,Queens,QN0202,40.73949796172,-73.92107618529
restaurant,CAFE COLOMBIA BAKERY,Latin American,Sunnyside,Queens,QN0202,40.74229586086,-73.91855755322
restaurant,CAFE SHANGRILA,Asian/Asian Fusion,Sunnyside,Queens,QN0202,40.74356645298,-73.92217564841
restaurant,CAP'T LOUI,Seafood,Sunnyside,Queens,QN0202,40.74344232566,-73.92127719751
restaurant,CARDAMOM INDIAN CUISINE,Indian,Sunnyside,Queens,QN0202,40.74448807224,-73.92126513044
restaurant,CHAKRA CAFE,Coffee/Tea,Sunnyside,Queens,QN0202,40.74335938777,-73.92041478872
restaurant,CHIHUAHUA,Mexican,Sunnyside,Queens,QN0202,40.74254228165,-73.91770558057
restaurant,CHINA GARDEN,Chinese,Sunnyside,Queens,QN0202,40.74192754439,-73.92589096225
restaurant,CHIP CITY,Bakery Products/Desserts,Sunnyside,Queens,QN0202,40.74330715136,-73.9243448495
restaurant,CHIPOTLE MEXICAN GRILL #3056,Mexican,Sunnyside,Queens,QN0202,40.74378178522,-73.92402673057
restaurant,CITY CHEFS EVENTS,American,Sunnyside,Queens,QN0202,40.74005976631,-73.92384695057
restaurant,CITY VIEW RACQUET CLUB,American,Sunnyside,Queens,QN0202,40.74587853408,-73.932400711
restaurant,CLARET WINE BAR,American,Sunnyside,Queens,QN0202,40.74653328043,-73.91786303613
restaurant,COOKING WITH COREY,American,Sunnyside,Queens,QN0202,40.74305329752,-73.93565150821
restaurant,COOL BEANS!,Sandwiches/Salads/Mixed Buffet,Sunnyside,Queens,QN0202,40.74883261395,-73.91308172269
restaurant,COPPER KETTLE,Irish,Sunnyside,Queens,QN0202,40.74608854457,-73.91400199377
restaurant,COSTA Y MAR,Latin American,Sunnyside,Queens,QN0202,40.74005428637,-73.9238613914
restaurant,COUSIN LARRY'S,American,Sunnyside,Queens,QN0202,40.74621560729,-73.9150809118
restaurant,CUENCANITO,Latin American,Sunnyside,Queens,QN0202,40.73997091687,-73.91837636583
restaurant,CURLEY'S BAGELS,Bagels/Pretzels,Sunnyside,Queens,QN0202,40.74144444052,-73.92171983017
restaurant,DANUBIUS,Eastern European,Sunnyside,Queens,QN0202,40.74074325277,-73.9239075138
restaurant,DAWA'S,Asian/Asian Fusion,Sunnyside,Queens,QN0202,40.74593660432,-73.91270657507
restaurant,DE MOLE,Mexican,Sunnyside,Queens,QN0202,40.73938484998,-73.92024273307
restaurant,DESEOS LOUNGE,Latin American,Sunnyside,Queens,QN0202,40.74424547386,-73.91223964697
restaurant,DOLCI PARADISE BAKERY,Bakery Products/Desserts,Sunnyside,Queens,QN0202,40.73907757942,-73.92044879158
restaurant,DOMA,Korean,Sunnyside,Queens,QN0202,40.7447226349,-73.92311982198
restaurant,DON DEAN BAKERY,Latin American,Sunnyside,Queens,QN0202,40.74273119447,-73.93395208419
restaurant,DONATO'S PIZZERIA,Pizza,Sunnyside,Queens,QN0202,40.74883260848,-73.91307450446
restaurant,DONER HAUS,German,Sunnyside,Queens,QN0202,40.74194254498,-73.91963339119
restaurant,DREAM GENTLEMEN'S CLUB,American,Sunnyside,Queens,QN0202,40.74278778707,-73.91560857166
restaurant,DUMPLINGS & THINGS,Chinese,Sunnyside,Queens,QN0202,40.74241135563,-73.91886054777
restaurant,DUNKIN,Donuts,Sunnyside,Queens,QN0202,40.74593966652,-73.93368182829
restaurant,DUNKIN,Donuts,Sunnyside,Queens,QN0202,40.73648318151,-73.93235615302
restaurant,DUNKIN',Coffee/Tea,Sunnyside,Queens,QN0202,40.74324066019,-73.91940807304
restaurant,DUNKIN' / BASKIN-ROBBINS,Donuts,Sunnyside,Queens,QN0202,40.74364661592,-73.92301280348
restaurant,E&A'S BAKE N BREW,Coffee/Tea,Sunnyside,Queens,QN0202,40.74316085368,-73.93656804047
restaurant,EATALIANO PIZZERIA,American,Sunnyside,Queens,QN0202,40.72998049026,-73.91911026808
restaurant,EL BUEN SABOR,Latin American,Sunnyside,Queens,QN0202,40.74324343283,-73.91944776659
restaurant,EL PILON BAKERY,Latin American,Sunnyside,Queens,QN0202,40.74312743639,-73.91843383343
restaurant,EL POTRERO,Mexican,Sunnyside,Queens,QN0202,40.74224926648,-73.91865143806
restaurant,EL REY DE LOS TACOS,Tex-Mex,Sunnyside,Queens,QN0202,40.74454427467,-73.91538980525
restaurant,EL RODEO,Mexican,Sunnyside,Queens,QN0202,40.74201616609,-73.91894042326
restaurant,EL SABOR DEL RANCHO TAQUERIA,Mexican,Sunnyside,Queens,QN0202,40.74147938362,-73.92064439207
restaurant,ELECTRIC GRILL,Bakery Products/Desserts,Sunnyside,Queens,QN0202,40.74727193814,-73.92641913047
restaurant,ELIAS DELI & RESTAURANT,American,Sunnyside,Queens,QN0202,40.73470720132,-73.93696942877
restaurant,ELIO'S,Frozen Desserts,Sunnyside,Queens,QN0202,40.74388398955,-73.92501182827
restaurant,EMPIRE CHICKEN & BURGERS,Chicken,Sunnyside,Queens,QN0202,40.74049827008,-73.92286128299
restaurant,EMPIRE SHOP,Sandwiches/Salads/Mixed Buffet,Sunnyside,Queens,QN0202,40.74149647906,-73.92567852939
restaurant,EMPIRE SZECHUAN GARDEN,Chinese,Sunnyside,Queens,QN0202,40.74418970769,-73.91850109626
restaurant,FEEL GOOD,Other,Sunnyside,Queens,QN0202,40.74055205966,-73.91733274721
restaurant,FINEST SUSHI,Japanese,Sunnyside,Queens,QN0202,40.74004058172,-73.92389027621
restaurant,FLORIBELLA,Fusion,Sunnyside,Queens,QN0202,40.74496961579,-73.91905951868
restaurant,FLYNN'S GARDEN INN,Irish,Sunnyside,Queens,QN0202,40.74652776248,-73.91782334408
restaurant,FRESCO DELI CAFE,Sandwiches,Sunnyside,Queens,QN0202,40.74463462647,-73.93150697438
restaurant,FULL MOON CAFE,Mexican,Sunnyside,Queens,QN0202,40.74053663848,-73.92277463048
restaurant,FUYU RAMEN & SAKE,Japanese,Sunnyside,Queens,QN0202,40.74312744665,-73.91844826863
restaurant,GALLAGHER'S 2000,American,Sunnyside,Queens,QN0202,40.74552708476,-73.92770223669
restaurant,GIOVANNI'S PIZZA & MEXICAN RESTAURANT,Mexican,Sunnyside,Queens,QN0202,40.74224050784,-73.91791526259
restaurant,GOLDEN CORNER,Chinese,Sunnyside,Queens,QN0202,40.74438336395,-73.93364368586
restaurant,GOOD LUCK CHINESE RESTAURANT,Chinese,Sunnyside,Queens,QN0202,40.73937380566,-73.92014892274
restaurant,GREEN LEAFS,American,Sunnyside,Queens,QN0202,40.74457731817,-73.91553411844
restaurant,GREENPOINT CAFE & BAKERY,Bakery Products/Desserts,Sunnyside,Queens,QN0202,40.74004058172,-73.92389027621
restaurant,GREENPOINT CAFE & BAKERY,Latin American,Sunnyside,Queens,QN0202,40.74004058172,-73.92389027621
restaurant,GRIDDLE CAFE & DELI,American,Sunnyside,Queens,QN0202,40.74047706199,-73.93763876859
restaurant,HALAL MUNCHIES,Middle Eastern,Sunnyside,Queens,QN0202,40.74463187309,-73.93149254168
restaurant,HARISSA GRILL,Mediterranean,Sunnyside,Queens,QN0202,40.74316085368,-73.93656804047
restaurant,HOLIDAY INN EXPRESS LIC,American,Sunnyside,Queens,QN0202,40.73722947392,-73.93666752948
restaurant,I LOVE PARAGUAY,Latin American,Sunnyside,Queens,QN0202,40.74100253387,-73.92172035137
restaurant,IDA'S NEARABOUT,American,Sunnyside,Queens,QN0202,40.74345878185,-73.92125913388
restaurant,JACK'S FIRE DEPARTMENT,American,Sunnyside,Queens,QN0202,40.74727049804,-73.9242067972
restaurant,JIB CATERING,American,Sunnyside,Queens,QN0202,40.74030894217,-73.93161248057
restaurant,JU-GO JUICE BAR,"Juice, Smoothies, Fruit Salads",Sunnyside,Queens,QN0202,40.74556293414,-73.91220542436
restaurant,K.B. GRAND DELI,Sandwiches,Sunnyside,Queens,QN0202,40.73462223437,-73.93718961825
restaurant,KABAYAN,Filipino,Sunnyside,Queens,QN0202,40.74278779503,-73.915619398
restaurant,KORA,Bakery Products/Desserts,Sunnyside,Queens,QN0202,40.74190415117,-73.91968035127
restaurant,LA BELLA PIZZERIA,Pizza,Sunnyside,Queens,QN0202,40.74255049522,-73.9176767002
restaurant,LA MOZZARELLA PIZZERIA,Pizza,Sunnyside,Queens,QN0202,40.74430669799,-73.91334387976
restaurant,LA POLLERA DE MARIO,Latin American,Sunnyside,Queens,QN0202,40.74009813306,-73.92375669056
restaurant,LATINO BITES,Latin American,Sunnyside,Queens,QN0202,40.74269676997,-73.91880245834
restaurant,LENNY'S PIZZERIA,Pizza,Sunnyside,Queens,QN0202,40.74144101933,-73.92073465574
restaurant,LEONARDO'S PIZZA,Pizza,Sunnyside,Queens,QN0202,40.74592208331,-73.91530504267
restaurant,LIGHTHOUSE ROOFTOP,Fusion,Sunnyside,Queens,QN0202,40.74419866356,-73.92777225219
restaurant,LIMENA PISCO BAR,Peruvian,Sunnyside,Queens,QN0202,40.74256418018,-73.91762255162
restaurant,MAD FOR CHICKEN,Chicken,Sunnyside,Queens,QN0202,40.74343955366,-73.92123750377
restaurant,MAGGIE MAE'S,American,Sunnyside,Queens,QN0202,40.74367412404,-73.92310299241
restaurant,MAKINA CAFE,Ethiopian,Sunnyside,Queens,QN0202,40.74654422071,-73.91780888774
restaurant,MAMAN,Coffee/Tea,Sunnyside,Queens,QN0202,40.74305329752,-73.93565150821
restaurant,MARABELLA PIZZA,Pizza,Sunnyside,Queens,QN0202,40.74006801737,-73.92387220156
restaurant,MARY GIULIANI CATERING & EVENTS,American,Sunnyside,Queens,QN0202,40.74712862608,-73.925513425
restaurant,MASA MADRE,Latin American,Sunnyside,Queens,QN0202,40.74016094884,-73.91928551011
restaurant,MBJ - E KIOSK,American,Sunnyside,Queens,QN0202,40.7448946786,-73.93502177428
restaurant,"MBJ CAFETERIA, LAGUARDIA COMMUNITY COLLEGE",American,Sunnyside,Queens,QN0202,40.7448946786,-73.93502177428
restaurant,MCDONALD'S,Hamburgers,Sunnyside,Queens,QN0202,40.74409930133,-73.92690262588
restaurant,MCGUINNESS'S SALOON,Irish,Sunnyside,Queens,QN0202,40.74334281898,-73.92027045595
restaurant,MELTING CUPS COFFEE CO.,Coffee/Tea,Sunnyside,Queens,QN0202,40.74480559786,-73.92405082083
restaurant,MIRACALI BAKERY #1,Latin American,Sunnyside,Queens,QN0202,40.74201067657,-73.91894042997
restaurant,MISTER BURRITO LOCO,Mexican,Sunnyside,Queens,QN0202,40.74101623798,-73.92169146569
restaurant,MOA COFFEE,American,Sunnyside,Queens,QN0202,40.74280829246,-73.92539557504
restaurant,MR. BUNCHA,Thai,Sunnyside,Queens,QN0202,40.74325226327,-73.9243557385
restaurant,MR. WONTON,Chinese,Sunnyside,Queens,QN0202,40.74335110841,-73.92034983995
restaurant,MRIGA,New American,Sunnyside,Queens,QN0202,40.74652775214,-73.91780890814
restaurant,MURRAY'S CHEESE,American,Sunnyside,Queens,QN0202,40.74481741011,-73.93429285306
restaurant,NEW CHIPICHAPE,Bakery Products/Desserts,Sunnyside,Queens,QN0202,40.74172042368,-73.91992596709
restaurant,NITA'S EUROPEAN BAKERY,Bakery Products/Desserts,Sunnyside,Queens,QN0202,40.73959112076,-73.92492285453
restaurant,NUHMA,American,Sunnyside,Queens,QN0202,40.73575143113,-73.93425131009
restaurant,NUTRI MOOD,"Juice, Smoothies, Fruit Salads",Sunnyside,Queens,QN0202,40.73901655795,-73.91953589385
restaurant,ONEDEE THAI,Thai,Sunnyside,Queens,QN0202,40.74452494947,-73.91523825692
restaurant,ORA LA CASA DE LA FLORES,Coffee/Tea,Sunnyside,Queens,QN0202,40.74529269921,-73.92186686578
restaurant,PAPA JOHN'S,Pizza,Sunnyside,Queens,QN0202,40.7395966032,-73.9249120225
restaurant,PAPA'S PASTA,Italian,Sunnyside,Queens,QN0202,40.74387019729,-73.92490718737
restaurant,PARADOR CALENO,Latin American,Sunnyside,Queens,QN0202,40.7412427797,-73.91984715192
restaurant,PARIS BAGUETTE,Bakery Products/Desserts,Sunnyside,Queens,QN0202,40.74248270921,-73.91884602546
restaurant,PELICANA CHICKEN,Korean,Sunnyside,Queens,QN0202,40.74255322963,-73.91766226172
restaurant,PETE'S DINER & GRILL,American,Sunnyside,Queens,QN0202,40.74394748798,-73.92557834573
restaurant,PHILOMENA'S,Pizza,Sunnyside,Queens,QN0202,40.74365765064,-73.92309579383
restaurant,PIZZA FACTORY,Pizza,Sunnyside,Queens,QN0202,40.74316085368,-73.93656804047
restaurant,POPEYES,Chicken,Sunnyside,Queens,QN0202,40.74419866356,-73.92777225219
restaurant,PRUNG ASIAN CUISINE,Asian/Asian Fusion,Sunnyside,Queens,QN0202,40.74593106811,-73.91264523009
restaurant,QBK SPORTS,American,Sunnyside,Queens,QN0202,40.7471560854,-73.92553143929
restaurant,REYES ANTOJITOS DOMINICANOS,Spanish,Sunnyside,Queens,QN0202,40.74016370884,-73.91930715861
restaurant,RICAS PUPUSAS & MAS,Latin American,Sunnyside,Queens,QN0202,40.74005050213,-73.91835822477
restaurant,RICURAS PAISAS BAKERY RESTAURANT,Latin American,Sunnyside,Queens,QN0202,40.74386468415,-73.92487110517
restaurant,RIKO,Peruvian,Sunnyside,Queens,QN0202,40.74194802439,-73.9196189496
restaurant,RINCON MELANIA,Latin American,Sunnyside,Queens,QN0202,40.74443037184,-73.92961974381
restaurant,ROMANIAN GARDEN,Eastern European,Sunnyside,Queens,QN0202,40.74518777288,-73.92095393355
restaurant,ROYAL DELIGHT CAFE,American,Sunnyside,Queens,QN0202,40.74305329752,-73.93565150821
restaurant,RUDY'S DELI,Latin American,Sunnyside,Queens,QN0202,40.72998049026,-73.91911026808
restaurant,S.M.R RESTAURANT SERVICES,American,Sunnyside,Queens,QN0202,40.72669757954,-73.92284845603
restaurant,SANGER HALL,American,Sunnyside,Queens,QN0202,40.74630952463,-73.91588920253
restaurant,SAUCEY PIZZA BAR,Pizza,Sunnyside,Queens,QN0202,40.73410378868,-73.9377674389
restaurant,SHAKE SHACK,Hamburgers,Sunnyside,Queens,QN0202,40.74310821536,-73.91842303064
restaurant,SIK GAEK,Korean,Sunnyside,Queens,QN0202,40.7432077488,-73.91562608169
restaurant,SIK GAEK,Korean,Sunnyside,Queens,QN0202,40.7432077488,-73.91562608169
restaurant,SIMPLE PERUVIAN,Peruvian,Sunnyside,Queens,QN0202,40.74188496815,-73.91972367932
restaurant,SOFRA MEDITERRANEAN GRILL,Mediterranean,Sunnyside,Queens,QN0202,40.74273244675,-73.91879519713
restaurant,SOLELUNA,Italian,Sunnyside,Queens,QN0202,40.74379282397,-73.92411693894
restaurant,SONIC,Hamburgers,Sunnyside,Queens,QN0202,40.74420692964,-73.92782276727
restaurant,SOTTO LE STELLE,Italian,Sunnyside,Queens,QN0202,40.74335387071,-73.92037509835
restaurant,SPARK'S DELI,Sandwiches,Sunnyside,Queens,QN0202,40.73876348828,-73.94124533616
restaurant,SPICY NEPAL,Asian/Asian Fusion,Sunnyside,Queens,QN0202,40.74188879496,-73.92539299989
restaurant,STARBUCKS,Coffee/Tea,Sunnyside,Queens,QN0202,40.7431357194,-73.91850239053
restaurant,STARBUCKS COFFEE # 78555,Coffee/Tea,Sunnyside,Queens,QN0202,40.74469062036,-73.93337271201
restaurant,SUBWAY,Sandwiches,Sunnyside,Queens,QN0202,40.74189869953,-73.91973448892
restaurant,SUNNYSIDE PIZZA,Pizza,Sunnyside,Queens,QN0202,40.74379282397,-73.92411693894
restaurant,SUNNYSIDE UP CAFE,Bagels/Pretzels,Sunnyside,Queens,QN0202,40.74322143165,-73.91938644354
restaurant,SWEET AVENUE,American,Sunnyside,Queens,QN0202,40.7437900625,-73.92409168022
restaurant,TACO & DUMPLING,Fusion,Sunnyside,Queens,QN0202,40.74528442068,-73.92180191494
restaurant,TACO TODAY,Tex-Mex,Sunnyside,Queens,QN0202,40.74056130003,-73.92271325449
restaurant,TACOS EL GUERO,Mexican,Sunnyside,Queens,QN0202,40.74466295856,-73.91628826698
restaurant,TAKESUSHI,Japanese,Sunnyside,Queens,QN0202,40.74457381214,-73.92222138262
restaurant,TALAVERA CAFE,Mexican,Sunnyside,Queens,QN0202,40.74611328528,-73.91405248724
restaurant,TAQUERIA SANTA FE,Mexican,Sunnyside,Queens,QN0202,40.74101090109,-73.91798173974
restaurant,TD BIG J DELI CORP.,Latin American,Sunnyside,Queens,QN0202,40.73411202689,-73.9377746478
restaurant,TEN FULL,Chinese,Sunnyside,Queens,QN0202,40.74002524451,-73.92561522142
restaurant,TEPPANYAKI ONE,Japanese,Sunnyside,Queens,QN0202,40.74378177566,-73.92401229523
restaurant,THAI DIVA CUISINE,Thai,Sunnyside,Queens,QN0202,40.74199694001,-73.91892240303
restaurant,THAI TREE,Thai,Sunnyside,Queens,QN0202,40.73760971993,-73.92976049081
restaurant,THE ALCOVE,Latin American,Sunnyside,Queens,QN0202,40.74591932256,-73.91528339246
restaurant,THE COURTYARD ALE HOUSE,American,Sunnyside,Queens,QN0202,40.74376255516,-73.92400149072
restaurant,THE GLOBE TAVERN,Irish,Sunnyside,Queens,QN0202,40.7462073356,-73.91503039678
restaurant,THE GOAT,American,Sunnyside,Queens,QN0202,40.74345601975,-73.92123387541
restaurant,THE GOODFELLAS PIZZERIA OF SUNNYSIDE,Pizza,Sunnyside,Queens,QN0202,40.7419798926,-73.92619764682
restaurant,THE HAAB MEXICAN CAFE,Mexican,Sunnyside,Queens,QN0202,40.73915563517,-73.91825467646
restaurant,THE JAR BAR,Irish,Sunnyside,Queens,QN0202,40.73938208765,-73.92021747619
restaurant,THE KASBAH CAFE,Coffee/Tea,Sunnyside,Queens,QN0202,40.73882375156,-73.92672439889
restaurant,THE LOWERY,American,Sunnyside,Queens,QN0202,40.74519053504,-73.92097919268
restaurant,THE MULLIGANS GOLF CLUB,American,Sunnyside,Queens,QN0202,40.74420417806,-73.92781194368
restaurant,THE ORIGINAL AMERICAN CHICKEN,Chicken,Sunnyside,Queens,QN0202,40.74376807097,-73.92404118163
restaurant,THE SCONERY,Bakery Products/Desserts,Sunnyside,Queens,QN0202,40.74188328196,-73.92535691872
restaurant,THE SCREEN DOOR,Frozen Desserts,Sunnyside,Queens,QN0202,40.74632600113,-73.91590000858
restaurant,THE SKILLMAN,American,Sunnyside,Queens,QN0202,40.74662717817,-73.91867133467
restaurant,THE SPOT CAFE,"Juice, Smoothies, Fruit Salads",Sunnyside,Queens,QN0202,40.74517396697,-73.92083485579
restaurant,THE SUNNYSIDE BROTHER'S CAFE,Mexican,Sunnyside,Queens,QN0202,40.74478364216,-73.92405445485
restaurant,TITO RAD'S GRILL,Filipino,Sunnyside,Queens,QN0202,40.74279054775,-73.91563022086
restaurant,TJ ASIAN BISTRO,Japanese,Sunnyside,Queens,QN0202,40.74611053241,-73.91404166391
restaurant,TJ ASIAN BISTRO,Asian/Asian Fusion,Sunnyside,Queens,QN0202,40.74611053241,-73.91404166391
restaurant,TROPICAL RESTAURANT,Latin American,Sunnyside,Queens,QN0202,40.73758228555,-73.92978217085
restaurant,TROPICAL SMOOTHIE CAFE,"Juice, Smoothies, Fruit Salads",Sunnyside,Queens,QN0202,40.74397499408,-73.92566853613
restaurant,VAN DAM KITCHEN & CATERERS,American,Sunnyside,Queens,QN0202,40.73587627973,-73.93662191132
restaurant,VANESSA'S DUMPLINGS HOUSE,Chinese,Sunnyside,Queens,QN0202,40.74316085368,-73.93656804047
restaurant,VITALITY,"Juice, Smoothies, Fruit Salads",Sunnyside,Queens,QN0202,40.74496133311,-73.91899095961
restaurant,VIVI BUBBLE TEA,Coffee/Tea,Sunnyside,Queens,QN0202,40.74419866356,-73.92777225219
restaurant,WENDY'S,Hamburgers,Sunnyside,Queens,QN0202,40.74332912526,-73.92031377818
restaurant,WHITE CASTLE,Hamburgers,Sunnyside,Queens,QN0202,40.7434505946,-73.9213277112
restaurant,WINGSTOP,Chicken,Sunnyside,Queens,QN0202,40.74378454671,-73.92405198929
restaurant,WONDER PIG KBBQ,Korean,Sunnyside,Queens,QN0202,40.74420141513,-73.92778307578
restaurant,YOLO BOBA,Sandwiches/Salads/Mixed Buffet,Sunnyside,Queens,QN0202,40.74443864596,-73.92968469478
restaurant,ZIGGLE,Korean,Sunnyside,Queens,QN0202,40.74420417806,-73.92781194368
restaurant,ZIRVE TURKISH GRILL,Turkish,Sunnyside,Queens,QN0202,40.74357474109,-73.92225503291
restaurant,BAGEL PARLOR,Bakery Products/Desserts,Whitestone-Beechhurst,Queens,QN0702,40.78795304664,-73.81347200738
restaurant,BAGEL TIME,Sandwiches,Whitestone-Beechhurst,Queens,QN0702,40.78910998832,-73.81264537419
restaurant,BUN & BONE,French,Whitestone-Beechhurst,Queens,QN0702,40.7896283836,-73.81411011422
restaurant,CAFFE RUSTICO,Pizza,Whitestone-Beechhurst,Queens,QN0702,40.79402629759,-73.81804524394
restaurant,CARVEL,Frozen Desserts,Whitestone-Beechhurst,Queens,QN0702,40.78835476641,-73.8157820914
restaurant,CASA ASIA,Chinese/Japanese,Whitestone-Beechhurst,Queens,QN0702,40.78853474678,-73.81505211265
restaurant,CASA PAISA,Latin American,Whitestone-Beechhurst,Queens,QN0702,40.79004860422,-73.81427867049
restaurant,CASCARINO'S / SHAKE N SWIRL,Pizza,Whitestone-Beechhurst,Queens,QN0702,40.7933984433,-73.80834996452
restaurant,CHERRY VALLEY DELI & GRILL,Sandwiches,Whitestone-Beechhurst,Queens,QN0702,40.79000740384,-73.81426072906
restaurant,CHILLATO,Frozen Desserts,Whitestone-Beechhurst,Queens,QN0702,40.78319093073,-73.80849501019
restaurant,CHOCO WONKA,French,Whitestone-Beechhurst,Queens,QN0702,40.79004860422,-73.81427867049
restaurant,CRISTINA DELI,Sandwiches,Whitestone-Beechhurst,Queens,QN0702,40.78963936842,-73.81411369477
restaurant,DUNKIN',American,Whitestone-Beechhurst,Queens,QN0702,40.79279936627,-73.81290581491
restaurant,DUNKIN' / 'BASKIN ROBBINS,Donuts,Whitestone-Beechhurst,Queens,QN0702,40.79279535507,-73.80716351924
restaurant,ERIN'S ISLE,Italian,Whitestone-Beechhurst,Queens,QN0702,40.7868704637,-73.80778381475
restaurant,FREDDY'S PIZZAERIA,Pizza,Whitestone-Beechhurst,Queens,QN0702,40.78961468911,-73.8141282093
restaurant,GREEN GARDEN,Chinese,Whitestone-Beechhurst,Queens,QN0702,40.77799350484,-73.80918521767
restaurant,HEALTH KITCHEN,American,Whitestone-Beechhurst,Queens,QN0702,40.79281727056,-73.80713817491
restaurant,IL NOCELLO,Italian,Whitestone-Beechhurst,Queens,QN0702,40.78815353035,-73.81354366875
restaurant,JAGERHAUS GASTROPUB,German,Whitestone-Beechhurst,Queens,QN0702,40.7866702335,-73.81624900125
restaurant,LIFE HEALTH FITNESS,"Juice, Smoothies, Fruit Salads",Whitestone-Beechhurst,Queens,QN0702,40.79283103067,-73.80715980399
restaurant,LIOLA,Italian,Whitestone-Beechhurst,Queens,QN0702,40.78705987175,-73.81617569773
restaurant,LITTLE DINER,American,Whitestone-Beechhurst,Queens,QN0702,40.78463505383,-73.81373050225
restaurant,MAURIZIO'S ON THE WATER,Italian,Whitestone-Beechhurst,Queens,QN0702,40.79597524189,-73.80639942985
restaurant,NANA GOOD EATS,Mediterranean,Whitestone-Beechhurst,Queens,QN0702,40.79338718087,-73.8081802544
restaurant,NEW HONG KONG,Chinese,Whitestone-Beechhurst,Queens,QN0702,40.79281727056,-73.80713817491
restaurant,PEARL GARDEN CHINESE CUISINE,Chinese,Whitestone-Beechhurst,Queens,QN0702,40.78691260002,-73.82200095974
restaurant,PELICANA CHICKEN / JULIEAT'S,Korean,Whitestone-Beechhurst,Queens,QN0702,40.78852101142,-73.81504492839
restaurant,PIZZA CHEF,Pizza,Whitestone-Beechhurst,Queens,QN0702,40.786929015,-73.80832893544
restaurant,RALPH'S FAMOUS ITALIAN ICES,Frozen Desserts,Whitestone-Beechhurst,Queens,QN0702,40.790151692,-73.81184793007
restaurant,REBAR BY THE BRIDGE,American,Whitestone-Beechhurst,Queens,QN0702,40.78673432694,-73.81344293421
restaurant,RED PARROT,Thai,Whitestone-Beechhurst,Queens,QN0702,40.79346399416,-73.81314952527
restaurant,SERGIMMO SALUMERIA,Italian,Whitestone-Beechhurst,Queens,QN0702,40.78906639636,-73.81284411941
restaurant,SOBOL,"Juice, Smoothies, Fruit Salads",Whitestone-Beechhurst,Queens,QN0702,40.79015718741,-73.81185152585
restaurant,STARBUCKS COFFEE # 62553,Coffee/Tea,Whitestone-Beechhurst,Queens,QN0702,40.78771879442,-73.81458131596
restaurant,SUSHI ME,Japanese,Whitestone-Beechhurst,Queens,QN0702,40.7883567998,-73.81364060162
restaurant,TACO AZUL,Mexican,Whitestone-Beechhurst,Queens,QN0702,40.78851330301,-73.81367266339
restaurant,THE STONEBRIDGE,American,Whitestone-Beechhurst,Queens,QN0702,40.78689080438,-73.82210574278
restaurant,THE VILLAGE GREEN,American,Whitestone-Beechhurst,Queens,QN0702,40.78835401402,-73.81361533055
restaurant,TUTTO CALCIO ESPRESSO BAR / GIOVANNA'S KITCHEN,Italian,Whitestone-Beechhurst,Queens,QN0702,40.79015443675,-73.81184792229
restaurant,UNDER PRESSURE,Coffee/Tea,Whitestone-Beechhurst,Queens,QN0702,40.78807388582,-73.8135150026
restaurant,VERDI'S,Italian,Whitestone-Beechhurst,Queens,QN0702,40.78703510194,-73.81442794573
restaurant,VIEW PIZZERIA,Pizza,Whitestone-Beechhurst,Queens,QN0702,40.78682217639,-73.81345352067
restaurant,VILLAGGIO,Italian,Whitestone-Beechhurst,Queens,QN0702,40.78758155408,-73.81288803296
restaurant,WHITESTONE DINER,American,Whitestone-Beechhurst,Queens,QN0702,40.78843657519,-73.81544962678
restaurant,ZHUMI BAKERY & RESTAURANT,Mexican,Whitestone-Beechhurst,Queens,QN0702,40.78910987633,-73.81257675956
restaurant,A LO PERUCHO,Peruvian,Woodhaven,Queens,QN0905,40.69408736291,-73.85092579177
restaurant,ANTOJITOS DE SAN CECILIO,Spanish,Woodhaven,Queens,QN0905,40.69285409074,-73.85452381767
restaurant,BONAO CHIMI RESTAURANT,Latin American,Woodhaven,Queens,QN0905,40.69158830889,-73.86539870082
restaurant,BRISAS DEL MAR SEAFOOD MARKET #2 CORP,Seafood,Woodhaven,Queens,QN0905,40.69160204121,-73.86540588501
restaurant,Burger King,American,Woodhaven,Queens,QN0905,40.68768862459,-73.85041731197
restaurant,CANCUN CAFE,Mexican,Woodhaven,Queens,QN0905,40.69258401695,-73.85803671281
restaurant,CAPY,Bakery Products/Desserts,Woodhaven,Queens,QN0905,40.69333255352,-73.85305508618
restaurant,CARIDAD RESTAURANT,Latin American,Woodhaven,Queens,QN0905,40.69289242139,-73.85444800608
restaurant,CARNIVAL PALACE,Chinese,Woodhaven,Queens,QN0905,40.69332707785,-73.8530659166
restaurant,CHEF TORIBIO#3 RESTAURANT,Other,Woodhaven,Queens,QN0905,40.69128040293,-73.86733213531
restaurant,CROWN FRIED CHICKEN,Chicken,Woodhaven,Queens,QN0905,40.69132671727,-73.86703274544
restaurant,CUENCA COFFEE SHOP RESTAURANT,Latin American,Woodhaven,Queens,QN0905,40.69444227917,-73.8494681055
restaurant,Caraotas,Fusion,Woodhaven,Queens,QN0905,40.69329966713,-73.85309482604
restaurant,DANNYS COFFEE SHOP,American,Woodhaven,Queens,QN0905,40.69397806856,-73.85130828763
restaurant,DENNIS BAGEL,Sandwiches/Salads/Mixed Buffet,Woodhaven,Queens,QN0905,40.69258096827,-73.85779150719
restaurant,DOMINO'S,Pizza,Woodhaven,Queens,QN0905,40.69186906917,-73.86374657386
restaurant,DON POLLO,Peruvian,Woodhaven,Queens,QN0905,40.69331881581,-73.85304429827
restaurant,DOUBLE HAPPY KITCHEN,Chinese,Woodhaven,Queens,QN0905,40.69251913102,-73.85883739627
restaurant,DUE FRATELLI W,Italian,Woodhaven,Queens,QN0905,40.69286502863,-73.85449133903
restaurant,"DUNKIN', BASKIN ROBBINS",American,Woodhaven,Queens,QN0905,40.69236468334,-73.8604748708
restaurant,"DUNKIN',' BASKIN ROBBINS",Donuts,Woodhaven,Queens,QN0905,40.69334623114,-73.85301899489
restaurant,DURAN RESTAURANT,Latin American,Woodhaven,Queens,QN0905,40.69446943307,-73.84924446179
restaurant,EL MOLINO,Bakery Products/Desserts,Woodhaven,Queens,QN0905,40.69257293067,-73.85795019106
restaurant,EL PERRO COLOMBIAN FAST FOOD,Latin American,Woodhaven,Queens,QN0905,40.69398894472,-73.85122892825
restaurant,EL PUERTO MEXICANO,Mexican,Woodhaven,Queens,QN0905,40.6924704032,-73.85938922622
restaurant,EL RINCONCITO DE NAGUA,Latin American,Woodhaven,Queens,QN0905,40.69159375608,-73.86536262972
restaurant,FIT DIAMONDS,"Juice, Smoothies, Fruit Salads",Woodhaven,Queens,QN0905,40.69236196929,-73.86050011884
restaurant,GEORDIES JOINT,Irish,Woodhaven,Queens,QN0905,40.692000019,-73.86307558383
restaurant,Golden Kitchen,Chinese,Woodhaven,Queens,QN0905,40.69199185789,-73.86313690314
restaurant,HONG KONG GOURMET,Chinese,Woodhaven,Queens,QN0905,40.69247039878,-73.85938562018
restaurant,JAMAICA NUTRITION,"Juice, Smoothies, Fruit Salads",Woodhaven,Queens,QN0905,40.6916550157,-73.86377946706
restaurant,JOES PIZZA & PASTA,Pizza,Woodhaven,Queens,QN0905,40.69425396676,-73.85029073503
restaurant,KFC,Chicken,Woodhaven,Queens,QN0905,40.69264042033,-73.85704131855
restaurant,LA COMADRE MEXICAN RESTAURANT & BAKERY,Mexican,Woodhaven,Queens,QN0905,40.69143841408,-73.86631132217
restaurant,LA FLOR DEL PARAISO,Spanish,Woodhaven,Queens,QN0905,40.69220430583,-73.86176617011
restaurant,LA GITANA,Latin American,Woodhaven,Queens,QN0905,40.69286775509,-73.85447690875
restaurant,LA GITANA #3,Spanish,Woodhaven,Queens,QN0905,40.69332435156,-73.85308034704
restaurant,LA NOSTRA PIZZERIA AND RESTAURANT,Pizza,Woodhaven,Queens,QN0905,40.69235654117,-73.86055061492
restaurant,LA RUTA DEL TACO,Mexican,Woodhaven,Queens,QN0905,40.69333522432,-73.85299738263
restaurant,LITTLE CAESARS,Pizza,Woodhaven,Queens,QN0905,40.69131581763,-73.86710128111
restaurant,MAMA'S EMPANADAS,Spanish,Woodhaven,Queens,QN0905,40.69309733813,-73.85370830873
restaurant,MAMITA'S,Spanish,Woodhaven,Queens,QN0905,40.69343008052,-73.85205597866
restaurant,MCDONALD'S,Hamburgers,Woodhaven,Queens,QN0905,40.69308092473,-73.85375161794
restaurant,MISTURA PERUANA,Peruvian,Woodhaven,Queens,QN0905,40.69257561288,-73.85789970047
restaurant,MISTURA PERUANA RESTAURANT,Spanish,Woodhaven,Queens,QN0905,40.69238099389,-73.86034501874
restaurant,MR. WONTON,Chinese,Woodhaven,Queens,QN0905,40.69184466598,-73.86399904536
restaurant,NEIR'S TAVERN,American,Woodhaven,Queens,QN0905,40.69023835408,-73.86347947402
restaurant,NEW LANE PIZZERIA,Pizza,Woodhaven,Queens,QN0905,40.69146033018,-73.86627521807
restaurant,NINJA JAPAN TERIYAKI,Japanese,Woodhaven,Queens,QN0905,40.69330786909,-73.85306956519
restaurant,No.1 CHINESE RESTAURANT,Chinese,Woodhaven,Queens,QN0905,40.69269142964,-73.8561288738
restaurant,O Grove Tavern,Spanish,Woodhaven,Queens,QN0905,40.69268873917,-73.85617215243
restaurant,PAN UGO BAKERY,Bakery Products/Desserts,Woodhaven,Queens,QN0905,40.69247039878,-73.85938562018
restaurant,PANEORAMA BAKERY,Bakery Products/Desserts,Woodhaven,Queens,QN0905,40.69427033174,-73.85021136277
restaurant,PETER'S GRILL & BAR,Spanish,Woodhaven,Queens,QN0905,40.6858430422,-73.86501732198
restaurant,POLLOS DONA MARIA,Spanish,Woodhaven,Queens,QN0905,40.69379755818,-73.85180633732
restaurant,POP POT NOODLE & TEA SPOT,Chinese,Woodhaven,Queens,QN0905,40.69143568192,-73.86632214567
restaurant,POP'S RESTAURANT,Spanish,Woodhaven,Queens,QN0905,40.69251909993,-73.85881215394
restaurant,POPEYES,Chicken,Woodhaven,Queens,QN0905,40.69334069998,-73.85298655221
restaurant,PORT O CALL,American,Woodhaven,Queens,QN0905,40.68843897132,-73.84910309769
restaurant,PRIMA PIZZA,Pizza,Woodhaven,Queens,QN0905,40.69334075547,-73.85302982531
restaurant,PUERTO PLATA SEAFOOD RESTAURANT & BILLIARD,Seafood,Woodhaven,Queens,QN0905,40.68581555202,-73.86498132091
restaurant,Q RICO NO MANCHES RESTAURANT,Mexican,Woodhaven,Queens,QN0905,40.69199184067,-73.86312247906
restaurant,RICO CHIMI,Spanish,Woodhaven,Queens,QN0905,40.68485487346,-73.86039329235
restaurant,SAL'S PIZZA,Pizza,Woodhaven,Queens,QN0905,40.69253021219,-73.85892031206
restaurant,SERIE 56 SPORT BAR,Latin American,Woodhaven,Queens,QN0905,40.69407916142,-73.85095105318
restaurant,SUBWAY,Sandwiches,Woodhaven,Queens,QN0905,40.69221775552,-73.86153896154
restaurant,TACO BELL,Mexican,Woodhaven,Queens,QN0905,40.68902741225,-73.84577354405
restaurant,TAJADAS BAKERY RESTAURANT,Latin American,Woodhaven,Queens,QN0905,40.69465765691,-73.84836052184
restaurant,TAQUERIA PANTITLAN,Mexican,Woodhaven,Queens,QN0905,40.69335866533,-73.8520164706
restaurant,U-ME SUSHI,Japanese,Woodhaven,Queens,QN0905,40.69253019444,-73.85890588786
restaurant,WENDY'S,American,Woodhaven,Queens,QN0905,40.69331067393,-73.8531164383
restaurant,WOODHAVEN MANOR CATERS AND BANQUET,American,Woodhaven,Queens,QN0905,40.69452134643,-73.84906403561
restaurant,55 DELI-COFFEE SHOP,Mexican,Woodside,Queens,QN0203,40.75077919421,-73.90678108319
restaurant,58 MANOR,Bangladeshi,Woodside,Queens,QN0203,40.75011008318,-73.90419062873
restaurant,69 BAR,Bottled Beverages,Woodside,Queens,QN0203,40.7468864705,-73.89642147659
restaurant,69 PIZZERIA,Pizza,Woodside,Queens,QN0203,40.73744403302,-73.89592741385
restaurant,69TH COFFEE SHOP,Latin American,Woodside,Queens,QN0203,40.73684843933,-73.8959499985
restaurant,AL CHILE,Mexican,Woodside,Queens,QN0203,40.74689196002,-73.89642146802
restaurant,AMAZING GRACE,Filipino,Woodside,Queens,QN0203,40.74633454872,-73.89617331842
restaurant,BAGELS PLUS,American,Woodside,Queens,QN0203,40.74579488627,-73.90700462127
restaurant,BAKE N SHOP CAFE EXPRESS,Asian/Asian Fusion,Woodside,Queens,QN0203,40.74537201984,-73.90347207456
restaurant,BOBA FRIES,Coffee/Tea,Woodside,Queens,QN0203,40.74714155387,-73.90248062843
restaurant,BUDDHA BAR QUEENS,Asian/Asian Fusion,Woodside,Queens,QN0203,40.74643250052,-73.89522761115
restaurant,CARVEL,Frozen Desserts,Woodside,Queens,QN0203,40.74537708066,-73.9062653767
restaurant,CHARLIE'S SPORTS BAR,Irish,Woodside,Queens,QN0203,40.74201052766,-73.90448019436
restaurant,CHOWK,American,Woodside,Queens,QN0203,40.74531593742,-73.90534157861
restaurant,COFFEE & SOCIAL CLUB,American,Woodside,Queens,QN0203,40.74402202402,-73.90075657142
restaurant,COLOMBIA FAMA BAKERY,Latin American,Woodside,Queens,QN0203,40.74550984475,-73.90417200735
restaurant,DARO'S PIZZA & FRIED CHICKEN,Chicken,Woodside,Queens,QN0203,40.74624745806,-73.8969963009
restaurant,DEAR HAN CAFE,Coffee/Tea,Woodside,Queens,QN0203,40.74533245658,-73.90540290676
restaurant,DELICIAS AMBATENAS,Latin American,Woodside,Queens,QN0203,40.74625288924,-73.89693133092
restaurant,DOMINOS,Pizza,Woodside,Queens,QN0203,40.74122091811,-73.90226919701
restaurant,DONOVAN'S PUB,American,Woodside,Queens,QN0203,40.74534767731,-73.90723621914
restaurant,DUGOUT PUB,Irish,Woodside,Queens,QN0203,40.74534185783,-73.90350820768
restaurant,DUNKIN,American,Woodside,Queens,QN0203,40.74633727061,-73.8961480513
restaurant,DUNKIN,American,Woodside,Queens,QN0203,40.74122091811,-73.90226919701
restaurant,DUNKIN,Coffee/Tea,Woodside,Queens,QN0203,40.74022691624,-73.89558744598
restaurant,DUNKIN' / BASKIN ROBBINS,Donuts,Woodside,Queens,QN0203,40.74565416955,-73.90280761882
restaurant,DUNKIN' / BASKIN ROBBINS,Donuts,Woodside,Queens,QN0203,40.74559942688,-73.90629032523
restaurant,EL CONQUISTADOR,Latin American,Woodside,Queens,QN0203,40.74993830347,-73.8991163764
restaurant,EL GUACAMOLE TEX-MEX,Tex-Mex,Woodside,Queens,QN0203,40.74624201389,-73.89704683499
restaurant,EL KAMBUCHE DE LOLA,Latin American,Woodside,Queens,QN0203,40.744776501,-73.91035510206
restaurant,EL MARIACHI,Mexican,Woodside,Queens,QN0203,40.7461521979,-73.89789869113
restaurant,EL QUETZALITO,Latin American,Woodside,Queens,QN0203,40.7453641517,-73.90724341396
restaurant,EL RINCON PERUANO,Peruvian,Woodside,Queens,QN0203,40.7459480649,-73.8998550606
restaurant,EL SABOR DEL RANCHO CORP,Mexican,Woodside,Queens,QN0203,40.74397781677,-73.90696025232
restaurant,EL SABROSO COFFEE SHOP,Latin American,Woodside,Queens,QN0203,40.74594533274,-73.89986950055
restaurant,EMA LATIN RESTAURANT BAR,Latin American,Woodside,Queens,QN0203,40.74309409717,-73.89741259849
restaurant,EVEREST VEGETARIAN FOOD,Asian/Asian Fusion,Woodside,Queens,QN0203,40.74027792022,-73.89433516412
restaurant,F. OTTOMANELLI,Hamburgers,Woodside,Queens,QN0203,40.74506803172,-73.90428452151
restaurant,FAY DA BAKERY,Bakery Products/Desserts,Woodside,Queens,QN0203,40.74569786224,-73.90254410188
restaurant,FIESTA MEXICANA,Mexican,Woodside,Queens,QN0203,40.74537706886,-73.90625094101
restaurant,FIVE GUYS,Hamburgers,Woodside,Queens,QN0203,40.75311914331,-73.90853554851
restaurant,GINA'S PIZZA,Pizza,Woodside,Queens,QN0203,40.74144754156,-73.90410930713
restaurant,GINO'S PIZZERIA,Pizza,Woodside,Queens,QN0203,40.74541592082,-73.90345396606
restaurant,GULSHAN TERRACE,Bangladeshi,Woodside,Queens,QN0203,40.74987596691,-73.90322370871
restaurant,HOLIDAY INN EXPRESS,Continental,Woodside,Queens,QN0203,40.7410856124,-73.90132030978
restaurant,IHAWAN,Filipino,Woodside,Queens,QN0203,40.74608129642,-73.8953653063
restaurant,JOLLIBEE,Chicken,Woodside,Queens,QN0203,40.74576855812,-73.90176085626
restaurant,KABAYAN,Filipino,Woodside,Queens,QN0203,40.7463399827,-73.89611195726
restaurant,KABAYAN BISTRO LOUNGE & BANQUET,Filipino,Woodside,Queens,QN0203,40.74635373264,-73.89614080758
restaurant,KAPAMILYA,Filipino,Woodside,Queens,QN0203,40.7463399925,-73.89612278418
restaurant,KASTHAMANDAP,Asian/Asian Fusion,Woodside,Queens,QN0203,40.74608415196,-73.89854480069
restaurant,KATHMANDU FUSION KITCHEN,Asian/Asian Fusion,Woodside,Queens,QN0203,40.74649696972,-73.90299405191
restaurant,KENNEDY FRIED CHICKEN,Chicken,Woodside,Queens,QN0203,40.74551800364,-73.9040817722
restaurant,KFC,Chicken,Woodside,Queens,QN0203,40.74193662214,-73.90808904058
restaurant,KHAN TONG THAI KITCHEN,Thai,Woodside,Queens,QN0203,40.74535595534,-73.90729034145
restaurant,KUSINA PINOY BISTRO,Filipino,Woodside,Queens,QN0203,40.74634270131,-73.89608308116
restaurant,LA ABUNDANCIA,Latin American,Woodside,Queens,QN0203,40.74991904889,-73.89906948641
restaurant,LA ADELITA DE WOODSIDE,Mexican,Woodside,Queens,QN0203,40.74455485444,-73.9112287509
restaurant,LA CASA DE JULIA,Mexican,Woodside,Queens,QN0203,40.74596452401,-73.89984420888
restaurant,LA DULCE BAKERY,Latin American,Woodside,Queens,QN0203,40.74615220754,-73.89790951802
restaurant,LA ESQUINA CRIOLLA #2,Latin American,Woodside,Queens,QN0203,40.7374742254,-73.89592736651
restaurant,LA FE BAKERY & COFFEE SHOP,Mexican,Woodside,Queens,QN0203,40.74618968564,-73.89994852925
restaurant,LA FLOR,Mexican,Woodside,Queens,QN0203,40.74450279328,-73.91134430467
restaurant,LHASA SNACK CAFE,Asian/Asian Fusion,Woodside,Queens,QN0203,40.74635646433,-73.89612636738
restaurant,LONG SPRING GARDEN,Chinese,Woodside,Queens,QN0203,40.74574949608,-73.9019377229
restaurant,LOS CUENCANITOS,Latin American,Woodside,Queens,QN0203,40.74479290468,-73.91027207532
restaurant,LUCKY CHINESE RESTAURANT,Chinese,Woodside,Queens,QN0203,40.73674416128,-73.89597542118
restaurant,MARYANN'S WOODSIDE EVENTS,Filipino,Woodside,Queens,QN0203,40.75011008318,-73.90419062873
restaurant,MATSURI,Japanese,Woodside,Queens,QN0203,40.74578360017,-73.90331268216
restaurant,MAX'S RESTAURANT,Filipino,Woodside,Queens,QN0203,40.74596681619,-73.89624607291
restaurant,MAXIM CHINESE RESTAURANT,Chinese,Woodside,Queens,QN0203,40.74624472626,-73.89701074104
restaurant,MAY LUCK GARDEN,Chinese,Woodside,Queens,QN0203,40.74145307028,-73.90415621242
restaurant,MERILIA CAFE,Latin American,Woodside,Queens,QN0203,40.74595348824,-73.89977926428
restaurant,MIRANDA CAFE,American,Woodside,Queens,QN0203,40.75315724411,-73.90812763945
restaurant,MIS TIERRAS COLOMBIANAS,Latin American,Woodside,Queens,QN0203,40.74477923448,-73.91034066279
restaurant,MOA COFFEE,Coffee/Tea,Woodside,Queens,QN0203,40.7448009851,-73.90332494039
restaurant,MOMO ASHI,Coffee/Tea,Woodside,Queens,QN0203,40.74550439139,-73.90421532243
restaurant,MOMO CRAVE,Asian/Asian Fusion,Woodside,Queens,QN0203,40.74689196327,-73.89642507703
restaurant,MOMOCHAI,Asian/Asian Fusion,Woodside,Queens,QN0203,40.74580589456,-73.90704069534
restaurant,NANITA'S TO GO,Other,Woodside,Queens,QN0203,40.74758622949,-73.90250884737
restaurant,NEW BEE CAFE,Coffee/Tea,Woodside,Queens,QN0203,40.74737836349,-73.90337893039
restaurant,NEW CHINA 3,Chinese,Woodside,Queens,QN0203,40.74537715139,-73.90635199085
restaurant,NEW GREAT WALL,Chinese,Woodside,Queens,QN0203,40.74266137453,-73.89542482973
restaurant,NEW TEXAS FRIED CHICKEN & PIZZA,American,Woodside,Queens,QN0203,40.74970998248,-73.8985428666
restaurant,NGATSO CAFE,Coffee/Tea,Woodside,Queens,QN0203,40.74641004343,-73.90084322491
restaurant,NICKOLAS',Latin American,Woodside,Queens,QN0203,40.7354448194,-73.8948047316
restaurant,NO. 1 CHINESE RESTAURANT,Chinese,Woodside,Queens,QN0203,40.74993005332,-73.89909834307
restaurant,PACIFIC MOON,Chinese,Woodside,Queens,QN0203,40.75143724323,-73.9026403415
restaurant,PANDA GARDEN QUEENS,Chinese,Woodside,Queens,QN0203,40.74541469816,-73.90528008595
restaurant,PARCHE LATINO,Latin American,Woodside,Queens,QN0203,40.73532468308,-73.89549773113
restaurant,PASHA NEWA FUSION & GRILL,Asian/Asian Fusion,Woodside,Queens,QN0203,40.74302797088,-73.89713121434
restaurant,PEKING BBQ,Chinese,Woodside,Queens,QN0203,40.74559667918,-73.90628672017
restaurant,PIZZA BOY,Italian,Woodside,Queens,QN0203,40.74559667328,-73.9062795023
restaurant,PIZZA HUT,Pizza,Woodside,Queens,QN0203,40.74540657106,-73.90541001898
restaurant,POLLOS MARIO,Latin American,Woodside,Queens,QN0203,40.744616442,-73.90256373432
restaurant,PRAGA,Latin American,Woodside,Queens,QN0203,40.74992730221,-73.89909112891
restaurant,PROGRESO BAKERY,Other,Woodside,Queens,QN0203,40.74452748218,-73.91132622729
restaurant,PUEBLA,Mexican,Woodside,Queens,QN0203,40.746579282,-73.90295784166
restaurant,PUEBLA RESTAURANT,Mexican,Woodside,Queens,QN0203,40.746579282,-73.90295784166
restaurant,PUPUSERIA IZALCO,Latin American,Woodside,Queens,QN0203,40.74596180445,-73.89987308466
restaurant,PURO UTZ DELI & RESTAURANT,Mexican,Woodside,Queens,QN0203,40.74573574452,-73.9019052627
restaurant,PURPLE DOUGH,Filipino,Woodside,Queens,QN0203,40.74662663271,-73.90055779069
restaurant,QUEENS PALACE,American,Woodside,Queens,QN0203,40.75004243764,-73.90536371013
restaurant,RED PANDA,Asian/Asian Fusion,Woodside,Queens,QN0203,40.74302246194,-73.89710957008
restaurant,RED RIBBON BAKESHOP,Filipino,Woodside,Queens,QN0203,40.74604876955,-73.89888409738
restaurant,RENEE'S KITCHENETTE,Filipino,Woodside,Queens,QN0203,40.74634271439,-73.89609751706
restaurant,RICO PAN BAKERY,Bakery Products/Desserts,Woodside,Queens,QN0203,40.74559667623,-73.90628311124
restaurant,RUMA'S KITCHEN,Bangladeshi,Woodside,Queens,QN0203,40.74918579327,-73.90176662497
restaurant,SABOR PERUANO III,Peruvian,Woodside,Queens,QN0203,40.74735909545,-73.90331399582
restaurant,SANTA MARIA BAR,Latin American,Woodside,Queens,QN0203,40.74638972837,-73.89957650249
restaurant,SCORPION BAR,Latin American,Woodside,Queens,QN0203,40.74633726081,-73.89613722438
restaurant,SEAN OG'S IRISH PUB,Irish,Woodside,Queens,QN0203,40.74505982754,-73.90432062244
restaurant,SOLID STATE,American,Woodside,Queens,QN0203,40.74454385864,-73.91120711232
restaurant,SRIPRAPHAI,Thai,Woodside,Queens,QN0203,40.74639798475,-73.89960175287
restaurant,STARBUCKS,Coffee/Tea,Woodside,Queens,QN0203,40.75302116155,-73.9095823929
restaurant,STATION BAR,Irish,Woodside,Queens,QN0203,40.74587139903,-73.90327285575
restaurant,STOP INN RESTAURANT & CAFE,American,Woodside,Queens,QN0203,40.7454988235,-73.90412149819
restaurant,SUBWAY,Sandwiches,Woodside,Queens,QN0203,40.74551528301,-73.90411064761
restaurant,SUBWAY,Sandwiches,Woodside,Queens,QN0203,40.75310825629,-73.90865106263
restaurant,SWEET BASIL THAI CUISINE,Thai,Woodside,Queens,QN0203,40.74645581357,-73.90301215699
restaurant,TACO BELL,Mexican,Woodside,Queens,QN0203,40.75380538902,-73.9019546931
restaurant,TAQUERIA EL GALLO GIRO,Latin American,Woodside,Queens,QN0203,40.74595907229,-73.89988752462
restaurant,TENZIN'S KITCHEN,Asian/Asian Fusion,Woodside,Queens,QN0203,40.74586107271,-73.90082239141
restaurant,THE BEERKEEPER,Irish,Woodside,Queens,QN0203,40.74559667623,-73.90628311124
restaurant,THE BROSKI GRILL,Mediterranean,Woodside,Queens,QN0203,40.74455207058,-73.91117823028
restaurant,THE CORNER BAR,American,Woodside,Queens,QN0203,40.74689470803,-73.89642507275
restaurant,THE HIMALAYAN CAFE,Asian/Asian Fusion,Woodside,Queens,QN0203,40.7462802281,-73.89990869401
restaurant,THE NEW HOME,American,Woodside,Queens,QN0203,40.73807365142,-73.90342495223
restaurant,THE PALACE,Fusion,Woodside,Queens,QN0203,40.74584745179,-73.90094150721
restaurant,THE WILD GOOSE,Irish,Woodside,Queens,QN0203,40.74479837444,-73.91024680566
restaurant,THREE BOWLS RAMEN,Japanese,Woodside,Queens,QN0203,40.7458527604,-73.90073218001
restaurant,TODO SABORES BAR,Mexican,Woodside,Queens,QN0203,40.74684420067,-73.90140558132
restaurant,TOMONI,Japanese,Woodside,Queens,QN0203,40.74614145301,-73.89816216239
restaurant,TRES CORONAS,Latin American,Woodside,Queens,QN0203,40.74456033279,-73.91121430804
restaurant,TROPICAL RESTAURANT,Latin American,Woodside,Queens,QN0203,40.7461576296,-73.89783372132
restaurant,TYANG GELAY'S GRILL,Filipino,Woodside,Queens,QN0203,40.74625561131,-73.89690606387
restaurant,WEEKENDER BILLIARD & BAR,Asian/Asian Fusion,Woodside,Queens,QN0203,40.74402196197,-73.91070257114
restaurant,WOODSIDE CAFE,American,Woodside,Queens,QN0203,40.74503503737,-73.90421599983
restaurant,WOODSIDE CAFE,Asian/Asian Fusion,Woodside,Queens,QN0203,40.74954495161,-73.89815333028
restaurant,WOODSIDE PIZZA,Italian,Woodside,Queens,QN0203,40.74201601418,-73.90447657772
restaurant,WOODSIDE RAINBOW BAKERY,Bakery Products/Desserts,Woodside,Queens,QN0203,40.74543786979,-73.90344310734
